numero_processo,tribunal,grau,classe,classe_codigo,assunto,n_assuntos,orgao_julgador,municipio_ibge,sistema,formato,nivel_sigilo,data_ajuizamento,data_ultima_atualizacao
00000999020238260445,TJSP,G1,Cumprimento de sentença,156,Planos de Saúde,1,01 CIVEL DE PINDAMONHANGABA,3538006.0,SAJ,Eletrônico,0,2023-01-02,2024-05-08
00001957020238260004,TJSP,G1,Cumprimento Provisório de Sentença,157,Tratamento médico-hospitalar,1,03 CIVEL DE LAPA,3550308.0,SAJ,Eletrônico,0,2023-01-03,2023-06-10
22928274620228260000,TJSP,G2,Agravo Interno Cível,1208,Tratamento médico-hospitalar,1,1ª CÂMARA DE DIREITO PRIVADO,3550308.0,SAJ,Eletrônico,0,2023-01-03,2023-07-27
10000114120238260540,TJSP,G1,Mandado de Segurança Cível,120,Serviços Hospitalares,2,01 CIVEL DE SAO CAETANO DO SUL,3548807.0,SAJ,Eletrônico,0,2023-01-05,2023-07-19
10000301520238260292,TJSP,G1,Mandado de Segurança Cível,120,Tratamento médico-hospitalar,1,FAZENDA PUBLICA DE JACAREI,3524402.0,SAJ,Eletrônico,0,2023-01-05,2023-11-23
00001702320238260565,TJSP,G1,Cumprimento de sentença,156,Planos de Saúde,1,04 CIVEL DE SAO CAETANO DO SUL,,SAJ,Eletrônico,0,2023-01-05,2024-08-26
00001235820238260659,TJSP,JE,Cumprimento de sentença,156,Tratamento médico-hospitalar,1,VARA JUIZADO ESP. CIVEL CRIM. DE VINHEDO,,SAJ,Eletrônico,0,2023-01-09,2024-07-31
00001953920238260564,TJSP,G1,Cumprimento Provisório de Decisão,10980,Tratamento médico-hospitalar,1,05 CIVEL DE SAO BERNARDO DO CAMPO,,SAJ,Eletrônico,0,2023-01-10,2024-08-26
00006036420238260100,TJSP,G1,Cumprimento de sentença,156,Planos de Saúde,1,06 CIVEL DE CENTRAL,,SAJ,Eletrônico,0,2023-01-10,2024-07-20
00001312120238260405,TJSP,G1,Cumprimento de sentença,156,Planos de Saúde,1,07 CIVEL DE OSASCO,,SAJ,Eletrônico,0,2023-01-10,2024-11-12
00001367020238260008,TJSP,G1,Cumprimento de sentença,156,Fornecimento de medicamentos,1,02 CIVEL DE TATUAPE,,SAJ,Eletrônico,0,2023-01-10,2024-07-19
00000352820238260624,TJSP,G1,Procedimento do Juizado Especial da Fazenda Pública,14695,Fornecimento de medicamentos,1,VARA JUIZADO ESP. CIVEL CRIM. DE TATUI,3554003.0,SAJ,Eletrônico,0,2023-01-10,2023-11-23
00001384020238260008,TJSP,G1,Cumprimento de sentença,156,Tratamento médico-hospitalar,1,02 CIVEL DE TATUAPE,,SAJ,Eletrônico,0,2023-01-11,2024-07-19
10832882420178260100,TJSP,G2,Embargos de Declaração Cível,1689,Planos de Saúde,1,1ª CÂMARA DE DIREITO PRIVADO,3550308.0,SAJ,Eletrônico,0,2023-01-11,2023-07-27
10001589220238260079,TJSP,G1,Procedimento do Juizado Especial da Fazenda Pública,14695,Fornecimento de medicamentos,1,VARA JUIZADO ESP. CIVEL CRIM. DE BOTUCATU,3507506.0,SAJ,Eletrônico,0,2023-01-11,2024-02-28
10649968320208260100,TJSP,G2,Apelação Cível,198,Tratamento médico-hospitalar,1,6ª CÂMARA DE DIREITO PRIVADO,,Inválido,Eletrônico,0,2023-01-11,2024-08-30
00006421920238260114,TJSP,G1,Cumprimento de sentença,156,Planos de Saúde,1,02 CIVEL DE CAMPINAS,,SAJ,Eletrônico,0,2023-01-11,2024-07-19
00001590720238260011,TJSP,G1,Cumprimento de sentença,156,Tratamento médico-hospitalar,1,02 CIVEL DE PINHEIROS,,SAJ,Eletrônico,0,2023-01-11,2024-07-19
00000966920238260079,TJSP,G1,Procedimento do Juizado Especial da Fazenda Pública,14695,Fornecimento de medicamentos,1,VARA JUIZADO ESP. CIVEL CRIM. DE BOTUCATU,3507506.0,SAJ,Eletrônico,0,2023-01-11,2024-02-28
00004488020238260223,TJSP,G1,Cumprimento de sentença,156,Planos de Saúde,1,02 CIVEL DE GUARUJA,,SAJ,Eletrônico,0,2023-01-12,2024-07-20
22916236420228260000,TJSP,G2,Agravo Interno Cível,1208,Tratamento médico-hospitalar,1,10ª CÂMARA DE DIREITO PRIVADO,,SAJ,Eletrônico,0,2023-01-12,2024-07-19
00005610920238260005,TJSP,G1,Cumprimento de sentença,156,Tratamento médico-hospitalar,1,02 CIVEL DE SAO MIGUEL PAULISTA,,SAJ,Eletrônico,0,2023-01-13,2024-07-19
00002266920238260011,TJSP,G1,Cumprimento de sentença,156,Planos de Saúde,1,02 CIVEL DE PINHEIROS,,SAJ,Eletrônico,0,2023-01-16,2024-07-19
00001977520238260348,TJSP,G1,Cumprimento de sentença,156,Tratamento médico-hospitalar,1,04 CIVEL DE MAUA,,SAJ,Eletrônico,0,2023-01-16,2024-07-20
00001877220238260011,TJSP,G1,Cumprimento de sentença,156,Planos de Saúde,1,05 CIVEL DE PINHEIROS,,SAJ,Eletrônico,0,2023-01-16,2025-08-05
00001747120238260529,TJSP,G1,Cumprimento de sentença,156,Assistência Médico-Hospitalar,1,JUIZADO ESPECIAL CIVEL CRIM. DE SANTANA DE PARNAIBA,3547304.0,SAJ,Eletrônico,0,2023-01-16,2023-05-31
00006426420238260196,TJSP,G1,Cumprimento de sentença,156,Planos de Saúde,1,05 CIVEL DE FRANCA,,SAJ,Eletrônico,0,2023-01-16,2024-07-20
00000817220238260541,TJSP,G1,Procedimento do Juizado Especial da Fazenda Pública,14695,Fornecimento de medicamentos,1,JUIZADO ESPECIAL CIVEL DE SANTA FE DO SUL,3546603.0,SAJ,Eletrônico,0,2023-01-16,2024-02-28
00008140920238260001,TJSP,G1,Cumprimento de sentença,156,Tratamento médico-hospitalar,1,07 CIVEL DE SANTANA,3550308.0,SAJ,Eletrônico,0,2023-01-16,2023-07-20
00000279520238260480,TJSP,G1,Cumprimento de Sentença contra a Fazenda Pública,12078,Assistência Médico-Hospitalar,1,JUIZADO ESPECIAL CIVEL CRIM. DE PRESIDENTE BERNARDES,,SAJ,Eletrônico,0,2023-01-17,2024-07-19
00002806920238260032,TJSP,G1,Cumprimento de sentença,156,Fornecimento de medicamentos,1,FAZENDA PUBLICA DE ARACATUBA,,SAJ,Eletrônico,0,2023-01-17,2024-07-19
00005123720238260564,TJSP,G1,Cumprimento de sentença,156,Planos de Saúde,1,02 CIVEL DE SAO BERNARDO DO CAMPO,,SAJ,Eletrônico,0,2023-01-17,2024-08-26
00033438220238260071,TJSP,G1,Cumprimento de sentença,156,Tratamento médico-hospitalar,1,06 CIVEL DE BAURU,3506003.0,SAJ,Eletrônico,0,2023-01-17,2024-02-28
10234420320228260100,TJSP,G2,Apelação Cível,198,Tratamento médico-hospitalar,1,6ª CÂMARA DE DIREITO PRIVADO,,Inválido,Eletrônico,0,2023-01-17,2024-08-30
10003225720238260079,TJSP,G1,Procedimento do Juizado Especial da Fazenda Pública,14695,Assistência Médico-Hospitalar,1,VARA JUIZADO ESP. CIVEL CRIM. DE BOTUCATU,3507506.0,SAJ,Eletrônico,0,2023-01-18,2024-02-28
00003107920238260590,TJSP,G1,Cumprimento Provisório de Sentença,157,Tratamento médico-hospitalar,1,04 CIVEL DE SAO VICENTE,,SAJ,Eletrônico,0,2023-01-18,2024-08-26
00020473520238260100,TJSP,G1,Cumprimento de sentença,156,Planos de Saúde,1,23 CIVEL DE CENTRAL,,SAJ,Eletrônico,0,2023-01-18,2024-07-20
10003219720238260297,TJSP,G1,Procedimento do Juizado Especial da Fazenda Pública,14695,Fornecimento de medicamentos,1,VARA JUIZADO ESP. CIVEL CRIM. DE JALES,3524808.0,SAJ,Eletrônico,0,2023-01-19,2024-02-28
00017541420238260602,TJSP,G1,Cumprimento de sentença,156,Planos de Saúde,1,07 CIVEL DE SOROCABA,,SAJ,Eletrônico,0,2023-01-19,2024-08-28
00001996620238260438,TJSP,G1,Procedimento do Juizado Especial da Fazenda Pública,14695,Fornecimento de medicamentos,1,VARA JUIZADO ESP. CIVEL CRIM. DE PENAPOLIS,3537305.0,SAJ,Eletrônico,0,2023-01-19,2023-03-06
00005775620238260071,TJSP,G1,Cumprimento de sentença,156,Tratamento médico-hospitalar,1,05 CIVEL DE BAURU,,Inválido,Eletrônico,0,2023-01-19,2024-08-30
00001727620238260408,TJSP,G1,Cumprimento Provisório de Sentença,157,Fornecimento de medicamentos,1,VARA JUIZADO ESPECIAL CIVEL DE OURINHOS,3534708.0,SAJ,Eletrônico,0,2023-01-19,2024-02-28
00003780720238260565,TJSP,G1,Cumprimento de sentença,156,Tratamento médico-hospitalar,1,03 CIVEL DE SAO CAETANO DO SUL,,SAJ,Eletrônico,0,2023-01-19,2024-08-26
00005951420238260577,TJSP,G1,Cumprimento de sentença,156,Planos de Saúde,1,06 CIVEL DE SAO JOSE DOS CAMPOS,,SAJ,Eletrônico,0,2023-01-19,2024-08-26
00007374620238260309,TJSP,G1,Cumprimento de sentença,156,Planos de Saúde,1,04 CIVEL DE JUNDIAI,,SAJ,Eletrônico,0,2023-01-20,2024-08-25
00027757920238260002,TJSP,G1,Cumprimento Provisório de Sentença,157,Tratamento médico-hospitalar,1,02 CIVEL DE SANTO AMARO,3550308.0,SAJ,Eletrônico,0,2023-01-20,2023-07-19
00004322120238260161,TJSP,G1,Cumprimento de sentença,156,Planos de Saúde,1,02 CIVEL DE DIADEMA,,SAJ,Eletrônico,0,2023-01-20,2024-07-20
00001918220238260408,TJSP,G1,Cumprimento de Sentença contra a Fazenda Pública,12078,Assistência Médico-Hospitalar,1,VARA JUIZADO ESPECIAL CIVEL DE OURINHOS,3534708.0,SAJ,Eletrônico,0,2023-01-20,2024-02-28
21590722320228260000,TJSP,G2,Embargos de Declaração Cível,1689,Tratamento médico-hospitalar,1,2ª CÂMARA DE DIREITO PRIVADO,3550308.0,SAJ,Eletrônico,0,2023-01-20,2023-07-27
00005836320238260071,TJSP,G1,Cumprimento de sentença,156,Serviços Hospitalares,1,01 CIVEL DE BAURU,3506003.0,SAJ,Eletrônico,0,2023-01-20,2024-02-28
00000246320238260538,TJSP,JE,Cumprimento de sentença,156,Planos de Saúde,1,JUIZADO ESPECIAL CIVEL CRIM. DE SANTA CRUZ DAS PALMEIRAS,,SAJ,Eletrônico,0,2023-01-20,2025-08-14
00007282820238260554,TJSP,G1,Cumprimento de sentença,156,Planos de Saúde,1,06 CIVEL DE SANTO ANDRE,3547809.0,SAJ,Eletrônico,0,2023-01-20,2023-07-19
10017618620238260602,TJSP,G1,Procedimento do Juizado Especial da Fazenda Pública,14695,Fornecimento de medicamentos,1,ANEXO DO JUIZADO ESPECIAL DA FAZENDA PÚBLICA DE SOROCABA,3552205.0,SAJ,Eletrônico,0,2023-01-22,2024-03-10
00004607020238260037,TJSP,G1,Cumprimento Provisório de Decisão,10980,Tratamento médico-hospitalar,1,02 CIVEL DE ARARAQUARA,3503208.0,SAJ,Eletrônico,0,2023-01-23,2023-07-20
00004376420238260348,TJSP,G1,Cumprimento Provisório de Decisão,10980,Tratamento médico-hospitalar,1,03 CIVEL DE MAUA,,SAJ,Eletrônico,0,2023-01-23,2024-07-20
00033854420238260100,TJSP,G1,Cumprimento de sentença,156,Planos de Saúde,1,41 CIVEL DE CENTRAL,,SAJ,Eletrônico,0,2023-01-23,2024-07-20
00007813720238260577,TJSP,G1,Cumprimento de sentença,156,Planos de Saúde,1,04 CIVEL DE SAO JOSE DOS CAMPOS,,SAJ,Eletrônico,0,2023-01-23,2024-08-26
00015954120238260224,TJSP,G1,Cumprimento de sentença,156,Planos de Saúde,1,07 CIVEL DE GUARULHOS,,SAJ,Eletrônico,0,2023-01-24,2024-08-25
10016261820238260071,TJSP,G1,Mandado de Segurança Cível,120,Assistência Médico-Hospitalar,2,01 FAZENDA PUBLICA DE BAURU,3506003.0,SAJ,Eletrônico,0,2023-01-24,2024-02-28
00001585920238260322,TJSP,G1,Cumprimento de sentença,156,Planos de Saúde,1,01 CIVEL DE LINS,3527108.0,SAJ,Eletrônico,0,2023-01-24,2024-02-28
00002527120238260624,TJSP,G1,Procedimento do Juizado Especial da Fazenda Pública,14695,Fornecimento de medicamentos,1,VARA JUIZADO ESP. CIVEL CRIM. DE TATUI,3554003.0,SAJ,Eletrônico,0,2023-01-24,2023-11-23
00001557020238260010,TJSP,G1,Cumprimento de sentença,156,Tratamento médico-hospitalar,1,02 CIVEL DE IPIRANGA,,SAJ,Eletrônico,0,2023-01-24,2024-07-20
00041017120238260100,TJSP,G1,Cumprimento de sentença,156,Tratamento médico-hospitalar,1,39 CIVEL DE CENTRAL,,SAJ,Eletrônico,0,2023-01-24,2024-07-20
00011593820238260562,TJSP,G1,Cumprimento de sentença,156,Tratamento médico-hospitalar,1,05 CIVEL DE SANTOS,,SAJ,Eletrônico,0,2023-01-25,2024-08-26
30071700620228260000,TJSP,G2,Embargos de Declaração Cível,1689,Fornecimento de medicamentos,1,9ª CÂMARA DE DIREITO PÚBLICO,3550308.0,SAJ,Eletrônico,0,2023-01-25,2023-07-27
00015629020238260114,TJSP,G1,Cumprimento de sentença,156,Planos de Saúde,1,04 CIVEL DE CAMPINAS,,SAJ,Eletrônico,0,2023-01-25,2024-07-19
00034218620238260100,TJSP,G1,Cumprimento de sentença,156,Planos de Saúde,1,13 CIVEL DE CENTRAL,,SAJ,Eletrônico,0,2023-01-26,2024-07-20
10008135420238260438,TJSP,G1,Procedimento do Juizado Especial da Fazenda Pública,14695,Fornecimento de medicamentos,1,VARA JUIZADO ESP. CIVEL CRIM. DE PENAPOLIS,3537305.0,SAJ,Eletrônico,0,2023-01-26,2024-02-28
00006148620238260361,TJSP,JE,Cumprimento de sentença,156,Tratamento médico-hospitalar,1,VARA JUIZADO ESP. CIVEL CRIM. DE MOGI DAS CRUZES,,SAJ,Eletrônico,0,2023-01-26,2024-07-31
00001186020238260457,TJSP,G1,Cumprimento de sentença,156,Fornecimento de medicamentos,1,03 CUMULATIVA DE PIRASSUNUNGA,,SAJ,Eletrônico,0,2023-01-26,2025-07-09
00002945620238260322,TJSP,G1,Cumprimento de sentença,156,Planos de Saúde,1,03 CIVEL DE LINS,3527108.0,SAJ,Eletrônico,0,2023-01-26,2024-02-28
21620896720228260000,TJSP,G2,Agravo Interno Cível,1208,Tratamento médico-hospitalar,1,9ª CÂMARA DE DIREITO PRIVADO,3550308.0,SAJ,Eletrônico,0,2023-01-27,2023-07-27
00000502720238260614,TJSP,JE,Cumprimento de sentença,156,Planos de Saúde,1,JUIZADO ESPECIAL CIVEL CRIM. DE TAMBAU,,SAJ,Eletrônico,0,2023-01-27,2025-08-15
23029163120228260000,TJSP,G2,Embargos de Declaração Cível,1689,Tratamento médico-hospitalar,1,5ª CÂMARA DE DIREITO PRIVADO,3550308.0,SAJ,Eletrônico,0,2023-01-27,2023-10-20
00007794820228260627,TJSP,G1,Requisição de Pequeno Valor,1266,Planos de Saúde,1,VARA UNICA DE TEODORO SAMPAIO,,SAJ,Eletrônico,0,2023-01-27,2024-08-27
10002537320228260042,TJSP,G2,Embargos de Declaração Cível,1689,Tratamento médico-hospitalar,1,9ª CÂMARA DE DIREITO PRIVADO,,SAJ,Eletrônico,0,2023-01-27,2024-07-19
10001605920238260274,TJSP,G1,Procedimento do Juizado Especial da Fazenda Pública,14695,Custeio de Assistência Médica,1,JUIZADO ESPECIAL CIVEL CRIM. DE ITAPOLIS,3522703.0,SAJ,Eletrônico,0,2023-01-27,2023-12-04
10166632820228260554,TJSP,G2,Apelação Cível,198,Tratamento médico-hospitalar,1,2ª CÂMARA DE DIREITO PRIVADO,,SAJ,Eletrônico,0,2023-01-27,2024-07-19
00007147320228260588,TJSP,G1,Requisição de Pequeno Valor,1266,Fornecimento de medicamentos,1,JUIZADO ESPECIAL CIVEL CRIM. DE SAO SEBASTIAO DA GRAMA,,SAJ,Eletrônico,0,2023-01-27,2024-07-20
10040960920218260001,TJSP,G2,Apelação Cível,198,Tratamento médico-hospitalar,1,1ª CÂMARA DE DIREITO PRIVADO,,SAJ,Eletrônico,0,2023-01-27,2024-07-19
00042169220238260100,TJSP,G1,Cumprimento de sentença,156,Planos de Saúde,1,38 CIVEL DE CENTRAL,,SAJ,Eletrônico,0,2023-01-28,2024-07-20
10002277220198260659,TJSP,G2,Embargos de Declaração Cível,1689,Fornecimento de medicamentos,1,9ª CÂMARA DE DIREITO PÚBLICO,3550308.0,SAJ,Eletrônico,0,2023-01-28,2023-07-27
20127474520238260000,TJSP,G2,Pedido de Efeito Suspensivo à Apelação,12357,Fornecimento de medicamentos,1,12ª CÂMARA DE DIREITO PÚBLICO,,SAJ,Eletrônico,0,2023-01-28,2024-07-19
00002362420238260073,TJSP,G1,Cumprimento Provisório de Sentença,157,Fornecimento de medicamentos,1,01 CIVEL DE AVARE,,SAJ,Eletrônico,0,2023-01-29,2024-07-19
20128591420238260000,TJSP,G2,Agravo de Instrumento,202,Tratamento médico-hospitalar,1,1ª CÂMARA DE DIREITO PRIVADO,,SAJ,Eletrônico,0,2023-01-29,2024-07-19
10311691320218260564,TJSP,G2,Apelação Cível,198,Serviços Hospitalares,1,36ª CÂMARA DE DIREITO PRIVADO,3550308.0,SAJ,Eletrônico,0,2023-01-30,2023-09-29
10168244220228260100,TJSP,G2,Apelação Cível,198,Tratamento médico-hospitalar,1,5ª CÂMARA DE DIREITO PRIVADO,3550308.0,SAJ,Eletrônico,0,2023-01-30,2023-07-27
10080256220228260309,TJSP,G2,Apelação Cível,198,Tratamento médico-hospitalar,1,4ª CÂMARA DE DIREITO PRIVADO,,SAJ,Eletrônico,0,2023-01-30,2024-07-19
11128662720208260100,TJSP,G2,Embargos de Declaração Cível,1689,Fornecimento de medicamentos,1,4ª CÂMARA DE DIREITO PRIVADO,3550308.0,SAJ,Eletrônico,0,2023-01-30,2023-09-29
00033231120228260400,TJSP,G2,Apelação Cível,198,Tratamento médico-hospitalar,1,7ª CÂMARA DE DIREITO PRIVADO,3550308.0,SAJ,Eletrônico,0,2023-01-30,2023-07-27
00006179220238260344,TJSP,G1,Cumprimento de sentença,156,Tratamento médico-hospitalar,1,01 CIVEL DE MARILIA,3529005.0,SAJ,Eletrônico,0,2023-01-30,2023-07-19
10001183520198260408,TJSP,G2,Remessa Necessária Cível,199,Planos de Saúde,1,9ª CÂMARA DE DIREITO PÚBLICO,3550308.0,SAJ,Eletrônico,0,2023-01-30,2023-07-27
10028582420238260602,TJSP,G1,Procedimento do Juizado Especial da Fazenda Pública,14695,Assistência Médico-Hospitalar,1,ANEXO DO JUIZADO ESPECIAL DA FAZENDA PÚBLICA DE SOROCABA,3552205.0,SAJ,Eletrônico,0,2023-01-30,2024-03-10
00010208020238260564,TJSP,G1,Cumprimento de sentença,156,Planos de Saúde,1,05 CIVEL DE SAO BERNARDO DO CAMPO,,SAJ,Eletrônico,0,2023-01-30,2024-08-26
10016471920228260268,TJSP,G2,Apelação Cível,198,Tratamento médico-hospitalar,1,8ª CÂMARA DE DIREITO PRIVADO,,SAJ,Eletrônico,0,2023-01-30,2025-08-14
20135217520238260000,TJSP,G2,Agravo de Instrumento,202,Tratamento médico-hospitalar,1,1ª CÂMARA DE DIREITO PRIVADO,3550308.0,SAJ,Eletrônico,0,2023-01-30,2023-07-27
20136109820238260000,TJSP,G2,Agravo de Instrumento,202,Tratamento médico-hospitalar,1,1ª CÂMARA DE DIREITO PRIVADO,3550308.0,SAJ,Eletrônico,0,2023-01-30,2023-07-27
00013431020238260007,TJSP,G1,Cumprimento de sentença,156,Fornecimento de medicamentos,1,05 CIVEL DE ITAQUERA,,SAJ,Eletrônico,0,2023-01-30,2024-07-19
00014534520238260577,TJSP,G1,Cumprimento de sentença,156,Planos de Saúde,1,05 CIVEL DE SAO JOSE DOS CAMPOS,,SAJ,Eletrônico,0,2023-01-31,2024-08-26
10202239020218260625,TJSP,G2,Apelação Cível,198,Tratamento médico-hospitalar,2,3ª CÂMARA DE DIREITO PRIVADO,3550308.0,SAJ,Eletrônico,0,2023-01-31,2023-07-27
00000348820238260027,TJSP,G1,Procedimento do Juizado Especial da Fazenda Pública,14695,Fornecimento de medicamentos,1,JUIZADO ESPECIAL CIVEL E CRIMINAL DE IACANGA,3519105.0,SAJ,Eletrônico,0,2023-01-31,2024-02-28
10223056420208260032,TJSP,G2,Apelação Cível,198,Fornecimento de medicamentos,1,3ª CÂMARA DE DIREITO PÚBLICO,3550308.0,SAJ,Eletrônico,0,2023-01-31,2023-08-28
10006646820238260079,TJSP,G1,Procedimento do Juizado Especial da Fazenda Pública,14695,Custeio de Assistência Médica,1,VARA JUIZADO ESP. CIVEL CRIM. DE BOTUCATU,3507506.0,SAJ,Eletrônico,0,2023-01-31,2024-02-28
20145523320238260000,TJSP,G2,Agravo de Instrumento,202,Tratamento médico-hospitalar,1,1ª CÂMARA DE DIREITO PRIVADO,3550308.0,SAJ,Eletrônico,0,2023-01-31,2023-07-27
00003186120238260362,TJSP,G1,Cumprimento de sentença,156,Tratamento médico-hospitalar,1,01 CIVEL DE MOJI GUACU,,SAJ,Eletrônico,0,2023-01-31,2024-08-25
00020586720238260002,TJSP,G1,Cumprimento de sentença,156,Tratamento médico-hospitalar,1,01 CIVEL DE SANTO AMARO,3550308.0,SAJ,Eletrônico,0,2023-01-31,2023-07-19
00025721320238260554,TJSP,G1,Cumprimento de sentença,156,Tratamento médico-hospitalar,1,05 CIVEL DE SANTO ANDRE,3547809.0,SAJ,Eletrônico,0,2023-01-31,2023-07-19
00005809520238260625,TJSP,G1,Cumprimento de Sentença contra a Fazenda Pública,12078,Assistência Médico-Hospitalar,1,FAZENDA PUBLICA DE TAUBATE,,SAJ,Eletrônico,0,2023-02-01,2024-08-26
10011646620238260037,TJSP,G1,Procedimento do Juizado Especial da Fazenda Pública,14695,Custeio de Assistência Médica,1,FAZENDA PUBLICA DE ARARAQUARA,3503208.0,SAJ,Eletrônico,0,2023-02-01,2023-07-20
10603685420208260002,TJSP,G2,Embargos de Declaração Cível,1689,Tratamento médico-hospitalar,1,2ª CÂMARA DE DIREITO PRIVADO,3550308.0,SAJ,Eletrônico,0,2023-02-01,2023-07-27
00009923920238260071,TJSP,G1,Procedimento Comum Infância e Juventude,1706,Fornecimento de medicamentos,1,INFANCIA JUVENTUDE DE BAURU,3506003.0,SAJ,Eletrônico,0,2023-02-01,2024-02-28
00016113420238260114,TJSP,G1,Cumprimento de sentença,156,Planos de Saúde,1,06 CIVEL DE CAMPINAS,,SAJ,Eletrônico,0,2023-02-01,2025-02-05
00010460520238260071,TJSP,G1,Cumprimento de sentença,156,Planos de Saúde,1,04 CIVEL DE BAURU,3506003.0,SAJ,Eletrônico,0,2023-02-01,2024-02-28
00003134020238260297,TJSP,G1,Cumprimento de sentença,156,Planos de Saúde,1,05 CUMULATIVA DE JALES,3524808.0,SAJ,Eletrônico,0,2023-02-02,2024-02-28
10005865720238260408,TJSP,G1,Procedimento do Juizado Especial da Fazenda Pública,14695,Assistência Médico-Hospitalar,1,VARA JUIZADO ESPECIAL CIVEL DE OURINHOS,3534708.0,SAJ,Eletrônico,0,2023-02-02,2024-02-28
00013306020218260272,TJSP,G1,Requisição de Pequeno Valor,1266,Planos de Saúde,1,JUIZADO ESPECIAL CIVEL CRIM. DE ITAPIRA,,SAJ,Eletrônico,0,2023-02-02,2024-08-26
00003142520238260297,TJSP,G1,Cumprimento de sentença,156,Planos de Saúde,1,05 CUMULATIVA DE JALES,,SAJ,Eletrônico,0,2023-02-02,2024-11-13
10448877720228260100,TJSP,G2,Apelação Cível,198,Fornecimento de medicamentos,1,4ª CÂMARA DE DIREITO PRIVADO,,Inválido,Eletrônico,0,2023-02-02,2024-08-30
00006467520238260625,TJSP,G1,Cumprimento Provisório de Sentença,157,Fornecimento de medicamentos,1,FAZENDA PUBLICA DE TAUBATE,,SAJ,Eletrônico,0,2023-02-02,2024-08-26
00050543520238260100,TJSP,G1,Cumprimento de sentença,156,Planos de Saúde,1,32 CIVEL DE CENTRAL,,SAJ,Eletrônico,0,2023-02-02,2024-07-20
10150654320228260003,TJSP,G2,Embargos de Declaração Cível,1689,Fornecimento de medicamentos,1,6ª CÂMARA DE DIREITO PRIVADO,,SAJ,Eletrônico,0,2023-02-02,2024-07-19
10012157720238260037,TJSP,G1,Procedimento do Juizado Especial da Fazenda Pública,14695,Assistência Médico-Hospitalar,2,FAZENDA PUBLICA DE ARARAQUARA,3503208.0,SAJ,Eletrônico,0,2023-02-02,2023-07-20
00056997220228260269,TJSP,G1,Requisição de Pequeno Valor,1266,Fornecimento de medicamentos,1,VARA JUIZADO ESP. CIVEL CRIM. DE ITAPETININGA,,SAJ,Eletrônico,0,2023-02-02,2024-07-19
10183098320228260001,TJSP,G2,Apelação Cível,198,Fornecimento de medicamentos,1,10ª CÂMARA DE DIREITO PRIVADO,,Inválido,Eletrônico,0,2023-02-02,2024-08-30
00028034720228260272,TJSP,G1,Requisição de Pequeno Valor,1266,Fornecimento de medicamentos,1,01 CUMULATIVA DE ITAPIRA,,SAJ,Eletrônico,0,2023-02-02,2024-08-26
00015342220238260309,TJSP,G1,Cumprimento Provisório de Sentença,157,Fornecimento de medicamentos,1,FAZENDA PUBLICA DE JUNDIAI,,SAJ,Eletrônico,0,2023-02-02,2024-08-25
22470443120228260000,TJSP,G2,Embargos de Declaração Cível,1689,Fornecimento de medicamentos,1,2ª CÂMARA DE DIREITO PRIVADO,3550308.0,SAJ,Eletrônico,0,2023-02-02,2023-07-27
10009080320238260077,TJSP,G1,Mandado de Segurança Cível,120,Fornecimento de medicamentos,1,01 CIVEL DE BIRIGUI,3506508.0,SAJ,Eletrônico,0,2023-02-03,2024-02-28
00000549820238260538,TJSP,JE,Cumprimento de sentença,156,Planos de Saúde,1,JUIZADO ESPECIAL CIVEL CRIM. DE SANTA CRUZ DAS PALMEIRAS,,SAJ,Eletrônico,0,2023-02-03,2025-08-14
00016355320238260602,TJSP,G1,Cumprimento de Sentença contra a Fazenda Pública,12078,Custeio de Assistência Médica,1,ANEXO DO JUIZADO ESPECIAL DA FAZENDA PÚBLICA DE SOROCABA,3552205.0,SAJ,Eletrônico,0,2023-02-03,2024-03-10
00000744120238260263,TJSP,G1,Procedimento do Juizado Especial da Fazenda Pública,14695,Fornecimento de medicamentos,1,JUIZADO ESPECIAL CIVEL CRIM. DE ITAI,3521804.0,SAJ,Eletrônico,0,2023-02-03,2024-02-28
00016261720238260562,TJSP,G1,Cumprimento Provisório de Decisão,10980,Tratamento médico-hospitalar,1,05 CIVEL DE SANTOS,,SAJ,Eletrônico,0,2023-02-04,2024-08-26
00048707920238260100,TJSP,G1,Cumprimento de sentença,156,Tratamento médico-hospitalar,1,40 CIVEL DE CENTRAL,,SAJ,Eletrônico,0,2023-02-06,2024-07-20
20127621420238260000,TJSP,G2,Agravo Interno Cível,1208,Fornecimento de medicamentos,1,2ª CÂMARA DE DIREITO PÚBLICO,,SAJ,Eletrônico,0,2023-02-06,2024-07-19
00016373220238260405,TJSP,G1,Cumprimento Provisório de Decisão,10980,Tratamento médico-hospitalar,1,08 CIVEL DE OSASCO,,SAJ,Eletrônico,0,2023-02-06,2024-08-25
00002027520238260323,TJSP,G1,Cumprimento de sentença,156,Serviços Hospitalares,1,02 CIVEL DE LORENA,3527207.0,SAJ,Eletrônico,0,2023-02-06,2023-10-20
10008208120238260297,TJSP,G1,Procedimento do Juizado Especial da Fazenda Pública,14695,Assistência Médico-Hospitalar,1,VARA JUIZADO ESP. CIVEL CRIM. DE JALES,3524808.0,SAJ,Eletrônico,0,2023-02-06,2024-02-28
22167413420228260000,TJSP,G2,Embargos de Declaração Cível,1689,Fornecimento de medicamentos,1,5ª CÂMARA DE DIREITO PÚBLICO,,SAJ,Eletrônico,0,2023-02-06,2024-07-19
00014729020238260564,TJSP,G1,Cumprimento de sentença,156,Planos de Saúde,1,05 CIVEL DE SAO BERNARDO DO CAMPO,,SAJ,Eletrônico,0,2023-02-06,2024-08-26
00049885520238260100,TJSP,G1,Cumprimento de sentença,156,Planos de Saúde,1,12 CIVEL DE CENTRAL,,SAJ,Eletrônico,0,2023-02-07,2024-07-20
00005323420238260077,TJSP,G1,Cumprimento de sentença,156,Fornecimento de medicamentos,1,02 CIVEL DE BIRIGUI,3506508.0,SAJ,Eletrônico,0,2023-02-07,2024-02-28
10025624920238260554,TJSP,G1,Procedimento do Juizado Especial da Fazenda Pública,14695,Fornecimento de medicamentos,1,02 FAZENDA PUBLICA DE SANTO ANDRE,3547809.0,SAJ,Eletrônico,0,2023-02-07,2023-07-19
00035838420238260002,TJSP,G1,Cumprimento de sentença,156,Fornecimento de medicamentos,1,02 CIVEL DE SANTO AMARO,3550308.0,SAJ,Eletrônico,0,2023-02-07,2023-07-19
00015144220238260564,TJSP,G1,Cumprimento de sentença,156,Planos de Saúde,1,05 CIVEL DE SAO BERNARDO DO CAMPO,,SAJ,Eletrônico,0,2023-02-07,2024-08-26
00032352120238260405,TJSP,G1,Cumprimento de sentença,156,Tratamento médico-hospitalar,1,06 CIVEL DE OSASCO,,SAJ,Eletrônico,0,2023-02-07,2024-08-26
00000853920238260144,TJSP,G1,Cumprimento de sentença,156,Planos de Saúde,1,VARA UNICA DE CONCHAL,,SAJ,Eletrônico,0,2023-02-08,2024-08-25
10007468220238260408,TJSP,G1,Procedimento do Juizado Especial da Fazenda Pública,14695,Fornecimento de medicamentos,1,VARA JUIZADO ESPECIAL CIVEL DE OURINHOS,3534708.0,SAJ,Eletrônico,0,2023-02-08,2024-02-28
00051159020238260100,TJSP,G1,Cumprimento de sentença,156,Fornecimento de medicamentos,1,37 CIVEL DE CENTRAL,,SAJ,Eletrônico,0,2023-02-08,2024-07-20
10073708820218260127,TJSP,G2,Embargos de Declaração Cível,1689,Tratamento médico-hospitalar,1,5ª CÂMARA DE DIREITO PRIVADO,3550308.0,SAJ,Eletrônico,0,2023-02-08,2023-07-27
10142416720218260602,TJSP,G2,Apelação Cível,198,Tratamento médico-hospitalar,1,1ª CÂMARA DE DIREITO PRIVADO,,Inválido,Eletrônico,0,2023-02-08,2024-08-30
00034878220238260224,TJSP,G1,Cumprimento de sentença,156,Tratamento médico-hospitalar,1,02 CIVEL DE GUARULHOS,,SAJ,Eletrônico,0,2023-02-08,2024-08-25
00004250920238260297,TJSP,G1,Cumprimento Provisório de Sentença,157,Planos de Saúde,1,03 CUMULATIVA DE JALES,3524808.0,SAJ,Eletrônico,0,2023-02-09,2024-02-28
00001805820238260471,TJSP,G1,Cumprimento de Sentença contra a Fazenda Pública,12078,Fornecimento de medicamentos,1,JUIZADO ESPECIAL CIVEL CRIM. DE PORTO FELIZ,,SAJ,Eletrônico,0,2023-02-09,2024-08-27
23013270420228260000,TJSP,G2,Agravo Interno Cível,1208,Tratamento médico-hospitalar,1,3ª CÂMARA DE DIREITO PRIVADO,,SAJ,Eletrônico,0,2023-02-09,2024-07-19
00004743920238260624,TJSP,G1,Procedimento do Juizado Especial da Fazenda Pública,14695,Fornecimento de medicamentos,1,VARA JUIZADO ESP. CIVEL CRIM. DE TATUI,3554003.0,SAJ,Eletrônico,0,2023-02-09,2023-11-23
23009928220228260000,TJSP,G2,Agravo Interno Cível,1208,Tratamento médico-hospitalar,1,2ª CÂMARA DE DIREITO PRIVADO,,SAJ,Eletrônico,0,2023-02-09,2024-07-19
00053384320238260100,TJSP,G1,Cumprimento Provisório de Decisão,10980,Planos de Saúde,1,09 CIVEL DE CENTRAL,,SAJ,Eletrônico,0,2023-02-09,2024-07-20
00007864520238260032,TJSP,G1,Cumprimento de sentença,156,Fornecimento de medicamentos,1,FAZENDA PUBLICA DE ARACATUBA,,SAJ,Eletrônico,0,2023-02-09,2024-08-28
10542763320228260053,TJSP,G2,Embargos de Declaração Cível,1689,Fornecimento de medicamentos,1,1ª CÂMARA DE DIREITO PÚBLICO,,SAJ,Eletrônico,0,2023-02-09,2024-07-19
00021069220238260562,TJSP,JE,Cumprimento de sentença,156,Tratamento médico-hospitalar,1,02 VARA JUIZADO ESPECIAL CIVEL DE SANTOS,,SAJ,Eletrônico,0,2023-02-09,2024-08-01
00001050320238260153,TJSP,G1,Procedimento do Juizado Especial da Fazenda Pública,14695,Fornecimento de medicamentos,1,JUIZADO ESPECIAL CIVEL DE CRAVINHOS,3513108.0,SAJ,Eletrônico,0,2023-02-09,2024-05-28
21879618420228260000,TJSP,G2,Embargos de Declaração Cível,1689,Planos de Saúde,1,9ª CÂMARA DE DIREITO PRIVADO,3550308.0,SAJ,Eletrônico,0,2023-02-09,2023-04-26
10061957220228260564,TJSP,G2,Apelação Cível,198,Tratamento médico-hospitalar,1,4ª CÂMARA DE DIREITO PRIVADO,,SAJ,Eletrônico,0,2023-02-10,2024-07-19
00056225120238260100,TJSP,G1,Cumprimento de sentença,156,Planos de Saúde,1,36 CIVEL DE CENTRAL,,SAJ,Eletrônico,0,2023-02-10,2024-07-20
00002355120238260360,TJSP,G1,Cumprimento de Sentença contra a Fazenda Pública,12078,Custeio de Assistência Médica,1,JUIZADO ESPECIAL CIVEL CRIM. DE MOCOCA,,SAJ,Eletrônico,0,2023-02-10,2025-08-04
10023523520228260650,TJSP,G2,Apelação Cível,198,Fornecimento de medicamentos,1,11ª CÂMARA DE DIREITO PÚBLICO,,SAJ,Eletrônico,0,2023-02-10,2024-07-19
10023877420228260462,TJSP,G2,Remessa Necessária Cível,199,Fornecimento de medicamentos,1,3ª CÂMARA DE DIREITO PÚBLICO,,SAJ,Eletrônico,0,2023-02-10,2024-07-19
00006091420238260604,TJSP,G1,Cumprimento Provisório de Sentença,157,Tratamento médico-hospitalar,1,02 CIVEL DE SUMARE,,SAJ,Eletrônico,0,2023-02-10,2024-07-20
10674475720228260053,TJSP,G2,Apelação Cível,198,Fornecimento de medicamentos,1,7ª CÂMARA DE DIREITO PÚBLICO,,SAJ,Eletrônico,0,2023-02-10,2024-07-19
10101900620228260011,TJSP,G2,Apelação Cível,198,Tratamento médico-hospitalar,1,10ª CÂMARA DE DIREITO PRIVADO,,SAJ,Eletrônico,0,2023-02-10,2024-07-19
20267215220238260000,TJSP,G2,Agravo de Instrumento,202,Tratamento médico-hospitalar,1,1ª CÂMARA DE DIREITO PRIVADO,,SAJ,Eletrônico,0,2023-02-10,2024-07-19
10448837920188260100,TJSP,G2,Embargos de Declaração Cível,1689,Planos de Saúde,1,10ª CÂMARA DE DIREITO PRIVADO,3550308.0,SAJ,Eletrônico,0,2023-02-10,2023-07-27
10092062220228260011,TJSP,G2,Apelação Cível,198,Fornecimento de medicamentos,1,8ª CÂMARA DE DIREITO PRIVADO,,SAJ,Eletrônico,0,2023-02-10,2024-07-19
00033405620238260224,TJSP,G1,Cumprimento de sentença,156,Tratamento médico-hospitalar,1,08 CIVEL DE GUARULHOS,,SAJ,Eletrônico,0,2023-02-10,2024-08-25
10108086520228260361,TJSP,G2,Apelação Cível,198,Fornecimento de medicamentos,1,9ª CÂMARA DE DIREITO PÚBLICO,,SAJ,Eletrônico,0,2023-02-10,2024-07-19
00002959420238260272,TJSP,G1,Cumprimento de Sentença contra a Fazenda Pública,12078,Fornecimento de medicamentos,1,JUIZADO ESPECIAL CIVEL CRIM. DE ITAPIRA,,SAJ,Eletrônico,0,2023-02-10,2024-08-26
10113662020228260011,TJSP,G2,Apelação Cível,198,Tratamento médico-hospitalar,1,9ª CÂMARA DE DIREITO PRIVADO,,SAJ,Eletrônico,0,2023-02-10,2024-07-19
10067992820208260071,TJSP,G2,Apelação Cível,198,Tratamento médico-hospitalar,1,7ª CÂMARA DE DIREITO PRIVADO,,SAJ,Eletrônico,0,2023-02-10,2024-07-20
10183615420218260053,TJSP,G2,Apelação Cível,198,Fornecimento de medicamentos,1,13ª CÂMARA DE DIREITO PÚBLICO,,SAJ,Eletrônico,0,2023-02-10,2024-07-19
10032398920228260562,TJSP,G2,Apelação Cível,198,Tratamento médico-hospitalar,1,7ª CÂMARA DE DIREITO PRIVADO,,SAJ,Eletrônico,0,2023-02-10,2024-07-19
00016545020228260002,TJSP,G2,Apelação Cível,198,Fornecimento de medicamentos,1,5ª CÂMARA DE DIREITO PRIVADO,,SAJ,Eletrônico,0,2023-02-10,2024-07-19
00065560920238260100,TJSP,G1,Cumprimento de sentença,156,Fornecimento de medicamentos,1,31 CIVEL DE CENTRAL,,SAJ,Eletrônico,0,2023-02-10,2024-07-20
20268038320238260000,TJSP,G2,Agravo de Instrumento,202,Tratamento Domiciliar (Home Care),1,1ª CÂMARA DE DIREITO PRIVADO,,SAJ,Eletrônico,0,2023-02-10,2024-07-19
22928932620228260000,TJSP,G2,Embargos de Declaração Cível,1689,Tratamento Domiciliar (Home Care),1,5ª CÂMARA DE DIREITO PRIVADO,3550308.0,SAJ,Eletrônico,0,2023-02-10,2024-03-25
20269969820238260000,TJSP,G2,Agravo de Instrumento,202,Tratamento médico-hospitalar,1,1ª CÂMARA DE DIREITO PRIVADO,,SAJ,Eletrônico,0,2023-02-10,2024-07-19
20275650220238260000,TJSP,G2,Agravo de Instrumento,202,Tratamento médico-hospitalar,1,1ª CÂMARA DE DIREITO PRIVADO,3550308.0,SAJ,Eletrônico,0,2023-02-10,2023-06-26
00002372120238260360,TJSP,G1,Cumprimento de Sentença contra a Fazenda Pública,12078,Custeio de Assistência Médica,1,JUIZADO ESPECIAL CIVEL CRIM. DE MOCOCA,,SAJ,Eletrônico,0,2023-02-11,2025-08-10
00056918320238260100,TJSP,G1,Cumprimento de sentença,156,Planos de Saúde,1,38 CIVEL DE CENTRAL,,SAJ,Eletrônico,0,2023-02-12,2024-07-20
00001932020238260063,TJSP,G1,Procedimento do Juizado Especial da Fazenda Pública,14695,Fornecimento de medicamentos,1,JUIZADO ESPECIAL CIVEL E CRIMINAL DE BARRA BONITA,3505302.0,SAJ,Eletrônico,0,2023-02-13,2024-03-10
00005883220238260024,TJSP,G1,Cumprimento de Sentença contra a Fazenda Pública,12078,Fornecimento de medicamentos,1,VARA JUIZADO ESP. CIVEL CRIM. DE ANDRADINA,,SAJ,Eletrônico,0,2023-02-13,2024-07-19
00014761920238260309,TJSP,G1,Cumprimento Provisório de Sentença,157,Planos de Saúde,1,02 CIVEL DE JUNDIAI,,SAJ,Eletrônico,0,2023-02-13,2024-08-25
00033206320238260451,TJSP,G1,Cumprimento de sentença,156,Planos de Saúde,1,05 CIVEL DE PIRACICABA,,SAJ,Eletrônico,0,2023-02-13,2024-07-20
10024995620228260005,TJSP,G2,Apelação Cível,198,Tratamento médico-hospitalar,1,6ª CÂMARA DE DIREITO PRIVADO,3550308.0,SAJ,Eletrônico,0,2023-02-13,2024-02-26
10108584620188260001,TJSP,G2,Apelação Cível,198,Serviços Hospitalares,1,36ª CÂMARA DE DIREITO PRIVADO,3550308.0,SAJ,Eletrônico,0,2023-02-13,2023-08-28
10206361120228260224,TJSP,G2,Embargos de Declaração Cível,1689,Tratamento médico-hospitalar,1,3ª CÂMARA DE DIREITO PRIVADO,,SAJ,Eletrônico,0,2023-02-13,2024-07-19
23017818120228260000,TJSP,G2,Agravo Interno Cível,1208,Tratamento médico-hospitalar,1,2ª CÂMARA DE DIREITO PRIVADO,,SAJ,Eletrônico,0,2023-02-14,2024-07-19
10039963320198260451,TJSP,G2,Apelação Cível,198,Tratamento médico-hospitalar,1,2ª CÂMARA DE DIREITO PRIVADO,,SAJ,Eletrônico,0,2023-02-14,2025-08-14
10034354320238260071,TJSP,G1,Mandado de Segurança Cível,120,Assistência Médico-Hospitalar,2,02 FAZENDA PUBLICA DE BAURU,3506003.0,SAJ,Eletrônico,0,2023-02-14,2024-02-28
00025977320238260506,TJSP,G1,Cumprimento de sentença,156,Tratamento médico-hospitalar,1,01 CIVEL DE RIBEIRAO PRETO,,SAJ,Eletrônico,0,2023-02-15,2024-07-19
00005278620238260408,TJSP,G1,Cumprimento de Sentença contra a Fazenda Pública,12078,Assistência Médico-Hospitalar,1,VARA JUIZADO ESPECIAL CIVEL DE OURINHOS,3534708.0,SAJ,Eletrônico,0,2023-02-15,2024-02-28
00005035820238260408,TJSP,G1,Cumprimento de Sentença contra a Fazenda Pública,12078,Assistência Médico-Hospitalar,1,VARA JUIZADO ESPECIAL CIVEL DE OURINHOS,3534708.0,SAJ,Eletrônico,0,2023-02-15,2024-02-28
20134342220238260000,TJSP,G2,Agravo Interno Cível,1208,Tratamento médico-hospitalar,1,2ª CÂMARA DE DIREITO PRIVADO,3550308.0,SAJ,Eletrônico,0,2023-02-15,2023-07-27
00005304120238260408,TJSP,G1,Cumprimento de Sentença contra a Fazenda Pública,12078,Assistência Médico-Hospitalar,1,VARA JUIZADO ESPECIAL CIVEL DE OURINHOS,3534708.0,SAJ,Eletrônico,0,2023-02-15,2024-02-28
00004784520238260408,TJSP,G1,Cumprimento de Sentença contra a Fazenda Pública,12078,Assistência Médico-Hospitalar,1,VARA JUIZADO ESPECIAL CIVEL DE OURINHOS,3534708.0,SAJ,Eletrônico,0,2023-02-15,2024-02-28
10035584120238260071,TJSP,G1,Procedimento do Juizado Especial da Fazenda Pública,14695,Assistência Médico-Hospitalar,1,JUIZADO ESP.DA FAZENDA PUBLICA DE BAURU,3506003.0,SAJ,Eletrônico,0,2023-02-15,2024-02-28
00005321120238260408,TJSP,G1,Cumprimento de Sentença contra a Fazenda Pública,12078,Assistência Médico-Hospitalar,1,VARA JUIZADO ESPECIAL CIVEL DE OURINHOS,3534708.0,SAJ,Eletrônico,0,2023-02-15,2024-02-28
10067492620228260008,TJSP,G2,Embargos de Declaração Cível,1689,Fornecimento de medicamentos,1,8ª CÂMARA DE DIREITO PRIVADO,3550308.0,SAJ,Eletrônico,0,2023-02-15,2023-07-27
00004740820238260408,TJSP,G1,Cumprimento de Sentença contra a Fazenda Pública,12078,Assistência Médico-Hospitalar,1,VARA JUIZADO ESPECIAL CIVEL DE OURINHOS,3534708.0,SAJ,Eletrônico,0,2023-02-15,2024-02-28
10197659220218260554,TJSP,G2,Apelação Cível,198,Tratamento médico-hospitalar,1,7ª CÂMARA DE DIREITO PRIVADO,3550308.0,SAJ,Eletrônico,0,2023-02-15,2023-10-20
00006224820238260269,TJSP,G1,Cumprimento de sentença,156,Tratamento médico-hospitalar,1,04 CIVEL DE ITAPETININGA,,SAJ,Eletrônico,0,2023-02-15,2024-07-20
00023432920238260562,TJSP,JE,Cumprimento de sentença,156,Tratamento médico-hospitalar,1,01 VARA JUIZADO ESPECIAL CIVEL DE SANTOS,,SAJ,Eletrônico,0,2023-02-15,2024-08-01
10199803820228260100,TJSP,G2,Apelação Cível,198,Tratamento médico-hospitalar,1,1ª CÂMARA DE DIREITO PRIVADO,3550308.0,SAJ,Eletrônico,0,2023-02-16,2023-09-29
10516006620208260576,TJSP,G2,Apelação Cível,198,Tratamento médico-hospitalar,1,9ª CÂMARA DE DIREITO PRIVADO,3550308.0,SAJ,Eletrônico,0,2023-02-16,2024-05-28
10116070420218260019,TJSP,G2,Apelação Cível,198,Fornecimento de medicamentos,1,11ª CÂMARA DE DIREITO PÚBLICO,3550308.0,SAJ,Eletrônico,0,2023-02-16,2023-07-27
10187440620228260309,TJSP,G2,Apelação / Remessa Necessária,1728,Fornecimento de medicamentos,1,1ª CÂMARA DE DIREITO PÚBLICO,,SAJ,Eletrônico,0,2023-02-16,2024-07-19
10029316520228260073,TJSP,G2,Apelação Cível,198,Fornecimento de medicamentos,1,11ª CÂMARA DE DIREITO PÚBLICO,3550308.0,SAJ,Eletrônico,0,2023-02-16,2023-07-27
00066132720238260100,TJSP,G1,Cumprimento de sentença,156,Fornecimento de medicamentos,1,24 CIVEL DE CENTRAL,,SAJ,Eletrônico,0,2023-02-16,2024-07-20
00042594520238260224,TJSP,G1,Cumprimento de sentença,156,Planos de Saúde,1,09 CIVEL DE GUARULHOS,,SAJ,Eletrônico,0,2023-02-16,2024-08-25
10069025120228260625,TJSP,G2,Apelação Cível,198,Fornecimento de medicamentos,1,7ª CÂMARA DE DIREITO PRIVADO,3550308.0,SAJ,Eletrônico,0,2023-02-16,2024-02-26
00050614320238260224,TJSP,G1,Cumprimento de sentença,156,Planos de Saúde,1,01 CIVEL DE GUARULHOS,,SAJ,Eletrônico,0,2023-02-16,2024-08-25
20340918220238260000,TJSP,G2,Agravo de Instrumento,202,Tratamento médico-hospitalar,2,1ª CÂMARA DE DIREITO PRIVADO,3550308.0,SAJ,Eletrônico,0,2023-02-16,2023-07-27
20341905220238260000,TJSP,G2,Pedido de Efeito Suspensivo à Apelação,12357,Tratamento médico-hospitalar,1,6ª CÂMARA DE DIREITO PRIVADO,3550308.0,SAJ,Eletrônico,0,2023-02-16,2023-07-27
00008277520238260011,TJSP,G1,Cumprimento de sentença,156,Serviços Hospitalares,1,02 CIVEL DE PINHEIROS,,SAJ,Eletrônico,0,2023-02-16,2024-07-19
00020496820238260564,TJSP,G1,Cumprimento Provisório de Decisão,10980,Tratamento médico-hospitalar,1,02 CIVEL DE SAO BERNARDO DO CAMPO,,SAJ,Eletrônico,0,2023-02-16,2024-08-26
10036770220238260071,TJSP,G1,Procedimento do Juizado Especial da Fazenda Pública,14695,Assistência Médico-Hospitalar,1,JUIZADO ESP.DA FAZENDA PUBLICA DE BAURU,3506003.0,SAJ,Eletrônico,0,2023-02-16,2024-02-28
10088944620228260011,TJSP,G2,Apelação Cível,198,Fornecimento de medicamentos,1,8ª CÂMARA DE DIREITO PRIVADO,3550308.0,SAJ,Eletrônico,0,2023-02-16,2024-04-26
00048954120238260602,TJSP,G1,Cumprimento Provisório de Sentença,157,Fornecimento de medicamentos,1,06 CIVEL DE SOROCABA,3552205.0,SAJ,Eletrônico,0,2023-02-17,2024-03-10
00022401620238260564,TJSP,G1,Cumprimento de sentença,156,Planos de Saúde,1,09 CIVEL DE SAO BERNARDO DO CAMPO,,SAJ,Eletrônico,0,2023-02-17,2024-08-26
00007539820238260438,TJSP,G1,Cumprimento de sentença,156,Planos de Saúde,1,VARA JUIZADO ESP. CIVEL CRIM. DE PENAPOLIS,,SAJ,Eletrônico,0,2023-02-17,2024-08-27
10038002920228260590,TJSP,G2,Apelação / Remessa Necessária,1728,Fornecimento de medicamentos,1,11ª CÂMARA DE DIREITO PÚBLICO,,SAJ,Eletrônico,0,2023-02-17,2024-07-20
10010718320218260228,TJSP,G2,Apelação Cível,198,Tratamento médico-hospitalar,1,1ª CÂMARA DE DIREITO PRIVADO,,SAJ,Eletrônico,0,2023-02-17,2024-07-20
00067085720238260100,TJSP,G1,Cumprimento Provisório de Sentença,157,Tratamento Domiciliar (Home Care),1,30 CIVEL DE CENTRAL,,SAJ,Eletrônico,0,2023-02-17,2025-08-14
00005997320238260408,TJSP,G1,Cumprimento de Sentença contra a Fazenda Pública,12078,Assistência Médico-Hospitalar,1,VARA JUIZADO ESPECIAL CIVEL DE OURINHOS,3534708.0,SAJ,Eletrônico,0,2023-02-17,2024-02-28
00005970620238260408,TJSP,G1,Cumprimento de Sentença contra a Fazenda Pública,12078,Assistência Médico-Hospitalar,1,VARA JUIZADO ESPECIAL CIVEL DE OURINHOS,3534708.0,SAJ,Eletrônico,0,2023-02-17,2024-02-28
10081071720228260011,TJSP,G2,Apelação Cível,198,Tratamento médico-hospitalar,1,10ª CÂMARA DE DIREITO PRIVADO,,SAJ,Eletrônico,0,2023-02-17,2024-07-19
10038026320218260483,TJSP,G2,Apelação Cível,198,Fornecimento de medicamentos,1,3ª CÂMARA DE DIREITO PÚBLICO,,SAJ,Eletrônico,0,2023-02-17,2024-07-19
10068530520228260077,TJSP,G2,Apelação Cível,198,Fornecimento de medicamentos,1,3ª CÂMARA DE DIREITO PÚBLICO,,SAJ,Eletrônico,0,2023-02-17,2024-07-19
00022011920238260564,TJSP,G1,Cumprimento de sentença,156,Tratamento médico-hospitalar,1,08 CIVEL DE SAO BERNARDO DO CAMPO,,SAJ,Eletrônico,0,2023-02-17,2024-08-26
00007349220238260438,TJSP,G1,Cumprimento de sentença,156,Fornecimento de medicamentos,1,VARA JUIZADO ESP. CIVEL CRIM. DE PENAPOLIS,,SAJ,Eletrônico,0,2023-02-17,2024-08-27
00005892920238260408,TJSP,G1,Cumprimento de Sentença contra a Fazenda Pública,12078,Assistência Médico-Hospitalar,1,VARA JUIZADO ESPECIAL CIVEL DE OURINHOS,3534708.0,SAJ,Eletrônico,0,2023-02-17,2024-02-28
10215215320218260032,TJSP,G2,Apelação Cível,198,Tratamento médico-hospitalar,1,9ª CÂMARA DE DIREITO PRIVADO,,SAJ,Eletrônico,0,2023-02-17,2024-07-19
20131172420238260000,TJSP,G2,Agravo Interno Cível,1208,Fornecimento de medicamentos,1,1ª CÂMARA DE DIREITO PRIVADO,,SAJ,Eletrônico,0,2023-02-17,2024-07-19
10364970220218260053,TJSP,G2,Apelação Cível,198,Fornecimento de medicamentos,1,13ª CÂMARA DE DIREITO PÚBLICO,,SAJ,Eletrônico,0,2023-02-17,2024-07-20
10067868620228260482,TJSP,G2,Remessa Necessária Cível,199,Fornecimento de medicamentos,1,7ª CÂMARA DE DIREITO PÚBLICO,,SAJ,Eletrônico,0,2023-02-17,2024-07-19
00005875920238260408,TJSP,G1,Cumprimento de Sentença contra a Fazenda Pública,12078,Assistência Médico-Hospitalar,1,VARA JUIZADO ESPECIAL CIVEL DE OURINHOS,3534708.0,SAJ,Eletrônico,0,2023-02-17,2024-02-28
10154524620228260007,TJSP,G2,Apelação Cível,198,Tratamento médico-hospitalar,1,8ª CÂMARA DE DIREITO PRIVADO,,SAJ,Eletrônico,0,2023-02-17,2024-07-19
00006421020238260408,TJSP,G1,Cumprimento de Sentença contra a Fazenda Pública,12078,Assistência Médico-Hospitalar,1,VARA JUIZADO ESPECIAL CIVEL DE OURINHOS,3534708.0,SAJ,Eletrônico,0,2023-02-22,2024-02-28
10039386420238260071,TJSP,G1,Procedimento do Juizado Especial da Fazenda Pública,14695,Assistência Médico-Hospitalar,1,JUIZADO ESPECIAL CIVEL CRIM. DE PIRAJUI,3538907.0,SAJ,Eletrônico,0,2023-02-22,2024-02-28
00004154020238260272,TJSP,G1,Cumprimento Provisório de Sentença,157,Fornecimento de medicamentos,1,01 CUMULATIVA DE ITAPIRA,,SAJ,Eletrônico,0,2023-02-22,2024-08-26
00020833220238260309,TJSP,G1,Cumprimento de sentença,156,Tratamento médico-hospitalar,1,01 CIVEL DE JUNDIAI,,SAJ,Eletrônico,0,2023-02-22,2024-08-25
00019404320238260309,TJSP,G1,Cumprimento Provisório de Decisão,10980,Fornecimento de medicamentos,1,FAZENDA PUBLICA DE JUNDIAI,,SAJ,Eletrônico,0,2023-02-22,2024-08-25
00006265620238260408,TJSP,G1,Cumprimento de Sentença contra a Fazenda Pública,12078,Assistência Médico-Hospitalar,1,VARA JUIZADO ESPECIAL CIVEL DE OURINHOS,3534708.0,SAJ,Eletrônico,0,2023-02-22,2024-02-28
00028584120238260602,TJSP,G1,Cumprimento de sentença,156,Tratamento médico-hospitalar,1,03 CIVEL DE SOROCABA,3552205.0,SAJ,Eletrônico,0,2023-02-22,2023-07-20
00006360320238260408,TJSP,G1,Cumprimento de Sentença contra a Fazenda Pública,12078,Assistência Médico-Hospitalar,1,VARA JUIZADO ESPECIAL CIVEL DE OURINHOS,3534708.0,SAJ,Eletrônico,0,2023-02-22,2024-02-28
00068263320238260100,TJSP,G1,Cumprimento de sentença,156,Tratamento médico-hospitalar,1,10 CIVEL DE CENTRAL,,SAJ,Eletrônico,0,2023-02-22,2024-07-20
30004196620238260000,TJSP,G2,Agravo Interno Cível,1208,Fornecimento de medicamentos,1,5ª CÂMARA DE DIREITO PÚBLICO,,SAJ,Eletrônico,0,2023-02-22,2024-07-19
00077054020238260100,TJSP,G1,Cumprimento Provisório de Sentença,157,Fornecimento de medicamentos,1,45 CIVEL DE CENTRAL,,SAJ,Eletrônico,0,2023-02-23,2025-08-12
00011074720238260625,TJSP,JE,Cumprimento de sentença,156,Serviços Hospitalares,1,VARA JUIZADO ESP. CIVEL CRIM. DE TAUBATE,,SAJ,Eletrônico,0,2023-02-23,2024-07-31
00030896820238260602,TJSP,G1,Cumprimento de sentença,156,Tratamento médico-hospitalar,1,03 CIVEL DE SOROCABA,3552205.0,SAJ,Eletrônico,0,2023-02-23,2023-12-04
00003937920238260272,TJSP,G1,Cumprimento de sentença,156,Fornecimento de medicamentos,1,JUIZADO ESPECIAL CIVEL CRIM. DE ITAPIRA,,SAJ,Eletrônico,0,2023-02-23,2024-12-13
10001455320238260060,TJSP,G1,Procedimento do Juizado Especial da Fazenda Pública,14695,Tratamento médico-hospitalar,1,JUIZADO ESPECIAL CIVEL CRIM. DE AURIFLAMA,3504206.0,SAJ,Eletrônico,0,2023-02-23,2024-02-28
10784775020198260100,TJSP,G2,Embargos de Declaração Cível,1689,Planos de Saúde,1,1ª CÂMARA DE DIREITO PRIVADO,,SAJ,Eletrônico,0,2023-02-23,2024-07-19
00009143120238260011,TJSP,G1,Cumprimento de sentença,156,Tratamento médico-hospitalar,1,05 CIVEL DE PINHEIROS,,SAJ,Eletrônico,0,2023-02-23,2025-08-11
00006522720238260126,TJSP,G1,Cumprimento de Sentença contra a Fazenda Pública,12078,Tratamento médico-hospitalar,1,02 CIVEL DE CARAGUATATUBA,3510500.0,SAJ,Eletrônico,0,2023-02-24,2024-03-25
00004371620238260655,TJSP,G1,Cumprimento de Sentença contra a Fazenda Pública,12078,Assistência Médico-Hospitalar,1,JUIZADO ESPECIAL CIVEL CRIM. DE VARZEA PAULISTA,,SAJ,Eletrônico,0,2023-02-24,2024-08-26
00072386120238260100,TJSP,G1,Cumprimento de sentença,156,Planos de Saúde,1,40 CIVEL DE CENTRAL,,SAJ,Eletrônico,0,2023-02-24,2024-07-20
10109528720158260004,TJSP,G2,Apelação Cível,198,Tratamento médico-hospitalar,1,7ª CÂMARA DE DIREITO PRIVADO,,SAJ,Eletrônico,0,2023-02-24,2025-08-14
00014747620238260009,TJSP,G1,Cumprimento Provisório de Sentença,157,Tratamento médico-hospitalar,1,01 CIVEL DE VILA PRUDENTE,,SAJ,Eletrônico,0,2023-02-25,2025-08-14
10044504720238260071,TJSP,G1,Mandado de Segurança Cível,120,Fornecimento de medicamentos,1,02 FAZENDA PUBLICA DE BAURU,3506003.0,SAJ,Eletrônico,0,2023-02-25,2024-02-28
00004337220238260236,TJSP,G1,Cumprimento de sentença,156,Fornecimento de medicamentos,1,JUIZADO ESPECIAL CIVEL DE IBITINGA,,SAJ,Eletrônico,0,2023-02-26,2024-07-20
10006963120238260481,TJSP,G1,Procedimento do Juizado Especial da Fazenda Pública,14695,Tratamento médico-hospitalar,1,JUIZADO ESPECIAL CIVEL CRIM. DE PRESIDENTE EPITACIO,3541307.0,SAJ,Eletrônico,0,2023-02-26,2023-07-19
00008691420238260565,TJSP,G1,Cumprimento de sentença,156,Tratamento médico-hospitalar,1,03 CIVEL DE SAO CAETANO DO SUL,,SAJ,Eletrônico,0,2023-02-27,2024-08-26
00042471820238260002,TJSP,G1,Cumprimento de sentença,156,Planos de Saúde,1,01 CIVEL DE SANTO AMARO,,SAJ,Eletrônico,0,2023-02-27,2025-08-12
00033155120238260577,TJSP,G1,Cumprimento de sentença,156,Fornecimento de medicamentos,1,05 CIVEL DE SAO JOSE DOS CAMPOS,,SAJ,Eletrônico,0,2023-02-27,2024-08-26
00008678520228260595,TJSP,G1,Requisição de Pequeno Valor,1266,Fornecimento de medicamentos,1,02 CUMULATIVA DE SERRA NEGRA,,SAJ,Eletrônico,0,2023-02-27,2024-08-26
00004162520238260272,TJSP,G1,Cumprimento Provisório de Sentença,157,Fornecimento de medicamentos,1,01 CUMULATIVA DE ITAPIRA,3522604.0,SAJ,Eletrônico,0,2023-02-27,2023-03-06
00034932220238260602,TJSP,G1,Cumprimento de sentença,156,Planos de Saúde,1,02 CIVEL DE SOROCABA,3552205.0,SAJ,Eletrônico,0,2023-02-27,2023-07-20
00030567820238260602,TJSP,G1,Cumprimento de Sentença contra a Fazenda Pública,12078,Custeio de Assistência Médica,1,ANEXO DO JUIZADO ESPECIAL DA FAZENDA PÚBLICA DE SOROCABA,3552205.0,SAJ,Eletrônico,0,2023-02-28,2023-12-04
00079289020238260100,TJSP,G1,Cumprimento de sentença,156,Planos de Saúde,1,21 CIVEL DE CENTRAL,,SAJ,Eletrônico,0,2023-02-28,2024-07-20
10175832920208260309,TJSP,G2,Apelação Cível,198,Fornecimento de medicamentos,1,9ª CÂMARA DE DIREITO PRIVADO,,Inválido,Eletrônico,0,2023-02-28,2024-08-30
10304542620188260224,TJSP,G2,Embargos de Declaração Cível,1689,Planos de Saúde,1,6ª CÂMARA DE DIREITO PRIVADO,3550308.0,SAJ,Eletrônico,0,2023-02-28,2023-07-27
00001545620238260246,TJSP,G1,Cumprimento de sentença,156,Custeio de Assistência Médica,1,JUIZADO ESPECIAL CIVEL CRIM. DE ILHA SOLTEIRA,3520442.0,SAJ,Eletrônico,0,2023-02-28,2024-02-28
20358810420238260000,TJSP,G2,Agravo Interno Cível,1208,Tratamento médico-hospitalar,1,2ª CÂMARA DE DIREITO PRIVADO,,SAJ,Eletrônico,0,2023-03-01,2024-07-19
10029630920218260428,TJSP,G2,Embargos de Declaração Cível,1689,Tratamento médico-hospitalar,1,2ª CÂMARA DE DIREITO PRIVADO,,SAJ,Eletrônico,0,2023-03-01,2024-07-19
10358190620228260100,TJSP,G2,Apelação Cível,198,Tratamento médico-hospitalar,1,10ª CÂMARA DE DIREITO PRIVADO,,Inválido,Eletrônico,0,2023-03-01,2024-08-30
00007354820238260286,TJSP,G1,Cumprimento de sentença,156,Tratamento médico-hospitalar,1,03 CIVEL DE ITU,,SAJ,Eletrônico,0,2023-03-01,2024-07-20
11249099820178260100,TJSP,G2,Embargos de Declaração Cível,1689,Planos de Saúde,1,5ª CÂMARA DE DIREITO PRIVADO,3550308.0,SAJ,Eletrônico,0,2023-03-01,2023-06-26
00007354320238260126,TJSP,G1,Cumprimento de sentença,156,Tratamento médico-hospitalar,1,01 CIVEL DE CARAGUATATUBA,3510500.0,SAJ,Eletrônico,0,2023-03-01,2024-02-27
00003173820238260407,TJSP,JE,Cumprimento de sentença,156,Tratamento médico-hospitalar,1,JUIZADO ESPECIAL CIVEL CRIM. DE OSVALDO CRUZ,,SAJ,Eletrônico,0,2023-03-01,2024-07-31
00005081420238260236,TJSP,G1,Cumprimento de sentença,156,Tratamento médico-hospitalar,1,02 CIVEL DE IBITINGA,,SAJ,Eletrônico,0,2023-03-02,2025-08-05
00009610720238260269,TJSP,G1,Cumprimento de sentença,156,Fornecimento de medicamentos,1,VARA JUIZADO ESP. CIVEL CRIM. DE ITAPETININGA,,SAJ,Eletrônico,0,2023-03-02,2024-07-20
20345594620238260000,TJSP,G2,Agravo Interno Cível,1208,Tratamento médico-hospitalar,1,8ª CÂMARA DE DIREITO PRIVADO,,SAJ,Eletrônico,0,2023-03-02,2024-07-19
00007539120238260408,TJSP,G1,Cumprimento de Sentença contra a Fazenda Pública,12078,Assistência Médico-Hospitalar,1,VARA JUIZADO ESPECIAL CIVEL DE OURINHOS,3534708.0,SAJ,Eletrônico,0,2023-03-02,2024-02-28
00039756720238260602,TJSP,G1,Cumprimento de sentença,156,Planos de Saúde,1,07 CIVEL DE SOROCABA,3552205.0,SAJ,Eletrônico,0,2023-03-02,2023-11-23
20124348420238260000,TJSP,G2,Agravo Interno Cível,1208,Fornecimento de medicamentos,1,2ª CÂMARA DE DIREITO PRIVADO,,SAJ,Eletrônico,0,2023-03-03,2024-07-19
00086347320238260100,TJSP,G1,Cumprimento de sentença,156,Tratamento médico-hospitalar,1,07 CIVEL DE CENTRAL,,SAJ,Eletrônico,0,2023-03-03,2024-07-20
00014848520238260344,TJSP,G1,Cumprimento Provisório de Sentença,157,Tratamento médico-hospitalar,1,01 CIVEL DE MARILIA,,SAJ,Eletrônico,0,2023-03-03,2025-08-06
10133985220218260554,TJSP,G2,Apelação Cível,198,Tratamento médico-hospitalar,1,9ª CÂMARA DE DIREITO PRIVADO,,SAJ,Eletrônico,0,2023-03-03,2025-08-14
00007169520238260624,TJSP,G1,Procedimento do Juizado Especial da Fazenda Pública,14695,Fornecimento de medicamentos,1,VARA JUIZADO ESP. CIVEL CRIM. DE TATUI,3554003.0,SAJ,Eletrônico,0,2023-03-03,2023-11-23
00029774920238260554,TJSP,G1,Cumprimento de sentença,156,Tratamento médico-hospitalar,1,06 CIVEL DE SANTO ANDRE,3547809.0,SAJ,Eletrônico,0,2023-03-03,2023-07-19
00087239620238260100,TJSP,G1,Cumprimento de sentença,156,Serviços Hospitalares,1,37 CIVEL DE CENTRAL,,SAJ,Eletrônico,0,2023-03-03,2024-07-20
00001421120238260515,TJSP,G1,Procedimento do Juizado Especial da Fazenda Pública,14695,Fornecimento de medicamentos,1,JUIZADO ESPECIAL CIVEL DE ROSANA,3544251.0,SAJ,Eletrônico,0,2023-03-03,2024-05-28
10347694720198260100,TJSP,G2,Agravo Interno Cível,1208,Planos de Saúde,1,1ª CÂMARA DE DIREITO PRIVADO,3550308.0,SAJ,Eletrônico,0,2023-03-03,2023-07-27
10319377620218260001,TJSP,G2,Apelação Cível,198,Tratamento médico-hospitalar,1,5ª CÂMARA DE DIREITO PRIVADO,,SAJ,Eletrônico,0,2023-03-03,2025-01-08
00004210920238260220,TJSP,G1,Cumprimento de sentença,156,Planos de Saúde,1,03 CUMULATIVA DE GUARATINGUETA,3518404.0,SAJ,Eletrônico,0,2023-03-05,2023-08-29
00087992320238260100,TJSP,G1,Cumprimento Provisório de Sentença,157,Planos de Saúde,1,10 CIVEL DE CENTRAL,,SAJ,Eletrônico,0,2023-03-05,2024-07-20
00068065820238260224,TJSP,G1,Cumprimento de sentença,156,Tratamento médico-hospitalar,1,03 CIVEL DE GUARULHOS,,SAJ,Eletrônico,0,2023-03-05,2024-08-25
00005946420238260533,TJSP,G1,Cumprimento Provisório de Sentença,157,Tratamento médico-hospitalar,1,02 CIVEL DE SANTA BARBARA D OESTE,3545803.0,SAJ,Eletrônico,0,2023-03-06,2023-04-26
00009392820238260566,TJSP,G1,Requisição de Pequeno Valor,1266,Fornecimento de medicamentos,1,FAZENDA PUBLICA DE SAO CARLOS,,SAJ,Eletrônico,0,2023-03-06,2024-07-19
00011923220238260011,TJSP,G1,Cumprimento de sentença,156,Planos de Saúde,1,02 CIVEL DE PINHEIROS,,SAJ,Eletrônico,0,2023-03-06,2024-07-19
00088832420238260100,TJSP,G1,Cumprimento de sentença,156,Planos de Saúde,1,08 CIVEL DE CENTRAL,,SAJ,Eletrônico,0,2023-03-06,2024-07-20
00025371220238260309,TJSP,G1,Cumprimento de Sentença contra a Fazenda Pública,12078,Fornecimento de medicamentos,1,FAZENDA PUBLICA DE JUNDIAI,,SAJ,Eletrônico,0,2023-03-06,2024-08-25
00067999420238260053,TJSP,G1,Cumprimento Provisório de Decisão,10980,Fornecimento de medicamentos,1,06 FAZENDA PUBLICA DE CENTRAL,,SAJ,Eletrônico,0,2023-03-06,2024-07-20
10239958420208260564,TJSP,G2,Embargos de Declaração Cível,1689,Fornecimento de medicamentos,1,12ª CÂMARA DE DIREITO PÚBLICO,,SAJ,Eletrônico,0,2023-03-06,2024-07-19
00033856820238260577,TJSP,G1,Incidente de Suspeição Cível,12081,Tratamento médico-hospitalar,1,05 CIVEL DE SAO JOSE DOS CAMPOS,,SAJ,Eletrônico,0,2023-03-06,2024-08-26
00005558420238260010,TJSP,G1,Cumprimento de sentença,156,Tratamento médico-hospitalar,1,02 CIVEL DE IPIRANGA,,SAJ,Eletrônico,0,2023-03-06,2024-07-19
00034508520238260602,TJSP,G1,Cumprimento de Sentença contra a Fazenda Pública,12078,Assistência Médico-Hospitalar,1,ANEXO DO JUIZADO ESPECIAL DA FAZENDA PÚBLICA DE SOROCABA,3552205.0,SAJ,Eletrônico,0,2023-03-07,2024-03-10
00008197120238260408,TJSP,G1,Cumprimento de Sentença contra a Fazenda Pública,12078,Assistência Médico-Hospitalar,1,VARA JUIZADO ESPECIAL CIVEL DE OURINHOS,,SAJ,Eletrônico,0,2023-03-07,2024-08-27
00008101220238260408,TJSP,G1,Cumprimento de Sentença contra a Fazenda Pública,12078,Assistência Médico-Hospitalar,1,VARA JUIZADO ESPECIAL CIVEL DE OURINHOS,3534708.0,SAJ,Eletrônico,0,2023-03-07,2024-02-28
10002849320238260160,TJSP,G1,Procedimento do Juizado Especial da Fazenda Pública,14695,Assistência Médico-Hospitalar,1,JUIZADO ESPECIAL CIVEL CRIM. DE DESCALVADO,3513702.0,SAJ,Eletrônico,0,2023-03-07,2023-10-20
00008144920238260408,TJSP,G1,Cumprimento de Sentença contra a Fazenda Pública,12078,Assistência Médico-Hospitalar,1,VARA JUIZADO ESPECIAL CIVEL DE OURINHOS,3534708.0,SAJ,Eletrônico,0,2023-03-07,2024-02-28
00056348120238260224,TJSP,G1,Cumprimento Provisório de Decisão,10980,Tratamento médico-hospitalar,1,06 CIVEL DE GUARULHOS,,SAJ,Eletrônico,0,2023-03-07,2024-08-25
00059022520238260002,TJSP,G1,Cumprimento de sentença,156,Fornecimento de medicamentos,1,03 CIVEL DE SANTO AMARO,,SAJ,Eletrônico,0,2023-03-07,2025-08-12
00008060620238260624,TJSP,G1,Procedimento do Juizado Especial da Fazenda Pública,14695,Fornecimento de medicamentos,1,VARA JUIZADO ESP. CIVEL CRIM. DE TATUI,3554003.0,SAJ,Eletrônico,0,2023-03-07,2023-10-31
00008404720238260408,TJSP,G1,Cumprimento de Sentença contra a Fazenda Pública,12078,Assistência Médico-Hospitalar,1,VARA JUIZADO ESPECIAL CIVEL DE OURINHOS,3534708.0,SAJ,Eletrônico,0,2023-03-07,2024-02-28
00007377420238260526,TJSP,G1,Cumprimento de sentença,156,Planos de Saúde,1,03 CUMULATIVA DE SALTO,3545209.0,SAJ,Eletrônico,0,2023-03-08,2023-12-04
00009049820238260362,TJSP,G1,Cumprimento Provisório de Sentença,157,Fornecimento de medicamentos,1,01 CIVEL DE MOJI GUACU,,SAJ,Eletrônico,0,2023-03-08,2024-08-25
00009146120238260292,TJSP,G1,Procedimento do Juizado Especial da Fazenda Pública,14695,Custeio de Assistência Médica,1,FAZENDA PUBLICA DE JACAREI,3524402.0,SAJ,Eletrônico,0,2023-03-08,2023-12-04
00008291820238260408,TJSP,G1,Cumprimento de Sentença contra a Fazenda Pública,12078,Assistência Médico-Hospitalar,1,VARA JUIZADO ESPECIAL CIVEL DE OURINHOS,3534708.0,SAJ,Eletrônico,0,2023-03-08,2024-02-28
00015167820238260348,TJSP,JE,Cumprimento de sentença,156,Tratamento médico-hospitalar,1,VARA JUIZADO ESP. CIVEL CRIM. DE MAUA,,SAJ,Eletrônico,0,2023-03-08,2024-07-31
00017465320228260220,TJSP,G1,Requisição de Pequeno Valor,1266,Assistência Médico-Hospitalar,2,VARA JUIZADO ESP. CIVEL CRIM. DE GUARATINGUETA,3518404.0,SAJ,Eletrônico,0,2023-03-09,2024-03-25
00033342920238260554,TJSP,G1,Cumprimento de sentença,156,Planos de Saúde,1,04 CIVEL DE SANTO ANDRE,3547809.0,SAJ,Eletrônico,0,2023-03-09,2024-05-08
00032932420238260405,TJSP,G1,Cumprimento Provisório de Decisão,10980,Tratamento médico-hospitalar,1,06 CIVEL DE OSASCO,,SAJ,Eletrônico,0,2023-03-09,2024-11-12
00013924820238260008,TJSP,G1,Cumprimento de sentença,156,Tratamento médico-hospitalar,1,02 CIVEL DE TATUAPE,,SAJ,Eletrônico,0,2023-03-09,2024-07-19
00098272620238260100,TJSP,G1,Cumprimento de sentença,156,Tratamento médico-hospitalar,1,38 CIVEL DE CENTRAL,,SAJ,Eletrônico,0,2023-03-09,2024-07-20
20337851620238260000,TJSP,G2,Agravo Interno Cível,1208,Fornecimento de medicamentos,1,8ª CÂMARA DE DIREITO PRIVADO,3550308.0,SAJ,Eletrônico,0,2023-03-09,2023-09-29
00047648920238260562,TJSP,G1,Cumprimento de sentença,156,Planos de Saúde,1,08 CIVEL DE SANTOS,,SAJ,Eletrônico,0,2023-03-09,2025-08-14
00005753820238260281,TJSP,G1,Cumprimento de sentença,156,Tratamento médico-hospitalar,1,02 CIVEL DE ITATIBA,,SAJ,Eletrônico,0,2023-03-10,2024-08-26
10082772320218260011,TJSP,G2,Apelação Cível,198,Tratamento médico-hospitalar,1,9ª CÂMARA DE DIREITO PRIVADO,,Inválido,Eletrônico,0,2023-03-10,2024-08-30
22914833020228260000,TJSP,G2,Embargos de Declaração Cível,1689,Tratamento médico-hospitalar,1,2ª CÂMARA DE DIREITO PRIVADO,,SAJ,Eletrônico,0,2023-03-10,2024-07-19
00019270320238260161,TJSP,G1,Cumprimento de sentença,156,Tratamento médico-hospitalar,1,03 CIVEL DE DIADEMA,,SAJ,Eletrônico,0,2023-03-10,2024-08-29
10005655720238260222,TJSP,G1,Procedimento do Juizado Especial da Fazenda Pública,14695,Fornecimento de medicamentos,1,JUIZADO ESPECIAL CIVEL CRIM. DE GUARIBA,3518602.0,SAJ,Eletrônico,0,2023-03-10,2023-11-24
00109566620238260100,TJSP,G1,Cumprimento de sentença,156,Tratamento médico-hospitalar,1,32 CIVEL DE CENTRAL,,SAJ,Eletrônico,0,2023-03-10,2024-07-20
00101087920238260100,TJSP,G1,Cumprimento de sentença,156,Tratamento médico-hospitalar,1,38 CIVEL DE CENTRAL,,SAJ,Eletrônico,0,2023-03-11,2024-07-20
10019542120238260079,TJSP,G1,Procedimento do Juizado Especial da Fazenda Pública,14695,Custeio de Assistência Médica,1,VARA JUIZADO ESP. CIVEL CRIM. DE BOTUCATU,3507506.0,SAJ,Eletrônico,0,2023-03-13,2024-02-28
00007624120238260024,TJSP,G1,Cumprimento Provisório de Sentença,157,Fornecimento de medicamentos,1,VARA JUIZADO ESP. CIVEL CRIM. DE ANDRADINA,,SAJ,Eletrônico,0,2023-03-13,2024-07-19
00015301520238260590,TJSP,G1,Cumprimento de sentença,156,Tratamento médico-hospitalar,1,03 CIVEL DE SAO VICENTE,,SAJ,Eletrônico,0,2023-03-13,2024-08-26
00102066420238260100,TJSP,G1,Cumprimento de sentença,156,Tratamento médico-hospitalar,1,16 CIVEL DE CENTRAL,,SAJ,Eletrônico,0,2023-03-13,2024-07-20
00009403320238260624,TJSP,G1,Procedimento do Juizado Especial da Fazenda Pública,14695,Fornecimento de medicamentos,1,VARA JUIZADO ESP. CIVEL CRIM. DE TATUI,3554003.0,SAJ,Eletrônico,0,2023-03-13,2024-03-10
10301934520188260100,TJSP,G2,Agravo Interno Cível,1208,Planos de Saúde,1,10ª CÂMARA DE DIREITO PRIVADO,3550308.0,SAJ,Eletrônico,0,2023-03-13,2023-07-27
00037223920238260001,TJSP,G1,Cumprimento Provisório de Sentença,157,Fornecimento de medicamentos,1,01 CIVEL DE SANTANA,3550308.0,SAJ,Eletrônico,0,2023-03-13,2023-07-20
00044641620238260114,TJSP,G1,Cumprimento Provisório de Sentença,157,Tratamento médico-hospitalar,1,03 CIVEL DE CAMPINAS,,SAJ,Eletrônico,0,2023-03-14,2024-07-19
00019894320238260161,TJSP,G1,Cumprimento de sentença,156,Tratamento médico-hospitalar,1,02 CIVEL DE DIADEMA,,SAJ,Eletrônico,0,2023-03-14,2024-07-20
00039260420238260577,TJSP,G1,Cumprimento de sentença,156,Tratamento médico-hospitalar,1,03 CIVEL DE SAO JOSE DOS CAMPOS,,SAJ,Eletrônico,0,2023-03-14,2024-08-26
00009426920238260408,TJSP,G1,Cumprimento de Sentença contra a Fazenda Pública,12078,Assistência Médico-Hospitalar,1,VARA JUIZADO ESPECIAL CIVEL DE OURINHOS,3534708.0,SAJ,Eletrônico,0,2023-03-14,2024-02-28
00007858420238260024,TJSP,G1,Cumprimento de Sentença contra a Fazenda Pública,12078,Fornecimento de medicamentos,1,VARA JUIZADO ESP. CIVEL CRIM. DE ANDRADINA,,SAJ,Eletrônico,0,2023-03-14,2024-08-27
10175362420218260405,TJSP,G2,Embargos de Declaração Cível,1689,Tratamento médico-hospitalar,1,2ª CÂMARA DE DIREITO PRIVADO,,SAJ,Eletrônico,0,2023-03-14,2024-07-19
00015431420238260008,TJSP,G1,Cumprimento de sentença,156,Tratamento médico-hospitalar,1,04 CIVEL DE TATUAPE,,SAJ,Eletrônico,0,2023-03-15,2024-07-19
00033330620238260405,TJSP,G1,Cumprimento de sentença,156,Tratamento médico-hospitalar,1,07 CIVEL DE OSASCO,,SAJ,Eletrônico,0,2023-03-15,2024-08-25
10006089120238260222,TJSP,G1,Procedimento do Juizado Especial da Fazenda Pública,14695,Fornecimento de medicamentos,1,JUIZADO ESPECIAL CIVEL CRIM. DE GUARIBA,3518602.0,SAJ,Eletrônico,0,2023-03-15,2023-10-20
00030415320238260071,TJSP,G1,Cumprimento de sentença,156,Fornecimento de medicamentos,1,JUIZADO ESP.DA FAZENDA PUBLICA DE BAURU,3506003.0,SAJ,Eletrônico,0,2023-03-15,2024-02-28
20264971720238260000,TJSP,G2,Agravo Interno Cível,1208,Tratamento médico-hospitalar,1,6ª CÂMARA DE DIREITO PRIVADO,,SAJ,Eletrônico,0,2023-03-15,2024-07-19
00009755920238260408,TJSP,G1,Cumprimento de Sentença contra a Fazenda Pública,12078,Assistência Médico-Hospitalar,1,VARA JUIZADO ESPECIAL CIVEL DE OURINHOS,3534708.0,SAJ,Eletrônico,0,2023-03-15,2024-02-28
00038372020238260564,TJSP,G1,Cumprimento de sentença,156,Planos de Saúde,1,06 CIVEL DE SAO BERNARDO DO CAMPO,,SAJ,Eletrônico,0,2023-03-15,2024-08-26
00009811120238260297,TJSP,G1,Cumprimento de Sentença contra a Fazenda Pública,12078,Assistência Médico-Hospitalar,1,VARA JUIZADO ESP. CIVEL CRIM. DE JALES,,SAJ,Eletrônico,0,2023-03-15,2024-08-27
00053102420238260602,TJSP,G1,Cumprimento de sentença,156,Tratamento médico-hospitalar,1,01 CIVEL DE SOROCABA,3552205.0,SAJ,Eletrônico,0,2023-03-15,2023-11-23
00002142620238260538,TJSP,JE,Cumprimento de sentença,156,Planos de Saúde,1,JUIZADO ESPECIAL CIVEL CRIM. DE SANTA CRUZ DAS PALMEIRAS,,SAJ,Eletrônico,0,2023-03-16,2025-08-14
00068273420238260224,TJSP,G1,Cumprimento de sentença,156,Planos de Saúde,1,10 CIVEL DE GUARULHOS,,SAJ,Eletrônico,0,2023-03-16,2024-08-25
00009593320238260529,TJSP,G1,Cumprimento Provisório de Sentença,157,Tratamento Domiciliar (Home Care),1,2VARA JUDICIAL DE SANTANA DE PARNAÍBA,,SAJ,Eletrônico,0,2023-03-16,2025-08-12
00051713220228260562,TJSP,G1,Requisição de Pequeno Valor,1266,Custeio de Assistência Médica,1,01 ACIDENTES TRABALHO DE SANTOS,,SAJ,Eletrônico,0,2023-03-17,2024-08-26
00098230520238260224,TJSP,G1,Cumprimento de sentença,156,Tratamento médico-hospitalar,1,03 CIVEL DE GUARULHOS,,SAJ,Eletrônico,0,2023-03-17,2024-08-25
00010137120238260408,TJSP,G1,Cumprimento de Sentença contra a Fazenda Pública,12078,Assistência Médico-Hospitalar,1,VARA JUIZADO ESPECIAL CIVEL DE OURINHOS,3534708.0,SAJ,Eletrônico,0,2023-03-17,2024-02-28
00002211820238260538,TJSP,JE,Cumprimento de sentença,156,Planos de Saúde,1,JUIZADO ESPECIAL CIVEL CRIM. DE SANTA CRUZ DAS PALMEIRAS,,SAJ,Eletrônico,0,2023-03-17,2025-08-14
22912226520228260000,TJSP,G2,Embargos de Declaração Cível,1689,Tratamento médico-hospitalar,1,10ª CÂMARA DE DIREITO PRIVADO,,SAJ,Eletrônico,0,2023-03-17,2024-07-19
00002272820238260246,TJSP,G1,Cumprimento Provisório de Decisão,10980,Fornecimento de medicamentos,1,JUIZADO ESPECIAL CIVEL CRIM. DE ILHA SOLTEIRA,3520442.0,SAJ,Eletrônico,0,2023-03-18,2024-02-28
00011785820228260116,TJSP,G1,Requisição de Pequeno Valor,1266,Tratamento médico-hospitalar,1,01 CUMULATIVA DE CAMPOS DO JORDAO,,SAJ,Eletrônico,0,2023-03-19,2024-07-20
10004266420218260420,TJSP,G2,Remessa Necessária Cível,199,Fornecimento de medicamentos,1,11ª CÂMARA DE DIREITO PÚBLICO,,SAJ,Eletrônico,0,2023-03-20,2024-07-19
00036397220238260405,TJSP,G1,Cumprimento de sentença,156,Tratamento médico-hospitalar,1,05 CIVEL DE OSASCO,,SAJ,Eletrônico,0,2023-03-20,2024-08-25
10015097220238260541,TJSP,G1,Procedimento do Juizado Especial da Fazenda Pública,14695,Fornecimento de medicamentos,1,JUIZADO ESPECIAL CIVEL DE SANTA FE DO SUL,3546603.0,SAJ,Eletrônico,0,2023-03-20,2024-02-28
00007216620238260156,TJSP,G1,Cumprimento de sentença,156,Tratamento médico-hospitalar,1,01 CIVEL DE CRUZEIRO,3513405.0,SAJ,Eletrônico,0,2023-03-20,2023-07-18
10472152420228260053,TJSP,G2,Apelação / Remessa Necessária,1728,Fornecimento de medicamentos,1,11ª CÂMARA DE DIREITO PÚBLICO,,SAJ,Eletrônico,0,2023-03-20,2024-07-19
00041490220238260562,TJSP,G1,Cumprimento de sentença,156,Tratamento médico-hospitalar,1,04 CIVEL DE SANTOS,,SAJ,Eletrônico,0,2023-03-20,2025-08-08
00118114520238260100,TJSP,G1,Cumprimento de sentença,156,Tratamento médico-hospitalar,1,23 CIVEL DE CENTRAL,,SAJ,Eletrônico,0,2023-03-20,2024-07-20
20630749120238260000,TJSP,G2,Agravo de Instrumento,202,Tratamento médico-hospitalar,1,1ª CÂMARA DE DIREITO PRIVADO,,SAJ,Eletrônico,0,2023-03-20,2024-07-19
00015777920238260269,TJSP,G1,Cumprimento de sentença,156,Serviços Hospitalares,1,01 CIVEL DE ITAPETININGA,,SAJ,Eletrônico,0,2023-03-20,2024-07-20
20647013320238260000,TJSP,G2,Agravo de Instrumento,202,Tratamento médico-hospitalar,1,1ª CÂMARA DE DIREITO PRIVADO,3550308.0,SAJ,Eletrônico,0,2023-03-21,2024-02-26
00005141320238260659,TJSP,G1,Cumprimento de sentença,156,Tratamento médico-hospitalar,1,03 CUMULATIVA DE VINHEDO,,SAJ,Eletrônico,0,2023-03-21,2024-08-26
20635469220238260000,TJSP,G2,Agravo de Instrumento,202,Fornecimento de medicamentos,1,1ª CÂMARA DE DIREITO PRIVADO,,SAJ,Eletrônico,0,2023-03-21,2024-07-19
00005193920238260108,TJSP,G1,Cumprimento de sentença,156,Planos de Saúde,1,02 CUMULATIVA DE CAJAMAR,,SAJ,Eletrônico,0,2023-03-21,2024-08-26
10614606720208260002,TJSP,G2,Embargos de Declaração Cível,1689,Tratamento médico-hospitalar,1,2ª CÂMARA DE DIREITO PRIVADO,3550308.0,SAJ,Eletrônico,0,2023-03-21,2023-07-27
10088710320228260011,TJSP,G2,Embargos de Declaração Cível,1689,Tratamento médico-hospitalar,1,6ª CÂMARA DE DIREITO PRIVADO,,SAJ,Eletrônico,0,2023-03-21,2024-07-19
00005132820238260659,TJSP,G1,Cumprimento de sentença,156,Tratamento médico-hospitalar,1,03 CUMULATIVA DE VINHEDO,,SAJ,Eletrônico,0,2023-03-21,2024-08-26
20276551020238260000,TJSP,G2,Agravo Interno Cível,1208,Tratamento médico-hospitalar,1,5ª CÂMARA DE DIREITO PRIVADO,3550308.0,SAJ,Eletrônico,0,2023-03-21,2023-06-26
20257792020238260000,TJSP,G2,Embargos de Declaração Cível,1689,Tratamento médico-hospitalar,1,2ª CÂMARA DE DIREITO PRIVADO,,SAJ,Eletrônico,0,2023-03-21,2024-07-19
00002255520238260538,TJSP,JE,Cumprimento de sentença,156,Planos de Saúde,1,JUIZADO ESPECIAL CIVEL CRIM. DE SANTA CRUZ DAS PALMEIRAS,,SAJ,Eletrônico,0,2023-03-21,2025-08-14
10013621120228260079,TJSP,G2,Apelação Cível,198,Fornecimento de medicamentos,1,3ª CÂMARA DE DIREITO PÚBLICO,3550308.0,SAJ,Eletrônico,0,2023-03-21,2024-02-26
00039579320238260554,TJSP,G1,Cumprimento de sentença,156,Planos de Saúde,1,01 CIVEL DE SANTO ANDRE,3547809.0,SAJ,Eletrônico,0,2023-03-21,2023-07-19
00015639320238260011,TJSP,G1,Cumprimento de sentença,156,Tratamento médico-hospitalar,1,02 CIVEL DE PINHEIROS,,SAJ,Eletrônico,0,2023-03-21,2024-07-19
00018315120238260625,TJSP,G1,Cumprimento de Sentença contra a Fazenda Pública,12078,Fornecimento de medicamentos,1,FAZENDA PUBLICA DE TAUBATE,,SAJ,Eletrônico,0,2023-03-21,2024-08-26
00005235420238260568,TJSP,G1,Cumprimento de sentença,156,Tratamento médico-hospitalar,1,01 CIVEL DE SAO JOAO DA BOA VISTA,,SAJ,Eletrônico,0,2023-03-22,2024-08-26
00026938920238260344,TJSP,G1,Cumprimento de sentença,156,Tratamento médico-hospitalar,1,03 CIVEL DE MARILIA,3529005.0,SAJ,Eletrônico,0,2023-03-22,2023-07-19
00019016820238260625,TJSP,G1,Cumprimento Provisório de Decisão,10980,Fornecimento de medicamentos,1,FAZENDA PUBLICA DE TAUBATE,,SAJ,Eletrônico,0,2023-03-22,2024-08-26
10193821420218260361,TJSP,G2,Apelação Cível,198,Tratamento médico-hospitalar,2,6ª CÂMARA DE DIREITO PRIVADO,,SAJ,Eletrônico,0,2023-03-22,2025-01-08
00039839120238260554,TJSP,G1,Cumprimento de sentença,156,Tratamento médico-hospitalar,1,06 CIVEL DE SANTO ANDRE,3547809.0,SAJ,Eletrônico,0,2023-03-22,2023-07-19
00002272520238260538,TJSP,JE,Cumprimento de sentença,156,Planos de Saúde,1,JUIZADO ESPECIAL CIVEL CRIM. DE SANTA CRUZ DAS PALMEIRAS,,SAJ,Eletrônico,0,2023-03-22,2025-08-14
00092725320238260053,TJSP,G1,Cumprimento Provisório de Decisão,10980,Fornecimento de medicamentos,1,06 FAZENDA PUBLICA DE CENTRAL,,SAJ,Eletrônico,0,2023-03-22,2024-07-20
20284111920238260000,TJSP,G2,Agravo Interno Cível,1208,Fornecimento de medicamentos,1,4ª CÂMARA DE DIREITO PRIVADO,3550308.0,SAJ,Eletrônico,0,2023-03-22,2023-10-20
00040392720238260554,TJSP,G1,Cumprimento de sentença,156,Tratamento médico-hospitalar,1,08 CIVEL DE SANTO ANDRE,3547809.0,SAJ,Eletrônico,0,2023-03-22,2023-04-28
10005156920228260059,TJSP,G2,Apelação Cível,198,Fornecimento de medicamentos,1,2ª CÂMARA DE DIREITO PÚBLICO,3550308.0,SAJ,Eletrônico,0,2023-03-22,2023-07-27
20335098220238260000,TJSP,G2,Agravo Interno Cível,1208,Fornecimento de medicamentos,1,3ª CÂMARA DE DIREITO PRIVADO,3550308.0,SAJ,Eletrônico,0,2023-03-22,2023-07-27
10496170520208260100,TJSP,G2,Apelação Cível,198,Tratamento médico-hospitalar,1,3ª CÂMARA DE DIREITO PRIVADO,,SAJ,Eletrônico,0,2023-03-23,2024-11-11
20270133720238260000,TJSP,G2,Agravo Interno Cível,1208,Fornecimento de medicamentos,1,5ª CÂMARA DE DIREITO PRIVADO,,SAJ,Eletrônico,0,2023-03-23,2024-07-19
00052332420238260114,TJSP,G1,Cumprimento de sentença,156,Tratamento médico-hospitalar,1,10 CIVEL DE CAMPINAS,,SAJ,Eletrônico,0,2023-03-24,2025-08-11
00007814520238260445,TJSP,G1,Procedimento do Juizado Especial da Fazenda Pública,14695,Fornecimento de medicamentos,1,VARA JUIZADO ESP. CIVEL CRIM. DE PINDAMONHANGABA,3538006.0,SAJ,Eletrônico,0,2023-03-24,2024-05-28
00060572120238260554,TJSP,G1,Cumprimento Provisório de Sentença,157,Tratamento médico-hospitalar,1,09 CIVEL DE SANTO ANDRE,3547809.0,SAJ,Eletrônico,0,2023-03-24,2023-08-29
00127875220238260100,TJSP,G1,Cumprimento Provisório de Sentença,157,Planos de Saúde,1,23 CIVEL DE CENTRAL,,SAJ,Eletrônico,0,2023-03-24,2024-07-20
00041239520238260564,TJSP,G1,Cumprimento de sentença,156,Fornecimento de medicamentos,1,02 CIVEL DE SAO BERNARDO DO CAMPO,,SAJ,Eletrônico,0,2023-03-27,2024-08-26
10028483720238260292,TJSP,G1,Procedimento do Juizado Especial da Fazenda Pública,14695,Custeio de Assistência Médica,1,FAZENDA PUBLICA DE JACAREI,3524402.0,SAJ,Eletrônico,0,2023-03-27,2023-07-18
20119186420238260000,TJSP,G2,Embargos de Declaração Cível,1689,Fornecimento de medicamentos,1,9ª CÂMARA DE DIREITO PRIVADO,,SAJ,Eletrônico,0,2023-03-28,2024-07-19
00016867520238260566,TJSP,G1,Cumprimento de sentença,156,Planos de Saúde,1,05 CIVEL DE SAO CARLOS,,SAJ,Eletrônico,0,2023-03-28,2024-07-19
00138138520238260100,TJSP,G1,Cumprimento Provisório de Sentença,157,Tratamento médico-hospitalar,1,45 CIVEL DE CENTRAL,3550308.0,SAJ,Eletrônico,0,2023-03-28,2023-04-28
00131876620238260100,TJSP,G1,Cumprimento Provisório de Sentença,157,Planos de Saúde,1,23 CIVEL DE CENTRAL,,SAJ,Eletrônico,0,2023-03-28,2024-07-20
00015644620238260248,TJSP,JE,Cumprimento de sentença,156,Planos de Saúde,1,VARA JUIZADO ESPECIAL CIVEL DE INDAIATUBA,,SAJ,Eletrônico,0,2023-03-28,2024-07-30
10052958920228260079,TJSP,G2,Apelação Cível,198,Fornecimento de medicamentos,1,1ª CÂMARA DE DIREITO PÚBLICO,,Inválido,Eletrônico,0,2023-03-28,2024-08-30
10005676520238260274,TJSP,G1,Procedimento do Juizado Especial da Fazenda Pública,14695,Fornecimento de medicamentos,1,JUIZADO ESPECIAL CIVEL CRIM. DE ITAPOLIS,3522703.0,SAJ,Eletrônico,0,2023-03-28,2023-11-24
00005502020238260218,TJSP,G1,Cumprimento de Sentença contra a Fazenda Pública,12078,Fornecimento de medicamentos,1,JUIZADO ESPECIAL CIVEL CRIM. DE GUARARAPES,3518206.0,SAJ,Eletrônico,0,2023-03-28,2024-02-28
00012317220238260126,TJSP,G1,Cumprimento de sentença,156,Fornecimento de medicamentos,1,VARA JUIZADO ESP. CIVEL CRIM. DE CARAGUATATUBA,3510500.0,SAJ,Eletrônico,0,2023-03-29,2023-08-29
00073174320238260002,TJSP,G1,Liquidação de Sentença pelo Procedimento Comum,152,Tratamento médico-hospitalar,1,07 CIVEL DE SANTO AMARO,3550308.0,SAJ,Eletrônico,0,2023-03-29,2023-07-19
00037075420238260071,TJSP,G1,Cumprimento de sentença,156,Tratamento médico-hospitalar,1,04 CIVEL DE BAURU,3506003.0,SAJ,Eletrônico,0,2023-03-29,2024-02-28
22930396720228260000,TJSP,G2,Embargos de Declaração Cível,1689,Fornecimento de medicamentos,1,4ª CÂMARA DE DIREITO PÚBLICO,3550308.0,SAJ,Eletrônico,0,2023-03-29,2023-07-27
00036893320238260071,TJSP,G1,Cumprimento de Sentença contra a Fazenda Pública,12078,Assistência Médico-Hospitalar,1,JUIZADO ESP.DA FAZENDA PUBLICA DE BAURU,3506003.0,SAJ,Eletrônico,0,2023-03-29,2024-02-28
00059273520228260079,TJSP,G1,Requisição de Pequeno Valor,1266,Assistência Médico-Hospitalar,1,VARA JUIZADO ESP. CIVEL CRIM. DE BOTUCATU,,Inválido,Eletrônico,0,2023-03-29,2024-08-30
10025890220238260079,TJSP,G1,Procedimento do Juizado Especial da Fazenda Pública,14695,Assistência Médico-Hospitalar,1,VARA JUIZADO ESP. CIVEL CRIM. DE BOTUCATU,3507506.0,SAJ,Eletrônico,0,2023-03-29,2024-02-28
00006398720238260462,TJSP,JE,Cumprimento de sentença,156,Serviços Hospitalares,1,VARA JUIZADO ESP. CIVEL CRIM. DE POA,,SAJ,Eletrônico,0,2023-03-29,2024-07-31
00017884520238260066,TJSP,G1,Cumprimento Provisório de Decisão,10980,Fornecimento de medicamentos,1,02 CIVEL DE BARRETOS,,SAJ,Eletrônico,0,2023-03-30,2024-07-20
10676029420218260053,TJSP,G2,Agravo Interno Cível,1208,Fornecimento de medicamentos,1,6ª CÂMARA DE DIREITO PÚBLICO,3550308.0,SAJ,Eletrônico,0,2023-03-30,2024-04-26
00009903520238260438,TJSP,G2,Apelação Cível,198,Fornecimento de medicamentos,1,4ª CÂMARA DE DIREITO PÚBLICO,3550308.0,SAJ,Eletrônico,0,2023-03-30,2023-09-29
10840636320228260100,TJSP,G2,Apelação Cível,198,Tratamento médico-hospitalar,1,5ª CÂMARA DE DIREITO PRIVADO,3550308.0,SAJ,Eletrônico,0,2023-03-30,2023-07-27
00021996020238260625,TJSP,G1,Cumprimento de sentença,156,Planos de Saúde,1,02 CIVEL DE TAUBATE,,SAJ,Eletrônico,0,2023-03-31,2024-08-26
00017204220238260019,TJSP,G1,Cumprimento Provisório de Sentença,157,Fornecimento de medicamentos,1,VARA JUIZADO ESPECIAL CIVEL DE AMERICANA,3501608.0,SAJ,Eletrônico,0,2023-03-31,2024-02-28
00018278620238260019,TJSP,G1,Cumprimento de sentença,156,Fornecimento de medicamentos,1,04 CIVEL DE AMERICANA,3501608.0,SAJ,Eletrônico,0,2023-03-31,2024-02-28
00026156220238260161,TJSP,G1,Cumprimento de sentença,156,Tratamento médico-hospitalar,1,02 CIVEL DE DIADEMA,,SAJ,Eletrônico,0,2023-03-31,2024-07-20
00006808320238260323,TJSP,G1,Cumprimento de sentença,156,Tratamento médico-hospitalar,1,01 CIVEL DE LORENA,,SAJ,Eletrônico,0,2023-03-31,2025-02-06
00006705620228260361,TJSP,G2,Apelação Cível,198,Fornecimento de medicamentos,1,7ª CÂMARA DE DIREITO PRIVADO,3550308.0,SAJ,Eletrônico,0,2023-03-31,2023-09-29
10023420720228260483,TJSP,G2,Apelação Cível,198,Fornecimento de medicamentos,1,12ª CÂMARA DE DIREITO PÚBLICO,3550308.0,SAJ,Eletrônico,0,2023-03-31,2023-09-29
10299489220228260100,TJSP,G2,Apelação Cível,198,Tratamento médico-hospitalar,1,2ª CÂMARA DE DIREITO PRIVADO,3550308.0,SAJ,Eletrônico,0,2023-03-31,2023-10-20
10031268120228260483,TJSP,G2,Apelação / Remessa Necessária,1728,Fornecimento de medicamentos,1,7ª CÂMARA DE DIREITO PÚBLICO,3550308.0,SAJ,Eletrônico,0,2023-03-31,2023-09-29
10100374920228260309,TJSP,G2,Apelação / Remessa Necessária,1728,Fornecimento de medicamentos,1,8ª CÂMARA DE DIREITO PÚBLICO,3550308.0,SAJ,Eletrônico,0,2023-03-31,2023-08-28
00045797520238260554,TJSP,G1,Cumprimento de sentença,156,Planos de Saúde,1,07 CIVEL DE SANTO ANDRE,3547809.0,SAJ,Eletrônico,0,2023-03-31,2023-07-19
10096731020228260590,TJSP,G2,Apelação Cível,198,Tratamento médico-hospitalar,1,10ª CÂMARA DE DIREITO PRIVADO,3550308.0,SAJ,Eletrônico,0,2023-04-01,2023-07-27
00053213120238260577,TJSP,G1,Cumprimento Provisório de Sentença,157,Tratamento médico-hospitalar,1,07 CIVEL DE SAO JOSE DOS CAMPOS,,SAJ,Eletrônico,0,2023-04-03,2024-08-26
00025370420238260344,TJSP,JE,Cumprimento de sentença,156,Fornecimento de medicamentos,1,VARA JUIZADO ESPECIAL CIVEL DE MARILIA,,SAJ,Eletrônico,0,2023-04-03,2024-07-31
00019102920238260011,TJSP,G1,Cumprimento de sentença,156,Tratamento médico-hospitalar,1,02 CIVEL DE PINHEIROS,,SAJ,Eletrônico,0,2023-04-03,2024-07-20
10981895520218260100,TJSP,G2,Apelação Cível,198,Tratamento médico-hospitalar,1,1ª CÂMARA DE DIREITO PRIVADO,,SAJ,Eletrônico,0,2023-04-03,2024-07-19
10179740520228260344,TJSP,G2,Apelação Cível,198,Fornecimento de medicamentos,1,3ª CÂMARA DE DIREITO PÚBLICO,3550308.0,SAJ,Eletrônico,0,2023-04-03,2023-09-29
10043080920228260320,TJSP,G2,Apelação Cível,198,Tratamento médico-hospitalar,1,2ª CÂMARA DE DIREITO PRIVADO,3550308.0,SAJ,Eletrônico,0,2023-04-03,2024-03-25
10014658220218260263,TJSP,G2,Remessa Necessária Cível,199,Fornecimento de medicamentos,1,4ª CÂMARA DE DIREITO PÚBLICO,3550308.0,SAJ,Eletrônico,0,2023-04-03,2023-07-27
10659429420168260100,TJSP,G2,Embargos de Declaração Cível,1689,Planos de Saúde,1,9ª CÂMARA DE DIREITO PRIVADO,,SAJ,Eletrônico,0,2023-04-03,2024-07-19
00007972120238260082,TJSP,G1,Cumprimento Provisório de Sentença,157,Tratamento médico-hospitalar,1,01 CUMULATIVA DE BOITUVA,,SAJ,Eletrônico,0,2023-04-03,2024-07-20
10239201120228260003,TJSP,G2,Apelação Cível,198,Tratamento médico-hospitalar,1,9ª CÂMARA DE DIREITO PRIVADO,3550308.0,SAJ,Eletrônico,0,2023-04-03,2023-11-23
00046420320238260554,TJSP,G1,Cumprimento de sentença,156,Fornecimento de medicamentos,1,01 CIVEL DE SANTO ANDRE,3547809.0,SAJ,Eletrônico,0,2023-04-03,2023-06-25
11054893420228260100,TJSP,G2,Apelação Cível,198,Tratamento médico-hospitalar,1,5ª CÂMARA DE DIREITO PRIVADO,3550308.0,SAJ,Eletrônico,0,2023-04-03,2023-09-29
10076542820228260009,TJSP,G2,Apelação Cível,198,Tratamento médico-hospitalar,1,1ª CÂMARA DE DIREITO PRIVADO,3550308.0,SAJ,Eletrônico,0,2023-04-03,2023-09-29
10018423320238260053,TJSP,G2,Apelação / Remessa Necessária,1728,Fornecimento de medicamentos,1,3ª CÂMARA DE DIREITO PÚBLICO,3550308.0,SAJ,Eletrônico,0,2023-04-03,2023-09-29
00038911020238260071,TJSP,G1,Procedimento do Juizado Especial da Fazenda Pública,14695,Fornecimento de medicamentos,1,JUIZADO ESP.DA FAZENDA PUBLICA DE BAURU,3506003.0,SAJ,Eletrônico,0,2023-04-03,2024-02-28
21631809520228260000,TJSP,G2,Embargos de Declaração Cível,1689,Tratamento médico-hospitalar,1,2ª CÂMARA DE DIREITO PRIVADO,3550308.0,SAJ,Eletrônico,0,2023-04-04,2023-09-29
00029837120238260161,TJSP,JE,Cumprimento de sentença,156,Tratamento médico-hospitalar,1,VARA JUIZADO ESPECIAL CIVEL DE DIADEMA,,SAJ,Eletrônico,0,2023-04-04,2024-07-30
10119448920228260008,TJSP,G2,Apelação Cível,198,Serviços Hospitalares,1,36ª CÂMARA DE DIREITO PRIVADO,,SAJ,Eletrônico,0,2023-04-04,2024-07-19
10261855420208260100,TJSP,G2,Embargos de Declaração Cível,1689,Tratamento médico-hospitalar,1,10ª CÂMARA DE DIREITO PRIVADO,,SAJ,Eletrônico,0,2023-04-04,2024-07-19
00009787820238260322,TJSP,G1,Cumprimento Provisório de Sentença,157,Serviços Hospitalares,1,01 CIVEL DE LINS,3527108.0,SAJ,Eletrônico,0,2023-04-04,2024-02-28
00310309420228260224,TJSP,G1,Requisição de Pequeno Valor,1266,Tratamento médico-hospitalar,1,01 FAZENDA PUBLICA DE GUARULHOS,,SAJ,Eletrônico,0,2023-04-04,2024-08-25
10079957820218260077,TJSP,G2,Apelação Cível,198,Tratamento médico-hospitalar,1,8ª CÂMARA DE DIREITO PRIVADO,,SAJ,Eletrônico,0,2023-04-04,2024-07-19
10329233020218260001,TJSP,G2,Apelação Cível,198,Tratamento médico-hospitalar,1,4ª CÂMARA DE DIREITO PRIVADO,,SAJ,Eletrônico,0,2023-04-04,2024-07-20
10093314420218260554,TJSP,G2,Apelação Cível,198,Fornecimento de medicamentos,1,5ª CÂMARA DE DIREITO PÚBLICO,,SAJ,Eletrônico,0,2023-04-04,2024-07-20
10049290420218260526,TJSP,G2,Apelação Cível,198,Tratamento médico-hospitalar,1,1ª CÂMARA DE DIREITO PRIVADO,,SAJ,Eletrônico,0,2023-04-04,2024-07-20
10171938420218260451,TJSP,G2,Apelação Cível,198,Fornecimento de medicamentos,1,4ª CÂMARA DE DIREITO PÚBLICO,,SAJ,Eletrônico,0,2023-04-04,2024-07-20
00053585820238260577,TJSP,G1,Cumprimento de sentença,156,Tratamento médico-hospitalar,1,08 CIVEL DE SAO JOSE DOS CAMPOS,,SAJ,Eletrônico,0,2023-04-05,2024-08-26
20645056320238260000,TJSP,G2,Agravo Interno Cível,1208,Tratamento médico-hospitalar,1,10ª CÂMARA DE DIREITO PRIVADO,3550308.0,SAJ,Eletrônico,0,2023-04-05,2023-09-29
00041215220238260071,TJSP,G1,Cumprimento de Sentença contra a Fazenda Pública,12078,Fornecimento de medicamentos,1,JUIZADO ESP.DA FAZENDA PUBLICA DE BAURU,3506003.0,SAJ,Eletrônico,0,2023-04-05,2024-02-28
00007555420238260281,TJSP,G1,Cumprimento de sentença,156,Fornecimento de medicamentos,1,01 CIVEL DE ITATIBA,,SAJ,Eletrônico,0,2023-04-10,2024-08-26
00082909520238260002,TJSP,G1,Cumprimento de sentença,156,Tratamento médico-hospitalar,1,15º CIVEL DE SANTO AMARO,,SAJ,Eletrônico,0,2023-04-10,2025-08-14
10216060520228260032,TJSP,G2,Apelação Cível,198,Fornecimento de medicamentos,1,6ª CÂMARA DE DIREITO PÚBLICO,,SAJ,Eletrônico,0,2023-04-10,2024-07-19
20360196820238260000,TJSP,G2,Agravo Interno Cível,1208,Fornecimento de medicamentos,1,9ª CÂMARA DE DIREITO PRIVADO,,SAJ,Eletrônico,0,2023-04-10,2024-07-19
00013078020238260099,TJSP,G1,Cumprimento de sentença,156,Custeio de Assistência Médica,1,VARA JUIZADO ESP. CIVEL CRIM. DE BRAGANCA PAULISTA,,SAJ,Eletrônico,0,2023-04-10,2024-08-25
10084465320238260071,TJSP,G1,Procedimento do Juizado Especial da Fazenda Pública,14695,Fornecimento de medicamentos,1,JUIZADO ESP.DA FAZENDA PUBLICA DE BAURU,3506003.0,SAJ,Eletrônico,0,2023-04-10,2024-02-28
00014546520238260048,TJSP,JE,Cumprimento de sentença,156,Tratamento médico-hospitalar,1,VARA JUIZADO ESP. CIVEL CRIM. DE ATIBAIA,,SAJ,Eletrônico,0,2023-04-10,2024-07-30
00009507020238260400,TJSP,G1,Cumprimento de sentença,156,Fornecimento de medicamentos,1,VARA JUIZADO ESP. CIVEL CRIM. DE OLIMPIA,,SAJ,Eletrônico,0,2023-04-10,2024-07-19
10020206720238260445,TJSP,G1,Mandado de Segurança Cível,120,Tratamento médico-hospitalar,1,03 CIVEL DE PINDAMONHANGABA,3538006.0,SAJ,Eletrônico,0,2023-04-10,2024-05-08
11088619820168260100,TJSP,G2,Agravo Interno Cível,1208,Planos de Saúde,1,4ª CÂMARA DE DIREITO PRIVADO,3550308.0,SAJ,Eletrônico,0,2023-04-10,2023-08-28
00082069420238260002,TJSP,G1,Cumprimento de sentença,156,Tratamento médico-hospitalar,1,04 CIVEL DE SANTO AMARO,3550308.0,SAJ,Eletrônico,0,2023-04-10,2023-07-19
10211910820228260554,TJSP,G2,Apelação Cível,198,Fornecimento de medicamentos,1,1ª CÂMARA DE DIREITO PÚBLICO,,SAJ,Eletrônico,0,2023-04-11,2024-07-19
00183141520108260011,TJSP,G2,Embargos de Declaração Cível,1689,Planos de Saúde,1,8ª CÂMARA DE DIREITO PRIVADO,,Inválido,Físico,0,2023-04-11,2024-08-30
10008613420238260431,TJSP,G1,Procedimento do Juizado Especial da Fazenda Pública,14695,Assistência Médico-Hospitalar,1,JUIZADO ESPECIAL CIVEL  CRIM. DE PEDERNEIRAS,3536703.0,SAJ,Eletrônico,0,2023-04-11,2024-02-28
20844417420238260000,TJSP,G2,Pedido de Efeito Suspensivo à Apelação,12357,Fornecimento de medicamentos,1,7ª CÂMARA DE DIREITO PÚBLICO,3550308.0,SAJ,Eletrônico,0,2023-04-11,2023-08-28
20645117020238260000,TJSP,G2,Agravo Interno Cível,1208,Tratamento médico-hospitalar,1,10ª CÂMARA DE DIREITO PRIVADO,3550308.0,SAJ,Eletrônico,0,2023-04-11,2023-09-29
20622260720238260000,TJSP,G2,Agravo Interno Cível,1208,Fornecimento de medicamentos,1,6ª CÂMARA DE DIREITO PRIVADO,,SAJ,Eletrônico,0,2023-04-11,2024-07-19
23020831320228260000,TJSP,G2,Embargos de Declaração Cível,1689,Tratamento médico-hospitalar,1,2ª CÂMARA DE DIREITO PRIVADO,3550308.0,SAJ,Eletrônico,0,2023-04-11,2023-06-11
20844348220238260000,TJSP,G2,Pedido de Efeito Suspensivo à Apelação,12357,Fornecimento de medicamentos,1,2ª CÂMARA DE DIREITO PÚBLICO,3550308.0,SAJ,Eletrônico,0,2023-04-11,2023-07-27
00012219320238260266,TJSP,G1,Cumprimento de Sentença contra a Fazenda Pública,12078,Fornecimento de medicamentos,1,03 CUMULATIVA DE ITANHAEM,,SAJ,Eletrônico,0,2023-04-11,2024-07-20
00009212520238260366,TJSP,G1,Cumprimento de Sentença contra a Fazenda Pública,12078,Custeio de Assistência Médica,1,JUIZADO ESPECIAL CIVEL CRIM. DE MONGAGUA,,SAJ,Eletrônico,0,2023-04-11,2024-08-26
00056227820238260576,TJSP,G1,Cumprimento de sentença,156,Tratamento médico-hospitalar,1,05 CIVEL DE SAO JOSE DO RIO PRETO,,SAJ,Eletrônico,0,2023-04-11,2024-07-20
00016287520238260565,TJSP,G1,Cumprimento de sentença,156,Tratamento médico-hospitalar,1,01 CIVEL DE SAO CAETANO DO SUL,,SAJ,Eletrônico,0,2023-04-11,2024-08-26
00060265120238260602,TJSP,G1,Cumprimento de sentença,156,Fornecimento de medicamentos,1,03 CIVEL DE SOROCABA,,SAJ,Eletrônico,0,2023-04-11,2024-08-28
00018910720238260566,TJSP,G1,Cumprimento Provisório de Sentença,157,Tratamento Domiciliar (Home Care),1,03 CIVEL DE SAO CARLOS,,SAJ,Eletrônico,0,2023-04-11,2024-07-19
10044379520208260445,TJSP,G2,Embargos de Declaração Cível,1689,Fornecimento de medicamentos,1,12ª CÂMARA DE DIREITO PÚBLICO,,SAJ,Eletrônico,0,2023-04-12,2024-07-19
10865016220228260100,TJSP,G2,Apelação Cível,198,Tratamento médico-hospitalar,1,4ª CÂMARA DE DIREITO PRIVADO,3550308.0,SAJ,Eletrônico,0,2023-04-12,2023-10-20
00043804720238260071,TJSP,G1,Cumprimento de Sentença contra a Fazenda Pública,12078,Custeio de Assistência Médica,1,JUIZADO ESP.DA FAZENDA PUBLICA DE BAURU,3506003.0,SAJ,Eletrônico,0,2023-04-12,2024-02-28
10030134420238260079,TJSP,G1,Procedimento do Juizado Especial da Fazenda Pública,14695,Custeio de Assistência Médica,1,VARA JUIZADO ESP. CIVEL CRIM. DE BOTUCATU,3507506.0,SAJ,Eletrônico,0,2023-04-12,2024-02-28
10035295220208260408,TJSP,G2,Apelação Cível,198,Fornecimento de medicamentos,1,11ª CÂMARA DE DIREITO PÚBLICO,3550308.0,SAJ,Eletrônico,0,2023-04-12,2024-03-26
00015024220238260624,TJSP,G1,Procedimento do Juizado Especial da Fazenda Pública,14695,Fornecimento de medicamentos,1,VARA JUIZADO ESP. CIVEL CRIM. DE TATUI,3554003.0,SAJ,Eletrônico,0,2023-04-12,2024-03-10
10020942420238260445,TJSP,G1,Procedimento do Juizado Especial da Fazenda Pública,14695,Fornecimento de medicamentos,1,VARA JUIZADO ESP. CIVEL CRIM. DE PINDAMONHANGABA,3538006.0,SAJ,Eletrônico,0,2023-04-12,2024-03-25
10102487420228260248,TJSP,G2,Apelação / Remessa Necessária,1728,Fornecimento de medicamentos,1,3ª CÂMARA DE DIREITO PÚBLICO,3550308.0,SAJ,Eletrônico,0,2023-04-12,2023-10-20
00011658620238260322,TJSP,G1,Cumprimento de sentença,156,Fornecimento de medicamentos,1,03 CIVEL DE LINS,,SAJ,Eletrônico,0,2023-04-12,2024-11-13
10003251820228260347,TJSP,G2,Apelação Cível,198,Tratamento médico-hospitalar,1,3ª CÂMARA DE DIREITO PRIVADO,3550308.0,SAJ,Eletrônico,0,2023-04-12,2023-07-27
10034695420228260038,TJSP,G2,Remessa Necessária Cível,199,Fornecimento de medicamentos,1,13ª CÂMARA DE DIREITO PÚBLICO,3550308.0,SAJ,Eletrônico,0,2023-04-12,2023-10-20
00158282720238260100,TJSP,G1,Cumprimento Provisório de Decisão,10980,Tratamento Domiciliar (Home Care),1,24 CIVEL DE CENTRAL,,SAJ,Eletrônico,0,2023-04-12,2024-07-20
00057067620238260577,TJSP,G1,Cumprimento Provisório de Decisão,10980,Fornecimento de medicamentos,1,04 CIVEL DE SAO JOSE DOS CAMPOS,3549904.0,SAJ,Eletrônico,0,2023-04-12,2023-06-25
00058379620238260562,TJSP,JE,Cumprimento de sentença,156,Tratamento médico-hospitalar,1,02 VARA JUIZADO ESPECIAL CIVEL DE SANTOS,,SAJ,Eletrônico,0,2023-04-12,2024-07-31
00004568920238260180,TJSP,G1,Cumprimento de Sentença contra a Fazenda Pública,12078,Fornecimento de medicamentos,1,JUIZADO ESPECIAL CIVEL CRIM. DE ESPIRITO SANTO DO PINHAL,,SAJ,Eletrônico,0,2023-04-12,2024-08-25
00051199320238260564,TJSP,G1,Cumprimento Provisório de Sentença,157,Tratamento médico-hospitalar,1,08 CIVEL DE SAO BERNARDO DO CAMPO,,SAJ,Eletrônico,0,2023-04-12,2024-08-26
00115422220238260224,TJSP,G1,Cumprimento Provisório de Decisão,10980,Fornecimento de medicamentos,1,02 CIVEL DE GUARULHOS,,SAJ,Eletrônico,0,2023-04-12,2024-08-25
20653786320238260000,TJSP,G2,Agravo Interno Cível,1208,Tratamento médico-hospitalar,1,9ª CÂMARA DE DIREITO PRIVADO,3550308.0,SAJ,Eletrônico,0,2023-04-12,2023-07-27
22586444920228260000,TJSP,G2,Embargos de Declaração Cível,1689,Tratamento médico-hospitalar,1,7ª CÂMARA DE DIREITO PRIVADO,3550308.0,SAJ,Eletrônico,0,2023-04-13,2023-08-28
00044489420238260071,TJSP,G1,Cumprimento de sentença,156,Fornecimento de medicamentos,1,JUIZADO ESP.DA FAZENDA PUBLICA DE BAURU,3506003.0,SAJ,Eletrônico,0,2023-04-13,2024-02-28
00058602620228260223,TJSP,G1,Requisição de Pequeno Valor,1266,Assistência Médico-Hospitalar,1,FAZENDA PUBLICA DE GUARUJA,,SAJ,Eletrônico,0,2023-04-13,2024-07-20
30016121920238260000,TJSP,G2,Agravo Interno Cível,1208,Fornecimento de medicamentos,1,5ª CÂMARA DE DIREITO PÚBLICO,3550308.0,SAJ,Eletrônico,0,2023-04-13,2023-07-27
00033916920238260482,TJSP,G1,Cumprimento de sentença,156,Fornecimento de medicamentos,1,01 CIVEL DE PRESIDENTE PRUDENTE,,SAJ,Eletrônico,0,2023-04-13,2025-02-06
00057640420238260602,TJSP,G1,Cumprimento de sentença,156,Tratamento médico-hospitalar,1,01 CIVEL DE SOROCABA,3552205.0,SAJ,Eletrônico,0,2023-04-14,2023-11-23
10031027320238260077,TJSP,G1,Procedimento do Juizado Especial da Fazenda Pública,14695,Fornecimento de medicamentos,1,VARA JUIZADO ESP. CIVEL CRIM. DE BIRIGUI,3506508.0,SAJ,Eletrônico,0,2023-04-14,2024-02-28
30048992420228260000,TJSP,G2,Agravo Interno Cível,1208,Fornecimento de medicamentos,1,2ª CÂMARA DE DIREITO PÚBLICO,3550308.0,SAJ,Eletrônico,0,2023-04-15,2023-09-29
10017559020238260663,TJSP,G1,Procedimento do Juizado Especial da Fazenda Pública,14695,Assistência Médico-Hospitalar,1,VARA DO JUIZADO ESPECIAL CIVEL E CRIMINAL DE VOTORANTIM,3557006.0,SAJ,Eletrônico,0,2023-04-15,2023-10-31
10055814320188260100,TJSP,G2,Embargos de Declaração Cível,1689,Planos de Saúde,1,6ª CÂMARA DE DIREITO PRIVADO,3550308.0,SAJ,Eletrônico,0,2023-04-17,2023-07-27
10035342920238260292,TJSP,G1,Mandado de Segurança Cível,120,Fornecimento de medicamentos,1,FAZENDA PUBLICA DE JACAREI,3524402.0,SAJ,Eletrônico,0,2023-04-17,2023-11-23
00016997720238260565,TJSP,G1,Cumprimento Provisório de Sentença,157,Tratamento médico-hospitalar,1,01 CIVEL DE SAO CAETANO DO SUL,,SAJ,Eletrônico,0,2023-04-17,2024-08-26
00013401620238260408,TJSP,G1,Cumprimento de Sentença contra a Fazenda Pública,12078,Assistência Médico-Hospitalar,1,VARA JUIZADO ESPECIAL CIVEL DE OURINHOS,,SAJ,Eletrônico,0,2023-04-17,2024-08-27
00013748820238260408,TJSP,G1,Cumprimento de Sentença contra a Fazenda Pública,12078,Assistência Médico-Hospitalar,1,VARA JUIZADO ESPECIAL CIVEL DE OURINHOS,3534708.0,SAJ,Eletrônico,0,2023-04-18,2024-02-28
11073038120228260100,TJSP,G2,Apelação Cível,198,Tratamento médico-hospitalar,1,1ª CÂMARA DE DIREITO PRIVADO,,SAJ,Eletrônico,0,2023-04-18,2025-01-09
00007785220238260296,TJSP,G1,Cumprimento Provisório de Sentença,157,Fornecimento de medicamentos,1,01 CUMULATIVA DE JAGUARIUNA,,SAJ,Eletrônico,0,2023-04-18,2024-08-25
00022281220238260011,TJSP,G1,Cumprimento de sentença,156,Tratamento médico-hospitalar,1,03 CIVEL DE PINHEIROS,,SAJ,Eletrônico,0,2023-04-18,2024-07-20
00013774320238260408,TJSP,G1,Cumprimento de Sentença contra a Fazenda Pública,12078,Assistência Médico-Hospitalar,1,VARA JUIZADO ESPECIAL CIVEL DE OURINHOS,3534708.0,SAJ,Eletrônico,0,2023-04-18,2024-02-28
00013620920238260268,TJSP,G1,Cumprimento de sentença,156,Tratamento médico-hospitalar,1,04 CUMULATIVA DE ITAPECERICA DA SERRA,,SAJ,Eletrônico,0,2023-04-18,2024-08-25
10011588320228260008,TJSP,G2,Agravo Interno Cível,1208,Tratamento médico-hospitalar,1,5ª CÂMARA DE DIREITO PRIVADO,3550308.0,SAJ,Eletrônico,0,2023-04-18,2023-07-27
20746854120238260000,TJSP,G2,Agravo Interno Cível,1208,Tratamento médico-hospitalar,1,10ª CÂMARA DE DIREITO PRIVADO,3550308.0,SAJ,Eletrônico,0,2023-04-19,2023-08-28
10006822520198260566,TJSP,G2,Embargos de Declaração Cível,1689,Planos de Saúde,1,5ª CÂMARA DE DIREITO PRIVADO,3550308.0,SAJ,Eletrônico,0,2023-04-19,2024-05-28
00013344720238260266,TJSP,G1,Cumprimento Provisório de Sentença,157,Tratamento médico-hospitalar,1,01 CUMULATIVA DE ITANHAEM,,SAJ,Eletrônico,0,2023-04-19,2024-07-19
00025619520238260032,TJSP,G1,Cumprimento Provisório de Sentença,157,Fornecimento de medicamentos,1,FAZENDA PUBLICA DE ARACATUBA,,SAJ,Eletrônico,0,2023-04-19,2024-08-28
10583837620228260100,TJSP,G2,Apelação Cível,198,Tratamento médico-hospitalar,1,2ª CÂMARA DE DIREITO PRIVADO,,Inválido,Eletrônico,0,2023-04-19,2024-08-30
00055312420238260564,TJSP,G1,Cumprimento Provisório de Sentença,157,Tratamento médico-hospitalar,1,08 CIVEL DE SAO BERNARDO DO CAMPO,,SAJ,Eletrônico,0,2023-04-20,2024-08-26
00042121020238260309,TJSP,G1,Cumprimento de sentença,156,Tratamento médico-hospitalar,1,02 CIVEL DE JUNDIAI,,SAJ,Eletrônico,0,2023-04-20,2024-08-25
10001637620238260027,TJSP,G1,Procedimento do Juizado Especial da Fazenda Pública,14695,Fornecimento de medicamentos,1,JUIZADO ESPECIAL CIVEL E CRIMINAL DE IACANGA,3519105.0,SAJ,Eletrônico,0,2023-04-21,2024-02-28
00014985120238260156,TJSP,G1,Procedimento do Juizado Especial da Fazenda Pública,14695,Fornecimento de medicamentos,1,JUIZADO ESPECIAL CIVEL CRIM. DE CRUZEIRO,3513405.0,SAJ,Eletrônico,0,2023-04-24,2024-05-28
10018006520238260220,TJSP,G1,Procedimento do Juizado Especial da Fazenda Pública,14695,Custeio de Assistência Médica,1,VARA JUIZADO ESP. CIVEL CRIM. DE GUARATINGUETA,3518404.0,SAJ,Eletrônico,0,2023-04-24,2023-07-18
20779071720238260000,TJSP,G2,Agravo Interno Cível,1208,Tratamento médico-hospitalar,1,3ª CÂMARA DE DIREITO PRIVADO,,SAJ,Eletrônico,0,2023-04-24,2024-07-19
10025724620238260408,TJSP,G1,Procedimento do Juizado Especial da Fazenda Pública,14695,Assistência Médico-Hospitalar,1,VARA JUIZADO ESPECIAL CIVEL DE OURINHOS,3534708.0,SAJ,Eletrônico,0,2023-04-24,2024-02-28
00026525520238260625,TJSP,G1,Cumprimento de Sentença contra a Fazenda Pública,12078,Fornecimento de medicamentos,1,FAZENDA PUBLICA DE TAUBATE,,SAJ,Eletrônico,0,2023-04-24,2024-08-26
10511079120228260100,TJSP,G2,Embargos de Declaração Cível,1689,Tratamento médico-hospitalar,1,2ª CÂMARA DE DIREITO PRIVADO,,SAJ,Eletrônico,0,2023-04-24,2024-07-19
00009909620118260004,TJSP,G2,Embargos de Declaração Cível,1689,Planos de Saúde,1,10ª CÂMARA DE DIREITO PRIVADO,,SAJ,Físico,0,2023-04-24,2025-02-08
20344798220238260000,TJSP,G2,Embargos de Declaração Cível,1689,Tratamento médico-hospitalar,1,5ª CÂMARA DE DIREITO PRIVADO,3550308.0,SAJ,Eletrônico,0,2023-04-25,2024-03-25
20131622820238260000,TJSP,G2,Embargos de Declaração Cível,1689,Tratamento médico-hospitalar,1,10ª CÂMARA DE DIREITO PRIVADO,,SAJ,Eletrônico,0,2023-04-25,2024-07-19
00049754620238260071,TJSP,G1,Cumprimento de sentença,156,Planos de Saúde,1,03 CIVEL DE BAURU,,SAJ,Eletrônico,0,2023-04-25,2025-01-10
00098220720238260002,TJSP,G1,Cumprimento de sentença,156,Fornecimento de medicamentos,1,01 CIVEL DE SANTO AMARO,,SAJ,Eletrônico,0,2023-04-25,2025-08-12
10352446120228260564,TJSP,G2,Apelação Cível,198,Tratamento médico-hospitalar,1,4ª CÂMARA DE DIREITO PRIVADO,,SAJ,Eletrônico,0,2023-04-25,2025-08-14
00021640420238260269,TJSP,G1,Cumprimento de sentença,156,Tratamento médico-hospitalar,1,01 CIVEL DE ITAPETININGA,,SAJ,Eletrônico,0,2023-04-25,2024-07-20
00007932320238260457,TJSP,G1,Cumprimento de Sentença contra a Fazenda Pública,12078,Custeio de Assistência Médica,1,JUIZADO ESPECIAL CIVEL CRIM.  DE PIRASSUNUNGA,,SAJ,Eletrônico,0,2023-04-26,2024-08-26
10265267520228260564,TJSP,G2,Apelação Cível,198,Tratamento médico-hospitalar,1,3ª CÂMARA DE DIREITO PRIVADO,,SAJ,Eletrônico,0,2023-04-26,2024-12-12
20729151320238260000,TJSP,G2,Agravo Interno Cível,1208,Tratamento médico-hospitalar,1,10ª CÂMARA DE DIREITO PRIVADO,3550308.0,SAJ,Eletrônico,0,2023-04-26,2023-08-28
00019032420238260565,TJSP,G1,Cumprimento de sentença,156,Tratamento médico-hospitalar,1,04 CIVEL DE SAO CAETANO DO SUL,,SAJ,Eletrônico,0,2023-04-26,2024-08-26
00004305720238260547,TJSP,G1,Cumprimento de sentença,156,Tratamento médico-hospitalar,1,01 CUMULATIVA DE SANTA RITA DO PASSA QUATRO,3547502.0,SAJ,Eletrônico,0,2023-04-26,2023-08-29
10180911920218260477,TJSP,G2,Apelação Cível,198,Tratamento médico-hospitalar,1,1ª CÂMARA DE DIREITO PRIVADO,,SAJ,Eletrônico,0,2023-04-26,2025-01-08
00192363520238260000,TJSP,G2,Cumprimento de sentença,156,Fornecimento de medicamentos,1,7ª CÂMARA DE DIREITO PÚBLICO,3550308.0,SAJ,Eletrônico,0,2023-04-26,2023-07-27
00201326920238260100,TJSP,G1,Cumprimento Provisório de Decisão,10980,Tratamento médico-hospitalar,1,05 CIVEL DE CENTRAL,,SAJ,Eletrônico,0,2023-04-27,2025-08-14
00007502720238260218,TJSP,G1,Cumprimento de Sentença contra a Fazenda Pública,12078,Assistência Médico-Hospitalar,1,JUIZADO ESPECIAL CIVEL CRIM. DE GUARARAPES,3518206.0,SAJ,Eletrônico,0,2023-04-27,2024-02-28
00042274320238260223,TJSP,G1,Cumprimento de Sentença contra a Fazenda Pública,12078,Custeio de Assistência Médica,1,FAZENDA PUBLICA DE GUARUJA,,SAJ,Eletrônico,0,2023-04-28,2024-07-20
00059235320238260405,TJSP,G1,Cumprimento de sentença - Lei Arbitral (Lei 9.307/1996),12231,Tratamento médico-hospitalar,1,07 CIVEL DE OSASCO,,SAJ,Eletrônico,0,2023-04-28,2024-08-25
00065225820238260577,TJSP,G1,Cumprimento de sentença,156,Tratamento médico-hospitalar,1,02 CIVEL DE SAO JOSE DOS CAMPOS,,SAJ,Eletrônico,0,2023-04-28,2024-08-26
00023171920238260566,TJSP,G1,Cumprimento de sentença,156,Tratamento médico-hospitalar,1,03 CIVEL DE SAO CARLOS,,SAJ,Eletrônico,0,2023-04-28,2024-07-19
00060849520238260071,TJSP,G1,Cumprimento de sentença,156,Tratamento médico-hospitalar,1,01 CIVEL DE BAURU,3506003.0,SAJ,Eletrônico,0,2023-04-28,2024-02-28
00017578920238260077,TJSP,G1,Cumprimento Provisório de Sentença,157,Fornecimento de medicamentos,1,01 CIVEL DE BIRIGUI,,Inválido,Eletrônico,0,2023-04-28,2024-08-30
00052526220238260071,TJSP,G1,Cumprimento de sentença,156,Tratamento médico-hospitalar,1,01 CIVEL DE BAURU,3506003.0,SAJ,Eletrônico,0,2023-04-28,2024-02-28
20751557220238260000,TJSP,G2,Agravo Interno Cível,1208,Fornecimento de medicamentos,1,3ª CÂMARA DE DIREITO PRIVADO,3550308.0,SAJ,Eletrônico,0,2023-04-28,2023-07-27
20734495420238260000,TJSP,G2,Agravo Interno Cível,1208,Fornecimento de medicamentos,1,10ª CÂMARA DE DIREITO PRIVADO,3550308.0,SAJ,Eletrônico,0,2023-04-28,2023-09-29
00117093920238260224,TJSP,G1,Cumprimento Provisório de Sentença,157,Tratamento médico-hospitalar,1,02 CIVEL DE GUARULHOS,,SAJ,Eletrônico,0,2023-05-01,2024-08-25
00067505520238260602,TJSP,G1,Cumprimento de Sentença contra a Fazenda Pública,12078,Assistência Médico-Hospitalar,1,ANEXO DO JUIZADO ESPECIAL DA FAZENDA PÚBLICA DE SOROCABA,,SAJ,Eletrônico,0,2023-05-01,2024-08-28
00077893720238260554,TJSP,G1,Cumprimento Provisório de Decisão,10980,Tratamento médico-hospitalar,1,05 CIVEL DE SANTO ANDRE,3547809.0,SAJ,Eletrônico,0,2023-05-02,2024-06-05
10088478120218260084,TJSP,G2,Apelação Cível,198,Tratamento médico-hospitalar,1,9ª CÂMARA DE DIREITO PRIVADO,,SAJ,Eletrônico,0,2023-05-02,2025-08-14
00104708420238260002,TJSP,G1,Cumprimento de sentença,156,Serviços Hospitalares,1,10 CIVEL DE SANTO AMARO,3550308.0,SAJ,Eletrônico,0,2023-05-02,2023-11-24
00033499820238260068,TJSP,G1,Cumprimento de sentença,156,Tratamento médico-hospitalar,1,05 CIVEL DE BARUERI,,SAJ,Eletrônico,0,2023-05-02,2025-08-11
20761569220238260000,TJSP,G2,Agravo Interno Cível,1208,Tratamento médico-hospitalar,1,2ª CÂMARA DE DIREITO PRIVADO,3550308.0,SAJ,Eletrônico,0,2023-05-02,2023-10-20
00190769820238260100,TJSP,G1,Cumprimento de sentença,156,Tratamento médico-hospitalar,1,40 CIVEL DE CENTRAL,,SAJ,Eletrônico,0,2023-05-02,2024-07-20
00029028820238260625,TJSP,G1,Cumprimento de sentença,156,Tratamento médico-hospitalar,1,02 CIVEL DE TAUBATE,,SAJ,Eletrônico,0,2023-05-02,2024-08-26
10066694320228260079,TJSP,G2,Apelação / Remessa Necessária,1728,Fornecimento de medicamentos,1,2ª CÂMARA DE DIREITO PÚBLICO,,Inválido,Eletrônico,0,2023-05-03,2024-08-30
00071548320218260309,TJSP,G2,Apelação Cível,198,Fornecimento de medicamentos,1,7ª CÂMARA DE DIREITO PÚBLICO,,Inválido,Eletrônico,0,2023-05-03,2024-08-30
00067401120238260602,TJSP,G1,Cumprimento de Sentença contra a Fazenda Pública,12078,Assistência Médico-Hospitalar,1,ANEXO DO JUIZADO ESPECIAL DA FAZENDA PÚBLICA DE SOROCABA,3552205.0,SAJ,Eletrônico,0,2023-05-03,2024-03-10
00053357820238260071,TJSP,G1,Cumprimento de Sentença contra a Fazenda Pública,12078,Assistência Médico-Hospitalar,1,JUIZADO ESP.DA FAZENDA PUBLICA DE BAURU,3506003.0,SAJ,Eletrônico,0,2023-05-03,2024-02-28
00045167320238260223,TJSP,G1,Cumprimento Provisório de Sentença,157,Tratamento médico-hospitalar,1,02 CIVEL DE GUARUJA,,SAJ,Eletrônico,0,2023-05-03,2024-07-20
00192882220238260100,TJSP,G1,Cumprimento Provisório de Decisão,10980,Tratamento Domiciliar (Home Care),1,14 CIVEL DE CENTRAL,,SAJ,Eletrônico,0,2023-05-03,2024-07-20
00003734620238260480,TJSP,G1,Cumprimento de sentença,156,Fornecimento de medicamentos,1,JUIZADO ESPECIAL CIVEL CRIM. DE PRESIDENTE BERNARDES,,SAJ,Eletrônico,0,2023-05-04,2024-07-19
20638344020238260000,TJSP,G2,Embargos de Declaração Cível,1689,Tratamento médico-hospitalar,1,10ª CÂMARA DE DIREITO PRIVADO,,SAJ,Eletrônico,0,2023-05-04,2024-07-19
00001659420238260534,TJSP,G1,Procedimento do Juizado Especial da Fazenda Pública,14695,Fornecimento de medicamentos,1,JUIZADO ESPECIAL CIVEL CRIM. DE SANTA BRANCA,3546009.0,SAJ,Eletrônico,0,2023-05-04,2023-10-20
00003814620238260634,TJSP,G1,Cumprimento de sentença,156,Tratamento médico-hospitalar,1,02 CUMULATIVA DE TREMEMBE,,SAJ,Eletrônico,0,2023-05-04,2024-08-26
20777937820238260000,TJSP,G2,Agravo Interno Cível,1208,Tratamento médico-hospitalar,1,6ª CÂMARA DE DIREITO PRIVADO,,SAJ,Eletrônico,0,2023-05-04,2024-07-19
00195584620238260100,TJSP,G1,Cumprimento Provisório de Sentença,157,Fornecimento de medicamentos,1,22 CIVEL DE CENTRAL,,SAJ,Eletrônico,0,2023-05-04,2024-07-20
00002711420238260160,TJSP,G1,Procedimento do Juizado Especial da Fazenda Pública,14695,Fornecimento de medicamentos,1,JUIZADO ESPECIAL CIVEL CRIM. DE DESCALVADO,3513702.0,SAJ,Eletrônico,0,2023-05-04,2023-12-04
00106856020238260002,TJSP,G1,Cumprimento de sentença,156,Tratamento médico-hospitalar,1,04 CIVEL DE SANTO AMARO,3550308.0,SAJ,Eletrônico,0,2023-05-04,2024-03-10
00070567120238260554,TJSP,G1,Cumprimento de sentença,156,Tratamento médico-hospitalar,1,09 CIVEL DE SANTO ANDRE,3547809.0,SAJ,Eletrônico,0,2023-05-04,2024-02-27
00031092320238260032,TJSP,G1,Cumprimento de sentença,156,Fornecimento de medicamentos,1,03 CIVEL DE ARACATUBA,,SAJ,Eletrônico,0,2023-05-04,2024-07-20
00050753020238260320,TJSP,G1,Cumprimento de sentença,156,Tratamento médico-hospitalar,1,03 CIVEL DE LIMEIRA,,SAJ,Eletrônico,0,2023-05-05,2025-02-06
00014416320228260028,TJSP,G1,Requisição de Pequeno Valor,1266,Serviços Hospitalares,1,02 CUMULATIVA DE APARECIDA,,SAJ,Eletrônico,0,2023-05-05,2024-07-19
00035345120238260161,TJSP,G1,Cumprimento de sentença,156,Tratamento médico-hospitalar,1,02 CIVEL DE DIADEMA,,SAJ,Eletrônico,0,2023-05-08,2024-07-20
10196063220168260003,TJSP,G2,Embargos de Declaração Cível,1689,Planos de Saúde,1,8ª CÂMARA DE DIREITO PRIVADO,3550308.0,SAJ,Eletrônico,0,2023-05-08,2023-08-28
10101308320208260114,TJSP,G2,Apelação Cível,198,Tratamento médico-hospitalar,1,7ª CÂMARA DE DIREITO PRIVADO,,SAJ,Eletrônico,0,2023-05-08,2025-08-14
20836094120238260000,TJSP,G2,Agravo Interno Cível,1208,Fornecimento de medicamentos,1,8ª CÂMARA DE DIREITO PRIVADO,,SAJ,Eletrônico,0,2023-05-08,2024-07-19
00063237520238260564,TJSP,G1,Cumprimento de sentença,156,Tratamento médico-hospitalar,1,03 CIVEL DE SAO BERNARDO DO CAMPO,,SAJ,Eletrônico,0,2023-05-09,2024-08-26
00026624120238260127,TJSP,G1,Cumprimento de sentença,156,Tratamento médico-hospitalar,1,01 CIVEL DE CARAPICUIBA,,SAJ,Eletrônico,0,2023-05-09,2024-08-26
10562470920228260100,TJSP,G2,Embargos de Declaração Cível,1689,Tratamento médico-hospitalar,1,2ª CÂMARA DE DIREITO PRIVADO,3550308.0,SAJ,Eletrônico,0,2023-05-09,2023-12-04
00022606420218260309,TJSP,G2,Apelação Cível,198,Fornecimento de medicamentos,1,1ª CÂMARA DE DIREITO PÚBLICO,,SAJ,Eletrônico,0,2023-05-09,2025-08-14
10039696020238260079,TJSP,G1,Mandado de Segurança Cível,120,Tratamento médico-hospitalar,1,03 CIVEL DE BOTUCATU,3507506.0,SAJ,Eletrônico,0,2023-05-09,2024-02-28
00064330720238260554,TJSP,G1,Cumprimento de sentença,156,Tratamento médico-hospitalar,1,06 CIVEL DE SANTO ANDRE,3547809.0,SAJ,Eletrônico,0,2023-05-09,2023-07-19
10042940620238260606,TJSP,G1,Mandado de Segurança Cível,120,Serviços Hospitalares,1,01 FAZENDA PUBLICA DE CENTRAL,,SAJ,Eletrônico,0,2023-05-09,2025-08-14
00072028820238260562,TJSP,JE,Cumprimento Provisório de Sentença,157,Tratamento médico-hospitalar,1,01 VARA JUIZADO ESPECIAL CIVEL DE SANTOS,,SAJ,Eletrônico,0,2023-05-09,2024-08-01
00042777320218260309,TJSP,G2,Apelação Cível,198,Fornecimento de medicamentos,1,4ª CÂMARA DE DIREITO PÚBLICO,3550308.0,SAJ,Eletrônico,0,2023-05-09,2024-02-26
00004038620238260058,TJSP,G1,Cumprimento de sentença,156,Tratamento médico-hospitalar,1,01 CUMULATIVA DE AGUDOS,,SAJ,Eletrônico,0,2023-05-09,2024-08-29
10092164520228260309,TJSP,G2,Embargos de Declaração Cível,1689,Fornecimento de medicamentos,1,12ª CÂMARA DE DIREITO PÚBLICO,3550308.0,SAJ,Eletrônico,0,2023-05-09,2023-08-28
10242819720228260562,TJSP,G2,Apelação Cível,198,Tratamento médico-hospitalar,1,9ª CÂMARA DE DIREITO PRIVADO,,SAJ,Eletrônico,0,2023-05-09,2025-08-14
00079279420228260309,TJSP,G2,Apelação Cível,198,Fornecimento de medicamentos,1,7ª CÂMARA DE DIREITO PÚBLICO,,SAJ,Eletrônico,0,2023-05-09,2025-08-14
10270865120218260564,TJSP,G2,Apelação Cível,198,Tratamento médico-hospitalar,1,8ª CÂMARA DE DIREITO PRIVADO,3550308.0,SAJ,Eletrônico,0,2023-05-10,2023-08-28
00031557620238260625,TJSP,G1,Cumprimento de sentença,156,Serviços Hospitalares,1,01 CIVEL DE TAUBATE,,SAJ,Eletrônico,0,2023-05-10,2024-11-12
00072267120238260577,TJSP,G1,Cumprimento Provisório de Decisão,10980,Tratamento médico-hospitalar,1,03 CIVEL DE SAO JOSE DOS CAMPOS,,SAJ,Eletrônico,0,2023-05-10,2024-08-26
10230631720228260309,TJSP,G2,Apelação / Remessa Necessária,1728,Fornecimento de medicamentos,1,6ª CÂMARA DE DIREITO PÚBLICO,3550308.0,SAJ,Eletrônico,0,2023-05-10,2023-11-23
10170755020228260071,TJSP,G2,Apelação Cível,198,Tratamento médico-hospitalar,2,3ª CÂMARA DE DIREITO PRIVADO,3550308.0,SAJ,Eletrônico,0,2023-05-10,2024-02-26
00031002820238260625,TJSP,G1,Cumprimento de sentença,156,Serviços Hospitalares,1,04 CIVEL DE TAUBATE,,SAJ,Eletrônico,0,2023-05-10,2024-08-26
10028520520228260100,TJSP,G2,Apelação Cível,198,Tratamento médico-hospitalar,1,7ª CÂMARA DE DIREITO PRIVADO,3550308.0,SAJ,Eletrônico,0,2023-05-10,2024-02-26
20749175320238260000,TJSP,G2,Agravo Interno Cível,1208,Tratamento médico-hospitalar,1,9ª CÂMARA DE DIREITO PRIVADO,3550308.0,SAJ,Eletrônico,0,2023-05-10,2023-08-28
00051479520238260003,TJSP,G1,Cumprimento de sentença,156,Tratamento médico-hospitalar,1,01 CIVEL DE JABAQUARA,3550308.0,SAJ,Eletrônico,0,2023-05-10,2023-07-19
00056882120238260071,TJSP,G1,Cumprimento de sentença,156,Fornecimento de medicamentos,1,JUIZADO ESP.DA FAZENDA PUBLICA DE BAURU,,Inválido,Eletrônico,0,2023-05-10,2024-08-30
00024815020238260156,TJSP,G1,Procedimento do Juizado Especial da Fazenda Pública,14695,Fornecimento de medicamentos,1,JUIZADO ESPECIAL CIVEL CRIM. DE CRUZEIRO,3513405.0,SAJ,Eletrônico,0,2023-05-10,2024-05-28
10168768620218260451,TJSP,G2,Apelação / Remessa Necessária,1728,Fornecimento de medicamentos,1,13ª CÂMARA DE DIREITO PÚBLICO,,SAJ,Eletrônico,0,2023-05-11,2024-07-20
00024533420238260269,TJSP,G1,Cumprimento de sentença,156,Serviços Hospitalares,1,03 CIVEL DE ITAPETININGA,,SAJ,Eletrônico,0,2023-05-11,2024-07-20
10008938620228260653,TJSP,G2,Apelação / Remessa Necessária,1728,Fornecimento de medicamentos,1,1ª CÂMARA DE DIREITO PÚBLICO,,SAJ,Eletrônico,0,2023-05-11,2024-07-20
10226921520228260451,TJSP,G2,Apelação / Remessa Necessária,1728,Fornecimento de medicamentos,1,2ª CÂMARA DE DIREITO PÚBLICO,,SAJ,Eletrônico,0,2023-05-11,2024-07-20
10044324220238260292,TJSP,G1,Procedimento Comum Infância e Juventude,1706,Custeio de Assistência Médica,1,02 CRIMINAL DE JACAREI,3524402.0,SAJ,Eletrônico,0,2023-05-11,2023-11-23
20831910620238260000,TJSP,G2,Agravo Interno Cível,1208,Tratamento médico-hospitalar,1,8ª CÂMARA DE DIREITO PRIVADO,,SAJ,Eletrônico,0,2023-05-11,2024-07-19
21126167820238260000,TJSP,G2,Pedido de Efeito Suspensivo à Apelação,12357,Tratamento médico-hospitalar,1,8ª CÂMARA DE DIREITO PRIVADO,,SAJ,Eletrônico,0,2023-05-11,2024-07-19
20838337620238260000,TJSP,G2,Agravo Interno Cível,1208,Tratamento médico-hospitalar,1,7ª CÂMARA DE DIREITO PRIVADO,3550308.0,SAJ,Eletrônico,0,2023-05-11,2023-09-29
11230714720228260100,TJSP,G2,Apelação Cível,198,Tratamento médico-hospitalar,1,6ª CÂMARA DE DIREITO PRIVADO,,SAJ,Eletrônico,0,2023-05-11,2024-07-20
10362717920228260564,TJSP,G2,Apelação Cível,198,Tratamento médico-hospitalar,1,10ª CÂMARA DE DIREITO PRIVADO,,SAJ,Eletrônico,0,2023-05-11,2024-07-20
21128055620238260000,TJSP,G2,Pedido de Efeito Suspensivo à Apelação,12357,Tratamento médico-hospitalar,1,10ª CÂMARA DE DIREITO PRIVADO,,SAJ,Eletrônico,0,2023-05-11,2024-07-19
20821405720238260000,TJSP,G2,Agravo Interno Cível,1208,Tratamento médico-hospitalar,1,1ª CÂMARA DE DIREITO PRIVADO,,SAJ,Eletrônico,0,2023-05-11,2024-07-19
10071413320228260309,TJSP,G2,Apelação / Remessa Necessária,1728,Fornecimento de medicamentos,1,7ª CÂMARA DE DIREITO PÚBLICO,,SAJ,Eletrônico,0,2023-05-11,2024-07-19
00017701020238260297,TJSP,G1,Cumprimento de Sentença contra a Fazenda Pública,12078,Fornecimento de medicamentos,1,VARA JUIZADO ESP. CIVEL CRIM. DE JALES,3524808.0,SAJ,Eletrônico,0,2023-05-11,2024-02-28
00006955320238260452,TJSP,G1,Cumprimento de sentença,156,Tratamento médico-hospitalar,1,02 CUMULATIVA DE PIRAJU,3538808.0,SAJ,Eletrônico,0,2023-05-11,2024-02-28
10471171120228260224,TJSP,G2,Apelação Cível,198,Tratamento médico-hospitalar,1,8ª CÂMARA DE DIREITO PRIVADO,,SAJ,Eletrônico,0,2023-05-11,2024-07-19
20843602820238260000,TJSP,G2,Agravo Interno Cível,1208,Fornecimento de medicamentos,1,9ª CÂMARA DE DIREITO PRIVADO,3550308.0,SAJ,Eletrônico,0,2023-05-12,2023-08-28
10552108120218260002,TJSP,G2,Apelação Cível,198,Fornecimento de medicamentos,1,3ª CÂMARA DE DIREITO PRIVADO,,SAJ,Eletrônico,0,2023-05-12,2024-11-11
20847604220238260000,TJSP,G2,Agravo Interno Cível,1208,Tratamento médico-hospitalar,1,8ª CÂMARA DE DIREITO PRIVADO,3550308.0,SAJ,Eletrônico,0,2023-05-12,2023-11-23
00032224120238260625,TJSP,G1,Cumprimento de sentença,156,Serviços Hospitalares,1,05 CIVEL DE TAUBATE,,SAJ,Eletrônico,0,2023-05-12,2024-08-26
00041605220238260361,TJSP,G1,Cumprimento de sentença,156,Tratamento médico-hospitalar,1,05 CIVEL DE MOGI DAS CRUZES,,SAJ,Eletrônico,0,2023-05-12,2025-08-12
00007240920238260063,TJSP,G1,Cumprimento de sentença,156,Fornecimento de medicamentos,1,JUIZADO ESPECIAL CIVEL E CRIMINAL DE BARRA BONITA,3505302.0,SAJ,Eletrônico,0,2023-05-12,2024-02-28
00020592920238260624,TJSP,G1,Procedimento do Juizado Especial da Fazenda Pública,14695,Fornecimento de medicamentos,1,VARA JUIZADO ESP. CIVEL CRIM. DE TATUI,3554003.0,SAJ,Eletrônico,0,2023-05-12,2024-03-10
00004152320238260116,TJSP,G1,Cumprimento de Sentença contra a Fazenda Pública,12078,Tratamento médico-hospitalar,1,02 CUMULATIVA DE CAMPOS DO JORDAO,,SAJ,Eletrônico,0,2023-05-12,2024-07-20
00213295920238260100,TJSP,G1,Cumprimento Provisório de Decisão,10980,Tratamento Domiciliar (Home Care),1,25 CIVEL DE CENTRAL,3550308.0,SAJ,Eletrônico,0,2023-05-15,2023-07-19
20845213820238260000,TJSP,G2,Agravo Interno Cível,1208,Tratamento médico-hospitalar,1,7ª CÂMARA DE DIREITO PRIVADO,3550308.0,SAJ,Eletrônico,0,2023-05-15,2023-07-27
00011991220148260602,TJSP,G1,Requisição de Pequeno Valor,1266,Saúde,1,FAZENDA PUBLICA DE SOROCABA,,SAJ,Eletrônico,0,2023-05-16,2024-08-27
00067896120238260405,TJSP,G1,Cumprimento de sentença,156,Tratamento médico-hospitalar,1,06 CIVEL DE OSASCO,,SAJ,Eletrônico,0,2023-05-16,2024-08-25
00010874820238260272,TJSP,G1,Cumprimento Provisório de Sentença,157,Fornecimento de medicamentos,1,JUIZADO ESPECIAL CIVEL CRIM. DE ITAPIRA,,SAJ,Eletrônico,0,2023-05-16,2024-08-26
10293421720158260001,TJSP,G2,Agravo Interno Cível,1208,Planos de Saúde,1,5ª CÂMARA DE DIREITO PRIVADO,3550308.0,SAJ,Eletrônico,0,2023-05-16,2023-07-27
10841497320188260100,TJSP,G2,Embargos de Declaração Cível,1689,Planos de Saúde,1,5ª CÂMARA DE DIREITO PRIVADO,3550308.0,SAJ,Eletrônico,0,2023-05-16,2023-09-29
00026574120238260152,TJSP,G1,Cumprimento de sentença,156,Tratamento médico-hospitalar,1,01 CIVEL DE COTIA,3513009.0,SAJ,Eletrônico,0,2023-05-16,2024-02-27
10541179020228260053,TJSP,G2,Apelação Cível,198,Fornecimento de medicamentos,1,6ª CÂMARA DE DIREITO PÚBLICO,,SAJ,Eletrônico,0,2023-05-16,2025-08-14
10853971120178260100,TJSP,G2,Apelação Cível,198,Tratamento médico-hospitalar,1,8ª CÂMARA DE DIREITO PRIVADO,,SAJ,Eletrônico,0,2023-05-16,2024-10-26
00028880620238260011,TJSP,G1,Cumprimento de sentença,156,Tratamento médico-hospitalar,1,05 CIVEL DE PINHEIROS,,SAJ,Eletrônico,0,2023-05-16,2024-07-20
00128673220238260224,TJSP,G1,Cumprimento de sentença,156,Tratamento Domiciliar (Home Care),1,09 CIVEL DE GUARULHOS,,SAJ,Eletrônico,0,2023-05-16,2024-08-25
00147865620238260224,TJSP,G1,Cumprimento Provisório de Decisão,10980,Tratamento médico-hospitalar,1,02 CIVEL DE GUARULHOS,,SAJ,Eletrônico,0,2023-05-17,2024-08-25
20829884420238260000,TJSP,G2,Agravo Interno Cível,1208,Tratamento médico-hospitalar,1,5ª CÂMARA DE DIREITO PRIVADO,,SAJ,Eletrônico,0,2023-05-17,2024-07-19
10675615920168260100,TJSP,G2,Agravo Interno Cível,1208,Planos de Saúde,1,6ª CÂMARA DE DIREITO PRIVADO,3550308.0,SAJ,Eletrônico,0,2023-05-17,2023-07-27
00017350820238260408,TJSP,G1,Cumprimento de sentença,156,Serviços Hospitalares,1,03 CIVEL DE OURINHOS,,SAJ,Eletrônico,0,2023-05-18,2024-08-27
00035284320238260032,TJSP,G1,Cumprimento de sentença,156,Tratamento médico-hospitalar,1,03 CIVEL DE ARACATUBA,,SAJ,Eletrônico,0,2023-05-18,2024-07-20
00019295020238260297,TJSP,G1,Cumprimento de Sentença contra a Fazenda Pública,12078,Assistência Médico-Hospitalar,1,VARA JUIZADO ESP. CIVEL CRIM. DE JALES,,SAJ,Eletrônico,0,2023-05-18,2024-08-27
10491702220178260100,TJSP,G2,Agravo Interno Cível,1208,Planos de Saúde,1,6ª CÂMARA DE DIREITO PRIVADO,3550308.0,SAJ,Eletrônico,0,2023-05-18,2023-09-29
20276152820238260000,TJSP,G2,Embargos de Declaração Cível,1689,Tratamento médico-hospitalar,1,1ª CÂMARA DE DIREITO PRIVADO,3550308.0,SAJ,Eletrônico,0,2023-05-18,2024-03-26
00017342320238260408,TJSP,G1,Cumprimento de sentença,156,Serviços Hospitalares,1,03 CIVEL DE OURINHOS,,SAJ,Eletrônico,0,2023-05-18,2024-08-27
10039722620188260229,TJSP,G2,Agravo Interno Cível,1208,Planos de Saúde,1,7ª CÂMARA DE DIREITO PRIVADO,3550308.0,SAJ,Eletrônico,0,2023-05-19,2023-11-23
00011134620238260272,TJSP,G1,Cumprimento Provisório de Sentença,157,Fornecimento de medicamentos,1,JUIZADO ESPECIAL CIVEL CRIM. DE ITAPIRA,,SAJ,Eletrônico,0,2023-05-19,2024-08-26
00023034120238260079,TJSP,G1,Cumprimento de sentença,156,Serviços Hospitalares,1,01 CIVEL DE BOTUCATU,3507506.0,SAJ,Eletrônico,0,2023-05-19,2024-02-28
00022029820238260565,TJSP,G1,Cumprimento de sentença,156,Tratamento médico-hospitalar,1,01 CIVEL DE SAO CAETANO DO SUL,,SAJ,Eletrônico,0,2023-05-19,2024-08-26
10052940720228260079,TJSP,G2,Apelação / Remessa Necessária,1728,Fornecimento de medicamentos,1,10ª CÂMARA DE DIREITO PÚBLICO,,Inválido,Eletrônico,0,2023-05-19,2024-08-30
10671942520228260100,TJSP,G2,Agravo Interno Cível,1208,Tratamento médico-hospitalar,1,6ª CÂMARA DE DIREITO PRIVADO,3550308.0,SAJ,Eletrônico,0,2023-05-19,2023-07-27
00071508620238260564,TJSP,G1,Cumprimento de sentença,156,Fornecimento de medicamentos,1,08 CIVEL DE SAO BERNARDO DO CAMPO,,SAJ,Eletrônico,0,2023-05-20,2024-08-26
20743528920238260000,TJSP,G2,Embargos de Declaração Cível,1689,Tratamento médico-hospitalar,1,8ª CÂMARA DE DIREITO PRIVADO,3550308.0,SAJ,Eletrônico,0,2023-05-22,2023-08-28
00054229620238260309,TJSP,G1,Cumprimento de Sentença contra a Fazenda Pública,12078,Fornecimento de medicamentos,1,FAZENDA PUBLICA DE JUNDIAI,,SAJ,Eletrônico,0,2023-05-22,2024-08-25
00068543420108260010,TJSP,G2,Remessa Necessária Cível,199,Tratamento médico-hospitalar,2,3ª CÂMARA DE DIREITO PRIVADO,,Inválido,Eletrônico,0,2023-05-22,2024-08-30
10081897220228260100,TJSP,G2,Agravo Interno Cível,1208,Tratamento médico-hospitalar,1,5ª CÂMARA DE DIREITO PRIVADO,,SAJ,Eletrônico,0,2023-05-22,2024-07-19
00005275720238260547,TJSP,G1,Procedimento do Juizado Especial da Fazenda Pública,14695,Fornecimento de medicamentos,1,JUIZADO ESPECIAL CIVEL CRIM. DE SANTA RITA DO PASSA QUATRO,3547502.0,SAJ,Eletrônico,0,2023-05-23,2023-08-29
20750777820238260000,TJSP,G2,Embargos de Declaração Cível,1689,Fornecimento de medicamentos,1,7ª CÂMARA DE DIREITO PRIVADO,3550308.0,SAJ,Eletrônico,0,2023-05-23,2023-07-27
10123516620238260071,TJSP,G1,Procedimento do Juizado Especial da Fazenda Pública,14695,Assistência Médico-Hospitalar,1,JUIZADO ESP.DA FAZENDA PUBLICA DE BAURU,3506003.0,SAJ,Eletrônico,0,2023-05-23,2024-02-28
10022365920238260564,TJSP,G2,Apelação Cível,198,Fornecimento de medicamentos,1,10ª CÂMARA DE DIREITO PRIVADO,,SAJ,Eletrônico,0,2023-05-23,2024-12-12
00028359820238260019,TJSP,G1,Cumprimento de sentença,156,Tratamento médico-hospitalar,1,02 CIVEL DE AMERICANA,,SAJ,Eletrônico,0,2023-05-23,2025-08-12
00023771220238260624,TJSP,G1,Procedimento do Juizado Especial da Fazenda Pública,14695,Fornecimento de medicamentos,1,VARA JUIZADO ESP. CIVEL CRIM. DE TATUI,3554003.0,SAJ,Eletrônico,0,2023-05-24,2024-03-10
00038783120238260032,TJSP,G1,Cumprimento de Sentença contra a Fazenda Pública,12078,Fornecimento de medicamentos,1,FAZENDA PUBLICA DE ARACATUBA,,SAJ,Eletrônico,0,2023-05-24,2024-08-28
00054234820238260223,TJSP,G1,Cumprimento de sentença,156,Tratamento médico-hospitalar,1,02 CIVEL DE GUARUJA,,SAJ,Eletrônico,0,2023-05-25,2024-08-26
00038990720238260032,TJSP,G1,Cumprimento de sentença,156,Fornecimento de medicamentos,1,FAZENDA PUBLICA DE ARACATUBA,,SAJ,Eletrônico,0,2023-05-25,2024-08-28
00005112420238260153,TJSP,G1,Procedimento do Juizado Especial da Fazenda Pública,14695,Fornecimento de medicamentos,1,JUIZADO ESPECIAL CIVEL DE CRAVINHOS,3513108.0,SAJ,Eletrônico,0,2023-05-25,2024-02-27
00020803520238260032,TJSP,G1,Requisição de Pequeno Valor,1266,Fornecimento de medicamentos,1,FAZENDA PUBLICA DE ARACATUBA,,SAJ,Eletrônico,0,2023-05-26,2024-07-19
00029079320238260566,TJSP,G1,Cumprimento Provisório de Sentença,157,Fornecimento de medicamentos,1,FAZENDA PUBLICA DE SAO CARLOS,,SAJ,Eletrônico,0,2023-05-26,2024-07-19
00081449720238260602,TJSP,G1,Cumprimento de Sentença contra a Fazenda Pública,12078,Assistência Médico-Hospitalar,1,ANEXO DO JUIZADO ESPECIAL DA FAZENDA PÚBLICA DE SOROCABA,3552205.0,SAJ,Eletrônico,0,2023-05-28,2023-12-04
00021246820238260286,TJSP,G1,Cumprimento de sentença,156,Tratamento médico-hospitalar,1,02 CIVEL DE ITU,,SAJ,Eletrônico,0,2023-05-29,2024-07-20
10276491720228260562,TJSP,G2,Embargos de Declaração Cível,1689,Fornecimento de medicamentos,1,6ª CÂMARA DE DIREITO PÚBLICO,3550308.0,SAJ,Eletrônico,0,2023-05-29,2023-07-27
00011978120228260272,TJSP,G1,Requisição de Pequeno Valor,1266,Fornecimento de medicamentos,1,JUIZADO ESPECIAL CIVEL CRIM. DE ITAPIRA,,SAJ,Eletrônico,0,2023-05-29,2024-08-26
21100583620238260000,TJSP,G2,Embargos de Declaração Cível,1689,Tratamento médico-hospitalar,1,9ª CÂMARA DE DIREITO PRIVADO,3550308.0,SAJ,Eletrônico,0,2023-05-30,2023-08-28
00255699120238260100,TJSP,G1,Cumprimento de sentença,156,Tratamento médico-hospitalar,1,34 CIVEL DE CENTRAL,3550308.0,SAJ,Eletrônico,0,2023-05-30,2023-08-29
00017569120228260222,TJSP,G1,Requisição de Pequeno Valor,1266,Fornecimento de medicamentos,2,02 CUMULATIVA DE GUARIBA,3518602.0,SAJ,Eletrônico,0,2023-05-30,2023-12-04
00084114720238260577,TJSP,G1,Cumprimento de sentença,156,Serviços Hospitalares,1,07 CIVEL DE SAO JOSE DOS CAMPOS,,SAJ,Eletrônico,0,2023-05-30,2024-08-26
10025255420238260220,TJSP,G1,Procedimento do Juizado Especial da Fazenda Pública,14695,Assistência Médico-Hospitalar,1,VARA JUIZADO ESP. CIVEL CRIM. DE GUARATINGUETA,3518404.0,SAJ,Eletrônico,0,2023-05-30,2023-08-29
00083023320238260577,TJSP,G1,Cumprimento de sentença,156,Tratamento médico-hospitalar,1,04 CIVEL DE SAO JOSE DOS CAMPOS,,SAJ,Eletrônico,0,2023-05-31,2024-08-26
00028185220208260024,TJSP,G1,Requisição de Pequeno Valor,1266,Planos de Saúde,1,03 CUMULATIVA DE ANDRADINA,,SAJ,Eletrônico,0,2023-05-31,2024-08-27
00024404920238260038,TJSP,G1,Cumprimento de Sentença contra a Fazenda Pública,12078,Fornecimento de medicamentos,1,01 CIVEL DE ARARAS,,SAJ,Eletrônico,0,2023-05-31,2025-08-14
00025181720238260079,TJSP,G1,Procedimento do Juizado Especial da Fazenda Pública,14695,Fornecimento de medicamentos,1,VARA JUIZADO ESP. CIVEL CRIM. DE BOTUCATU,3507506.0,SAJ,Eletrônico,0,2023-05-31,2024-02-28
00037645920238260625,TJSP,G1,Cumprimento de Sentença contra a Fazenda Pública,12078,Planos de Saúde,1,FAZENDA PUBLICA DE TAUBATE,,Inválido,Eletrônico,0,2023-05-31,2024-08-30
21100193920238260000,TJSP,G2,Agravo Interno Cível,1208,Tratamento médico-hospitalar,1,8ª CÂMARA DE DIREITO PRIVADO,3550308.0,SAJ,Eletrônico,0,2023-05-31,2024-02-26
00003404620238260160,TJSP,G1,Procedimento do Juizado Especial da Fazenda Pública,14695,Fornecimento de medicamentos,1,JUIZADO ESPECIAL CIVEL CRIM. DE DESCALVADO,3513702.0,SAJ,Eletrônico,0,2023-05-31,2023-11-23
00037174320238260348,TJSP,G1,Cumprimento Provisório de Decisão,10980,Fornecimento de medicamentos,1,03 CIVEL DE MAUA,,SAJ,Eletrônico,0,2023-05-31,2025-08-15
10035164820238260408,TJSP,G1,Procedimento do Juizado Especial da Fazenda Pública,14695,Assistência Médico-Hospitalar,1,VARA JUIZADO ESPECIAL CIVEL DE OURINHOS,3534708.0,SAJ,Eletrônico,0,2023-05-31,2024-02-28
00086034920238260554,TJSP,G1,Cumprimento de sentença,156,Tratamento médico-hospitalar,1,09 CIVEL DE SANTO ANDRE,3547809.0,SAJ,Eletrônico,0,2023-05-31,2024-02-27
00073960920238260071,TJSP,G1,Cumprimento de sentença,156,Tratamento médico-hospitalar,1,01 CIVEL DE BAURU,3506003.0,SAJ,Eletrônico,0,2023-05-31,2024-03-10
00012286720238260272,TJSP,G1,Cumprimento de Sentença contra a Fazenda Pública,12078,Fornecimento de medicamentos,1,JUIZADO ESPECIAL CIVEL CRIM. DE ITAPIRA,,SAJ,Eletrônico,0,2023-06-01,2024-08-26
21104256020238260000,TJSP,G2,Agravo Interno Cível,1208,Tratamento médico-hospitalar,1,3ª CÂMARA DE DIREITO PRIVADO,3550308.0,SAJ,Eletrônico,0,2023-06-01,2023-08-28
00076972920238260564,TJSP,G1,Cumprimento Provisório de Sentença,157,Tratamento médico-hospitalar,1,08 CIVEL DE SAO BERNARDO DO CAMPO,,SAJ,Eletrônico,0,2023-06-01,2024-08-26
00021703620228260272,TJSP,G1,Requisição de Pequeno Valor,1266,Fornecimento de medicamentos,1,JUIZADO ESPECIAL CIVEL CRIM. DE ITAPIRA,,SAJ,Eletrônico,0,2023-06-01,2024-08-26
21095872020238260000,TJSP,G2,Agravo Interno Cível,1208,Tratamento médico-hospitalar,1,8ª CÂMARA DE DIREITO PRIVADO,3550308.0,SAJ,Eletrônico,0,2023-06-01,2023-08-28
00080679720238260405,TJSP,G1,Cumprimento Provisório de Sentença,157,Tratamento médico-hospitalar,1,03 CIVEL DE OSASCO,,SAJ,Eletrônico,0,2023-06-01,2024-08-25
00010801820238260220,TJSP,G1,Cumprimento de sentença,156,Tratamento médico-hospitalar,1,03 CUMULATIVA DE GUARATINGUETA,3518404.0,SAJ,Eletrônico,0,2023-06-02,2023-10-20
00019009320238260266,TJSP,G1,Cumprimento Provisório de Decisão,10980,Fornecimento de medicamentos,1,02 CUMULATIVA DE ITANHAEM,,SAJ,Eletrônico,0,2023-06-02,2024-07-19
21116528520238260000,TJSP,G2,Agravo Interno Cível,1208,Tratamento médico-hospitalar,1,2ª CÂMARA DE DIREITO PRIVADO,3550308.0,SAJ,Eletrônico,0,2023-06-02,2023-10-20
10060320520228260011,TJSP,G2,Apelação Cível,198,Tratamento médico-hospitalar,1,8ª CÂMARA DE DIREITO PRIVADO,,Inválido,Eletrônico,0,2023-06-02,2024-08-30
10068696920218260084,TJSP,G2,Apelação Cível,198,Tratamento médico-hospitalar,1,2ª CÂMARA DE DIREITO PRIVADO,,SAJ,Eletrônico,0,2023-06-05,2025-08-14
10015105620238260218,TJSP,G1,Procedimento do Juizado Especial da Fazenda Pública,14695,Fornecimento de medicamentos,1,JUIZADO ESPECIAL CIVEL CRIM. DE GUARARAPES,3518206.0,SAJ,Eletrônico,0,2023-06-05,2024-03-10
00094652020238260554,TJSP,G1,Cumprimento de sentença,156,Fornecimento de medicamentos,1,05 CIVEL DE SANTO ANDRE,3547809.0,SAJ,Eletrônico,0,2023-06-05,2024-02-27
00022776720238260362,TJSP,G1,Cumprimento Provisório de Sentença,157,Tratamento médico-hospitalar,1,02 CIVEL DE MOJI GUACU,,SAJ,Eletrônico,0,2023-06-06,2024-08-25
00008966820238260218,TJSP,G1,Cumprimento de Sentença contra a Fazenda Pública,12078,Fornecimento de medicamentos,1,JUIZADO ESPECIAL CIVEL CRIM. DE GUARARAPES,3518206.0,SAJ,Eletrônico,0,2023-06-06,2024-02-28
00044640520238260344,TJSP,G1,Cumprimento Provisório de Sentença,157,Tratamento médico-hospitalar,1,05 CIVEL DE MARILIA,,SAJ,Eletrônico,0,2023-06-06,2025-02-05
00027010220238260624,TJSP,G1,Procedimento do Juizado Especial da Fazenda Pública,14695,Fornecimento de medicamentos,1,VARA JUIZADO ESP. CIVEL CRIM. DE TATUI,3554003.0,SAJ,Eletrônico,0,2023-06-07,2024-03-10
00012084720218260272,TJSP,G1,Requisição de Pequeno Valor,1266,Planos de Saúde,2,JUIZADO ESPECIAL CIVEL CRIM. DE ITAPIRA,3522604.0,SAJ,Eletrônico,0,2023-06-08,2023-08-29
10020105620218260004,TJSP,G2,Apelação Cível,198,Tratamento médico-hospitalar,1,4ª CÂMARA DE DIREITO PRIVADO,,SAJ,Eletrônico,0,2023-06-12,2025-08-14
10340243620208260196,TJSP,G2,Embargos de Declaração Cível,1689,Tratamento médico-hospitalar,1,2ª CÂMARA DE DIREITO PRIVADO,,SAJ,Eletrônico,0,2023-06-13,2024-07-19
00012813320238260568,TJSP,G1,Cumprimento de sentença,156,Tratamento médico-hospitalar,1,03 CIVEL DE SAO JOAO DA BOA VISTA,,SAJ,Eletrônico,0,2023-06-13,2024-08-26
10217472620238260602,TJSP,G1,Procedimento do Juizado Especial da Fazenda Pública,14695,Fornecimento de medicamentos,1,ANEXO DO JUIZADO ESPECIAL DA FAZENDA PÚBLICA DE SOROCABA,3552205.0,SAJ,Eletrônico,0,2023-06-13,2023-12-04
00012226620238260270,TJSP,G1,Cumprimento de sentença,156,Fornecimento de medicamentos,1,01 CUMULATIVA DE ITAPEVA,,SAJ,Eletrônico,0,2023-06-13,2024-08-27
10006448620238260076,TJSP,G1,Procedimento do Juizado Especial da Fazenda Pública,14695,Fornecimento de medicamentos,1,JUIZADO ESPECIAL CIVEL CRIM. DE BILAC,3506409.0,SAJ,Eletrônico,0,2023-06-14,2024-02-28
10057133320238260292,TJSP,G1,Procedimento do Juizado Especial da Fazenda Pública,14695,Custeio de Assistência Médica,1,FAZENDA PUBLICA DE JACAREI,3524402.0,SAJ,Eletrônico,0,2023-06-14,2023-08-29
00147621520238260002,TJSP,G1,Cumprimento de sentença,156,Serviços Hospitalares,1,12 CIVEL DE SANTO AMARO,3550308.0,SAJ,Eletrônico,0,2023-06-14,2023-07-19
00017917820238260428,TJSP,G1,Cumprimento de sentença,156,Tratamento médico-hospitalar,1,02 CUMULATIVA DE PAULINIA,,SAJ,Eletrônico,0,2023-06-15,2025-08-12
10057600720238260292,TJSP,G1,Procedimento do Juizado Especial da Fazenda Pública,14695,Assistência Médico-Hospitalar,1,FAZENDA PUBLICA DE JACAREI,3524402.0,SAJ,Eletrônico,0,2023-06-15,2023-08-29
20730399320238260000,TJSP,G2,Embargos de Declaração Cível,1689,Serviços Hospitalares,1,26ª CÂMARA DE DIREITO PRIVADO,3550308.0,SAJ,Eletrônico,0,2023-06-15,2023-09-29
10037034220238260445,TJSP,G1,Procedimento do Juizado Especial da Fazenda Pública,14695,Assistência Médico-Hospitalar,1,ANEXO DO JUIZADO ESPECIAL DA FAZENDA PÚBLICA DA COMARCA DE SAO JOSE DOS CAMPOS,3549904.0,SAJ,Eletrônico,0,2023-06-15,2023-12-04
00092729420238260007,TJSP,G1,Cumprimento de sentença,156,Tratamento médico-hospitalar,1,05 CIVEL DE ITAQUERA,,SAJ,Eletrônico,0,2023-06-15,2025-08-05
00002617520238260028,TJSP,G1,Requisição de Pequeno Valor,1266,Fornecimento de medicamentos,1,JUIZADO ESPECIAL CIVEL CRIM. DE APARECIDA,,SAJ,Eletrônico,0,2023-06-15,2024-07-20
00045745220238260037,TJSP,G1,Cumprimento de sentença,156,Fornecimento de medicamentos,1,FAZENDA PUBLICA DE ARARAQUARA,3503208.0,SAJ,Eletrônico,0,2023-06-15,2023-07-20
10023136020218260072,TJSP,G2,Apelação Cível,198,Tratamento médico-hospitalar,1,7ª CÂMARA DE DIREITO PRIVADO,,Inválido,Eletrônico,0,2023-06-16,2024-08-30
00075580420238260071,TJSP,G1,Cumprimento Provisório de Decisão,10980,Custeio de Assistência Médica,1,01 FAZENDA PUBLICA DE BAURU,3506003.0,SAJ,Eletrônico,0,2023-06-16,2024-02-28
00086161020238260405,TJSP,G1,Cumprimento de sentença,156,Serviços Hospitalares,1,03 CIVEL DE OSASCO,,SAJ,Eletrônico,0,2023-06-16,2024-08-26
00095367220238260602,TJSP,G1,Cumprimento de sentença,156,Tratamento médico-hospitalar,1,02 CIVEL DE SOROCABA,,SAJ,Eletrônico,0,2023-06-19,2024-08-28
00028208620238260292,TJSP,G1,Cumprimento de sentença,156,Tratamento médico-hospitalar,1,02 CIVEL DE JACAREI,3524402.0,SAJ,Eletrônico,0,2023-06-19,2023-10-20
00025862520238260286,TJSP,G1,Cumprimento de sentença,156,Tratamento médico-hospitalar,1,01 CIVEL DE ITU,,SAJ,Eletrônico,0,2023-06-19,2024-08-27
00046859620238260405,TJSP,G1,Requisição de Pequeno Valor,1266,Fornecimento de medicamentos,1,01 FAZENDA PUBLICA DE OSASCO,,SAJ,Eletrônico,0,2023-06-19,2024-08-25
00028248020238260565,TJSP,G1,Cumprimento Provisório de Decisão,10980,Tratamento médico-hospitalar,1,06 CIVEL DE SAO CAETANO DO SUL,3548807.0,SAJ,Eletrônico,0,2023-06-20,2024-05-08
10211253820218260562,TJSP,G2,Embargos de Declaração Cível,1689,Tratamento médico-hospitalar,1,7ª CÂMARA DE DIREITO PRIVADO,3550308.0,SAJ,Eletrônico,0,2023-06-20,2023-10-20
00093938320238260602,TJSP,G1,Cumprimento de Sentença contra a Fazenda Pública,12078,Fornecimento de medicamentos,1,ANEXO DO JUIZADO ESPECIAL DA FAZENDA PÚBLICA DE SOROCABA,,SAJ,Eletrônico,0,2023-06-21,2024-08-28
00005083020238260069,TJSP,G1,Cumprimento de Sentença contra a Fazenda Pública,12078,Tratamento médico-hospitalar,1,VARA UNICA DE BASTOS,3505807.0,SAJ,Eletrônico,0,2023-06-21,2023-08-30
00077919820238260071,TJSP,G1,Procedimento do Juizado Especial da Fazenda Pública,14695,Fornecimento de medicamentos,1,JUIZADO ESP.DA FAZENDA PUBLICA DE BAURU,3506003.0,SAJ,Eletrônico,0,2023-06-21,2024-02-28
10008416620228260564,TJSP,G2,Embargos de Declaração Cível,1689,Tratamento médico-hospitalar,1,1ª CÂMARA DE DIREITO PRIVADO,3550308.0,SAJ,Eletrônico,0,2023-06-21,2023-08-28
00047389520238260011,TJSP,G1,Cumprimento de sentença,156,Tratamento Domiciliar (Home Care),1,04 CIVEL DE PINHEIROS,,SAJ,Eletrônico,0,2023-06-21,2025-08-11
10155163020238260554,TJSP,G1,Procedimento do Juizado Especial da Fazenda Pública,14695,Fornecimento de medicamentos,1,02 FAZENDA PUBLICA DE SANTO ANDRE,3547809.0,SAJ,Eletrônico,0,2023-06-22,2023-08-29
00095323520238260602,TJSP,G1,Cumprimento de sentença,156,Tratamento médico-hospitalar,1,05 CIVEL DE SOROCABA,,SAJ,Eletrônico,0,2023-06-22,2024-08-28
00088234720238260554,TJSP,G1,Cumprimento de sentença,156,Serviços Hospitalares,1,01 CIVEL DE SANTO ANDRE,3547809.0,SAJ,Eletrônico,0,2023-06-22,2024-06-05
00031159520238260269,TJSP,G1,Cumprimento de sentença,156,Serviços Hospitalares,1,03 CIVEL DE ITAPETININGA,,SAJ,Eletrônico,0,2023-06-22,2024-07-20
00021278320238260266,TJSP,G1,Cumprimento de sentença,156,Tratamento médico-hospitalar,1,01 CUMULATIVA DE ITANHAEM,,SAJ,Eletrônico,0,2023-06-22,2024-07-19
00108429320238260564,TJSP,G1,Cumprimento Provisório de Sentença,157,Tratamento médico-hospitalar,1,03 CIVEL DE SAO BERNARDO DO CAMPO,,SAJ,Eletrônico,0,2023-06-22,2024-08-26
00003625820238260337,TJSP,G1,Requisição de Pequeno Valor,1266,Tratamento médico-hospitalar,1,01 CUMULATIVA DE MAIRINQUE,,SAJ,Eletrônico,0,2023-06-23,2024-08-27
00003617320238260337,TJSP,G1,Requisição de Pequeno Valor,1266,Tratamento médico-hospitalar,1,01 CUMULATIVA DE MAIRINQUE,,SAJ,Eletrônico,0,2023-06-23,2024-07-19
00098947620238260007,TJSP,G1,Cumprimento Provisório de Sentença,157,Tratamento médico-hospitalar,1,04 CIVEL DE ITAQUERA,3550308.0,SAJ,Eletrônico,0,2023-06-23,2023-08-30
00069203320238260309,TJSP,G1,Cumprimento de sentença,156,Fornecimento de medicamentos,1,FAZENDA PUBLICA DE JUNDIAI,,SAJ,Eletrônico,0,2023-06-23,2024-08-25
10156176120238260071,TJSP,G1,Mandado de Segurança Cível,120,Tratamento médico-hospitalar,1,01 FAZENDA PUBLICA DE BAURU,3506003.0,SAJ,Eletrônico,0,2023-06-26,2024-02-28
10693789020188260100,TJSP,G2,Agravo Interno Cível,1208,Planos de Saúde,1,4ª CÂMARA DE DIREITO PRIVADO,3550308.0,SAJ,Eletrônico,0,2023-06-26,2023-10-20
00099933020238260562,TJSP,G1,Cumprimento de sentença,156,Tratamento médico-hospitalar,1,04 CIVEL DE SANTOS,,SAJ,Eletrônico,0,2023-06-26,2025-08-09
00314314320238260100,TJSP,G1,Cumprimento de sentença,156,Tratamento médico-hospitalar,1,03 CIVEL DE CENTRAL,,SAJ,Eletrônico,0,2023-06-27,2025-08-12
00049383920238260032,TJSP,G1,Cumprimento de sentença,156,Tratamento médico-hospitalar,1,03 CIVEL DE ARACATUBA,,SAJ,Eletrônico,0,2023-06-27,2024-08-28
00074862720238260003,TJSP,G1,Cumprimento de sentença,156,Serviços Hospitalares,1,05 CIVEL DE JABAQUARA,,SAJ,Eletrônico,0,2023-06-27,2025-08-10
00024420320228260572,TJSP,G1,Precatório,1265,Custeio de Assistência Médica,2,02 CUMULATIVA DE SAO JOAQUIM DA BARRA,3549409.0,SAJ,Eletrônico,0,2023-06-27,2023-11-24
00012687420238260587,TJSP,G1,Cumprimento Provisório de Sentença,157,Fornecimento de medicamentos,1,01 CIVEL DE SAO SEBASTIAO,,SAJ,Eletrônico,0,2023-06-28,2024-08-26
00314790220238260100,TJSP,G1,Cumprimento de sentença,156,Tratamento médico-hospitalar,1,01 CIVEL DE CENTRAL,,SAJ,Eletrônico,0,2023-06-28,2025-08-12
11136042020178260100,TJSP,G2,Embargos de Declaração Cível,1689,Planos de Saúde,1,6ª CÂMARA DE DIREITO PRIVADO,3550308.0,SAJ,Eletrônico,0,2023-06-28,2023-09-29
00003723520238260424,TJSP,G1,Cumprimento de sentença,156,Assistência Médico-Hospitalar,1,JUIZADO ESPECIAL CIVEL CRIM.  DE PARIQUERA ACU,,SAJ,Eletrônico,0,2023-06-29,2024-08-26
10021616020228260659,TJSP,G2,Apelação Cível,198,Fornecimento de medicamentos,1,1ª CÂMARA DE DIREITO PRIVADO,,SAJ,Eletrônico,0,2023-06-29,2025-01-08
21126557520238260000,TJSP,G2,Agravo Interno Cível,1208,Tratamento médico-hospitalar,1,2ª CÂMARA DE DIREITO PRIVADO,,SAJ,Eletrônico,0,2023-06-30,2024-07-19
00072182520238260309,TJSP,G1,Cumprimento Provisório de Sentença,157,Fornecimento de medicamentos,1,FAZENDA PUBLICA DE JUNDIAI,,SAJ,Eletrônico,0,2023-06-30,2024-08-25
10186989220218260554,TJSP,G2,Embargos de Declaração Cível,1689,Tratamento médico-hospitalar,1,1ª CÂMARA DE DIREITO PRIVADO,,SAJ,Eletrônico,0,2023-06-30,2024-07-19
00072901220238260309,TJSP,G1,Cumprimento de sentença,156,Fornecimento de medicamentos,1,FAZENDA PUBLICA DE JUNDIAI,,SAJ,Eletrônico,0,2023-07-03,2024-08-25
10003439220148260032,TJSP,G2,Agravo Interno Cível,1208,Planos de Saúde,1,6ª CÂMARA DE DIREITO PRIVADO,3550308.0,SAJ,Eletrônico,0,2023-07-03,2023-10-20
00009842620238260471,TJSP,G1,Cumprimento Provisório de Sentença,157,Fornecimento de medicamentos,1,02 CUMULATIVA DE PORTO FELIZ,,SAJ,Eletrônico,0,2023-07-03,2024-08-27
00104889020238260007,TJSP,G1,Cumprimento Provisório de Decisão,10980,Tratamento médico-hospitalar,1,04 CIVEL DE ITAQUERA,3550308.0,SAJ,Eletrônico,0,2023-07-03,2023-08-30
10031233720238260663,TJSP,G1,Procedimento do Juizado Especial da Fazenda Pública,14695,Tratamento médico-hospitalar,1,VARA DO JUIZADO ESPECIAL CIVEL E CRIMINAL DE VOTORANTIM,3557006.0,SAJ,Eletrônico,0,2023-07-04,2023-10-31
00072595520238260482,TJSP,G1,Cumprimento de sentença,156,Tratamento médico-hospitalar,1,01 CIVEL DE PRESIDENTE PRUDENTE,,SAJ,Eletrônico,0,2023-07-04,2025-08-04
00176228620238260002,TJSP,G1,Cumprimento de sentença,156,Tratamento médico-hospitalar,1,04 CIVEL DE SANTO AMARO,,SAJ,Eletrônico,0,2023-07-05,2025-08-12
00094574320238260554,TJSP,G1,Cumprimento Provisório de Decisão,10980,Tratamento médico-hospitalar,1,01 CIVEL DE SANTO ANDRE,3547809.0,SAJ,Eletrônico,0,2023-07-05,2024-03-25
10408925920228260002,TJSP,G2,Apelação Cível,198,Fornecimento de medicamentos,1,7ª CÂMARA DE DIREITO PRIVADO,,Inválido,Eletrônico,0,2023-07-05,2024-08-30
00027133920238260099,TJSP,G1,Cumprimento Provisório de Decisão,10980,Fornecimento de medicamentos,1,02 CIVEL DE BRAGANCA PAULISTA,,SAJ,Eletrônico,0,2023-07-05,2025-08-12
10014024020238260246,TJSP,G1,Procedimento do Juizado Especial da Fazenda Pública,14695,Custeio de Assistência Médica,1,JUIZADO ESPECIAL CIVEL CRIM. DE ILHA SOLTEIRA,3520442.0,SAJ,Eletrônico,0,2023-07-05,2024-02-28
00085211220238260071,TJSP,G1,Cumprimento de sentença,156,Tratamento médico-hospitalar,1,01 FAZENDA PUBLICA DE BAURU,3506003.0,SAJ,Eletrônico,0,2023-07-05,2024-02-28
10012604920238260274,TJSP,G1,Procedimento do Juizado Especial da Fazenda Pública,14695,Fornecimento de medicamentos,1,JUIZADO ESPECIAL CIVEL CRIM. DE ITAPOLIS,3522703.0,SAJ,Eletrônico,0,2023-07-05,2023-10-20
10136769620228260011,TJSP,G2,Apelação Cível,198,Tratamento médico-hospitalar,1,5ª CÂMARA DE DIREITO PRIVADO,,SAJ,Eletrônico,0,2023-07-05,2024-11-11
00099482020238260564,TJSP,G1,Cumprimento Provisório de Sentença,157,Fornecimento de medicamentos,1,08 CIVEL DE SAO BERNARDO DO CAMPO,,SAJ,Eletrônico,0,2023-07-05,2024-08-26
00059785720238260161,TJSP,JE,Cumprimento de sentença,156,Serviços Hospitalares,1,VARA JUIZADO ESPECIAL CIVEL DE DIADEMA,,SAJ,Eletrônico,0,2023-07-05,2024-07-30
00019905120238260024,TJSP,G1,Cumprimento de Sentença contra a Fazenda Pública,12078,Fornecimento de medicamentos,1,VARA JUIZADO ESP. CIVEL CRIM. DE ANDRADINA,,SAJ,Eletrônico,0,2023-07-06,2024-08-27
00099741820238260564,TJSP,G1,Cumprimento de sentença,156,Tratamento médico-hospitalar,1,02 CIVEL DE SAO BERNARDO DO CAMPO,,SAJ,Eletrônico,0,2023-07-06,2024-08-26
00029754620238260565,TJSP,G1,Cumprimento Provisório de Sentença,157,Tratamento médico-hospitalar,1,03 CIVEL DE SAO CAETANO DO SUL,,SAJ,Eletrônico,0,2023-07-07,2024-08-26
10025952020208260659,TJSP,G2,Embargos de Declaração Cível,1689,Tratamento médico-hospitalar,1,8ª CÂMARA DE DIREITO PRIVADO,3550308.0,SAJ,Eletrônico,0,2023-07-07,2023-09-29
21123032020238260000,TJSP,G2,Agravo Interno Cível,1208,Tratamento médico-hospitalar,1,1ª CÂMARA DE DIREITO PRIVADO,,SAJ,Eletrônico,0,2023-07-07,2024-07-20
21095655920238260000,TJSP,G2,Agravo Interno Cível,1208,Tratamento médico-hospitalar,1,4ª CÂMARA DE DIREITO PRIVADO,3550308.0,SAJ,Eletrônico,0,2023-07-07,2023-11-23
00006436520238260514,TJSP,G1,Cumprimento Provisório de Sentença,157,Tratamento médico-hospitalar,1,VARA UNICA DE ITUPEVA,,SAJ,Eletrônico,0,2023-07-07,2024-08-26
00010360520238260218,TJSP,G1,Cumprimento Provisório de Sentença,157,Fornecimento de medicamentos,1,02 CUMULATIVA DE GUARARAPES,,SAJ,Eletrônico,0,2023-07-10,2024-08-27
10488800720178260100,TJSP,G2,Agravo Interno Cível,1208,Planos de Saúde,1,2ª CÂMARA DE DIREITO PRIVADO,3550308.0,SAJ,Eletrônico,0,2023-07-10,2023-11-23
00048844020238260625,TJSP,G1,Cumprimento de Sentença contra a Fazenda Pública,12078,Assistência Médico-Hospitalar,1,FAZENDA PUBLICA DE TAUBATE,,SAJ,Eletrônico,0,2023-07-10,2024-08-26
00003762820238260083,TJSP,G1,Cumprimento de sentença,156,Tratamento médico-hospitalar,1,VARA UNICA DE AGUAI,,SAJ,Eletrônico,0,2023-07-10,2025-02-05
00096921020238260554,TJSP,G1,Cumprimento Provisório de Decisão,10980,Tratamento médico-hospitalar,1,01 CIVEL DE SANTO ANDRE,,SAJ,Eletrônico,0,2023-07-10,2025-02-06
11182621420228260100,TJSP,G2,Apelação Cível,198,Tratamento médico-hospitalar,1,3ª CÂMARA DE DIREITO PRIVADO,,SAJ,Eletrônico,0,2023-07-10,2025-08-14
10238509220198260554,TJSP,G2,Agravo Interno Cível,1208,Planos de Saúde,1,3ª CÂMARA DE DIREITO PRIVADO,3550308.0,SAJ,Eletrônico,0,2023-07-10,2023-10-20
10220213020228260309,TJSP,G2,Apelação / Remessa Necessária,1728,Fornecimento de medicamentos,1,10ª CÂMARA DE DIREITO PÚBLICO,3550308.0,SAJ,Eletrônico,0,2023-07-11,2024-02-26
10013589620218260470,TJSP,G2,Apelação Cível,198,Fornecimento de medicamentos,1,4ª CÂMARA DE DIREITO PÚBLICO,3550308.0,SAJ,Eletrônico,0,2023-07-11,2024-02-26
10645713220228260053,TJSP,G2,Apelação Cível,198,Assistência Médico-Hospitalar,2,8ª CÂMARA DE DIREITO PÚBLICO,3550308.0,SAJ,Eletrônico,0,2023-07-11,2023-09-29
00016694820238260272,TJSP,G1,Cumprimento de Sentença contra a Fazenda Pública,12078,Fornecimento de medicamentos,1,01 CUMULATIVA DE ITAPIRA,,SAJ,Eletrônico,0,2023-07-11,2024-08-26
00104761520238260577,TJSP,G1,Cumprimento de sentença,156,Tratamento Domiciliar (Home Care),1,04 CIVEL DE SAO JOSE DOS CAMPOS,,SAJ,Eletrônico,0,2023-07-11,2024-08-26
10142082220218260006,TJSP,G2,Apelação Cível,198,Tratamento médico-hospitalar,1,1ª CÂMARA DE DIREITO PRIVADO,3550308.0,SAJ,Eletrônico,0,2023-07-11,2023-09-29
00104692320238260577,TJSP,G1,Cumprimento Provisório de Decisão,10980,Fornecimento de medicamentos,1,01 FAZENDA PUBLICA DE SAO JOSE DOS CAMPOS,,SAJ,Eletrônico,0,2023-07-11,2024-08-26
00128936920238260114,TJSP,G1,Cumprimento de sentença,156,Tratamento médico-hospitalar,1,06 CIVEL DE CAMPINAS,,SAJ,Eletrônico,0,2023-07-11,2025-08-11
10033806720228260123,TJSP,G2,Apelação Cível,198,Fornecimento de medicamentos,1,2ª CÂMARA DE DIREITO PÚBLICO,3550308.0,SAJ,Eletrônico,0,2023-07-11,2023-09-29
10027717420228260482,TJSP,G2,Embargos de Declaração Cível,1689,Tratamento médico-hospitalar,1,2ª CÂMARA DE DIREITO PRIVADO,3550308.0,SAJ,Eletrônico,0,2023-07-11,2023-08-28
10568347520228260053,TJSP,G2,Apelação / Remessa Necessária,1728,Fornecimento de medicamentos,1,8ª CÂMARA DE DIREITO PÚBLICO,3550308.0,SAJ,Eletrônico,0,2023-07-11,2024-02-26
10140040920208260007,TJSP,G2,Apelação Cível,198,Serviços Hospitalares,2,27ª CÂMARA DE DIREITO PRIVADO,,SAJ,Eletrônico,0,2023-07-12,2024-07-19
00103743220238260564,TJSP,G1,Cumprimento de sentença,156,Fornecimento de medicamentos,1,01 CIVEL DE SAO BERNARDO DO CAMPO,,SAJ,Eletrônico,0,2023-07-12,2024-08-26
10220455820228260309,TJSP,G2,Apelação / Remessa Necessária,1728,Fornecimento de medicamentos,1,5ª CÂMARA DE DIREITO PÚBLICO,,SAJ,Eletrônico,0,2023-07-12,2024-07-19
00053125520238260032,TJSP,G1,Cumprimento Provisório de Sentença,157,Fornecimento de medicamentos,1,FAZENDA PUBLICA DE ARACATUBA,,SAJ,Eletrônico,0,2023-07-12,2024-08-28
21770394720238260000,TJSP,G2,Pedido de Efeito Suspensivo à Apelação,12357,Tratamento Domiciliar (Home Care),1,9ª CÂMARA DE DIREITO PRIVADO,,SAJ,Eletrônico,0,2023-07-12,2024-07-19
10568715820228260100,TJSP,G2,Apelação Cível,198,Tratamento médico-hospitalar,1,2ª CÂMARA DE DIREITO PRIVADO,,SAJ,Eletrônico,0,2023-07-12,2024-07-19
10002002620238260279,TJSP,G2,Apelação / Remessa Necessária,1728,Fornecimento de medicamentos,1,3ª CÂMARA DE DIREITO PÚBLICO,3550308.0,SAJ,Eletrônico,0,2023-07-12,2024-02-26
10053593620228260100,TJSP,G2,Apelação Cível,198,Tratamento médico-hospitalar,1,9ª CÂMARA DE DIREITO PRIVADO,3550308.0,SAJ,Eletrônico,0,2023-07-12,2024-05-28
10082503920238260506,TJSP,G2,Apelação Cível,198,Fornecimento de medicamentos,1,10ª CÂMARA DE DIREITO PÚBLICO,,SAJ,Eletrônico,0,2023-07-12,2024-07-20
10005949320238260356,TJSP,G2,Remessa Necessária Cível,199,Fornecimento de medicamentos,1,4ª CÂMARA DE DIREITO PÚBLICO,3550308.0,SAJ,Eletrônico,0,2023-07-12,2024-02-26
10183760820238260100,TJSP,G2,Apelação Cível,198,Tratamento médico-hospitalar,1,2ª CÂMARA DE DIREITO PRIVADO,,SAJ,Eletrônico,0,2023-07-12,2024-07-20
00068933220228260003,TJSP,G2,Apelação Cível,198,Tratamento médico-hospitalar,1,4ª CÂMARA DE DIREITO PRIVADO,,SAJ,Eletrônico,0,2023-07-12,2024-07-19
10315804620228260071,TJSP,G2,Apelação Cível,198,Tratamento médico-hospitalar,1,1ª CÂMARA DE DIREITO PRIVADO,3550308.0,SAJ,Eletrônico,0,2023-07-12,2023-10-20
20647654320238260000,TJSP,G2,Embargos de Declaração Cível,1689,Tratamento médico-hospitalar,1,3ª CÂMARA DE DIREITO PRIVADO,3550308.0,SAJ,Eletrônico,0,2023-07-13,2023-10-20
10113218520218260161,TJSP,G2,Apelação Cível,198,Tratamento médico-hospitalar,1,7ª CÂMARA DE DIREITO PRIVADO,,SAJ,Eletrônico,0,2023-07-13,2024-07-19
00108054920238260602,TJSP,G1,Cumprimento Provisório de Sentença,157,Fornecimento de medicamentos,1,ANEXO DO JUIZADO ESPECIAL DA FAZENDA PÚBLICA DE SOROCABA,3552205.0,SAJ,Eletrônico,0,2023-07-13,2023-12-04
00024548720238260408,TJSP,G1,Cumprimento de Sentença contra a Fazenda Pública,12078,Assistência Médico-Hospitalar,1,VARA JUIZADO ESPECIAL CIVEL DE OURINHOS,,SAJ,Eletrônico,0,2023-07-13,2024-08-27
00011263120238260115,TJSP,G1,Cumprimento de Sentença contra a Fazenda Pública,12078,Fornecimento de medicamentos,1,01 CUMULATIVA DE CAMPO LIMPO PAULISTA,,SAJ,Eletrônico,0,2023-07-13,2024-08-25
10064985220238260079,TJSP,G1,Mandado de Segurança Cível,120,Tratamento médico-hospitalar,2,02 CIVEL DE BOTUCATU,3507506.0,SAJ,Eletrônico,0,2023-07-14,2024-02-28
00090607520238260071,TJSP,G1,Cumprimento de sentença,156,Fornecimento de medicamentos,1,04 CIVEL DE BAURU,3506003.0,SAJ,Eletrônico,0,2023-07-14,2024-02-28
00045797020238260006,TJSP,G1,Cumprimento Provisório de Sentença,157,Tratamento médico-hospitalar,1,01 CIVEL DE PENHA,3550308.0,SAJ,Eletrônico,0,2023-07-14,2023-12-05
20773303920238260000,TJSP,G2,Embargos de Declaração Cível,1689,Fornecimento de medicamentos,1,8ª CÂMARA DE DIREITO PÚBLICO,3550308.0,SAJ,Eletrônico,0,2023-07-14,2023-10-20
00055117720238260032,TJSP,G1,Cumprimento de sentença,156,Tratamento médico-hospitalar,1,04 CIVEL DE ARACATUBA,,Inválido,Eletrônico,0,2023-07-17,2024-08-28
00108358420238260602,TJSP,G1,Cumprimento de sentença,156,Fornecimento de medicamentos,1,FAZENDA PUBLICA DE SOROCABA,,SAJ,Eletrônico,0,2023-07-17,2024-08-28
10177715220238260071,TJSP,G1,Mandado de Segurança Cível,120,Assistência Médico-Hospitalar,1,02 FAZENDA PUBLICA DE BAURU,3506003.0,SAJ,Eletrônico,0,2023-07-17,2024-02-28
00106251120238260577,TJSP,G1,Cumprimento Provisório de Sentença,157,Fornecimento de medicamentos,1,ANEXO DO JUIZADO ESPECIAL DA FAZENDA PÚBLICA DA COMARCA DE SAO JOSE DOS CAMPOS,,SAJ,Eletrônico,0,2023-07-17,2024-08-27
00362979420238260100,TJSP,G1,Cumprimento Provisório de Sentença,157,Tratamento médico-hospitalar,1,45 CIVEL DE CENTRAL,,SAJ,Eletrônico,0,2023-07-17,2025-08-15
00040862120238260127,TJSP,G1,Cumprimento Provisório de Sentença,157,Tratamento médico-hospitalar,1,04 CIVEL DE CARAPICUIBA,,SAJ,Eletrônico,0,2023-07-17,2024-08-26
00101823220238260554,TJSP,G1,Cumprimento de sentença,156,Tratamento médico-hospitalar,1,06 CIVEL DE SANTO ANDRE,,SAJ,Eletrônico,0,2023-07-19,2025-01-10
00032612420238260565,TJSP,G1,Cumprimento Provisório de Sentença,157,Tratamento Domiciliar (Home Care),1,01 CIVEL DE SAO CAETANO DO SUL,,SAJ,Eletrônico,0,2023-07-19,2024-08-26
10195342820228260361,TJSP,G2,Apelação Cível,198,Tratamento médico-hospitalar,1,3ª CÂMARA DE DIREITO PRIVADO,,Inválido,Eletrônico,0,2023-07-19,2024-08-30
10201580320228260224,TJSP,G2,Agravo Interno Cível,1208,Tratamento médico-hospitalar,1,5ª CÂMARA DE DIREITO PRIVADO,,SAJ,Eletrônico,0,2023-07-20,2024-07-19
10045079420238260126,TJSP,G1,Procedimento do Juizado Especial da Fazenda Pública,14695,Fornecimento de medicamentos,1,VARA JUIZADO ESP. CIVEL CRIM. DE CARAGUATATUBA,3510500.0,SAJ,Eletrônico,0,2023-07-20,2024-03-25
00075323520238260223,TJSP,G1,Cumprimento de sentença,156,Fornecimento de medicamentos,1,01 CIVEL DE GUARUJA,,SAJ,Eletrônico,0,2023-07-21,2024-08-27
00111291720238260577,TJSP,G1,Cumprimento de sentença,156,Serviços Hospitalares,1,08 CIVEL DE SAO JOSE DOS CAMPOS,,SAJ,Eletrônico,0,2023-07-21,2024-08-26
00038318820238260248,TJSP,G1,Cumprimento Provisório de Decisão,10980,Tratamento médico-hospitalar,1,03 CIVEL DE INDAIATUBA,,SAJ,Eletrônico,0,2023-07-21,2024-08-29
10083294020228260704,TJSP,G2,Apelação Cível,198,Tratamento médico-hospitalar,1,4ª CÂMARA DE DIREITO PRIVADO,,Inválido,Eletrônico,0,2023-07-23,2024-08-30
00110637620238260564,TJSP,G1,Cumprimento de sentença,156,Tratamento médico-hospitalar,1,02 CIVEL DE SAO BERNARDO DO CAMPO,,SAJ,Eletrônico,0,2023-07-24,2024-08-26
00119144020238260007,TJSP,G1,Cumprimento de sentença,156,Tratamento médico-hospitalar,1,04 CIVEL DE ITAQUERA,,SAJ,Eletrônico,0,2023-07-24,2025-01-10
00196443320238260224,TJSP,G1,Cumprimento de sentença,156,Tratamento médico-hospitalar,1,07 CIVEL DE GUARULHOS,,SAJ,Eletrônico,0,2023-07-24,2024-08-25
00113197720238260577,TJSP,G1,Cumprimento de sentença,156,Fornecimento de medicamentos,1,04 CIVEL DE SAO JOSE DOS CAMPOS,,SAJ,Eletrônico,0,2023-07-25,2024-08-26
00052759220238260625,TJSP,G1,Cumprimento Provisório de Sentença,157,Fornecimento de medicamentos,1,FAZENDA PUBLICA DE TAUBATE,,SAJ,Eletrônico,0,2023-07-25,2024-08-26
00002952720238260165,TJSP,G1,Cumprimento Provisório de Sentença,157,Tratamento médico-hospitalar,1,01 CUMULATIVA DE DOIS CORREGOS,,SAJ,Eletrônico,0,2023-07-25,2024-08-27
00037939820238260079,TJSP,G1,Cumprimento de sentença,156,Serviços Hospitalares,1,01 CIVEL DE BOTUCATU,3507506.0,SAJ,Eletrônico,0,2023-07-25,2024-02-28
00006768320238260634,TJSP,G1,Cumprimento de Sentença contra a Fazenda Pública,12078,Fornecimento de medicamentos,1,01 CUMULATIVA DE TREMEMBE,,SAJ,Eletrônico,0,2023-07-26,2024-08-26
00053477920238260625,TJSP,G1,Cumprimento de sentença,156,Serviços Hospitalares,1,02 CIVEL DE TAUBATE,,SAJ,Eletrônico,0,2023-07-26,2024-08-26
00012528120238260115,TJSP,G1,Cumprimento Provisório de Sentença,157,Tratamento Domiciliar (Home Care),1,01 CUMULATIVA DE CAMPO LIMPO PAULISTA,,SAJ,Eletrônico,0,2023-07-27,2024-08-25
00004954920238260160,TJSP,G1,Cumprimento de sentença,156,Tratamento médico-hospitalar,1,01 CUMULATIVA DE DESCALVADO,3513702.0,SAJ,Eletrônico,0,2023-07-28,2023-11-23
00058650520238260032,TJSP,G1,Cumprimento Provisório de Sentença,157,Fornecimento de medicamentos,1,FAZENDA PUBLICA DE ARACATUBA,,SAJ,Eletrônico,0,2023-07-28,2024-08-28
00061069220238260156,TJSP,G1,Procedimento do Juizado Especial da Fazenda Pública,14695,Fornecimento de medicamentos,1,JUIZADO ESPECIAL CIVEL CRIM. DE CRUZEIRO,3513405.0,SAJ,Eletrônico,0,2023-07-31,2024-05-28
10023942720238260011,TJSP,G2,Apelação Cível,198,Tratamento médico-hospitalar,1,10ª CÂMARA DE DIREITO PRIVADO,,Inválido,Eletrônico,0,2023-07-31,2024-08-30
10023564420228260045,TJSP,G2,Apelação Cível,198,Tratamento médico-hospitalar,1,3ª CÂMARA DE DIREITO PRIVADO,,SAJ,Eletrônico,0,2023-07-31,2025-08-14
10431590420228260002,TJSP,G2,Apelação Cível,198,Tratamento médico-hospitalar,1,3ª CÂMARA DE DIREITO PRIVADO,,SAJ,Eletrônico,0,2023-08-01,2025-08-14
00017388020238260272,TJSP,G1,Cumprimento de Sentença contra a Fazenda Pública,12078,Fornecimento de medicamentos,1,JUIZADO ESPECIAL CIVEL CRIM. DE ITAPIRA,,SAJ,Eletrônico,0,2023-08-01,2024-08-26
11192088320228260100,TJSP,G2,Apelação Cível,198,Tratamento médico-hospitalar,1,2ª CÂMARA DE DIREITO PRIVADO,,Inválido,Eletrônico,0,2023-08-01,2024-08-30
00210819620238260002,TJSP,G1,Cumprimento de sentença,156,Tratamento médico-hospitalar,1,04 CIVEL DE SANTO AMARO,,SAJ,Eletrônico,0,2023-08-02,2025-08-12
00110033620238260554,TJSP,G1,Cumprimento de sentença,156,Tratamento médico-hospitalar,1,08 CIVEL DE SANTO ANDRE,3547809.0,SAJ,Eletrônico,0,2023-08-02,2024-06-05
00015463520238260568,TJSP,G1,Cumprimento de sentença,156,Tratamento médico-hospitalar,1,03 CIVEL DE SAO JOAO DA BOA VISTA,,SAJ,Eletrônico,0,2023-08-02,2024-08-26
00027111520238260408,TJSP,G1,Cumprimento de Sentença contra a Fazenda Pública,12078,Assistência Médico-Hospitalar,1,VARA JUIZADO ESPECIAL CIVEL DE OURINHOS,3534708.0,SAJ,Eletrônico,0,2023-08-03,2024-02-28
10077260520238260292,TJSP,G1,Procedimento do Juizado Especial da Fazenda Pública,14695,Custeio de Assistência Médica,1,FAZENDA PUBLICA DE JACAREI,3524402.0,SAJ,Eletrônico,0,2023-08-03,2024-05-08
21771148620238260000,TJSP,G2,Agravo Interno Cível,1208,Tratamento médico-hospitalar,1,3ª CÂMARA DE DIREITO PRIVADO,,SAJ,Eletrônico,0,2023-08-04,2024-07-19
00118255320238260577,TJSP,G1,Cumprimento de sentença,156,Assistência Médico-Hospitalar,1,ANEXO DO JUIZADO ESPECIAL DA FAZENDA PÚBLICA DA COMARCA DE SAO JOSE DOS CAMPOS,,SAJ,Eletrônico,0,2023-08-04,2024-08-26
10051686720238260322,TJSP,G1,Procedimento do Juizado Especial da Fazenda Pública,14695,Tratamento médico-hospitalar,1,VARA JUIZADO ESPECIAL CIVEL DE LINS,3527108.0,SAJ,Eletrônico,0,2023-08-06,2024-02-28
00007570420238260514,TJSP,G1,Cumprimento Provisório de Sentença,157,Tratamento médico-hospitalar,1,VARA UNICA DE ITUPEVA,,SAJ,Eletrônico,0,2023-08-07,2024-08-26
00210595120238260224,TJSP,G1,Cumprimento Provisório de Decisão,10980,Fornecimento de medicamentos,1,01 FAZENDA PUBLICA DE GUARULHOS,,SAJ,Eletrônico,0,2023-08-08,2024-08-25
21759655520238260000,TJSP,G2,Agravo Interno Cível,1208,Fornecimento de medicamentos,1,10ª CÂMARA DE DIREITO PRIVADO,3550308.0,SAJ,Eletrônico,0,2023-08-08,2024-02-26
00046717320238260127,TJSP,G1,Cumprimento de sentença,156,Tratamento médico-hospitalar,1,03 CIVEL DE CARAPICUIBA,,SAJ,Eletrônico,0,2023-08-08,2024-08-26
11017254020228260100,TJSP,G2,Embargos de Declaração Cível,1689,Tratamento médico-hospitalar,1,3ª CÂMARA DE DIREITO PRIVADO,3550308.0,SAJ,Eletrônico,0,2023-08-09,2023-11-23
00071484620238260361,TJSP,G1,Cumprimento Provisório de Sentença,157,Tratamento médico-hospitalar,1,02 CIVEL DE MOGI DAS CRUZES,,SAJ,Eletrônico,0,2023-08-09,2025-02-05
00104030920238260071,TJSP,G1,Cumprimento de Sentença contra a Fazenda Pública,12078,Fornecimento de medicamentos,1,JUIZADO ESP.DA FAZENDA PUBLICA DE BAURU,3506003.0,SAJ,Eletrônico,0,2023-08-09,2024-02-28
00046812020238260127,TJSP,G1,Cumprimento de sentença,156,Tratamento médico-hospitalar,1,04 CIVEL DE CARAPICUIBA,,SAJ,Eletrônico,0,2023-08-09,2024-08-26
10243312620228260562,TJSP,G2,Agravo Interno Cível,1208,Serviços Hospitalares,1,34ª CÂMARA DE DIREITO PRIVADO,,SAJ,Eletrônico,0,2023-08-09,2024-07-19
00007216820238260414,TJSP,G1,Cumprimento Provisório de Sentença,157,Fornecimento de medicamentos,1,JUIZADO ESPECIAL CIVEL CRIM. DE PALMEIRA D OESTE,3535200.0,SAJ,Eletrônico,0,2023-08-09,2024-02-28
00155094220228260602,TJSP,G1,Requisição de Pequeno Valor,1266,Custeio de Assistência Médica,1,ANEXO DO JUIZADO ESPECIAL DA FAZENDA PÚBLICA DE SOROCABA,,SAJ,Eletrônico,0,2023-08-10,2024-08-28
00012515820238260063,TJSP,G1,Cumprimento de sentença,156,Fornecimento de medicamentos,1,JUIZADO ESPECIAL CIVEL E CRIMINAL DE BARRA BONITA,,SAJ,Eletrônico,0,2023-08-10,2024-08-29
10929276620178260100,TJSP,G2,Embargos de Declaração Cível,1689,Planos de Saúde,1,10ª CÂMARA DE DIREITO PRIVADO,3550308.0,SAJ,Eletrônico,0,2023-08-11,2023-11-23
21776656620238260000,TJSP,G2,Agravo Interno Cível,1208,Tratamento médico-hospitalar,1,8ª CÂMARA DE DIREITO PRIVADO,,SAJ,Eletrônico,0,2023-08-11,2024-07-20
00043341220238260248,TJSP,G1,Cumprimento de sentença,156,Fornecimento de medicamentos,1,VARA JUIZADO ESPECIAL CIVEL DE INDAIATUBA,,Inválido,Eletrônico,0,2023-08-11,2024-08-29
00007875520238260153,TJSP,G1,Liquidação de Sentença pelo Procedimento Comum,152,Tratamento médico-hospitalar,1,01 CUMULATIVA DE CRAVINHOS,3513108.0,SAJ,Eletrônico,0,2023-08-13,2023-12-04
10027426520218260609,TJSP,G2,Embargos de Declaração Cível,1689,Fornecimento de medicamentos,1,4ª CÂMARA DE DIREITO PÚBLICO,3550308.0,SAJ,Eletrônico,0,2023-08-14,2023-09-29
11020216220228260100,TJSP,G2,Embargos de Declaração Cível,1689,Serviços Hospitalares,1,36ª CÂMARA DE DIREITO PRIVADO,,SAJ,Eletrônico,0,2023-08-14,2024-07-19
00220408020238260224,TJSP,G1,Cumprimento de sentença,156,Tratamento médico-hospitalar,1,01 CIVEL DE GUARULHOS,,SAJ,Eletrônico,0,2023-08-14,2024-08-26
10078140320238260079,TJSP,G1,Procedimento do Juizado Especial da Fazenda Pública,14695,Custeio de Assistência Médica,1,VARA JUIZADO ESP. CIVEL CRIM. DE BOTUCATU,3507506.0,SAJ,Eletrônico,0,2023-08-15,2024-02-28
21757585620238260000,TJSP,G2,Agravo Interno Cível,1208,Tratamento médico-hospitalar,1,5ª CÂMARA DE DIREITO PRIVADO,3550308.0,SAJ,Eletrônico,0,2023-08-15,2024-05-28
00058102120238260625,TJSP,G1,Cumprimento de Sentença contra a Fazenda Pública,12078,Fornecimento de medicamentos,1,FAZENDA PUBLICA DE TAUBATE,,SAJ,Eletrônico,0,2023-08-15,2024-08-26
00034218720238260132,TJSP,G1,Cumprimento Provisório de Decisão,10980,Fornecimento de medicamentos,1,03 CIVEL DE CATANDUVA,3511102.0,SAJ,Eletrônico,0,2023-08-16,2023-09-30
10020312820198260125,TJSP,G2,Apelação Cível,198,Planos de Saúde,3,3ª CÂMARA DE DIREITO PRIVADO,,Inválido,Eletrônico,0,2023-08-16,2024-08-30
00122961120238260564,TJSP,G1,Cumprimento de sentença,156,Serviços Hospitalares,1,02 CIVEL DE SAO BERNARDO DO CAMPO,,SAJ,Eletrônico,0,2023-08-16,2024-08-26
00107426520238260071,TJSP,G1,Procedimento do Juizado Especial da Fazenda Pública,14695,Fornecimento de medicamentos,1,JUIZADO ESP.DA FAZENDA PUBLICA DE BAURU,3506003.0,SAJ,Eletrônico,0,2023-08-16,2024-03-10
00025653120238260292,TJSP,G1,Requisição de Pequeno Valor,1266,Custeio de Assistência Médica,2,02 CRIMINAL DE JACAREI,3524402.0,SAJ,Eletrônico,0,2023-08-16,2023-11-23
00247723420238260224,TJSP,G1,Cumprimento de sentença,156,Planos de Saúde,1,03 CIVEL DE GUARULHOS,,SAJ,Eletrônico,0,2023-08-17,2024-08-25
00220364320238260224,TJSP,G1,Cumprimento de sentença,156,Tratamento médico-hospitalar,1,09 CIVEL DE GUARULHOS,,SAJ,Eletrônico,0,2023-08-17,2025-01-10
00099018020238260003,TJSP,G1,Cumprimento de sentença,156,Fornecimento de medicamentos,1,04 CIVEL DE JABAQUARA,3550308.0,SAJ,Eletrônico,0,2023-08-17,2023-10-31
10022313420238260565,TJSP,G2,Apelação Cível,198,Tratamento médico-hospitalar,1,10ª CÂMARA DE DIREITO PRIVADO,,SAJ,Eletrônico,0,2023-08-17,2024-10-26
10207603120238260071,TJSP,G1,Procedimento do Juizado Especial da Fazenda Pública,14695,Custeio de Assistência Médica,1,JUIZADO ESP.DA FAZENDA PUBLICA DE BAURU,3506003.0,SAJ,Eletrônico,0,2023-08-17,2024-02-28
00220320620238260224,TJSP,G1,Cumprimento Provisório de Sentença,157,Tratamento médico-hospitalar,1,09 CIVEL DE GUARULHOS,,SAJ,Eletrônico,0,2023-08-17,2024-08-26
00108023820238260071,TJSP,G1,Procedimento do Juizado Especial da Fazenda Pública,14695,Fornecimento de medicamentos,1,JUIZADO ESP.DA FAZENDA PUBLICA DE BAURU,3506003.0,SAJ,Eletrônico,0,2023-08-17,2024-02-28
10218074620238260554,TJSP,G1,Procedimento do Juizado Especial da Fazenda Pública,14695,Fornecimento de medicamentos,1,01 FAZENDA PUBLICA DE SANTO ANDRE,3547809.0,SAJ,Eletrônico,0,2023-08-21,2024-03-25
00093652420238260309,TJSP,G1,Cumprimento de Sentença contra a Fazenda Pública,12078,Assistência Médico-Hospitalar,1,FAZENDA PUBLICA DE JUNDIAI,,SAJ,Eletrônico,0,2023-08-21,2024-08-25
00222694020238260224,TJSP,G1,Cumprimento de Sentença contra a Fazenda Pública,12078,Assistência Médico-Hospitalar,1,02 FAZENDA PUBLICA DE GUARULHOS,,SAJ,Eletrônico,0,2023-08-21,2024-08-25
00059384120238260625,TJSP,G1,Cumprimento Provisório de Sentença,157,Tratamento médico-hospitalar,1,04 CIVEL DE TAUBATE,,SAJ,Eletrônico,0,2023-08-21,2024-08-26
00074716920238260161,TJSP,G1,Cumprimento de sentença,156,Fornecimento de medicamentos,1,02 CIVEL DE DIADEMA,,SAJ,Eletrônico,0,2023-08-23,2024-07-20
00129931520238260602,TJSP,G1,Cumprimento de sentença,156,Fornecimento de medicamentos,1,FAZENDA PUBLICA DE SOROCABA,,SAJ,Eletrônico,0,2023-08-23,2024-08-28
10031806620238260045,TJSP,G1,Procedimento do Juizado Especial da Fazenda Pública,14695,Assistência Médico-Hospitalar,2,VARA JUIZADO ESP. CIVEL CRIM. DE ARUJA,,SAJ,Eletrônico,0,2023-08-23,2024-08-25
00004597720238260169,TJSP,G1,Cumprimento de sentença,156,Custeio de Assistência Médica,1,JUIZADO ESPECIAL CIVEL DE DUARTINA,,SAJ,Eletrônico,0,2023-08-23,2024-08-27
10378231420208260576,TJSP,G2,Apelação Cível,198,Tratamento médico-hospitalar,1,4ª CÂMARA DE DIREITO PRIVADO,,Inválido,Eletrônico,0,2023-08-23,2024-08-30
00039008920238260032,TJSP,G1,Requisição de Pequeno Valor,1266,Fornecimento de medicamentos,1,FAZENDA PUBLICA DE ARACATUBA,,SAJ,Eletrônico,0,2023-08-23,2024-08-27
00122911920238260554,TJSP,G1,Cumprimento de sentença,156,Tratamento médico-hospitalar,1,03 CIVEL DE SANTO ANDRE,3547809.0,SAJ,Eletrônico,0,2023-08-24,2024-06-05
00040092120238260609,TJSP,G1,Requisição de Pequeno Valor,1266,Custeio de Assistência Médica,1,VARA JUIZADO ESP. CIVEL CRIM. DE TABOAO DA SERRA,,SAJ,Eletrônico,0,2023-08-24,2024-08-26
00024431120238260650,TJSP,G1,Cumprimento de sentença,156,Fornecimento de medicamentos,1,01 CUMULATIVA DE VALINHOS,3556206.0,SAJ,Eletrônico,0,2023-08-24,2023-10-31
15025292520238260126,TJSP,G1,Procedimento do Juizado Especial da Fazenda Pública,14695,Fornecimento de medicamentos,1,VARA JUIZADO ESP. CIVEL CRIM. DE CARAGUATATUBA,3510500.0,SAJ,Eletrônico,0,2023-08-24,2024-03-26
00024457820238260650,TJSP,G1,Cumprimento de sentença,156,Fornecimento de medicamentos,1,01 CUMULATIVA DE VALINHOS,3556206.0,SAJ,Eletrônico,0,2023-08-24,2023-12-04
10463789520178260100,TJSP,G2,Agravo Interno Cível,1208,Planos de Saúde,1,6ª CÂMARA DE DIREITO PRIVADO,3550308.0,SAJ,Eletrônico,0,2023-08-25,2024-02-26
00003990920228260115,TJSP,G1,Requisição de Pequeno Valor,1266,Planos de Saúde,1,02 CUMULATIVA DE CAMPO LIMPO PAULISTA,,SAJ,Eletrônico,0,2023-08-25,2024-08-26
00039666520238260292,TJSP,G1,Cumprimento de sentença,156,Tratamento médico-hospitalar,1,02 CIVEL DE JACAREI,3524402.0,SAJ,Eletrônico,0,2023-08-25,2024-05-28
10007197620238260060,TJSP,G1,Procedimento do Juizado Especial da Fazenda Pública,14695,Fornecimento de medicamentos,1,JUIZADO ESPECIAL CIVEL CRIM. DE AURIFLAMA,3504206.0,SAJ,Eletrônico,0,2023-08-26,2024-02-28
00289825920238260053,TJSP,G1,Liquidação de Sentença pelo Procedimento Comum,152,Tratamento médico-hospitalar,1,05 FAZENDA PUBLICA DE CENTRAL,3550308.0,SAJ,Eletrônico,0,2023-08-28,2023-11-23
10144669720158260020,TJSP,G2,Agravo Interno Cível,1208,Planos de Saúde,1,10ª CÂMARA DE DIREITO PRIVADO,3550308.0,SAJ,Eletrônico,0,2023-08-28,2023-11-23
00132164320238260577,TJSP,G1,Cumprimento de sentença,156,Tratamento médico-hospitalar,1,05 CIVEL DE SAO JOSE DOS CAMPOS,,SAJ,Eletrônico,0,2023-08-28,2024-08-26
10960438020178260100,TJSP,G2,Agravo Interno Cível,1208,Planos de Saúde,1,10ª CÂMARA DE DIREITO PRIVADO,3550308.0,SAJ,Eletrônico,0,2023-08-28,2024-02-26
00062438020238260348,TJSP,G1,Cumprimento Provisório de Sentença,157,Tratamento médico-hospitalar,1,04 CIVEL DE MAUA,,SAJ,Eletrônico,0,2023-08-29,2025-08-11
00049687420238260032,TJSP,G1,Requisição de Pequeno Valor,1266,Fornecimento de medicamentos,1,FAZENDA PUBLICA DE ARACATUBA,,SAJ,Eletrônico,0,2023-08-29,2024-08-28
00078196920238260361,TJSP,G1,Cumprimento Provisório de Decisão,10980,Tratamento médico-hospitalar,1,03 CIVEL DE MOGI DAS CRUZES,3530607.0,SAJ,Eletrônico,0,2023-08-29,2024-05-28
10219303820238260071,TJSP,G1,Procedimento do Juizado Especial da Fazenda Pública,14695,Assistência Médico-Hospitalar,1,JUIZADO ESP.DA FAZENDA PUBLICA DE BAURU,3506003.0,SAJ,Eletrônico,0,2023-08-29,2024-02-28
00120885120238260071,TJSP,G1,Cumprimento de sentença,156,Tratamento médico-hospitalar,1,07 CIVEL DE BAURU,,Inválido,Eletrônico,0,2023-08-30,2024-08-29
00440232220238260100,TJSP,G1,Cumprimento Provisório de Sentença,157,Tratamento médico-hospitalar,1,37 CIVEL DE CENTRAL,,SAJ,Eletrônico,0,2023-08-31,2025-02-05
00017988020238260457,TJSP,G1,Cumprimento de sentença,156,Tratamento médico-hospitalar,1,02 CUMULATIVA DE PIRASSUNUNGA,,SAJ,Eletrônico,0,2023-08-31,2024-08-26
00134996620238260577,TJSP,G1,Cumprimento de sentença,156,Tratamento Domiciliar (Home Care),1,08 CIVEL DE SAO JOSE DOS CAMPOS,,SAJ,Eletrônico,0,2023-08-31,2024-08-26
00247696620238260002,TJSP,G1,Cumprimento de sentença,156,Tratamento médico-hospitalar,1,11 CIVEL DE SANTO AMARO,3550308.0,SAJ,Eletrônico,0,2023-08-31,2023-12-05
00003723320238260263,TJSP,G1,Requisição de Pequeno Valor,1266,Fornecimento de medicamentos,1,JUIZADO ESPECIAL CIVEL CRIM. DE ITAI,,SAJ,Eletrônico,0,2023-09-01,2024-08-27
00251542720238260224,TJSP,G1,Cumprimento de sentença,156,Tratamento médico-hospitalar,1,03 CIVEL DE GUARULHOS,,SAJ,Eletrônico,0,2023-09-01,2024-08-25
10697622420168260100,TJSP,G2,Embargos de Declaração Cível,1689,Planos de Saúde,1,10ª CÂMARA DE DIREITO PRIVADO,3550308.0,SAJ,Eletrônico,0,2023-09-01,2024-02-26
00144091820238260602,TJSP,G1,Cumprimento de sentença,156,Tratamento médico-hospitalar,1,01 CIVEL DE SOROCABA,,SAJ,Eletrônico,0,2023-09-01,2024-08-28
00008126120238260414,TJSP,G1,Cumprimento de sentença,156,Fornecimento de medicamentos,1,JUIZADO ESPECIAL CIVEL CRIM. DE PALMEIRA D OESTE,,SAJ,Eletrônico,0,2023-09-04,2024-08-27
00125888520238260405,TJSP,G1,Cumprimento de sentença,156,Fornecimento de medicamentos,1,01 FAZENDA PUBLICA DE OSASCO,,SAJ,Eletrônico,0,2023-09-04,2024-08-25
00026549220238260441,TJSP,G1,Cumprimento de sentença,156,Tratamento médico-hospitalar,1,02 CUMULATIVA DE PERUIBE,,SAJ,Eletrônico,0,2023-09-05,2024-07-20
10065126220238260038,TJSP,G1,Cumprimento de Sentença contra a Fazenda Pública,12078,Fornecimento de medicamentos,1,03 CIVEL DE ARARAS,3503307.0,SAJ,Eletrônico,0,2023-09-05,2023-11-24
00060198620238260011,TJSP,G1,Cumprimento de sentença,156,Tratamento médico-hospitalar,1,02 CIVEL DE PINHEIROS,,SAJ,Eletrônico,0,2023-09-05,2025-08-11
10088105420228260008,TJSP,G2,Apelação Cível,198,Tratamento médico-hospitalar,1,2ª CÂMARA DE DIREITO PRIVADO,3550308.0,SAJ,Eletrônico,0,2023-09-06,2024-05-28
10061858020228260191,TJSP,G2,Apelação Cível,198,Fornecimento de medicamentos,1,12ª CÂMARA DE DIREITO PÚBLICO,3550308.0,SAJ,Eletrônico,0,2023-09-06,2023-11-23
00017831220238260296,TJSP,G1,Cumprimento de sentença,156,Tratamento médico-hospitalar,1,01 CUMULATIVA DE JAGUARIUNA,,SAJ,Eletrônico,0,2023-09-06,2024-08-25
00128784120238260554,TJSP,G1,Cumprimento Provisório de Decisão,10980,Tratamento médico-hospitalar,1,01 CIVEL DE SANTO ANDRE,3547809.0,SAJ,Eletrônico,0,2023-09-06,2023-12-05
10071529120228260073,TJSP,G2,Apelação Cível,198,Fornecimento de medicamentos,1,1ª CÂMARA DE DIREITO PÚBLICO,3550308.0,SAJ,Eletrônico,0,2023-09-06,2023-11-23
00017814220238260296,TJSP,G1,Cumprimento de sentença,156,Tratamento médico-hospitalar,1,01 CUMULATIVA DE JAGUARIUNA,,SAJ,Eletrônico,0,2023-09-06,2024-08-26
00159695220238260001,TJSP,G1,Cumprimento Provisório de Decisão,10980,Tratamento médico-hospitalar,1,07 CIVEL DE SANTANA,,SAJ,Eletrônico,0,2023-09-06,2025-08-11
22392805720238260000,TJSP,G2,Mandado de Segurança Cível,120,Fornecimento de medicamentos,1,2ª CÂMARA DE DIREITO PÚBLICO,3550308.0,SAJ,Eletrônico,0,2023-09-06,2023-11-23
10242754920218260005,TJSP,G2,Apelação Cível,198,Fornecimento de medicamentos,1,8ª CÂMARA DE DIREITO PRIVADO,3550308.0,SAJ,Eletrônico,0,2023-09-06,2024-05-28
00050737920238260152,TJSP,G1,Cumprimento de sentença,156,Tratamento médico-hospitalar,1,01 CIVEL DE COTIA,3513009.0,SAJ,Eletrônico,0,2023-09-07,2024-05-28
10268045320218260001,TJSP,G2,Apelação Cível,198,Tratamento médico-hospitalar,1,6ª CÂMARA DE DIREITO PRIVADO,3550308.0,SAJ,Eletrônico,0,2023-09-07,2024-03-25
10385043020158260100,TJSP,G2,Embargos de Declaração Cível,1689,Planos de Saúde,1,9ª CÂMARA DE DIREITO PRIVADO,3550308.0,SAJ,Eletrônico,0,2023-09-08,2023-11-23
00132014620238260554,TJSP,G1,Cumprimento de sentença,156,Tratamento médico-hospitalar,1,08 CIVEL DE SANTO ANDRE,3547809.0,SAJ,Eletrônico,0,2023-09-08,2024-05-08
10586444120228260100,TJSP,G2,Embargos de Declaração Cível,1689,Tratamento médico-hospitalar,1,2ª CÂMARA DE DIREITO PRIVADO,3550308.0,SAJ,Eletrônico,0,2023-09-08,2024-02-26
00356259520238260000,TJSP,G2,Cumprimento de sentença,156,Fornecimento de medicamentos,1,2ª CÂMARA DE DIREITO PRIVADO,3550308.0,SAJ,Eletrônico,0,2023-09-11,2023-10-20
10033431520208260348,TJSP,G2,Apelação Cível,198,Serviços Hospitalares,1,30ª CÂMARA DE DIREITO PRIVADO,3550308.0,SAJ,Eletrônico,0,2023-09-11,2024-04-26
10237717420238260554,TJSP,G1,Procedimento do Juizado Especial da Fazenda Pública,14695,Assistência Médico-Hospitalar,1,01 FAZENDA PUBLICA DE SANTO ANDRE,3547809.0,SAJ,Eletrônico,0,2023-09-11,2024-05-08
10004133420238260246,TJSP,G2,Apelação Cível,198,Tratamento médico-hospitalar,1,2ª CÂMARA DE DIREITO PRIVADO,,SAJ,Eletrônico,0,2023-09-11,2024-07-20
00145258120238260001,TJSP,G1,Cumprimento de sentença,156,Tratamento médico-hospitalar,1,01 CIVEL DE SANTANA,,SAJ,Eletrônico,0,2023-09-11,2025-08-14
10188007320238260351,TJSP,G1,Reclamação Pré-processual,11875,Tratamento médico-hospitalar,1,CEJUSC (Pré-Processual),,SAJ,Eletrônico,0,2023-09-11,2025-08-06
10061878920238260005,TJSP,G2,Apelação Cível,198,Tratamento médico-hospitalar,1,5ª CÂMARA DE DIREITO PRIVADO,,SAJ,Eletrônico,0,2023-09-11,2024-07-19
00135441220238260564,TJSP,G1,Cumprimento de sentença,156,Tratamento médico-hospitalar,1,08 CIVEL DE SAO BERNARDO DO CAMPO,,SAJ,Eletrônico,0,2023-09-11,2024-08-26
10521762720238260100,TJSP,G2,Apelação Cível,198,Serviços Hospitalares,1,32ª CÂMARA DE DIREITO PRIVADO,3550308.0,SAJ,Eletrônico,0,2023-09-11,2024-05-28
10389877120228260114,TJSP,G2,Apelação Cível,198,Fornecimento de medicamentos,1,1ª CÂMARA DE DIREITO PRIVADO,,SAJ,Eletrônico,0,2023-09-11,2024-07-19
00139829620238260577,TJSP,G1,Cumprimento de sentença,156,Fornecimento de medicamentos,1,07 CIVEL DE SAO JOSE DOS CAMPOS,,SAJ,Eletrônico,0,2023-09-12,2024-08-26
00027102820238260441,TJSP,G1,Cumprimento de sentença,156,Planos de Saúde,1,02 CUMULATIVA DE PERUIBE,,SAJ,Eletrônico,0,2023-09-12,2024-08-27
00008517720238260246,TJSP,G1,Cumprimento Provisório de Sentença,157,Tratamento médico-hospitalar,1,02 CUMULATIVA DE ILHA SOLTEIRA,,SAJ,Eletrônico,0,2023-09-13,2024-08-27
00037473720238260297,TJSP,G1,Cumprimento Provisório de Sentença,157,Fornecimento de medicamentos,1,VARA JUIZADO ESP. CIVEL CRIM. DE JALES,,SAJ,Eletrônico,0,2023-09-13,2024-08-27
00104184020238260309,TJSP,G1,Cumprimento de sentença,156,Tratamento médico-hospitalar,1,FAZENDA PUBLICA DE JUNDIAI,,SAJ,Eletrônico,0,2023-09-14,2024-08-26
00140305520238260577,TJSP,G1,Cumprimento de sentença,156,Tratamento médico-hospitalar,1,06 CIVEL DE SAO JOSE DOS CAMPOS,,SAJ,Eletrônico,0,2023-09-14,2024-08-26
00133123020238260554,TJSP,G1,Cumprimento Provisório de Sentença,157,Tratamento médico-hospitalar,1,08 CIVEL DE SANTO ANDRE,3547809.0,SAJ,Eletrônico,0,2023-09-14,2024-06-05
00138282020238260564,TJSP,G1,Cumprimento de sentença,156,Tratamento médico-hospitalar,1,04 CIVEL DE SAO BERNARDO DO CAMPO,,SAJ,Eletrônico,0,2023-09-14,2024-08-26
15189086820238260602,TJSP,G1,Cumprimento de Sentença contra a Fazenda Pública,12078,Fornecimento de medicamentos,1,FAZENDA PUBLICA DE SOROCABA,3552205.0,SAJ,Eletrônico,0,2023-09-15,2023-11-23
00014123120238260431,TJSP,G1,Cumprimento de Sentença contra a Fazenda Pública,12078,Fornecimento de medicamentos,1,01 CUMULATIVA DE PEDERNEIRAS,,SAJ,Eletrônico,0,2023-09-18,2024-08-27
00042949220238260292,TJSP,G1,Procedimento do Juizado Especial da Fazenda Pública,14695,Custeio de Assistência Médica,1,FAZENDA PUBLICA DE JACAREI,3524402.0,SAJ,Eletrônico,0,2023-09-18,2024-05-08
00248485820238260224,TJSP,G1,Cumprimento de Sentença contra a Fazenda Pública,12078,Fornecimento de medicamentos,1,02 FAZENDA PUBLICA DE GUARULHOS,,SAJ,Eletrônico,0,2023-09-18,2024-08-25
10017623020238260066,TJSP,G2,Apelação Cível,198,Tratamento médico-hospitalar,1,1ª CÂMARA DE DIREITO PRIVADO,,SAJ,Eletrônico,0,2023-09-18,2025-08-14
00042931020238260292,TJSP,G1,Procedimento do Juizado Especial da Fazenda Pública,14695,Custeio de Assistência Médica,1,FAZENDA PUBLICA DE JACAREI,3524402.0,SAJ,Eletrônico,0,2023-09-18,2024-05-28
22416752220238260000,TJSP,G2,Embargos de Declaração Cível,1689,Tratamento médico-hospitalar,1,9ª CÂMARA DE DIREITO PRIVADO,,SAJ,Eletrônico,0,2023-09-18,2024-07-19
22389688120238260000,TJSP,G2,Agravo Interno Cível,1208,Tratamento médico-hospitalar,1,9ª CÂMARA DE DIREITO PRIVADO,3550308.0,SAJ,Eletrônico,0,2023-09-19,2023-11-23
00065386720238260009,TJSP,G1,Cumprimento de sentença,156,Tratamento médico-hospitalar,1,04 CIVEL DE VILA PRUDENTE,,SAJ,Eletrônico,0,2023-09-19,2025-08-11
00140951620238260071,TJSP,G1,Cumprimento de sentença,156,Tratamento médico-hospitalar,1,07 CIVEL DE BAURU,,Inválido,Eletrônico,0,2023-09-19,2024-08-29
00144481520238260602,TJSP,G1,Cumprimento de sentença,156,Tratamento médico-hospitalar,1,01 CIVEL DE SOROCABA,3552205.0,SAJ,Eletrônico,0,2023-09-19,2023-11-23
00252504220238260224,TJSP,G1,Cumprimento de sentença,156,Tratamento médico-hospitalar,1,07 CIVEL DE GUARULHOS,,SAJ,Eletrônico,0,2023-09-20,2024-08-25
00041274120238260077,TJSP,G1,Cumprimento de sentença,156,Tratamento médico-hospitalar,1,03 CIVEL DE BIRIGUI,,Inválido,Eletrônico,0,2023-09-20,2024-08-30
00315504820238260053,TJSP,G1,Cumprimento de sentença,156,Tratamento médico-hospitalar,1,13 FAZENDA PUBLICA DE CENTRAL,,SAJ,Eletrônico,0,2023-09-21,2025-08-11
10049209320198260564,TJSP,G2,Embargos de Declaração Cível,1689,Planos de Saúde,1,7ª CÂMARA DE DIREITO PRIVADO,,SAJ,Eletrônico,0,2023-09-21,2024-07-19
10362851220238260602,TJSP,G1,Procedimento do Juizado Especial da Fazenda Pública,14695,Custeio de Assistência Médica,1,ANEXO DO JUIZADO ESPECIAL DA FAZENDA PÚBLICA DE SOROCABA,3552205.0,SAJ,Eletrônico,0,2023-09-21,2024-03-10
00476893120238260100,TJSP,G1,Cumprimento de sentença,156,Tratamento médico-hospitalar,1,15 CIVEL DE CENTRAL,3550308.0,SAJ,Eletrônico,0,2023-09-21,2023-11-23
00264810720238260224,TJSP,G1,Cumprimento de sentença,156,Planos de Saúde,1,03 CIVEL DE GUARULHOS,,SAJ,Eletrônico,0,2023-09-22,2024-08-25
00253422020238260224,TJSP,G1,Cumprimento de sentença,156,Tratamento médico-hospitalar,1,07 CIVEL DE GUARULHOS,,SAJ,Eletrônico,0,2023-09-22,2024-08-25
00033783520238260526,TJSP,G1,Cumprimento de sentença,156,Tratamento médico-hospitalar,1,01 CUMULATIVA DE SALTO,,SAJ,Eletrônico,0,2023-09-22,2024-08-27
00146064820238260577,TJSP,G1,Cumprimento Provisório de Sentença,157,Tratamento médico-hospitalar,1,07 CIVEL DE SAO JOSE DOS CAMPOS,,SAJ,Eletrônico,0,2023-09-24,2025-01-10
00108912620238260309,TJSP,G1,Cumprimento Provisório de Decisão,10980,Tratamento médico-hospitalar,1,03 CIVEL DE JUNDIAI,,SAJ,Eletrônico,0,2023-09-25,2024-08-25
00068738120238260625,TJSP,G1,Cumprimento de sentença,156,Fornecimento de medicamentos,1,01 CIVEL DE TAUBATE,,SAJ,Eletrônico,0,2023-09-25,2024-08-26
00050308420238260624,TJSP,G1,Cumprimento de sentença,156,Tratamento médico-hospitalar,1,03 CIVEL DE TATUI,3554003.0,SAJ,Eletrônico,0,2023-09-25,2023-12-04
00319566920238260053,TJSP,G1,Cumprimento Provisório de Sentença,157,Tratamento médico-hospitalar,1,13 FAZENDA PUBLICA DE CENTRAL,,SAJ,Eletrônico,0,2023-09-25,2025-08-14
10061360620238260126,TJSP,G1,Procedimento do Juizado Especial da Fazenda Pública,14695,Fornecimento de medicamentos,1,VARA JUIZADO ESP. CIVEL CRIM. DE CARAGUATATUBA,3510500.0,SAJ,Eletrônico,0,2023-09-26,2024-02-27
22412586920238260000,TJSP,G2,Agravo Interno Cível,1208,Tratamento médico-hospitalar,1,9ª CÂMARA DE DIREITO PRIVADO,3550308.0,SAJ,Eletrônico,0,2023-09-26,2024-05-28
00042988620238260565,TJSP,G1,Cumprimento de sentença,156,Serviços Hospitalares,1,03 CIVEL DE SAO CAETANO DO SUL,,SAJ,Eletrônico,0,2023-09-26,2024-08-26
10027164720238260011,TJSP,G2,Embargos de Declaração Cível,1689,Tratamento médico-hospitalar,1,7ª CÂMARA DE DIREITO PRIVADO,,SAJ,Eletrônico,0,2023-09-26,2024-07-20
10167453920228260011,TJSP,G2,Apelação Cível,198,Fornecimento de medicamentos,1,3ª CÂMARA DE DIREITO PRIVADO,,SAJ,Eletrônico,0,2023-09-26,2025-08-14
00137857520238260405,TJSP,G1,Cumprimento de sentença,156,Tratamento médico-hospitalar,1,02 CIVEL DE OSASCO,,SAJ,Eletrônico,0,2023-09-27,2024-08-26
22388345420238260000,TJSP,G2,Agravo Interno Cível,1208,Tratamento médico-hospitalar,1,3ª CÂMARA DE DIREITO PRIVADO,3550308.0,SAJ,Eletrônico,0,2023-09-27,2023-11-23
00072189620238260156,TJSP,G1,Procedimento do Juizado Especial da Fazenda Pública,14695,Fornecimento de medicamentos,1,JUIZADO ESPECIAL CIVEL CRIM. DE CRUZEIRO,3513405.0,SAJ,Eletrônico,0,2023-09-27,2024-05-08
00148411520238260577,TJSP,G1,Cumprimento de Sentença contra a Fazenda Pública,12078,Fornecimento de medicamentos,1,ANEXO DO JUIZADO ESPECIAL DA FAZENDA PÚBLICA DA COMARCA DE SAO JOSE DOS CAMPOS,,SAJ,Eletrônico,0,2023-09-27,2024-08-26
00204752320238260114,TJSP,G1,Cumprimento de sentença,156,Tratamento médico-hospitalar,1,10 CIVEL DE CAMPINAS,,SAJ,Eletrônico,0,2023-09-28,2025-08-11
00137675420238260405,TJSP,G1,Cumprimento de sentença,156,Tratamento médico-hospitalar,1,05 CIVEL DE OSASCO,,SAJ,Eletrônico,0,2023-09-28,2024-08-26
00018453020238260368,TJSP,G1,Procedimento do Juizado Especial da Fazenda Pública,14695,Fornecimento de medicamentos,1,JUIZADO ESPECIAL CIVEL CRIM. DE MONTE ALTO,3531308.0,SAJ,Eletrônico,0,2023-09-28,2023-11-24
00148457420238260602,TJSP,G1,Cumprimento de Sentença contra a Fazenda Pública,12078,Assistência Médico-Hospitalar,1,ANEXO DO JUIZADO ESPECIAL DA FAZENDA PÚBLICA DE SOROCABA,3552205.0,SAJ,Eletrônico,0,2023-09-28,2023-12-04
00137112120238260405,TJSP,G1,Cumprimento de sentença,156,Tratamento médico-hospitalar,1,08 CIVEL DE OSASCO,,SAJ,Eletrônico,0,2023-09-28,2024-08-26
00148465920238260602,TJSP,G1,Cumprimento de Sentença contra a Fazenda Pública,12078,Assistência Médico-Hospitalar,1,ANEXO DO JUIZADO ESPECIAL DA FAZENDA PÚBLICA DE SOROCABA,3552205.0,SAJ,Eletrônico,0,2023-09-28,2023-12-04
00078553120238260032,TJSP,G1,Cumprimento Provisório de Decisão,10980,Fornecimento de medicamentos,1,FAZENDA PUBLICA DE ARACATUBA,,SAJ,Eletrônico,0,2023-09-29,2024-08-28
00148950320238260602,TJSP,G1,Cumprimento de Sentença contra a Fazenda Pública,12078,Assistência Médico-Hospitalar,1,ANEXO DO JUIZADO ESPECIAL DA FAZENDA PÚBLICA DE SOROCABA,3552205.0,SAJ,Eletrônico,0,2023-10-01,2023-12-04
00265694520238260224,TJSP,G1,Cumprimento de sentença,156,Serviços Hospitalares,1,07 CIVEL DE GUARULHOS,,SAJ,Eletrônico,0,2023-10-03,2024-08-25
21110681820238260000,TJSP,G2,Embargos de Declaração Cível,1689,Tratamento médico-hospitalar,1,8ª CÂMARA DE DIREITO PRIVADO,3550308.0,SAJ,Eletrônico,0,2023-10-03,2024-02-26
22389765820238260000,TJSP,G2,Agravo Interno Cível,1208,Tratamento médico-hospitalar,1,2ª CÂMARA DE DIREITO PRIVADO,3550308.0,SAJ,Eletrônico,0,2023-10-03,2023-11-23
00501714920238260100,TJSP,G1,Cumprimento de sentença,156,Tratamento médico-hospitalar,1,30 CIVEL DE CENTRAL,,SAJ,Eletrônico,0,2023-10-03,2025-08-15
00044859420238260565,TJSP,G1,Cumprimento Provisório de Decisão,10980,Tratamento Domiciliar (Home Care),1,06 CIVEL DE SAO CAETANO DO SUL,,SAJ,Eletrônico,0,2023-10-04,2024-08-26
22411893720238260000,TJSP,G2,Agravo Interno Cível,1208,Tratamento médico-hospitalar,1,4ª CÂMARA DE DIREITO PRIVADO,3550308.0,SAJ,Eletrônico,0,2023-10-04,2023-12-04
00277801920238260224,TJSP,G1,Cumprimento de sentença,156,Tratamento médico-hospitalar,1,08 CIVEL DE GUARULHOS,,SAJ,Eletrônico,0,2023-10-04,2024-08-25
00460274120238260000,TJSP,G2,Cumprimento de sentença,156,Tratamento médico-hospitalar,1,1ª CÂMARA DE DIREITO PRIVADO,3550308.0,SAJ,Eletrônico,0,2023-10-04,2024-02-26
00070695920238260008,TJSP,JE,Cumprimento de sentença,156,Tratamento médico-hospitalar,1,01 VARA JUIZADO ESPECIAL CIVEL DE TATUAPE,3550308.0,SAJ,Eletrônico,0,2023-10-04,2023-11-24
00167028120238260562,TJSP,G1,Cumprimento Provisório de Decisão,10980,Tratamento médico-hospitalar,1,07 CIVEL DE SANTOS,3548500.0,SAJ,Eletrônico,0,2023-10-04,2024-05-28
00193657420238260506,TJSP,G1,Cumprimento de sentença,156,Tratamento médico-hospitalar,1,05 CIVEL DE RIBEIRAO PRETO,,SAJ,Eletrônico,0,2023-10-04,2025-02-06
00009000220238260414,TJSP,G1,Procedimento do Juizado Especial da Fazenda Pública,14695,Fornecimento de medicamentos,1,JUIZADO ESPECIAL CIVEL CRIM. DE PALMEIRA D OESTE,3535200.0,SAJ,Eletrônico,0,2023-10-04,2024-02-28
22410490320238260000,TJSP,G2,Agravo Interno Cível,1208,Tratamento médico-hospitalar,1,9ª CÂMARA DE DIREITO PRIVADO,3550308.0,SAJ,Eletrônico,0,2023-10-05,2024-04-26
22402315120238260000,TJSP,G2,Agravo Interno Cível,1208,Tratamento médico-hospitalar,1,9ª CÂMARA DE DIREITO PRIVADO,3550308.0,SAJ,Eletrônico,0,2023-10-05,2024-04-26
10014474120238260053,TJSP,G2,Embargos de Declaração Cível,1689,Fornecimento de medicamentos,1,3ª CÂMARA DE DIREITO PÚBLICO,,SAJ,Eletrônico,0,2023-10-05,2024-07-19
00149653720238260564,TJSP,G1,Cumprimento de sentença,156,Planos de Saúde,1,05 CIVEL DE SAO BERNARDO DO CAMPO,,SAJ,Eletrônico,0,2023-10-05,2024-08-26
00507838420238260100,TJSP,G1,Cumprimento Provisório de Sentença,157,Tratamento médico-hospitalar,1,30 CIVEL DE CENTRAL,,SAJ,Eletrônico,0,2023-10-05,2025-02-05
00028488020238260445,TJSP,G1,Procedimento do Juizado Especial da Fazenda Pública,14695,Fornecimento de medicamentos,1,VARA JUIZADO ESP. CIVEL CRIM. DE PINDAMONHANGABA,3538006.0,SAJ,Eletrônico,0,2023-10-05,2024-05-08
00133373720238260071,TJSP,G1,Cumprimento de sentença,156,Custeio de Assistência Médica,1,JUIZADO ESP.DA FAZENDA PUBLICA DE BAURU,,Inválido,Eletrônico,0,2023-10-05,2024-08-30
00133962520238260071,TJSP,G1,Cumprimento de sentença,156,Fornecimento de medicamentos,1,01 FAZENDA PUBLICA DE BAURU,,Inválido,Eletrônico,0,2023-10-06,2024-08-29
10100056120238260292,TJSP,G1,Procedimento do Juizado Especial da Fazenda Pública,14695,Custeio de Assistência Médica,1,FAZENDA PUBLICA DE JACAREI,3524402.0,SAJ,Eletrônico,0,2023-10-06,2024-02-27
00133832620238260071,TJSP,G1,Cumprimento de sentença,156,Fornecimento de medicamentos,1,04 CIVEL DE BAURU,,Inválido,Eletrônico,0,2023-10-06,2024-08-29
22412136520238260000,TJSP,G2,Agravo Interno Cível,1208,Tratamento médico-hospitalar,1,4ª CÂMARA DE DIREITO PRIVADO,3550308.0,SAJ,Eletrônico,0,2023-10-07,2023-12-04
10046470220228260438,TJSP,G2,Agravo Interno Cível,1208,Fornecimento de medicamentos,1,4ª CÂMARA DE DIREITO PÚBLICO,3550308.0,SAJ,Eletrônico,0,2023-10-07,2024-03-25
00144023520238260405,TJSP,G1,Cumprimento Provisório de Sentença,157,Fornecimento de medicamentos,1,06 CIVEL DE OSASCO,3534401.0,SAJ,Eletrônico,0,2023-10-09,2023-12-04
00071907920238260625,TJSP,G1,Cumprimento Provisório de Decisão,10980,Assistência Médico-Hospitalar,1,FAZENDA PUBLICA DE TAUBATE,,SAJ,Eletrônico,0,2023-10-09,2024-08-26
22396149120238260000,TJSP,G2,Agravo Interno Cível,1208,Tratamento médico-hospitalar,1,1ª CÂMARA DE DIREITO PRIVADO,3550308.0,SAJ,Eletrônico,0,2023-10-09,2024-05-28
22404003820238260000,TJSP,G2,Agravo Interno Cível,1208,Tratamento médico-hospitalar,1,1ª CÂMARA DE DIREITO PRIVADO,3550308.0,SAJ,Eletrônico,0,2023-10-09,2024-03-25
10160001420168260482,TJSP,G2,Embargos de Declaração Cível,1689,Planos de Saúde,1,10ª CÂMARA DE DIREITO PRIVADO,3550308.0,SAJ,Eletrônico,0,2023-10-10,2024-02-26
00166116520238260602,TJSP,G1,Cumprimento de sentença,156,Tratamento médico-hospitalar,1,03 CIVEL DE SOROCABA,,SAJ,Eletrônico,0,2023-10-10,2024-08-28
00138841420238260577,TJSP,G1,Requisição de Pequeno Valor,1266,Custeio de Assistência Médica,1,ANEXO DO JUIZADO ESPECIAL DA FAZENDA PÚBLICA DA COMARCA DE SAO JOSE DOS CAMPOS,,SAJ,Eletrônico,0,2023-10-10,2024-08-26
00042099120238260297,TJSP,G1,Cumprimento de Sentença contra a Fazenda Pública,12078,Fornecimento de medicamentos,1,VARA JUIZADO ESP. CIVEL CRIM. DE JALES,,SAJ,Eletrônico,0,2023-10-11,2024-08-27
10314187120238260053,TJSP,G2,Apelação Cível,198,Fornecimento de medicamentos,1,6ª CÂMARA DE DIREITO PÚBLICO,,SAJ,Eletrônico,0,2023-10-11,2025-08-14
00147205620238260554,TJSP,G1,Cumprimento de sentença,156,Tratamento médico-hospitalar,1,04 CIVEL DE SANTO ANDRE,3547809.0,SAJ,Eletrônico,0,2023-10-11,2024-06-05
10263620320238260071,TJSP,G1,Procedimento do Juizado Especial da Fazenda Pública,14695,Assistência Médico-Hospitalar,1,JUIZADO ESP.DA FAZENDA PUBLICA DE BAURU,3506003.0,SAJ,Eletrônico,0,2023-10-14,2024-03-10
00137236720238260071,TJSP,G1,Cumprimento de sentença,156,Fornecimento de medicamentos,1,JUIZADO ESP.DA FAZENDA PUBLICA DE BAURU,,Inválido,Eletrônico,0,2023-10-16,2024-08-30
00020564820238260568,TJSP,G1,Cumprimento de sentença,156,Fornecimento de medicamentos,1,01 CIVEL DE SAO JOAO DA BOA VISTA,,SAJ,Eletrônico,0,2023-10-16,2024-08-26
00009190820238260414,TJSP,G1,Cumprimento de sentença,156,Fornecimento de medicamentos,1,JUIZADO ESPECIAL CIVEL CRIM. DE PALMEIRA D OESTE,,SAJ,Eletrônico,0,2023-10-16,2024-08-27
00055718120238260248,TJSP,G1,Cumprimento de sentença,156,Tratamento médico-hospitalar,1,01 CIVEL DE INDAIATUBA,,Inválido,Eletrônico,0,2023-10-16,2024-08-29
00525445320238260100,TJSP,G1,Cumprimento Provisório de Sentença,157,Tratamento médico-hospitalar,1,21 CIVEL DE CENTRAL,3550308.0,SAJ,Eletrônico,0,2023-10-16,2024-03-26
00154294420238260602,TJSP,G1,Cumprimento de Sentença contra a Fazenda Pública,12078,Assistência Médico-Hospitalar,1,ANEXO DO JUIZADO ESPECIAL DA FAZENDA PÚBLICA DE SOROCABA,,SAJ,Eletrônico,0,2023-10-16,2024-08-28
00524370920238260100,TJSP,G1,Cumprimento de sentença,156,Tratamento médico-hospitalar,1,01 CIVEL DE CENTRAL,,SAJ,Eletrônico,0,2023-10-16,2025-08-14
00011687220238260150,TJSP,G1,Cumprimento de sentença,156,Fornecimento de medicamentos,1,VARA UNICA DE COSMOPOLIS,3512803.0,SAJ,Eletrônico,0,2023-10-17,2024-03-25
00013347020228260108,TJSP,G1,Requisição de Pequeno Valor,1266,Planos de Saúde,1,JUIZADO ESPECIAL CIVEL DE CAJAMAR,,SAJ,Eletrônico,0,2023-10-17,2024-08-26
00150444620238260554,TJSP,G1,Cumprimento de sentença,156,Tratamento médico-hospitalar,1,07 CIVEL DE SANTO ANDRE,3547809.0,SAJ,Eletrônico,0,2023-10-17,2023-12-05
10265621020238260071,TJSP,G1,Procedimento do Juizado Especial da Fazenda Pública,14695,Custeio de Assistência Médica,1,JUIZADO ESP.DA FAZENDA PUBLICA DE BAURU,3506003.0,SAJ,Eletrônico,0,2023-10-17,2024-02-28
00052290720238260269,TJSP,G1,Cumprimento de Sentença contra a Fazenda Pública,12078,Fornecimento de medicamentos,1,02 CIVEL DE ITAPETININGA,,SAJ,Eletrônico,0,2023-10-17,2024-08-27
00075343020228260032,TJSP,G1,Requisição de Pequeno Valor,1266,Custeio de Assistência Médica,1,FAZENDA PUBLICA DE ARACATUBA,,SAJ,Eletrônico,0,2023-10-17,2024-08-27
10155561120218260577,TJSP,G2,Embargos de Declaração Cível,1689,Tratamento médico-hospitalar,1,8ª CÂMARA DE DIREITO PRIVADO,3550308.0,SAJ,Eletrônico,0,2023-10-17,2024-02-26
10100230620238260576,TJSP,G2,Embargos de Declaração Cível,1689,Fornecimento de medicamentos,1,9ª CÂMARA DE DIREITO PÚBLICO,3550308.0,SAJ,Eletrônico,0,2023-10-18,2024-02-26
00154996120238260602,TJSP,G1,Cumprimento de Sentença contra a Fazenda Pública,12078,Fornecimento de medicamentos,1,ANEXO DO JUIZADO ESPECIAL DA FAZENDA PÚBLICA DE SOROCABA,,SAJ,Eletrônico,0,2023-10-18,2024-08-28
00161576320238260577,TJSP,G1,Cumprimento de sentença,156,Fornecimento de medicamentos,1,02 CIVEL DE SAO JOSE DOS CAMPOS,,SAJ,Eletrônico,0,2023-10-18,2024-08-26
22391280920238260000,TJSP,G2,Agravo Interno Cível,1208,Tratamento médico-hospitalar,1,4ª CÂMARA DE DIREITO PRIVADO,3550308.0,SAJ,Eletrônico,0,2023-10-18,2023-11-23
00343850920238260053,TJSP,G1,Cumprimento de Sentença contra a Fazenda Pública,12078,Fornecimento de medicamentos,1,01 FAZENDA PUBLICA DE CENTRAL,,SAJ,Eletrônico,0,2023-10-19,2024-07-20
00022462820238260045,TJSP,G1,Cumprimento de sentença,156,Fornecimento de medicamentos,1,01 CUMULATIVA DE ARUJA,,SAJ,Eletrônico,0,2023-10-19,2024-08-25
10092187620228260127,TJSP,G2,Apelação Cível,198,Tratamento médico-hospitalar,1,2ª CÂMARA DE DIREITO PRIVADO,,SAJ,Eletrônico,0,2023-10-19,2025-08-14
00074878620238260625,TJSP,G1,Cumprimento Provisório de Sentença,157,Fornecimento de medicamentos,1,FAZENDA PUBLICA DE TAUBATE,,SAJ,Eletrônico,0,2023-10-19,2024-08-26
00011930420238260177,TJSP,G1,Reclamação Pré-processual,11875,Serviços Hospitalares,1,CEJUSC (Pré-Processual),3515103.0,SAJ,Eletrônico,0,2023-10-19,2024-05-28
00278901820238260224,TJSP,G1,Cumprimento de sentença,156,Tratamento médico-hospitalar,1,07 CIVEL DE GUARULHOS,,SAJ,Eletrônico,0,2023-10-19,2024-08-25
00091787220238260161,TJSP,G1,Cumprimento de Sentença contra a Fazenda Pública,12078,Fornecimento de medicamentos,1,FAZENDA PUBLICA DE DIADEMA,,SAJ,Eletrônico,0,2023-10-19,2024-08-29
10269232720238260071,TJSP,G1,Procedimento do Juizado Especial da Fazenda Pública,14695,Custeio de Assistência Médica,1,JUIZADO ESP.DA FAZENDA PUBLICA DE BAURU,3506003.0,SAJ,Eletrônico,0,2023-10-20,2024-03-10
00452392720238260000,TJSP,G2,Cumprimento de sentença,156,Planos de Saúde,1,10ª CÂMARA DE DIREITO PRIVADO,3550308.0,SAJ,Eletrônico,0,2023-10-20,2024-02-26
00140077520238260071,TJSP,G1,Cumprimento de sentença,156,Fornecimento de medicamentos,1,JUIZADO ESP.DA FAZENDA PUBLICA DE BAURU,,Inválido,Eletrônico,0,2023-10-20,2024-08-29
00150972720238260554,TJSP,G1,Cumprimento Provisório de Sentença,157,Tratamento médico-hospitalar,1,01 CIVEL DE SANTO ANDRE,3547809.0,SAJ,Eletrônico,0,2023-10-20,2024-06-05
00150501520238260405,TJSP,G1,Cumprimento de sentença,156,Fornecimento de medicamentos,1,01 FAZENDA PUBLICA DE OSASCO,,SAJ,Eletrônico,0,2023-10-23,2024-08-26
00403754320238260000,TJSP,G2,Cumprimento de sentença,156,Tratamento médico-hospitalar,1,5ª CÂMARA DE DIREITO PRIVADO,3550308.0,SAJ,Eletrônico,0,2023-10-23,2024-02-26
00008365320238260232,TJSP,G1,Cumprimento Provisório de Decisão,10980,Fornecimento de medicamentos,1,VARA ÚNICA DE CESÁRIO LANGE,,SAJ,Eletrônico,0,2023-10-24,2025-02-05
10951199320228260100,TJSP,G2,Apelação Cível,198,Tratamento médico-hospitalar,1,1ª CÂMARA DE DIREITO PRIVADO,,SAJ,Eletrônico,0,2023-10-24,2025-08-14
00157914620238260602,TJSP,G1,Cumprimento Provisório de Decisão,10980,Fornecimento de medicamentos,1,FAZENDA PUBLICA DE SOROCABA,3552205.0,SAJ,Eletrônico,0,2023-10-24,2023-11-23
00031537620238260441,TJSP,G1,Cumprimento de Sentença contra a Fazenda Pública,12078,Fornecimento de medicamentos,1,02 CUMULATIVA DE PERUIBE,,SAJ,Eletrônico,0,2023-10-25,2024-08-27
00006007820238260660,TJSP,G1,Cumprimento de sentença,156,Fornecimento de medicamentos,1,JUIZADO ESPECIAL CIVEL E CRIM. DE VIRADOURO,,SAJ,Eletrônico,0,2023-10-25,2025-08-05
00085724320238260032,TJSP,G1,Cumprimento Provisório de Sentença,157,Fornecimento de medicamentos,1,FAZENDA PUBLICA DE ARACATUBA,,SAJ,Eletrônico,0,2023-10-26,2024-08-28
10320796420228260577,TJSP,G2,Embargos de Declaração Cível,1689,Fornecimento de medicamentos,1,4ª CÂMARA DE DIREITO PÚBLICO,,SAJ,Eletrônico,0,2023-10-26,2024-07-19
10270503620228260576,TJSP,G2,Embargos de Declaração Cível,1689,Fornecimento de medicamentos,1,8ª CÂMARA DE DIREITO PÚBLICO,3550308.0,SAJ,Eletrônico,0,2023-10-26,2024-03-25
00367706120228260053,TJSP,G2,Apelação Cível,198,Fornecimento de medicamentos,1,11ª CÂMARA DE DIREITO PÚBLICO,3550308.0,SAJ,Eletrônico,0,2023-10-26,2024-05-28
10276386920238260071,TJSP,G1,Procedimento do Juizado Especial da Fazenda Pública,14695,Assistência Médico-Hospitalar,1,JUIZADO ESP.DA FAZENDA PUBLICA DE BAURU,3506003.0,SAJ,Eletrônico,0,2023-10-26,2024-03-10
00028946220238260318,TJSP,G1,Cumprimento de Sentença contra a Fazenda Pública,12078,Assistência Médico-Hospitalar,1,VARA JUIZADO ESP. CIVEL CRIM. DE LEME,,SAJ,Eletrônico,0,2023-10-26,2024-08-25
00016767920238260356,TJSP,G1,Cumprimento de sentença,156,Fornecimento de medicamentos,1,02 CUMULATIVA DE MIRANDOPOLIS,,SAJ,Eletrônico,0,2023-10-26,2025-01-10
10007758720238260326,TJSP,G2,Remessa Necessária Cível,199,Fornecimento de medicamentos,1,7ª CÂMARA DE DIREITO PÚBLICO,3550308.0,SAJ,Eletrônico,0,2023-10-26,2024-04-26
00017868420238260063,TJSP,G1,Cumprimento Provisório de Sentença,157,Fornecimento de medicamentos,1,02 CUMULATIVA DE BARRA BONITA,,SAJ,Eletrônico,0,2023-10-26,2024-08-29
10084478520228260002,TJSP,G2,Apelação Cível,198,Tratamento médico-hospitalar,1,1ª CÂMARA DE DIREITO PRIVADO,3550308.0,SAJ,Eletrônico,0,2023-10-27,2024-04-26
10581586120198260100,TJSP,G2,Apelação Cível,198,Planos de Saúde,1,7ª CÂMARA DE DIREITO PRIVADO,3550308.0,SAJ,Eletrônico,0,2023-10-27,2024-05-28
10326086920238260053,TJSP,G2,Remessa Necessária Cível,199,Custeio de Assistência Médica,1,8ª CÂMARA DE DIREITO PÚBLICO,3550308.0,SAJ,Eletrônico,0,2023-10-27,2024-04-26
10013192720218260009,TJSP,G2,Apelação Cível,198,Tratamento médico-hospitalar,2,6ª CÂMARA DE DIREITO PRIVADO,3550308.0,SAJ,Eletrônico,0,2023-10-27,2024-04-26
10648469720238260100,TJSP,G2,Apelação Cível,198,Tratamento médico-hospitalar,1,5ª CÂMARA DE DIREITO PRIVADO,3550308.0,SAJ,Eletrônico,0,2023-10-27,2024-05-28
10418496020228260002,TJSP,G2,Apelação Cível,198,Serviços Hospitalares,1,27ª CÂMARA DE DIREITO PRIVADO,3550308.0,SAJ,Eletrônico,0,2023-10-27,2024-05-28
10186888920208260196,TJSP,G2,Apelação Cível,198,Serviços Hospitalares,2,25ª CÂMARA DE DIREITO PRIVADO,3550308.0,SAJ,Eletrônico,0,2023-10-27,2024-04-26
10080202820238260625,TJSP,G2,Apelação Cível,198,Tratamento médico-hospitalar,1,2ª CÂMARA DE DIREITO PRIVADO,3550308.0,SAJ,Eletrônico,0,2023-10-27,2024-05-28
00067549220238260602,TJSP,G1,Requisição de Pequeno Valor,1266,Assistência Médico-Hospitalar,1,ANEXO DO JUIZADO ESPECIAL DA FAZENDA PÚBLICA DE SOROCABA,,SAJ,Eletrônico,0,2023-10-28,2024-08-28
10029204020238260222,TJSP,G1,Procedimento do Juizado Especial da Fazenda Pública,14695,Custeio de Assistência Médica,1,JUIZADO ESPECIAL CIVEL CRIM. DE GUARIBA,3518602.0,SAJ,Eletrônico,0,2023-10-28,2024-05-08
22414128720238260000,TJSP,G2,Embargos de Declaração Cível,1689,Fornecimento de medicamentos,1,1ª CÂMARA DE DIREITO PÚBLICO,3550308.0,SAJ,Eletrônico,0,2023-10-29,2024-02-26
00036436720238260322,TJSP,G1,Cumprimento Provisório de Sentença,157,Tratamento médico-hospitalar,1,03 CIVEL DE LINS,,SAJ,Eletrônico,0,2023-10-30,2025-01-10
10730143520238260053,TJSP,G1,Procedimento do Juizado Especial da Fazenda Pública,14695,Assistência Médico-Hospitalar,1,01 VARA JUIZADO ESP. DA FAZENDA PUBLICA DE CENTRAL,3550308.0,SAJ,Eletrônico,0,2023-10-30,2023-12-04
00175963420238260602,TJSP,G1,Cumprimento Provisório de Sentença,157,Tratamento médico-hospitalar,1,05 CIVEL DE SOROCABA,,SAJ,Eletrônico,0,2023-10-30,2024-08-28
00069293120238260006,TJSP,G1,Cumprimento de sentença,156,Tratamento médico-hospitalar,1,02 CIVEL DE PENHA,3550308.0,SAJ,Eletrônico,0,2023-10-30,2024-03-10
00079478120238260008,TJSP,G1,Cumprimento Provisório de Sentença,157,Tratamento médico-hospitalar,1,02 CIVEL DE TATUAPE,3550308.0,SAJ,Eletrônico,0,2023-10-31,2023-12-04
10769510920238260100,TJSP,G2,Apelação Cível,198,Tratamento médico-hospitalar,1,10ª CÂMARA DE DIREITO PRIVADO,,Inválido,Eletrônico,0,2023-10-31,2024-08-30
00168800720238260602,TJSP,G1,Cumprimento Provisório de Sentença,157,Fornecimento de medicamentos,1,ANEXO DO JUIZADO ESPECIAL DA FAZENDA PÚBLICA DE SOROCABA,,SAJ,Eletrônico,0,2023-10-31,2024-08-28
00013836720238260079,TJSP,G1,Requisição de Pequeno Valor,1266,Assistência Médico-Hospitalar,1,VARA JUIZADO ESP. CIVEL CRIM. DE BOTUCATU,,SAJ,Eletrônico,0,2023-10-31,2024-08-27
00124069020238260602,TJSP,G1,Requisição de Pequeno Valor,1266,Assistência Médico-Hospitalar,1,ANEXO DO JUIZADO ESPECIAL DA FAZENDA PÚBLICA DE SOROCABA,,SAJ,Eletrônico,0,2023-10-31,2024-08-28
00147045520238260602,TJSP,G1,Requisição de Pequeno Valor,1266,Assistência Médico-Hospitalar,1,ANEXO DO JUIZADO ESPECIAL DA FAZENDA PÚBLICA DE SOROCABA,,SAJ,Eletrônico,0,2023-10-31,2024-08-28
00076918820238260348,TJSP,G1,Cumprimento Provisório de Sentença,157,Tratamento médico-hospitalar,1,02 CIVEL DE MAUA,,SAJ,Eletrônico,0,2023-10-31,2025-08-08
10103911220198260590,TJSP,G2,Embargos de Declaração Cível,1689,Tratamento médico-hospitalar,1,7ª CÂMARA DE DIREITO PRIVADO,3550308.0,SAJ,Eletrônico,0,2023-11-01,2024-02-26
00362039320238260053,TJSP,G1,Cumprimento Provisório de Sentença,157,Fornecimento de medicamentos,1,13 FAZENDA PUBLICA DE CENTRAL,,SAJ,Eletrônico,0,2023-11-01,2025-08-14
10102547520238260077,TJSP,G1,Procedimento do Juizado Especial da Fazenda Pública,14695,Fornecimento de medicamentos,1,VARA JUIZADO ESP. CIVEL CRIM. DE BIRIGUI,3506508.0,SAJ,Eletrônico,0,2023-11-01,2023-12-05
00188020920238260562,TJSP,G1,Cumprimento Provisório de Sentença,157,Tratamento médico-hospitalar,1,05 CIVEL DE SANTOS,,SAJ,Eletrônico,0,2023-11-01,2025-08-04
00167711020238260564,TJSP,G1,Cumprimento de sentença,156,Tratamento médico-hospitalar,1,09 CIVEL DE SAO BERNARDO DO CAMPO,,SAJ,Eletrônico,0,2023-11-02,2024-08-26
00032273320238260441,TJSP,G1,Cumprimento Provisório de Sentença,157,Tratamento médico-hospitalar,1,01 CUMULATIVA DE PERUIBE,,SAJ,Eletrônico,0,2023-11-06,2024-12-13
00088322320238260032,TJSP,G1,Cumprimento Provisório de Decisão,10980,Fornecimento de medicamentos,1,FAZENDA PUBLICA DE ARACATUBA,,SAJ,Eletrônico,0,2023-11-06,2024-08-28
00092526220238260344,TJSP,G1,Cumprimento de sentença,156,Tratamento médico-hospitalar,1,01 CIVEL DE MARILIA,,SAJ,Eletrônico,0,2023-11-07,2025-08-14
22928029620238260000,TJSP,G2,Agravo Interno Cível,1208,Tratamento médico-hospitalar,1,8ª CÂMARA DE DIREITO PRIVADO,3550308.0,SAJ,Eletrônico,0,2023-11-08,2024-02-26
10676261020238260100,TJSP,G2,Apelação Cível,198,Tratamento médico-hospitalar,1,10ª CÂMARA DE DIREITO PRIVADO,,SAJ,Eletrônico,0,2023-11-08,2025-08-14
00588962720238260100,TJSP,G1,Cumprimento de sentença,156,Tratamento médico-hospitalar,1,45 CIVEL DE CENTRAL,,Inválido,Eletrônico,0,2023-11-08,2024-08-26
00190065320238260562,TJSP,G1,Cumprimento Provisório de Sentença,157,Fornecimento de medicamentos,1,01 CIVEL DE SANTOS,,SAJ,Eletrônico,0,2023-11-09,2025-08-14
10431054720238260602,TJSP,G1,Procedimento do Juizado Especial da Fazenda Pública,14695,Fornecimento de medicamentos,1,ANEXO DO JUIZADO ESPECIAL DA FAZENDA PÚBLICA DE SOROCABA,3552205.0,SAJ,Eletrônico,0,2023-11-09,2024-03-10
00089595820238260032,TJSP,G1,Cumprimento de Sentença contra a Fazenda Pública,12078,Fornecimento de medicamentos,1,FAZENDA PUBLICA DE ARACATUBA,,SAJ,Eletrônico,0,2023-11-09,2024-08-28
00150192720238260071,TJSP,G1,Cumprimento de sentença,156,Tratamento médico-hospitalar,1,03 CIVEL DE BAURU,,Inválido,Eletrônico,0,2023-11-10,2024-08-29
00167302620238260602,TJSP,G1,Cumprimento de Sentença contra a Fazenda Pública,12078,Assistência Médico-Hospitalar,1,ANEXO DO JUIZADO ESPECIAL DA FAZENDA PÚBLICA DE SOROCABA,,SAJ,Eletrônico,0,2023-11-11,2024-08-28
00037712320238260408,TJSP,G1,Cumprimento de Sentença contra a Fazenda Pública,12078,Fornecimento de medicamentos,1,VARA JUIZADO ESPECIAL CIVEL DE OURINHOS,,SAJ,Eletrônico,0,2023-11-12,2024-08-27
10043498820238260045,TJSP,G1,Procedimento do Juizado Especial da Fazenda Pública,14695,Assistência Médico-Hospitalar,1,VARA JUIZADO ESP. CIVEL CRIM. DE ARUJA,,SAJ,Eletrônico,0,2023-11-13,2024-08-25
00007713520238260369,TJSP,G1,Liquidação de Sentença pelo Procedimento Comum,152,Fornecimento de medicamentos,1,02 CUMULATIVA DE MONTE APRAZIVEL,3531407.0,SAJ,Eletrônico,0,2023-11-13,2023-12-04
00003293820248260659,TJSP,G1,Cumprimento de sentença,156,Tratamento médico-hospitalar,1,02 CUMULATIVA DE VINHEDO,,SAJ,Eletrônico,0,2023-11-13,2024-08-26
00026099020238260505,TJSP,G1,Cumprimento de sentença,156,Tratamento médico-hospitalar,1,03 CUMULATIVA DE RIBEIRAO PIRES,,SAJ,Eletrônico,0,2023-11-14,2025-08-12
00090236820238260032,TJSP,G1,Cumprimento Provisório de Sentença,157,Fornecimento de medicamentos,1,FAZENDA PUBLICA DE ARACATUBA,,SAJ,Eletrônico,0,2023-11-14,2024-08-28
00579514020238260100,TJSP,G1,Cumprimento de sentença,156,Tratamento médico-hospitalar,1,01 CIVEL DE CENTRAL,,SAJ,Eletrônico,0,2023-11-14,2025-08-14
00057651820238260269,TJSP,G1,Cumprimento de Sentença contra a Fazenda Pública,12078,Fornecimento de medicamentos,1,02 CIVEL DE ITAPETININGA,,SAJ,Eletrônico,0,2023-11-14,2024-08-27
00070510620228260127,TJSP,G1,Requisição de Pequeno Valor,1266,Custeio de Assistência Médica,1,VARA JUIZADO ESP. CIVEL CRIM. DE CARAPICUIBA,,SAJ,Eletrônico,0,2023-11-14,2024-08-26
10016203120178260100,TJSP,G2,Embargos de Declaração Cível,1689,Planos de Saúde,1,7ª CÂMARA DE DIREITO PRIVADO,,SAJ,Eletrônico,0,2023-11-16,2024-07-19
00175424620238260577,TJSP,G1,Cumprimento de sentença,156,Tratamento médico-hospitalar,1,02 CIVEL DE SAO JOSE DOS CAMPOS,,SAJ,Eletrônico,0,2023-11-16,2024-08-26
00047449820238260271,TJSP,G1,Cumprimento Provisório de Sentença,157,Tratamento médico-hospitalar,1,02 CIVEL DE ITAPEVI,3522505.0,SAJ,Eletrônico,0,2023-11-16,2023-12-04
00161544220238260405,TJSP,G1,Cumprimento Provisório de Decisão,10980,Tratamento médico-hospitalar,1,06 CIVEL DE OSASCO,,SAJ,Eletrônico,0,2023-11-16,2024-08-25
00023258720238260568,TJSP,G1,Cumprimento de sentença,156,Serviços Hospitalares,1,01 CIVEL DE SAO JOAO DA BOA VISTA,,SAJ,Eletrônico,0,2023-11-16,2024-08-26
11146299220228260100,TJSP,G2,Apelação Cível,198,Tratamento médico-hospitalar,1,9ª CÂMARA DE DIREITO PRIVADO,,SAJ,Eletrônico,0,2023-11-16,2025-08-14
22923707720238260000,TJSP,G2,Agravo Interno Cível,1208,Tratamento médico-hospitalar,1,5ª CÂMARA DE DIREITO PRIVADO,3550308.0,SAJ,Eletrônico,0,2023-11-17,2024-05-28
00585931320238260100,TJSP,G1,Cumprimento Provisório de Sentença,157,Tratamento médico-hospitalar,1,30 CIVEL DE CENTRAL,,SAJ,Eletrônico,0,2023-11-17,2024-11-12
10353540220198260100,TJSP,G2,Embargos de Declaração Cível,1689,Planos de Saúde,1,5ª CÂMARA DE DIREITO PRIVADO,3550308.0,SAJ,Eletrônico,0,2023-11-17,2024-04-26
10216881520238260351,TJSP,G1,Reclamação Pré-processual,11875,Tratamento médico-hospitalar,1,CEJUSC (Pré-Processual),,SAJ,Eletrônico,0,2023-11-20,2025-08-12
00154332520238260071,TJSP,G1,Cumprimento de sentença,156,Fornecimento de medicamentos,1,JUIZADO ESP.DA FAZENDA PUBLICA DE BAURU,,Inválido,Eletrônico,0,2023-11-21,2024-08-29
00013210220238260443,TJSP,G1,Cumprimento Provisório de Sentença,157,Fornecimento de medicamentos,1,01 CUMULATIVA DE PIEDADE,,SAJ,Eletrônico,0,2023-11-21,2024-08-27
10179844520238260625,TJSP,G1,Cumprimento de Sentença contra a Fazenda Pública,12078,Fornecimento de medicamentos,1,FAZENDA PUBLICA DE TAUBATE,3554102.0,SAJ,Eletrônico,0,2023-11-21,2023-12-04
10141775020228260011,TJSP,G2,Embargos de Declaração Cível,1689,Tratamento médico-hospitalar,1,3ª CÂMARA DE DIREITO PRIVADO,3550308.0,SAJ,Eletrônico,0,2023-11-22,2024-03-25
10217756820238260351,TJSP,G1,Reclamação Pré-processual,11875,Tratamento médico-hospitalar,1,POSTO CEJUSC CENTRAL - SAESP,,SAJ,Eletrônico,0,2023-11-22,2025-08-12
22911841920238260000,TJSP,G2,Agravo Interno Cível,1208,Tratamento médico-hospitalar,1,3ª CÂMARA DE DIREITO PRIVADO,3550308.0,SAJ,Eletrônico,0,2023-11-22,2024-05-28
00058474920238260269,TJSP,G1,Cumprimento de sentença,156,Tratamento médico-hospitalar,1,03 CIVEL DE ITAPETININGA,,SAJ,Eletrônico,0,2023-11-22,2024-08-27
22923940820238260000,TJSP,G2,Agravo Interno Cível,1208,Tratamento médico-hospitalar,1,10ª CÂMARA DE DIREITO PRIVADO,3550308.0,SAJ,Eletrônico,0,2023-11-22,2023-12-04
00155830620238260071,TJSP,G1,Cumprimento de sentença,156,Fornecimento de medicamentos,1,02 FAZENDA PUBLICA DE BAURU,,Inválido,Eletrônico,0,2023-11-23,2024-08-29
00052150720238260048,TJSP,G1,Cumprimento de sentença,156,Fornecimento de medicamentos,1,04 CIVEL DE ATIBAIA,3504107.0,SAJ,Eletrônico,0,2023-11-23,2023-12-04
00173512320238260602,TJSP,G1,Cumprimento Provisório de Sentença,157,Fornecimento de medicamentos,1,FAZENDA PUBLICA DE SOROCABA,,SAJ,Eletrônico,0,2023-11-23,2024-08-28
00166995320238260554,TJSP,G1,Cumprimento Provisório de Sentença,157,Tratamento Domiciliar (Home Care),1,06 CIVEL DE SANTO ANDRE,,SAJ,Eletrônico,0,2023-11-23,2025-01-10
10019350920238260372,TJSP,G2,Apelação Cível,198,Tratamento médico-hospitalar,1,5ª CÂMARA DE DIREITO PRIVADO,,SAJ,Eletrônico,0,2023-11-24,2025-08-14
10116202820198260292,TJSP,G2,Embargos de Declaração Cível,1689,Planos de Saúde,1,7ª CÂMARA DE DIREITO PRIVADO,3550308.0,SAJ,Eletrônico,0,2023-11-24,2024-03-25
10081337420238260562,TJSP,G2,Apelação Cível,198,Tratamento médico-hospitalar,1,1ª CÂMARA DE DIREITO PRIVADO,,SAJ,Eletrônico,0,2023-11-25,2025-08-14
10074404020238260126,TJSP,G1,Procedimento do Juizado Especial da Fazenda Pública,14695,Assistência Médico-Hospitalar,1,VARA JUIZADO ESP. CIVEL CRIM. DE CARAGUATATUBA,3510500.0,SAJ,Eletrônico,0,2023-11-27,2024-03-26
00071374020238260127,TJSP,G1,Cumprimento de sentença,156,Serviços Hospitalares,1,02 CIVEL DE CARAPICUIBA,,SAJ,Eletrônico,0,2023-11-27,2024-08-26
10219384820238260351,TJSP,G1,Reclamação Pré-processual,11875,Tratamento médico-hospitalar,1,POSTO CEJUSC CENTRAL - SAESP,,SAJ,Eletrônico,0,2023-11-27,2025-08-12
00169832320238260405,TJSP,G1,Cumprimento de sentença,156,Tratamento médico-hospitalar,1,01 CIVEL DE OSASCO,,SAJ,Eletrônico,0,2023-11-28,2024-08-25
00168992220238260405,TJSP,G1,Cumprimento de Sentença contra a Fazenda Pública,12078,Assistência Médico-Hospitalar,1,01 FAZENDA PUBLICA DE OSASCO,,SAJ,Eletrônico,0,2023-11-28,2024-08-25
00094601220238260032,TJSP,G1,Cumprimento de sentença,156,Fornecimento de medicamentos,1,FAZENDA PUBLICA DE ARACATUBA,,SAJ,Eletrônico,0,2023-11-28,2024-08-28
00039367020238260408,TJSP,G1,Cumprimento de Sentença contra a Fazenda Pública,12078,Fornecimento de medicamentos,1,VARA JUIZADO ESPECIAL CIVEL DE OURINHOS,,SAJ,Eletrônico,0,2023-11-28,2024-08-27
00119597520238260223,TJSP,G1,Cumprimento de sentença,156,Tratamento médico-hospitalar,1,02 CIVEL DE GUARUJA,,SAJ,Eletrônico,0,2023-11-28,2024-08-26
00169746120238260405,TJSP,G1,Cumprimento de sentença,156,Fornecimento de medicamentos,1,01 CIVEL DE OSASCO,,SAJ,Eletrônico,0,2023-11-28,2024-08-25
00009651320238260538,TJSP,JE,Cumprimento de sentença,156,Serviços Hospitalares,1,JUIZADO ESPECIAL CIVEL CRIM. DE SANTA CRUZ DAS PALMEIRAS,,SAJ,Eletrônico,0,2023-11-29,2025-08-15
00177948820238260564,TJSP,G1,Cumprimento de sentença,156,Tratamento médico-hospitalar,1,02 CIVEL DE SAO BERNARDO DO CAMPO,,SAJ,Eletrônico,0,2023-11-29,2024-08-26
00039635320238260408,TJSP,G1,Cumprimento de Sentença contra a Fazenda Pública,12078,Fornecimento de medicamentos,1,VARA JUIZADO ESPECIAL CIVEL DE OURINHOS,,SAJ,Eletrônico,0,2023-11-29,2024-08-27
00161945820228260405,TJSP,G1,Requisição de Pequeno Valor,1266,Fornecimento de medicamentos,1,INFANCIA JUVENTUDE DE OSASCO,,SAJ,Eletrônico,0,2023-11-29,2024-08-25
00060285020238260269,TJSP,G1,Cumprimento de Sentença contra a Fazenda Pública,12078,Custeio de Assistência Médica,1,VARA JUIZADO ESP. CIVEL CRIM. DE ITAPETININGA,,SAJ,Eletrônico,0,2023-11-30,2024-08-27
00608042220238260100,TJSP,G1,Cumprimento Provisório de Sentença,157,Tratamento médico-hospitalar,1,09 CIVEL DE CENTRAL,,SAJ,Eletrônico,0,2023-11-30,2025-08-14
00201341120238260562,TJSP,G1,Cumprimento Provisório de Sentença,157,Tratamento médico-hospitalar,1,05 CIVEL DE SANTOS,,SAJ,Eletrônico,0,2023-11-30,2025-08-04
22927085120238260000,TJSP,G2,Agravo Interno Cível,1208,Tratamento médico-hospitalar,1,1ª CÂMARA DE DIREITO PRIVADO,3550308.0,SAJ,Eletrônico,0,2023-11-30,2024-05-28
10847890820208260100,TJSP,G2,Embargos de Declaração Cível,1689,Tratamento médico-hospitalar,1,1ª CÂMARA DE DIREITO PRIVADO,3550308.0,SAJ,Eletrônico,0,2023-11-30,2024-03-25
00179048720238260564,TJSP,G1,Cumprimento de sentença,156,Tratamento médico-hospitalar,1,01 CIVEL DE SAO BERNARDO DO CAMPO,,SAJ,Eletrônico,0,2023-11-30,2024-08-26
00009268120248260602,TJSP,G1,Cumprimento de sentença,156,Tratamento médico-hospitalar,1,02 CIVEL DE SOROCABA,,SAJ,Eletrônico,0,2023-12-01,2024-08-28
10135471120198260007,TJSP,G2,Agravo Interno Cível,1208,Planos de Saúde,1,1ª CÂMARA DE DIREITO PRIVADO,3550308.0,SAJ,Eletrônico,0,2023-12-01,2024-04-26
00353036920238260002,TJSP,G1,Liquidação Provisória de Sentença pelo Procedimento Comum,154,Tratamento médico-hospitalar,1,15º CIVEL DE SANTO AMARO,,SAJ,Eletrônico,0,2023-12-01,2025-01-09
00178492220238260602,TJSP,G1,Cumprimento de sentença,156,Custeio de Assistência Médica,1,ANEXO DO JUIZADO ESPECIAL DA FAZENDA PÚBLICA DE SOROCABA,,SAJ,Eletrônico,0,2023-12-03,2024-08-28
10108515720198260506,TJSP,G2,Agravo Interno Cível,1208,Planos de Saúde,1,10ª CÂMARA DE DIREITO PRIVADO,3550308.0,SAJ,Eletrônico,0,2023-12-04,2024-04-26
10114478320198260007,TJSP,G2,Agravo Interno Cível,1208,Planos de Saúde,1,5ª CÂMARA DE DIREITO PRIVADO,3550308.0,SAJ,Eletrônico,0,2023-12-04,2024-04-26
00614668320238260100,TJSP,G1,Cumprimento de sentença,156,Tratamento médico-hospitalar,1,09 CIVEL DE CENTRAL,,SAJ,Eletrônico,0,2023-12-04,2025-08-12
22387054920238260000,TJSP,G2,Embargos de Declaração Cível,1689,Tratamento médico-hospitalar,1,9ª CÂMARA DE DIREITO PRIVADO,3550308.0,SAJ,Eletrônico,0,2023-12-04,2024-05-28
11211364520178260100,TJSP,G2,Agravo Interno Cível,1208,Planos de Saúde,1,8ª CÂMARA DE DIREITO PRIVADO,3550308.0,SAJ,Eletrônico,0,2023-12-04,2024-02-26
00006977120248260554,TJSP,G1,Cumprimento de sentença,156,Tratamento médico-hospitalar,1,09 CIVEL DE SANTO ANDRE,3547809.0,SAJ,Eletrônico,0,2023-12-05,2024-05-08
00182564520238260564,TJSP,G1,Cumprimento Provisório de Sentença,157,Planos de Saúde,1,08 CIVEL DE SAO BERNARDO DO CAMPO,,SAJ,Eletrônico,0,2023-12-06,2024-08-26
00146356820238260005,TJSP,G1,Cumprimento Provisório de Sentença,157,Tratamento médico-hospitalar,1,02 CIVEL DE SAO MIGUEL PAULISTA,,SAJ,Eletrônico,0,2023-12-06,2025-08-10
00008229120238260160,TJSP,G1,Cumprimento Provisório de Decisão,10980,Fornecimento de medicamentos,1,02 CUMULATIVA DE DESCALVADO,3513702.0,SAJ,Eletrônico,0,2023-12-06,2024-05-08
22927778320238260000,TJSP,G2,Agravo Interno Cível,1208,Tratamento médico-hospitalar,1,5ª CÂMARA DE DIREITO PRIVADO,3550308.0,SAJ,Eletrônico,0,2023-12-06,2024-05-28
00180865620238260602,TJSP,G1,Cumprimento Provisório de Sentença,157,Fornecimento de medicamentos,1,ANEXO DO JUIZADO ESPECIAL DA FAZENDA PÚBLICA DE SOROCABA,,SAJ,Eletrônico,0,2023-12-06,2024-08-28
00040301820238260408,TJSP,G1,Cumprimento de Sentença contra a Fazenda Pública,12078,Fornecimento de medicamentos,1,VARA JUIZADO ESPECIAL CIVEL DE OURINHOS,,SAJ,Eletrônico,0,2023-12-06,2024-08-27
10101196320238260562,TJSP,G2,Apelação Cível,198,Tratamento médico-hospitalar,1,3ª CÂMARA DE DIREITO PRIVADO,,SAJ,Eletrônico,0,2023-12-07,2024-07-20
10045371820238260066,TJSP,G2,Apelação / Remessa Necessária,1728,Fornecimento de medicamentos,1,8ª CÂMARA DE DIREITO PÚBLICO,,SAJ,Eletrônico,0,2023-12-07,2024-07-19
10018392520238260394,TJSP,G2,Remessa Necessária Cível,199,Tratamento médico-hospitalar,2,13ª CÂMARA DE DIREITO PÚBLICO,,SAJ,Eletrônico,0,2023-12-07,2024-07-19
00621709620238260100,TJSP,G1,Cumprimento Provisório de Decisão,10980,Tratamento médico-hospitalar,1,18 CIVEL DE CENTRAL,,SAJ,Eletrônico,0,2023-12-07,2025-08-14
10107279120208260004,TJSP,G2,Apelação Cível,198,Serviços Hospitalares,1,32ª CÂMARA DE DIREITO PRIVADO,,SAJ,Eletrônico,0,2023-12-07,2024-07-19
10023457020238260274,TJSP,G1,Procedimento do Juizado Especial da Fazenda Pública,14695,Fornecimento de medicamentos,1,JUIZADO ESPECIAL CIVEL CRIM. DE ITAPOLIS,3522703.0,SAJ,Eletrônico,0,2023-12-07,2024-05-28
10223610820238260351,TJSP,G1,Reclamação Pré-processual,11875,Tratamento médico-hospitalar,1,CEJUSC (Pré-Processual),,SAJ,Eletrônico,0,2023-12-08,2025-08-06
00174336320238260405,TJSP,G1,Cumprimento de sentença,156,Tratamento médico-hospitalar,1,05 CIVEL DE OSASCO,,SAJ,Eletrônico,0,2023-12-08,2024-08-25
00319798420238260224,TJSP,G1,Cumprimento de sentença,156,Tratamento médico-hospitalar,1,09 CIVEL DE GUARULHOS,,SAJ,Eletrônico,0,2023-12-08,2024-08-25
00087999720238260625,TJSP,G1,Cumprimento de sentença,156,Tratamento médico-hospitalar,1,04 CIVEL DE TAUBATE,,SAJ,Eletrônico,0,2023-12-08,2024-08-26
00625598120238260100,TJSP,G1,Cumprimento de sentença,156,Tratamento médico-hospitalar,1,35 CIVEL DE CENTRAL,3550308.0,SAJ,Eletrônico,0,2023-12-08,2024-03-26
00001803120248260016,TJSP,JE,Cumprimento de sentença,156,Tratamento médico-hospitalar,1,01 VARA JUIZADO ESPECIAL CIVEL DE CENTRAL,,SAJ,Eletrônico,0,2023-12-09,2024-08-27
10077094120228260053,TJSP,G2,Apelação / Remessa Necessária,1728,Fornecimento de medicamentos,1,13ª CÂMARA DE DIREITO PÚBLICO,3550308.0,SAJ,Eletrônico,0,2023-12-11,2024-04-26
23361056320238260000,TJSP,G2,Pedido de Efeito Suspensivo à Apelação,12357,Fornecimento de medicamentos,2,3ª CÂMARA DE DIREITO PRIVADO,3550308.0,SAJ,Eletrônico,0,2023-12-11,2024-03-25
10083700920228260477,TJSP,G2,Apelação Cível,198,Tratamento médico-hospitalar,1,8ª CÂMARA DE DIREITO PRIVADO,3550308.0,SAJ,Eletrônico,0,2023-12-11,2024-04-26
10133295320238260100,TJSP,G2,Apelação Cível,198,Tratamento médico-hospitalar,1,5ª CÂMARA DE DIREITO PRIVADO,3550308.0,SAJ,Eletrônico,0,2023-12-11,2024-04-26
10098199320238260597,TJSP,G1,Procedimento do Juizado Especial da Fazenda Pública,14695,Fornecimento de medicamentos,1,VARA JUIZADO ESP. CIVEL CRIM. DE SERTAOZINHO,3551702.0,SAJ,Eletrônico,0,2023-12-11,2024-05-28
10342924320228260577,TJSP,G2,Apelação Cível,198,Serviços Hospitalares,1,27ª CÂMARA DE DIREITO PRIVADO,3550308.0,SAJ,Eletrônico,0,2023-12-11,2024-04-26
10017534620228260408,TJSP,G2,Apelação Cível,198,Tratamento médico-hospitalar,1,1ª CÂMARA DE DIREITO PRIVADO,3550308.0,SAJ,Eletrônico,0,2023-12-11,2024-04-26
00183697920238260602,TJSP,G1,Cumprimento de sentença,156,Fornecimento de medicamentos,1,FAZENDA PUBLICA DE SOROCABA,,SAJ,Eletrônico,0,2023-12-11,2024-08-28
10044074220218260278,TJSP,G2,Apelação Cível,198,Tratamento médico-hospitalar,1,2ª CÂMARA DE DIREITO PRIVADO,3550308.0,SAJ,Eletrônico,0,2023-12-11,2024-04-26
10007958220238260066,TJSP,G2,Apelação Cível,198,Fornecimento de medicamentos,1,3ª CÂMARA DE DIREITO PÚBLICO,3550308.0,SAJ,Eletrônico,0,2023-12-11,2024-04-26
10247691220238260564,TJSP,G2,Apelação Cível,198,Tratamento médico-hospitalar,1,1ª CÂMARA DE DIREITO PRIVADO,3550308.0,SAJ,Eletrônico,0,2023-12-11,2024-02-26
00025251520238260659,TJSP,G1,Cumprimento de Sentença contra a Fazenda Pública,12078,Fornecimento de medicamentos,1,03 CUMULATIVA DE VINHEDO,,SAJ,Eletrônico,0,2023-12-11,2024-08-26
00028686220238260157,TJSP,G1,Cumprimento de sentença,156,Tratamento médico-hospitalar,1,04 CUMULATIVA DE CUBATAO,,Inválido,Eletrônico,0,2023-12-11,2024-10-02
00110659120238260161,TJSP,G1,Cumprimento de sentença,156,Tratamento médico-hospitalar,1,02 CIVEL DE DIADEMA,,SAJ,Eletrônico,0,2023-12-12,2024-08-29
10541769520218260576,TJSP,G2,Apelação Cível,198,Tratamento médico-hospitalar,1,10ª CÂMARA DE DIREITO PRIVADO,3550308.0,SAJ,Eletrônico,0,2023-12-12,2024-04-26
10295560820218260224,TJSP,G2,Apelação / Remessa Necessária,1728,Fornecimento de medicamentos,1,2ª CÂMARA DE DIREITO PÚBLICO,3550308.0,SAJ,Eletrônico,0,2023-12-12,2024-03-26
10007514720228260309,TJSP,G2,Apelação Cível,198,Tratamento médico-hospitalar,1,7ª CÂMARA DE DIREITO PRIVADO,3550308.0,SAJ,Eletrônico,0,2023-12-12,2024-04-26
00087851620238260625,TJSP,G1,Cumprimento Provisório de Decisão,10980,Fornecimento de medicamentos,1,FAZENDA PUBLICA DE TAUBATE,,SAJ,Eletrônico,0,2023-12-12,2024-08-26
10035598020238260053,TJSP,G2,Remessa Necessária Cível,199,Assistência Médico-Hospitalar,1,9ª CÂMARA DE DIREITO PÚBLICO,3550308.0,SAJ,Eletrônico,0,2023-12-12,2024-03-26
00087878320238260625,TJSP,G1,Cumprimento de sentença,156,Fornecimento de medicamentos,1,FAZENDA PUBLICA DE TAUBATE,,SAJ,Eletrônico,0,2023-12-12,2024-08-26
10514373520228260053,TJSP,G2,Remessa Necessária Cível,199,Assistência Médico-Hospitalar,1,6ª CÂMARA DE DIREITO PÚBLICO,3550308.0,SAJ,Eletrônico,0,2023-12-12,2024-03-25
10005743020228260650,TJSP,G2,Apelação Cível,198,Tratamento médico-hospitalar,1,4ª CÂMARA DE DIREITO PRIVADO,,SAJ,Eletrônico,0,2023-12-13,2025-07-04
10225680720238260351,TJSP,G1,Reclamação Pré-processual,11875,Tratamento médico-hospitalar,1,POSTO CEJUSC CENTRAL - SAESP,,SAJ,Eletrônico,0,2023-12-13,2025-08-12
00409906820238260053,TJSP,G1,Cumprimento de Sentença contra a Fazenda Pública,12078,Fornecimento de medicamentos,1,03 FAZENDA PUBLICA DE CENTRAL,,SAJ,Eletrônico,0,2023-12-13,2025-08-15
10177276720238260577,TJSP,G2,Apelação Cível,198,Tratamento médico-hospitalar,1,6ª CÂMARA DE DIREITO PRIVADO,,Inválido,Eletrônico,0,2023-12-13,2024-08-30
00011076620238260651,TJSP,G1,Cumprimento de Sentença contra a Fazenda Pública,12078,Fornecimento de medicamentos,1,JUIZADO ESPECIAL CIVEL DE VALPARAISO,,SAJ,Eletrônico,0,2023-12-13,2024-08-26
00166154620238260071,TJSP,G1,Cumprimento de sentença,156,Tratamento médico-hospitalar,1,04 CIVEL DE BAURU,,Inválido,Eletrônico,0,2023-12-14,2024-08-29
00185325920238260602,TJSP,G1,Cumprimento de Sentença contra a Fazenda Pública,12078,Fornecimento de medicamentos,1,FAZENDA PUBLICA DE SOROCABA,,SAJ,Eletrônico,0,2023-12-14,2024-08-28
00136489320238260405,TJSP,G1,Requisição de Pequeno Valor,1266,Custeio de Assistência Médica,1,01 FAZENDA PUBLICA DE OSASCO,,SAJ,Eletrônico,0,2023-12-15,2024-08-25
10010603320218260526,TJSP,G2,Apelação Cível,198,Tratamento médico-hospitalar,1,10ª CÂMARA DE DIREITO PRIVADO,,SAJ,Eletrônico,0,2023-12-15,2025-08-14
00178436220238260554,TJSP,G1,Cumprimento de sentença,156,Tratamento médico-hospitalar,1,01 CIVEL DE SANTO ANDRE,3547809.0,SAJ,Eletrônico,0,2023-12-18,2024-06-05
10061934720198260002,TJSP,G2,Agravo Interno Cível,1208,Planos de Saúde,1,6ª CÂMARA DE DIREITO PRIVADO,3550308.0,SAJ,Eletrônico,0,2023-12-18,2024-05-28
00001546620248260296,TJSP,G1,Cumprimento de sentença,156,Fornecimento de medicamentos,1,02 CUMULATIVA DE JAGUARIUNA,,SAJ,Eletrônico,0,2023-12-18,2025-01-10
00642676920238260100,TJSP,G1,Cumprimento de sentença,156,Planos de Saúde,1,17 CIVEL DE CENTRAL,,SAJ,Eletrônico,0,2023-12-18,2025-08-15
10096723020238260577,TJSP,G2,Apelação Cível,198,Tratamento médico-hospitalar,1,3ª CÂMARA DE DIREITO PRIVADO,,SAJ,Eletrônico,0,2023-12-19,2025-08-14
10023471920238260281,TJSP,G2,Apelação Cível,198,Tratamento médico-hospitalar,1,6ª CÂMARA DE DIREITO PRIVADO,,SAJ,Eletrônico,0,2023-12-19,2025-08-14
10887015220238260053,TJSP,G1,Mandado de Segurança Cível,120,Assistência Médico-Hospitalar,1,01 FAZENDA PUBLICA DE CENTRAL,,SAJ,Eletrônico,0,2023-12-19,2025-08-14
00000577820248260292,TJSP,G1,Cumprimento Provisório de Sentença,157,Tratamento médico-hospitalar,1,01 CIVEL DE JACAREI,3524402.0,SAJ,Eletrônico,0,2023-12-20,2024-05-28
10148688520228260004,TJSP,G2,Embargos de Declaração Cível,1689,Tratamento médico-hospitalar,1,9ª CÂMARA DE DIREITO PRIVADO,,SAJ,Eletrônico,0,2023-12-26,2024-07-19
00003272320248260577,TJSP,G1,Cumprimento de sentença,156,Tratamento médico-hospitalar,1,04 CIVEL DE SAO JOSE DOS CAMPOS,,SAJ,Eletrônico,0,2023-12-27,2024-08-26
23371778520238260000,TJSP,G2,Agravo Interno Cível,1208,Tratamento médico-hospitalar,1,6ª CÂMARA DE DIREITO PRIVADO,3550308.0,SAJ,Eletrônico,0,2023-12-29,2024-03-25
00002471120248260011,TJSP,G1,Cumprimento de sentença,156,Tratamento médico-hospitalar,1,02 CIVEL DE PINHEIROS,,SAJ,Eletrônico,0,2024-01-02,2024-07-19
00011559520248260002,TJSP,G1,Cumprimento de sentença,156,Tratamento médico-hospitalar,1,06 CIVEL DE SANTO AMARO,,SAJ,Eletrônico,0,2024-01-02,2025-08-12
00003235920248260100,TJSP,G1,Cumprimento de sentença,156,Tratamento médico-hospitalar,1,Juízo Titular I - 15ª Vara Cível - Foro Central Cível,3550308.0,Projudi,Eletrônico,0,2024-01-02,2026-06-04
00000057220248260360,TJSP,G1,Cumprimento de sentença,156,Fornecimento de medicamentos,1,JUIZADO ESPECIAL CIVEL CRIM. DE MOCOCA,,SAJ,Eletrônico,0,2024-01-02,2025-08-10
00000083420248260196,TJSP,G1,Cumprimento Provisório de Decisão,10980,Tratamento médico-hospitalar,1,04 CIVEL DE FRANCA,,SAJ,Eletrônico,0,2024-01-02,2025-02-05
00004697220248260562,TJSP,G1,Cumprimento Provisório de Sentença,157,Fornecimento de medicamentos,1,10 CIVEL DE SANTOS,,SAJ,Eletrônico,0,2024-01-03,2024-08-26
00003365820248260100,TJSP,G1,Cumprimento de sentença,156,Serviços Hospitalares,1,13 CIVEL DE CENTRAL,,SAJ,Eletrônico,0,2024-01-03,2025-08-14
00009072420238260695,TJSP,G1,Requisição de Pequeno Valor,1266,Assistência Médico-Hospitalar,1,JUIZADO ESPECIAL CIVEL CRIM. DE NAZARE PAULISTA,,SAJ,Eletrônico,0,2024-01-03,2025-08-12
00000332020248260011,TJSP,G1,Liquidação por Arbitramento,151,Planos de Saúde,1,01 CIVEL DE PINHEIROS,,SAJ,Eletrônico,0,2024-01-04,2025-08-11
00000318220248260453,TJSP,G1,Cumprimento de Sentença contra a Fazenda Pública,12078,Fornecimento de medicamentos,1,02 CUMULATIVA DE PIRAJUI,,SAJ,Eletrônico,0,2024-01-04,2026-06-03
00007601920248260224,TJSP,G1,Cumprimento de sentença,156,Fornecimento de medicamentos,1,01 FAZENDA PUBLICA DE GUARULHOS,,SAJ,Eletrônico,0,2024-01-05,2024-12-13
00000250520248260347,TJSP,G1,Liquidação de Sentença pelo Procedimento Comum,152,Fornecimento de medicamentos,1,02 CIVEL DE MATAO,,SAJ,Eletrônico,0,2024-01-05,2025-08-14
00002516520248260361,TJSP,G1,Cumprimento Provisório de Sentença,157,Tratamento médico-hospitalar,1,01 CIVEL DE MOGI DAS CRUZES,,SAJ,Eletrônico,0,2024-01-05,2025-02-06
00000509020248260032,TJSP,G1,Cumprimento de Sentença contra a Fazenda Pública,12078,Custeio de Assistência Médica,1,FAZENDA PUBLICA DE ARACATUBA,,SAJ,Eletrônico,0,2024-01-05,2025-07-09
00000393220248260462,TJSP,G1,Cumprimento de sentença,156,Custeio de Assistência Médica,1,02 CIVEL DE POA,,SAJ,Eletrônico,0,2024-01-05,2026-03-17
00000103120248260575,TJSP,G1,Cumprimento de Sentença contra a Fazenda Pública,12078,Custeio de Assistência Médica,1,JUIZADO ESPECIAL CIVEL DE SAO JOSE DO RIO PARDO,,SAJ,Eletrônico,0,2024-01-06,2025-08-11
00005597520238260575,TJSP,G1,Requisição de Pequeno Valor,1266,Assistência Médico-Hospitalar,1,JUIZADO ESPECIAL CIVEL DE SAO JOSE DO RIO PARDO,,SAJ,Eletrônico,0,2024-01-06,2026-04-15
00000782520248260625,TJSP,G1,Cumprimento de Sentença contra a Fazenda Pública,12078,Fornecimento de medicamentos,1,FAZENDA PUBLICA DE TAUBATE,,SAJ,Eletrônico,0,2024-01-08,2024-08-26
00000037820248260077,TJSP,G1,Procedimento do Juizado Especial da Fazenda Pública,14695,Fornecimento de medicamentos,1,VARA JUIZADO ESP. CIVEL CRIM. DE BIRIGUI,,SAJ,Eletrônico,0,2024-01-08,2025-08-15
00000323920248260624,TJSP,G1,Procedimento do Juizado Especial da Fazenda Pública,14695,Fornecimento de medicamentos,1,VARA JUIZADO ESP. CIVEL CRIM. DE TATUI,,SAJ,Eletrônico,0,2024-01-08,2024-11-15
00000140420248260370,TJSP,G1,Cumprimento de Sentença contra a Fazenda Pública,12078,Fornecimento de medicamentos,1,JUIZADO ESPECIAL CIVEL CRIM. DE MONTE AZUL PAULISTA,,SAJ,Eletrônico,0,2024-01-08,2024-07-19
00010456520248260562,TJSP,G1,Cumprimento Provisório de Sentença,157,Fornecimento de medicamentos,1,03 FAZENDA PUBLICA DE SANTOS,,SAJ,Eletrônico,0,2024-01-08,2024-08-26
00000071420248260434,TJSP,G1,Procedimento do Juizado Especial da Fazenda Pública,14695,Fornecimento de medicamentos,1,JUIZADO ESPECIAL CIVEL CRIM. DE PEDREGULHO,,SAJ,Eletrônico,0,2024-01-09,2025-08-11
00002509720248260032,TJSP,G1,Cumprimento Provisório de Sentença,157,Fornecimento de medicamentos,1,FAZENDA PUBLICA DE ARACATUBA,,SAJ,Eletrônico,0,2024-01-09,2024-11-12
00002363320248260576,TJSP,G1,Cumprimento Provisório de Decisão,10980,Fornecimento de medicamentos,1,01 FAZENDA PUBLICA DE SAO JOSE DO RIO PRETO,,SAJ,Eletrônico,0,2024-01-09,2025-08-15
00000311220248260347,TJSP,G1,Procedimento do Juizado Especial da Fazenda Pública,14695,Fornecimento de medicamentos,1,VARA JUIZADO ESP. CIVEL CRIM. DE MATAO,,SAJ,Eletrônico,0,2024-01-09,2024-07-20
00000555920248260664,TJSP,G1,Procedimento do Juizado Especial da Fazenda Pública,14695,Fornecimento de medicamentos,1,VARA JUIZADO ESP. CIVEL CRIM. - JIT -  ANEXO UNIFEV - VOTUPORANGA,,SAJ,Eletrônico,0,2024-01-09,2024-11-13
00001195920248260344,TJSP,G1,Cumprimento de sentença,156,Fornecimento de medicamentos,1,FAZENDA PUBLICA DE MARILIA,,SAJ,Eletrônico,0,2024-01-09,2025-08-14
10007667820238260180,TJSP,G2,Apelação Cível,198,Tratamento médico-hospitalar,1,1ª CÂMARA DE DIREITO PRIVADO,,SAJ,Eletrônico,0,2024-01-09,2024-11-11
10752363920178260100,TJSP,G2,Embargos de Declaração Cível,1689,Planos de Saúde,1,7ª CÂMARA DE DIREITO PRIVADO,,SAJ,Eletrônico,0,2024-01-09,2024-07-19
00002781320248260405,TJSP,G1,Cumprimento de sentença,156,Fornecimento de medicamentos,1,02 FAZENDA PUBLICA DE OSASCO,,SAJ,Eletrônico,0,2024-01-09,2025-02-06
00003406720248260562,TJSP,G1,Cumprimento de sentença,156,Fornecimento de medicamentos,1,03 FAZENDA PUBLICA DE SANTOS,,SAJ,Eletrônico,0,2024-01-09,2025-08-14
00012615720248260002,TJSP,G1,Cumprimento de sentença,156,Tratamento médico-hospitalar,1,06 CIVEL DE SANTO AMARO,,SAJ,Eletrônico,0,2024-01-09,2025-08-12
10002131920248260011,TJSP,G1,Procedimento Comum Cível,7,Serviços Hospitalares,1,02 CIVEL DE PINHEIROS,3550308.0,SAJ,Eletrônico,0,2024-01-09,2024-03-26
00000499820248260099,TJSP,G1,Cumprimento Provisório de Sentença,157,Fornecimento de medicamentos,1,02 CIVEL DE BRAGANCA PAULISTA,,Inválido,Eletrônico,0,2024-01-10,2024-10-02
00003344320248260115,TJSP,G1,Cumprimento Provisório de Decisão,10980,Tratamento médico-hospitalar,1,01 CUMULATIVA DE CAMPO LIMPO PAULISTA,,SAJ,Eletrônico,0,2024-01-10,2025-08-15
00007104620248260562,TJSP,G1,Cumprimento de sentença,156,Tratamento médico-hospitalar,1,10 CIVEL DE SANTOS,,SAJ,Eletrônico,0,2024-01-10,2024-12-12
00007405620248260053,TJSP,G1,Procedimento do Juizado Especial da Fazenda Pública,14695,Custeio de Assistência Médica,1,01 VARA JUIZADO ESP. DA FAZENDA PUBLICA DE CENTRAL,,SAJ,Eletrônico,0,2024-01-10,2025-08-11
00007141720248260002,TJSP,G1,Cumprimento de sentença,156,Tratamento médico-hospitalar,1,08 CIVEL DE SANTO AMARO,3550308.0,SAJ,Eletrônico,0,2024-01-10,2024-03-10
00010857520248260100,TJSP,G1,Cumprimento de sentença,156,Tratamento médico-hospitalar,1,30 CIVEL DE CENTRAL,,SAJ,Eletrônico,0,2024-01-10,2025-08-12
00011766820248260100,TJSP,G1,Cumprimento de sentença,156,Tratamento médico-hospitalar,1,39 CIVEL DE CENTRAL,,SAJ,Eletrônico,0,2024-01-10,2025-08-14
00000533220248260586,TJSP,G1,Cumprimento de sentença,156,Tratamento médico-hospitalar,1,02 CIVEL DE SAO ROQUE,,SAJ,Eletrônico,0,2024-01-10,2024-08-27
00002367920248260011,TJSP,G1,Cumprimento Provisório de Decisão,10980,Tratamento médico-hospitalar,1,02 CIVEL DE PINHEIROS,,SAJ,Eletrônico,0,2024-01-11,2024-07-19
00001882320248260011,TJSP,G1,Cumprimento de sentença,156,Tratamento médico-hospitalar,1,03 CIVEL DE PINHEIROS,,SAJ,Eletrônico,0,2024-01-11,2025-08-11
00008920720248260053,TJSP,G1,Procedimento do Juizado Especial da Fazenda Pública,14695,Custeio de Assistência Médica,2,02 VARA JUIZADO ESP. DA FAZENDA PUBLICA DE CENTRAL,,SAJ,Eletrônico,0,2024-01-11,2025-08-11
00001664620248260566,TJSP,G1,Cumprimento Provisório de Sentença,157,Fornecimento de medicamentos,1,FAZENDA PUBLICA DE SAO CARLOS,,SAJ,Eletrônico,0,2024-01-11,2025-08-12
00000426320248260372,TJSP,G1,Cumprimento Provisório de Sentença,157,Fornecimento de medicamentos,1,01 CUMULATIVA DE MONTE MOR,,SAJ,Eletrônico,0,2024-01-11,2026-06-03
00000150920248260040,TJSP,G1,Procedimento do Juizado Especial da Fazenda Pública,14695,Fornecimento de medicamentos,1,JUIZADO ESPECIAL CIVEL CRIM. DE AMERICO BRASILIENSE,,SAJ,Eletrônico,0,2024-01-11,2025-08-14
00003122020248260071,TJSP,G1,Cumprimento de Sentença contra a Fazenda Pública,12078,Fornecimento de medicamentos,1,02 FAZENDA PUBLICA DE BAURU,,SAJ,Eletrônico,0,2024-01-11,2026-07-24
00000353720248260642,TJSP,G1,Procedimento do Juizado Especial da Fazenda Pública,14695,Fornecimento de medicamentos,1,VARA JUIZADO ESP. CIVEL CRIM. DE UBATUBA,,SAJ,Eletrônico,0,2024-01-11,2026-05-08
00002925320248260451,TJSP,G1,Cumprimento Provisório de Decisão,10980,Tratamento médico-hospitalar,1,04 CIVEL DE PIRACICABA,,SAJ,Eletrônico,0,2024-01-11,2026-06-03
00002134520248260008,TJSP,G1,Cumprimento de sentença,156,Tratamento médico-hospitalar,1,04 CIVEL DE TATUAPE,,SAJ,Eletrônico,0,2024-01-11,2025-08-11
00002541220248260008,TJSP,G1,Cumprimento de sentença,156,Tratamento médico-hospitalar,1,05 CIVEL DE TATUAPE,,SAJ,Eletrônico,0,2024-01-11,2025-08-11
00006921120248260114,TJSP,G1,Cumprimento de sentença,156,Tratamento médico-hospitalar,1,08 CIVEL DE CAMPINAS,,SAJ,Eletrônico,0,2024-01-11,2026-05-08
00002527620248260320,TJSP,G1,Cumprimento de sentença,156,Tratamento médico-hospitalar,1,02 CIVEL DE LIMEIRA,,SAJ,Eletrônico,0,2024-01-12,2025-08-12
00002384920248260011,TJSP,G1,Cumprimento de sentença,156,Tratamento médico-hospitalar,1,02 CIVEL DE PINHEIROS,,SAJ,Eletrônico,0,2024-01-12,2025-08-14
00006209320248260576,TJSP,G1,Cumprimento Provisório de Decisão,10980,Fornecimento de medicamentos,1,07 CIVEL DE SAO JOSE DO RIO PRETO,,SAJ,Eletrônico,0,2024-01-12,2025-01-10
00003127620248260602,TJSP,G1,Procedimento do Juizado Especial Cível,436,Serviços Hospitalares,1,02 VARA JUIZADO ESPECIAL CIVEL - JIT - ANEXO FADI DE SOROCABA,,SAJ,Eletrônico,0,2024-01-12,2026-06-03
00000554920248260441,TJSP,G1,Procedimento do Juizado Especial da Fazenda Pública,14695,Fornecimento de medicamentos,1,JUIZADO ESPECIAL CIVEL CRIM. DE PERUIBE,,SAJ,Eletrônico,0,2024-01-12,2025-01-10
00004090220248260562,TJSP,G1,Cumprimento de sentença,156,Tratamento médico-hospitalar,1,04 CIVEL DE SANTOS,,SAJ,Eletrônico,0,2024-01-12,2024-08-26
00002202820248260011,TJSP,G1,Cumprimento de sentença,156,Tratamento médico-hospitalar,1,01 CIVEL DE PINHEIROS,,SAJ,Eletrônico,0,2024-01-12,2025-08-14
00001631020248260302,TJSP,G1,Cumprimento de Sentença contra a Fazenda Pública,12078,Fornecimento de medicamentos,1,VARA JUIZADO ESP. CIVEL CRIM. DE JAU,,SAJ,Eletrônico,0,2024-01-12,2025-08-10
00000552320248260094,TJSP,G1,Cumprimento de sentença,156,Fornecimento de medicamentos,1,VARA UNICA DE BRODOSQUI,,SAJ,Eletrônico,0,2024-01-12,2025-08-11
00002502320248260477,TJSP,G1,Cumprimento de sentença,156,Tratamento médico-hospitalar,1,01 CIVEL DE PRAIA GRANDE,,SAJ,Eletrônico,0,2024-01-12,2024-12-13
00003444520248260032,TJSP,G1,Cumprimento de Sentença contra a Fazenda Pública,12078,Fornecimento de medicamentos,1,FAZENDA PUBLICA DE ARACATUBA,,SAJ,Eletrônico,0,2024-01-12,2024-12-12
00004177620248260562,TJSP,G1,Cumprimento de sentença,156,Assistência Médico-Hospitalar,1,01 ACIDENTES TRABALHO DE SANTOS,,SAJ,Eletrônico,0,2024-01-13,2026-06-02
00001821620248260302,TJSP,G1,Cumprimento Provisório de Decisão,10980,Fornecimento de medicamentos,1,VARA JUIZADO ESP. CIVEL CRIM. DE JAU,,SAJ,Eletrônico,0,2024-01-13,2025-08-10
00002713920248260011,TJSP,G1,Cumprimento de sentença,156,Tratamento médico-hospitalar,1,02 CIVEL DE PINHEIROS,,SAJ,Eletrônico,0,2024-01-15,2025-08-11
00003172820248260011,TJSP,G1,Cumprimento Provisório de Decisão,10980,Tratamento médico-hospitalar,1,03 CIVEL DE PINHEIROS,,SAJ,Eletrônico,0,2024-01-15,2026-04-15
00002376020248260271,TJSP,G1,Cumprimento de sentença,156,Tratamento médico-hospitalar,1,01 CIVEL DE ITAPEVI,,SAJ,Eletrônico,0,2024-01-16,2026-06-02
00000292120248260063,TJSP,G1,Procedimento do Juizado Especial da Fazenda Pública,14695,Fornecimento de medicamentos,1,JUIZADO ESPECIAL CIVEL E CRIMINAL DE BARRA BONITA,,SAJ,Eletrônico,0,2024-01-16,2024-12-13
00002044120248260604,TJSP,G1,Cumprimento de sentença,156,Fornecimento de medicamentos,1,VARA JUIZADO ESP. CIVEL CRIM. DE SUMARE,,SAJ,Eletrônico,0,2024-01-16,2025-08-14
00005114220248260071,TJSP,G1,Cumprimento de sentença,156,Fornecimento de medicamentos,1,02 CIVEL DE BAURU,,Inválido,Eletrônico,0,2024-01-16,2024-08-29
00001778720248260077,TJSP,G1,Cumprimento de sentença,156,Fornecimento de medicamentos,1,VARA JUIZADO ESP. CIVEL CRIM. DE BIRIGUI,,Inválido,Eletrônico,0,2024-01-16,2024-08-30
00003617620248260066,TJSP,G1,Cumprimento Provisório de Decisão,10980,Fornecimento de medicamentos,1,03 CIVEL DE BARRETOS,,SAJ,Eletrônico,0,2024-01-16,2024-07-19
00000604420248260547,TJSP,G1,Cumprimento de sentença,156,Fornecimento de medicamentos,1,JUIZADO ESPECIAL CIVEL CRIM. DE SANTA RITA DO PASSA QUATRO,3547502.0,SAJ,Eletrônico,0,2024-01-16,2024-06-05
00001309720248260438,TJSP,G1,Cumprimento de sentença,156,Fornecimento de medicamentos,1,VARA JUIZADO ESP. CIVEL CRIM. DE PENAPOLIS,,Inválido,Eletrônico,0,2024-01-16,2024-10-01
00019145620248260100,TJSP,G1,Cumprimento de sentença,156,Tratamento médico-hospitalar,1,38 CIVEL DE CENTRAL,,SAJ,Eletrônico,0,2024-01-16,2025-08-15
00024601420248260100,TJSP,G1,Cumprimento de sentença,156,Tratamento médico-hospitalar,1,05 CIVEL DE CENTRAL,3550308.0,SAJ,Eletrônico,0,2024-01-17,2024-05-28
00005856120248260309,TJSP,G1,Cumprimento de sentença,156,Fornecimento de medicamentos,1,FAZENDA PUBLICA DE JUNDIAI,,SAJ,Eletrônico,0,2024-01-17,2025-01-10
00003122320248260361,TJSP,G1,Cumprimento de sentença,156,Tratamento Domiciliar (Home Care),1,03 CIVEL DE MOGI DAS CRUZES,,SAJ,Eletrônico,0,2024-01-17,2026-06-01
00003493320248260011,TJSP,G1,Cumprimento Provisório de Sentença,157,Tratamento médico-hospitalar,1,01 CIVEL DE PINHEIROS,,SAJ,Eletrônico,0,2024-01-17,2025-08-14
00000688820248260072,TJSP,G1,Cumprimento de Sentença contra a Fazenda Pública,12078,Fornecimento de medicamentos,1,VARA JUIZADO ESP. CIVEL CRIM. DE BEBEDOURO,,SAJ,Eletrônico,0,2024-01-17,2024-12-12
00001647220248260438,TJSP,G1,Cumprimento de sentença,156,Fornecimento de medicamentos,1,VARA JUIZADO ESP. CIVEL CRIM. DE PENAPOLIS,,SAJ,Eletrônico,0,2024-01-17,2025-01-10
10009418020248260554,TJSP,G1,Procedimento Comum Cível,7,Fornecimento de medicamentos,2,06 CIVEL DE SANTO ANDRE,3547809.0,SAJ,Eletrônico,0,2024-01-17,2024-03-26
00002591020248260016,TJSP,G1,Cumprimento de sentença,156,Tratamento médico-hospitalar,1,01 VARA JUIZADO ESPECIAL CIVEL - JIT -  ANEXO MACKENZIE DE CENTRAL,,SAJ,Eletrônico,0,2024-01-18,2025-08-14
00013301320248260577,TJSP,G1,Cumprimento Provisório de Sentença,157,Tratamento médico-hospitalar,1,08 CIVEL DE SAO JOSE DOS CAMPOS,,SAJ,Eletrônico,0,2024-01-18,2024-08-27
00000471420248260040,TJSP,G1,Cumprimento de sentença,156,Tratamento Domiciliar (Home Care),1,01 CUMULATIVA DE AMERICO BRASILIENSE,,SAJ,Eletrônico,0,2024-01-18,2025-08-14
00006856420248260196,TJSP,G1,Cumprimento Provisório de Sentença,157,Tratamento médico-hospitalar,1,05 CIVEL DE FRANCA,,SAJ,Eletrônico,0,2024-01-18,2025-08-12
00000653620248260363,TJSP,G1,Procedimento do Juizado Especial da Fazenda Pública,14695,Fornecimento de medicamentos,1,VARA JUIZADO ESP. CIVEL CRIM. DE MOJI MIRIM,,SAJ,Eletrônico,0,2024-01-18,2024-10-26
00000778220248260417,TJSP,G1,Cumprimento Provisório de Sentença,157,Tratamento médico-hospitalar,1,JUIZADO ESPECIAL CIVEL CRIM. DE PARAGUACU PAULISTA,,SAJ,Eletrônico,0,2024-01-18,2026-02-09
00008070420248260576,TJSP,G1,Cumprimento de sentença,156,Tratamento médico-hospitalar,1,07 CIVEL DE SAO JOSE DO RIO PRETO,,SAJ,Eletrônico,0,2024-01-18,2026-05-08
00000389020248260383,TJSP,G1,Cumprimento de sentença,156,Fornecimento de medicamentos,1,JUIZADO ESPECIAL CIVEL CRIM. DE NHANDEARA,,Inválido,Eletrônico,0,2024-01-18,2024-10-02
00002843420248260077,TJSP,G1,Cumprimento Provisório de Sentença,157,Fornecimento de medicamentos,1,02 CIVEL DE BIRIGUI,,SAJ,Eletrônico,0,2024-01-19,2026-07-24
00001013820248260441,TJSP,G1,Procedimento do Juizado Especial da Fazenda Pública,14695,Fornecimento de medicamentos,1,JUIZADO ESPECIAL CIVEL CRIM. DE PERUIBE,,SAJ,Eletrônico,0,2024-01-19,2025-02-06
00004285020248260451,TJSP,G1,Procedimento do Juizado Especial da Fazenda Pública,14695,Assistência Médico-Hospitalar,1,02 FAZENDA PUBLICA DE PIRACICABA,,SAJ,Eletrônico,0,2024-01-19,2025-02-05
00001000820248260650,TJSP,G1,Cumprimento Provisório de Sentença,157,Tratamento médico-hospitalar,1,02 CUMULATIVA DE VALINHOS,,SAJ,Eletrônico,0,2024-01-19,2025-08-14
00000984820248260291,TJSP,G1,Procedimento do Juizado Especial da Fazenda Pública,14695,Fornecimento de medicamentos,1,VARA JUIZADO ESP. CIVEL CRIM. DE JABOTICABAL,,SAJ,Eletrônico,0,2024-01-19,2025-08-12
00002131620248260438,TJSP,G1,Cumprimento de sentença,156,Custeio de Assistência Médica,1,04 CUMULATIVA DE PENAPOLIS,,SAJ,Eletrônico,0,2024-01-19,2025-01-10
00005485520248260011,TJSP,G1,Cumprimento de sentença,156,Fornecimento de medicamentos,1,04 CIVEL DE PINHEIROS,,SAJ,Eletrônico,0,2024-01-19,2026-03-17
00000493220248260315,TJSP,JE,Cumprimento de sentença,156,Fornecimento de medicamentos,1,JUIZADO ESPECIAL CIVEL E CRIMINAL DE LARANJAL PAULISTA,3526407.0,SAJ,Eletrônico,0,2024-01-19,2024-03-26
00001010320248260291,TJSP,G1,Procedimento do Juizado Especial da Fazenda Pública,14695,Fornecimento de medicamentos,1,VARA JUIZADO ESP. CIVEL CRIM. DE JABOTICABAL,,SAJ,Eletrônico,0,2024-01-19,2025-08-14
00007450620248260562,TJSP,G1,Cumprimento de sentença,156,Tratamento médico-hospitalar,1,07 CIVEL DE SANTOS,,SAJ,Eletrônico,0,2024-01-19,2024-08-26
00004274620248260037,TJSP,G1,Cumprimento de sentença,156,Fornecimento de medicamentos,1,FAZENDA PUBLICA DE ARARAQUARA,,SAJ,Eletrônico,0,2024-01-22,2025-08-11
00002707920248260132,TJSP,G1,Procedimento do Juizado Especial da Fazenda Pública,14695,Assistência Médico-Hospitalar,1,VARA JUIZADO ESPECIAL CIVEL DE CATANDUVA,,SAJ,Eletrônico,0,2024-01-22,2024-07-20
00006991720248260271,TJSP,G1,Cumprimento Provisório de Decisão,10980,Fornecimento de medicamentos,1,01 CIVEL DE ITAPEVI,,SAJ,Eletrônico,0,2024-01-22,2025-02-06
00007812520248260602,TJSP,G1,Cumprimento Provisório de Sentença,157,Fornecimento de medicamentos,1,09 CIVEL SOROCABA,,SAJ,Eletrônico,0,2024-01-22,2025-01-10
00006333120248260564,TJSP,G1,Cumprimento de sentença,156,Tratamento médico-hospitalar,1,06 CIVEL DE SAO BERNARDO DO CAMPO,,SAJ,Eletrônico,0,2024-01-22,2024-08-26
00001436820248260318,TJSP,G1,Cumprimento Provisório de Sentença,157,Tratamento médico-hospitalar,1,03 CIVEL DE LEME,,SAJ,Eletrônico,0,2024-01-22,2024-11-12
00000580720248260634,TJSP,G1,Cumprimento de sentença,156,Fornecimento de medicamentos,1,JUIZADO ESPECIAL CIVEL CRIM. DE TREMEMBE,,SAJ,Eletrônico,0,2024-01-22,2026-04-28
00000447420248260035,TJSP,G1,Procedimento do Juizado Especial da Fazenda Pública,14695,Fornecimento de medicamentos,1,JUIZADO ESPECIAL CIVEL CRIM. DE AGUAS DE LINDOIA,,SAJ,Eletrônico,0,2024-01-22,2025-08-08
00002732520248260038,TJSP,G1,Cumprimento Provisório de Sentença,157,Fornecimento de medicamentos,1,03 CIVEL DE ARARAS,,SAJ,Eletrônico,0,2024-01-22,2025-08-15
00008478320248260576,TJSP,G1,Cumprimento Provisório de Decisão,10980,Fornecimento de medicamentos,1,02 CIVEL DE SAO JOSE DO RIO PRETO,,SAJ,Eletrônico,0,2024-01-22,2025-08-15
00000820420248260224,TJSP,G1,Requisição de Pequeno Valor,1266,Custeio de Assistência Médica,1,02 FAZENDA PUBLICA DE GUARULHOS,,SAJ,Eletrônico,0,2024-01-22,2024-12-13
00000474520248260062,TJSP,G1,Procedimento do Juizado Especial da Fazenda Pública,14695,Fornecimento de medicamentos,1,JUIZADO ESPECIAL CIVEL CRIM. DE BARIRI,,SAJ,Eletrônico,0,2024-01-23,2024-08-29
00000917620248260543,TJSP,G1,Cumprimento de sentença,156,Tratamento médico-hospitalar,1,01 CUMULATIVA DE SANTA ISABEL,,SAJ,Eletrônico,0,2024-01-23,2025-07-09
00008154720248260554,TJSP,G1,Cumprimento de sentença,156,Tratamento médico-hospitalar,1,06 CIVEL DE SANTO ANDRE,,Inválido,Eletrônico,0,2024-01-23,2024-10-02
00004931320248260009,TJSP,G1,Cumprimento Provisório de Decisão,10980,Tratamento médico-hospitalar,1,04 CIVEL DE VILA PRUDENTE,,SAJ,Eletrônico,0,2024-01-23,2025-08-14
00001353020248260306,TJSP,G1,Cumprimento de sentença,156,Tratamento Domiciliar (Home Care),1,01 CUMULATIVA DE JOSE BONIFACIO,,SAJ,Eletrônico,0,2024-01-23,2024-11-13
00005200720248260361,TJSP,G1,Cumprimento Provisório de Decisão,10980,Tratamento médico-hospitalar,1,04 CIVEL DE MOGI DAS CRUZES,,SAJ,Eletrônico,0,2024-01-23,2026-06-01
10008204820238260405,TJSP,G2,Apelação Cível,198,Tratamento médico-hospitalar,1,9ª CÂMARA DE DIREITO PRIVADO,,SAJ,Eletrônico,0,2024-01-24,2025-08-14
00003960820248260625,TJSP,G1,Cumprimento Provisório de Decisão,10980,Tratamento médico-hospitalar,1,04 CIVEL DE TAUBATE,,SAJ,Eletrônico,0,2024-01-24,2025-02-05
00000272920248260426,TJSP,G1,Procedimento do Juizado Especial da Fazenda Pública,14695,Fornecimento de medicamentos,1,JUIZADO ESPECIAL CIVEL DE PATROCINIO PAULISTA,,SAJ,Eletrônico,0,2024-01-24,2025-02-06
00001310220248260400,TJSP,G1,Procedimento do Juizado Especial da Fazenda Pública,14695,Fornecimento de medicamentos,1,VARA JUIZADO ESP. CIVEL CRIM. DE OLIMPIA,,SAJ,Eletrônico,0,2024-01-24,2024-12-13
00004620420248260361,TJSP,G1,Cumprimento Provisório de Decisão,10980,Tratamento médico-hospitalar,1,03 CIVEL DE MOGI DAS CRUZES,,SAJ,Eletrônico,0,2024-01-24,2026-03-17
00007416020248260564,TJSP,G1,Cumprimento de sentença,156,Tratamento médico-hospitalar,1,05 CIVEL DE SAO BERNARDO DO CAMPO,,SAJ,Eletrônico,0,2024-01-24,2024-08-26
00002280920248260624,TJSP,G1,Cumprimento de Sentença contra a Fazenda Pública,12078,Fornecimento de medicamentos,1,VARA JUIZADO ESP. CIVEL CRIM. DE TATUI,,SAJ,Eletrônico,0,2024-01-24,2025-02-06
00000258720248260352,TJSP,G1,Procedimento do Juizado Especial da Fazenda Pública,14695,Fornecimento de medicamentos,1,JUIZADO ESPECIAL CIVEL CRIM. DE MIGUELOPOLIS,,SAJ,Eletrônico,0,2024-01-24,2025-08-10
00010006120248260562,TJSP,G1,Cumprimento Provisório de Sentença,157,Fornecimento de medicamentos,1,01 ACIDENTES TRABALHO DE SANTOS,,SAJ,Eletrônico,0,2024-01-24,2024-08-26
00003730720248260223,TJSP,G1,Procedimento do Juizado Especial da Fazenda Pública,14695,Assistência Médico-Hospitalar,2,FAZENDA PUBLICA DE GUARUJA,,SAJ,Eletrônico,0,2024-01-24,2025-08-12
00002075620248260099,TJSP,G1,Procedimento do Juizado Especial da Fazenda Pública,14695,Fornecimento de medicamentos,1,VARA JUIZADO ESP. CIVEL CRIM. DE BRAGANCA PAULISTA,,SAJ,Eletrônico,0,2024-01-25,2024-08-26
00002555220248260604,TJSP,G1,Procedimento do Juizado Especial da Fazenda Pública,14695,Fornecimento de medicamentos,1,VARA JUIZADO ESP. CIVEL CRIM. DE SUMARE,,SAJ,Eletrônico,0,2024-01-25,2024-10-26
00001674320248260659,TJSP,G1,Cumprimento Provisório de Decisão,10980,Fornecimento de medicamentos,1,03 CUMULATIVA DE VINHEDO,,SAJ,Eletrônico,0,2024-01-25,2026-06-03
00004819020248260011,TJSP,G1,Cumprimento de sentença,156,Tratamento médico-hospitalar,1,01 CIVEL DE PINHEIROS,,SAJ,Eletrônico,0,2024-01-25,2025-02-05
00003714920248260510,TJSP,G1,Procedimento do Juizado Especial da Fazenda Pública,14695,Fornecimento de medicamentos,1,FAZENDA PUBLICA DE RIO CLARO,,SAJ,Eletrônico,0,2024-01-25,2025-08-14
00001409020248260358,TJSP,G1,Procedimento do Juizado Especial da Fazenda Pública,14695,Fornecimento de medicamentos,1,JUIZADO ESPECIAL CIVEL CRIM. DE MIRASSOL,,SAJ,Eletrônico,0,2024-01-25,2024-11-13
00002485420248260024,TJSP,G1,Cumprimento de sentença,156,Tratamento médico-hospitalar,1,01 CUMULATIVA DE ANDRADINA,,SAJ,Eletrônico,0,2024-01-26,2024-08-27
00011589320248260602,TJSP,G1,Cumprimento de Sentença contra a Fazenda Pública,12078,Fornecimento de medicamentos,1,ANEXO DO JUIZADO ESPECIAL DA FAZENDA PÚBLICA DE SOROCABA,,SAJ,Eletrônico,0,2024-01-26,2024-12-12
00002046020248260533,TJSP,G1,Cumprimento de sentença,156,Fornecimento de medicamentos,1,VARA JUIZADO ESP. CIVEL CRIM. DE SANTA BARBARA D OESTE,,SAJ,Eletrônico,0,2024-01-26,2025-08-14
00001006620248260663,TJSP,G1,Procedimento do Juizado Especial da Fazenda Pública,14695,Fornecimento de medicamentos,1,VARA DO JUIZADO ESPECIAL CIVEL E CRIMINAL DE VOTORANTIM,,SAJ,Eletrônico,0,2024-01-26,2024-08-29
23362692820238260000,TJSP,G2,Agravo Interno Cível,1208,Tratamento médico-hospitalar,1,9ª CÂMARA DE DIREITO PRIVADO,3550308.0,SAJ,Eletrônico,0,2024-01-26,2024-03-25
00005677820248260361,TJSP,G1,Cumprimento Provisório de Decisão,10980,Tratamento médico-hospitalar,1,Juízo Titular I - 2ª Vara Cível da Comarca de Mogi das Cruzes,3530607.0,Projudi,Eletrônico,0,2024-01-28,2026-07-07
00005686320248260361,TJSP,G1,Cumprimento Provisório de Decisão,10980,Tratamento médico-hospitalar,1,02 CIVEL DE MOGI DAS CRUZES,,SAJ,Eletrônico,0,2024-01-28,2025-02-06
00001436220248260417,TJSP,G1,Procedimento do Juizado Especial da Fazenda Pública,14695,Fornecimento de medicamentos,1,JUIZADO ESPECIAL CIVEL CRIM. DE PARAGUACU PAULISTA,,SAJ,Eletrônico,0,2024-01-29,2025-02-05
30005328320248260000,TJSP,G2,Agravo de Instrumento,202,Assistência Médico-Hospitalar,1,4ª CÂMARA DE DIREITO PÚBLICO,,Inválido,Eletrônico,0,2024-01-29,2024-08-30
00005018120248260011,TJSP,G1,Cumprimento de sentença,156,Tratamento médico-hospitalar,1,04 CIVEL DE PINHEIROS,,SAJ,Eletrônico,0,2024-01-29,2025-08-11
00011422020248260577,TJSP,G1,Cumprimento de sentença,156,Serviços Hospitalares,1,02 CIVEL DE SAO JOSE DOS CAMPOS,,SAJ,Eletrônico,0,2024-01-29,2025-02-06
00003493220248260270,TJSP,G1,Liquidação de Sentença pelo Procedimento Comum,152,Tratamento médico-hospitalar,1,03 CUMULATIVA DE ITAPEVA,,SAJ,Eletrônico,0,2024-01-29,2024-12-13
00011766520248260004,TJSP,G1,Cumprimento de sentença,156,Serviços Hospitalares,1,01 CIVEL DE LAPA,,SAJ,Eletrônico,0,2024-01-29,2025-02-06
00002957120248260624,TJSP,G1,Procedimento do Juizado Especial da Fazenda Pública,14695,Fornecimento de medicamentos,1,VARA JUIZADO ESP. CIVEL CRIM. DE TATUI,,SAJ,Eletrônico,0,2024-01-29,2024-10-26
00004213020248260428,TJSP,G1,Cumprimento Provisório de Sentença,157,Tratamento médico-hospitalar,1,02 CUMULATIVA DE PAULINIA,,SAJ,Eletrônico,0,2024-01-29,2026-06-03
00003397220248260048,TJSP,G1,Cumprimento de Sentença contra a Fazenda Pública,12078,Fornecimento de medicamentos,1,VARA JUIZADO ESP. CIVEL CRIM. DE ATIBAIA,,SAJ,Eletrônico,0,2024-01-30,2025-08-10
00005176420248260066,TJSP,G1,Cumprimento de sentença,156,Fornecimento de medicamentos,1,03 CIVEL DE BARRETOS,,SAJ,Eletrônico,0,2024-01-30,2025-01-10
00003993920248260438,TJSP,G1,Cumprimento de sentença,156,Fornecimento de medicamentos,1,VARA JUIZADO ESP. CIVEL CRIM. DE PENAPOLIS,,SAJ,Eletrônico,0,2024-01-30,2026-07-24
00005676120248260011,TJSP,G1,Cumprimento Provisório de Sentença,157,Tratamento Domiciliar (Home Care),1,Juízo Titular I - 1ª Vara Cível - Regional XI - Pinheiros,3550308.0,Projudi,Eletrônico,0,2024-01-30,2026-07-02
00002640920248260347,TJSP,G1,Cumprimento Provisório de Sentença,157,Fornecimento de medicamentos,1,VARA JUIZADO ESP. CIVEL CRIM. DE MATAO,,SAJ,Eletrônico,0,2024-01-30,2024-07-20
00007463720248260482,TJSP,G1,Cumprimento Provisório de Decisão,10980,Tratamento médico-hospitalar,1,01 CIVEL DE PRESIDENTE PRUDENTE,,SAJ,Eletrônico,0,2024-01-30,2025-08-10
00001311520248260137,TJSP,G1,Cumprimento de sentença,156,Assistência Médico-Hospitalar,1,JUIZADO ESPECIAL CIVEL CRIM. DE CERQUILHO,,SAJ,Eletrônico,0,2024-01-30,2025-08-12
00001549120248260417,TJSP,G1,Procedimento do Juizado Especial da Fazenda Pública,14695,Fornecimento de medicamentos,1,JUIZADO ESPECIAL CIVEL CRIM. DE PARAGUACU PAULISTA,,SAJ,Eletrônico,0,2024-01-30,2026-05-08
10127524120248260100,TJSP,G1,Mandado de Segurança Cível,120,Tratamento médico-hospitalar,1,01 FAZENDA PUBLICA DE CENTRAL,,SAJ,Eletrônico,0,2024-01-30,2025-08-14
00003242420248260624,TJSP,G1,Procedimento do Juizado Especial da Fazenda Pública,14695,Fornecimento de medicamentos,1,VARA JUIZADO ESP. CIVEL CRIM. DE TATUI,,SAJ,Eletrônico,0,2024-01-30,2026-05-08
00000833120248260210,TJSP,G1,Cumprimento Provisório de Sentença,157,Fornecimento de medicamentos,1,01 CUMULATIVA DE GUAIRA,,SAJ,Eletrônico,0,2024-01-30,2026-07-16
00002951820248260189,TJSP,G1,Cumprimento de Sentença contra a Fazenda Pública,12078,Fornecimento de medicamentos,1,VARA JUIZADO ESP. CIVEL CRIM. DE FERNANDOPOLIS,,Inválido,Eletrônico,0,2024-01-30,2024-10-02
00003225420248260624,TJSP,G1,Cumprimento de Sentença contra a Fazenda Pública,12078,Fornecimento de medicamentos,1,VARA JUIZADO ESP. CIVEL CRIM. DE TATUI,,SAJ,Eletrônico,0,2024-01-30,2025-02-06
00001457920248260272,TJSP,G1,Cumprimento de Sentença contra a Fazenda Pública,12078,Fornecimento de medicamentos,1,JUIZADO ESPECIAL CIVEL CRIM. DE ITAPIRA,,SAJ,Eletrônico,0,2024-01-30,2026-04-28
10023618220248260405,TJSP,G1,Procedimento Comum Cível,7,Serviços Hospitalares,1,02 CIVEL DE OSASCO,3534401.0,SAJ,Eletrônico,0,2024-01-30,2024-02-27
00004321420248260152,TJSP,G1,Cumprimento de sentença,156,Serviços Hospitalares,1,01 CIVEL DE COTIA,,SAJ,Eletrônico,0,2024-01-31,2025-02-05
00010584720248260309,TJSP,G1,Cumprimento de Sentença contra a Fazenda Pública,12078,Fornecimento de medicamentos,1,FAZENDA PUBLICA DE JUNDIAI,,SAJ,Eletrônico,0,2024-01-31,2026-06-02
00009004720248260032,TJSP,G1,Cumprimento de sentença,156,Fornecimento de medicamentos,1,FAZENDA PUBLICA DE ARACATUBA,,SAJ,Eletrônico,0,2024-01-31,2026-07-24
00006213320248260009,TJSP,G1,Cumprimento de sentença,156,Tratamento médico-hospitalar,1,04 CIVEL DE VILA PRUDENTE,,SAJ,Eletrônico,0,2024-01-31,2025-08-11
00000471920248260588,TJSP,G1,Procedimento do Juizado Especial da Fazenda Pública,14695,Fornecimento de medicamentos,1,JUIZADO ESPECIAL CIVEL CRIM. DE SAO SEBASTIAO DA GRAMA,,SAJ,Eletrônico,0,2024-01-31,2025-08-11
10006586720248260292,TJSP,G1,Procedimento Comum Cível,7,Tratamento médico-hospitalar,1,03 CIVEL DE JACAREI,3524402.0,SAJ,Eletrônico,0,2024-01-31,2024-05-28
00000811620248260128,TJSP,G1,Procedimento do Juizado Especial da Fazenda Pública,14695,Fornecimento de medicamentos,1,JUIZADO ESPECIAL CIVEL CRIM. DE CARDOSO,,SAJ,Eletrônico,0,2024-01-31,2025-08-15
00002392020248260533,TJSP,G1,Cumprimento Provisório de Decisão,10980,Fornecimento de medicamentos,1,02 CIVEL DE SANTA BARBARA D OESTE,,SAJ,Eletrônico,0,2024-01-31,2026-06-03
00003171420248260048,TJSP,G1,Cumprimento de sentença,156,Tratamento médico-hospitalar,1,03 CIVEL DE ATIBAIA,,SAJ,Eletrônico,0,2024-01-31,2025-08-10
00003355320248260624,TJSP,G1,Procedimento do Juizado Especial da Fazenda Pública,14695,Fornecimento de medicamentos,1,VARA JUIZADO ESP. CIVEL CRIM. DE TATUI,,SAJ,Eletrônico,0,2024-01-31,2026-05-08
00006739120248260344,TJSP,G1,Cumprimento de sentença,156,Fornecimento de medicamentos,1,FAZENDA PUBLICA DE MARILIA,,SAJ,Eletrônico,0,2024-01-31,2025-08-14
00008987720248260032,TJSP,G1,Cumprimento de sentença,156,Fornecimento de medicamentos,1,FAZENDA PUBLICA DE ARACATUBA,,SAJ,Eletrônico,0,2024-01-31,2025-02-05
00005825920248260066,TJSP,G1,Cumprimento Provisório de Decisão,10980,Fornecimento de medicamentos,1,03 CIVEL DE BARRETOS,,SAJ,Eletrônico,0,2024-02-01,2024-08-26
00002827120248260010,TJSP,G1,Cumprimento de sentença,156,Tratamento Domiciliar (Home Care),1,02 CIVEL DE IPIRANGA,,SAJ,Eletrônico,0,2024-02-01,2025-08-11
00000937520248260210,TJSP,G1,Cumprimento de Sentença contra a Fazenda Pública,12078,Fornecimento de medicamentos,1,01 CUMULATIVA DE GUAIRA,,SAJ,Eletrônico,0,2024-02-01,2025-08-15
00000775920248260651,TJSP,G1,Procedimento do Juizado Especial da Fazenda Pública,14695,Fornecimento de medicamentos,1,JUIZADO ESPECIAL CIVEL DE VALPARAISO,,Inválido,Eletrônico,0,2024-02-01,2024-10-02
00006910420248260477,TJSP,G1,Cumprimento Provisório de Decisão,10980,Tratamento médico-hospitalar,1,02 CIVEL DE PRAIA GRANDE,,SAJ,Eletrônico,0,2024-02-01,2024-11-13
00001760220248260272,TJSP,G1,Cumprimento Provisório de Sentença,157,Fornecimento de medicamentos,1,JUIZADO ESPECIAL CIVEL CRIM. DE ITAPIRA,,SAJ,Eletrônico,0,2024-02-01,2024-10-26
00005363120248260079,TJSP,G1,Cumprimento de Sentença contra a Fazenda Pública,12078,Fornecimento de medicamentos,1,VARA JUIZADO ESP. CIVEL CRIM. DE BOTUCATU,,SAJ,Eletrônico,0,2024-02-02,2024-08-27
00003588020248260597,TJSP,G1,Procedimento do Juizado Especial da Fazenda Pública,14695,Fornecimento de medicamentos,1,VARA JUIZADO ESP. CIVEL CRIM. DE SERTAOZINHO,,SAJ,Eletrônico,0,2024-02-02,2026-05-09
00007303720248260659,TJSP,G1,Cumprimento de sentença,156,Tratamento médico-hospitalar,1,02 CUMULATIVA DE VINHEDO,,Inválido,Eletrônico,0,2024-02-02,2024-10-02
00000547320248260341,TJSP,G1,Procedimento do Juizado Especial da Fazenda Pública,14695,Fornecimento de medicamentos,1,JUIZADO ESPECIAL CIVEL CRIM. DE MARACAI,,SAJ,Eletrônico,0,2024-02-02,2025-08-12
00003623620248260624,TJSP,G1,Procedimento do Juizado Especial da Fazenda Pública,14695,Fornecimento de medicamentos,1,VARA JUIZADO ESP. CIVEL CRIM. DE TATUI,,SAJ,Eletrônico,0,2024-02-02,2025-02-06
00002574120248260533,TJSP,G1,Cumprimento de Sentença contra a Fazenda Pública,12078,Custeio de Assistência Médica,1,VARA JUIZADO ESP. CIVEL CRIM. DE SANTA BARBARA D OESTE,,SAJ,Eletrônico,0,2024-02-02,2025-02-05
00000381820248260698,TJSP,G1,Procedimento do Juizado Especial da Fazenda Pública,14695,Fornecimento de medicamentos,1,JUIZADO ESPECIAL CIVEL DE PIRANGI,,SAJ,Eletrônico,0,2024-02-02,2025-08-11
00014820920248260562,TJSP,G1,Cumprimento de sentença,156,Tratamento médico-hospitalar,1,09 CIVEL DE SANTOS,,SAJ,Eletrônico,0,2024-02-02,2024-08-26
00007518520248260344,TJSP,G1,Cumprimento de Sentença contra a Fazenda Pública,12078,Fornecimento de medicamentos,1,FAZENDA PUBLICA DE MARILIA,,SAJ,Eletrônico,0,2024-02-02,2026-06-03
00004967420248260297,TJSP,G1,Cumprimento Provisório de Sentença,157,Fornecimento de medicamentos,1,VARA JUIZADO ESP. CIVEL CRIM. DE JALES,,SAJ,Eletrônico,0,2024-02-05,2024-08-27
00003365720248260650,TJSP,G1,Cumprimento de sentença,156,Fornecimento de medicamentos,1,03 CUMULATIVA DE VALINHOS,,SAJ,Eletrônico,0,2024-02-05,2025-08-14
00001073220248260025,TJSP,G1,Procedimento do Juizado Especial da Fazenda Pública,14695,Fornecimento de medicamentos,1,JUIZADO ESPECIAL CIVEL CRIM. DE ANGATUBA,,Inválido,Eletrônico,0,2024-02-05,2024-08-27
00000215020248260449,TJSP,G1,Procedimento do Juizado Especial Cível,436,Fornecimento de medicamentos,1,JUIZADO ESPECIAL CIVEL E CRIMINAL DE PIQUETE,,SAJ,Eletrônico,0,2024-02-05,2025-02-06
00006208520248260223,TJSP,G1,Procedimento do Juizado Especial da Fazenda Pública,14695,Assistência Médico-Hospitalar,2,FAZENDA PUBLICA DE GUARUJA,,SAJ,Eletrônico,0,2024-02-05,2025-08-12
00002635220248260176,TJSP,G1,Cumprimento Provisório de Sentença,157,Tratamento médico-hospitalar,1,01 CUMULATIVA DE EMBU DAS ARTES,,SAJ,Eletrônico,0,2024-02-05,2026-04-15
00007478320248260009,TJSP,G1,Cumprimento de sentença,156,Serviços Hospitalares,1,01 CIVEL DE VILA PRUDENTE,,SAJ,Eletrônico,0,2024-02-05,2025-08-14
00007130520248260011,TJSP,G1,Cumprimento de sentença,156,Tratamento médico-hospitalar,1,03 CIVEL DE PINHEIROS,,SAJ,Eletrônico,0,2024-02-05,2025-08-11
00007832820248260009,TJSP,G1,Cumprimento de sentença,156,Tratamento médico-hospitalar,1,02 CIVEL DE VILA PRUDENTE,,SAJ,Eletrônico,0,2024-02-05,2025-08-11
00003864620248260048,TJSP,G1,Cumprimento de sentença,156,Fornecimento de medicamentos,1,03 CIVEL DE ATIBAIA,,SAJ,Eletrônico,0,2024-02-05,2025-08-10
00004300720248260132,TJSP,G1,Procedimento do Juizado Especial da Fazenda Pública,14695,Fornecimento de medicamentos,1,VARA JUIZADO ESPECIAL CIVEL DE CATANDUVA,,SAJ,Eletrônico,0,2024-02-05,2024-07-20
00003135020248260541,TJSP,G1,Cumprimento de sentença,156,Fornecimento de medicamentos,1,JUIZADO ESPECIAL CIVEL DE SANTA FE DO SUL,,SAJ,Eletrônico,0,2024-02-05,2024-08-28
00002669520248260082,TJSP,G1,Cumprimento de sentença,156,Tratamento médico-hospitalar,1,01 CUMULATIVA DE BOITUVA,,SAJ,Eletrônico,0,2024-02-06,2026-07-16
23370176020238260000,TJSP,G2,Agravo Interno Cível,1208,Tratamento médico-hospitalar,1,5ª CÂMARA DE DIREITO PRIVADO,3550308.0,SAJ,Eletrônico,0,2024-02-06,2024-03-25
00002977920248260191,TJSP,G1,Cumprimento Provisório de Sentença,157,Tratamento médico-hospitalar,1,01 CUMULATIVA DE FERRAZ DE VASCONCELOS,,SAJ,Eletrônico,0,2024-02-06,2025-08-11
00011645420248260003,TJSP,G1,Cumprimento de sentença,156,Serviços Hospitalares,1,01 CIVEL DE JABAQUARA,,SAJ,Eletrônico,0,2024-02-06,2025-08-10
00021088320248260576,TJSP,G1,Cumprimento Provisório de Sentença,157,Fornecimento de medicamentos,1,06 CIVEL DE SAO JOSE DO RIO PRETO,,SAJ,Eletrônico,0,2024-02-06,2024-07-19
00006406220248260066,TJSP,G1,Cumprimento de Sentença contra a Fazenda Pública,12078,Fornecimento de medicamentos,1,VARA JUIZADO ESP. CIVEL CRIM. DE BARRETOS,,SAJ,Eletrônico,0,2024-02-06,2024-07-20
00012000220248260196,TJSP,G1,Cumprimento de sentença,156,Assistência Médico-Hospitalar,1,FAZENDA PUBLICA DE FRANCA,,SAJ,Eletrônico,0,2024-02-06,2026-03-17
00005199820248260077,TJSP,G1,Cumprimento de sentença,156,Fornecimento de medicamentos,1,VARA JUIZADO ESP. CIVEL CRIM. DE BIRIGUI,,SAJ,Eletrônico,0,2024-02-06,2025-01-10
00005303620248260269,TJSP,G1,Cumprimento de Sentença contra a Fazenda Pública,12078,Fornecimento de medicamentos,1,04 CIVEL DE ITAPETININGA,,SAJ,Eletrônico,0,2024-02-06,2024-12-13
00001746020248260586,TJSP,G1,Cumprimento Provisório de Sentença,157,Tratamento médico-hospitalar,1,02 CIVEL DE SAO ROQUE,,SAJ,Eletrônico,0,2024-02-06,2026-06-02
00000753120248260153,TJSP,G1,Procedimento do Juizado Especial da Fazenda Pública,14695,Fornecimento de medicamentos,1,JUIZADO ESPECIAL CIVEL DE CRAVINHOS,3513108.0,SAJ,Eletrônico,0,2024-02-06,2024-05-28
00001400220248260452,TJSP,G1,Procedimento do Juizado Especial da Fazenda Pública,14695,Fornecimento de medicamentos,1,JUIZADO ESPECIAL CIVEL CRIM. DE PIRAJU,,SAJ,Eletrônico,0,2024-02-06,2025-07-09
00003317120248260347,TJSP,G1,Procedimento do Juizado Especial da Fazenda Pública,14695,Fornecimento de medicamentos,1,VARA JUIZADO ESP. CIVEL CRIM. DE MATAO,,SAJ,Eletrônico,0,2024-02-06,2025-08-12
00007061320248260011,TJSP,G1,Cumprimento de sentença,156,Tratamento médico-hospitalar,1,05 CIVEL DE PINHEIROS,,SAJ,Eletrônico,0,2024-02-06,2025-08-11
00006553120248260066,TJSP,G1,Cumprimento de sentença,156,Fornecimento de medicamentos,1,03 CIVEL DE BARRETOS,,SAJ,Eletrônico,0,2024-02-06,2024-07-19
00006871620248260590,TJSP,G1,Cumprimento de sentença,156,Fornecimento de medicamentos,1,05 CIVEL DE SAO VICENTE,,SAJ,Eletrônico,0,2024-02-06,2024-08-26
00016743920248260562,TJSP,G1,Cumprimento de sentença,156,Tratamento médico-hospitalar,1,01 CIVEL DE SANTOS,,SAJ,Eletrônico,0,2024-02-06,2024-08-26
00005713120248260292,TJSP,G1,Cumprimento Provisório de Sentença,157,Tratamento médico-hospitalar,1,03 CIVEL DE JACAREI,,SAJ,Eletrônico,0,2024-02-07,2024-12-13
00004134720248260624,TJSP,G1,Procedimento do Juizado Especial da Fazenda Pública,14695,Fornecimento de medicamentos,1,VARA JUIZADO ESP. CIVEL CRIM. DE TATUI,,SAJ,Eletrônico,0,2024-02-07,2024-08-29
00005266720248260408,TJSP,G1,Cumprimento de sentença,156,Serviços Hospitalares,1,01 CIVEL DE OURINHOS,,SAJ,Eletrônico,0,2024-02-07,2025-01-10
00002596720248260288,TJSP,G1,Cumprimento de sentença,156,Fornecimento de medicamentos,1,02 CUMULATIVA DE ITUVERAVA,,SAJ,Eletrônico,0,2024-02-07,2026-04-15
00002588220248260288,TJSP,G1,Cumprimento de sentença,156,Fornecimento de medicamentos,1,02 CUMULATIVA DE ITUVERAVA,,SAJ,Eletrônico,0,2024-02-07,2024-12-13
00002107420248260272,TJSP,G1,Procedimento do Juizado Especial da Fazenda Pública,14695,Fornecimento de medicamentos,1,JUIZADO ESPECIAL CIVEL CRIM. DE ITAPIRA,,SAJ,Eletrônico,0,2024-02-07,2025-01-09
00017017420248260577,TJSP,G1,Cumprimento de sentença,156,Fornecimento de medicamentos,1,01 CIVEL DE SAO JOSE DOS CAMPOS,,SAJ,Eletrônico,0,2024-02-07,2024-08-26
00001363620248260493,TJSP,G1,Procedimento do Juizado Especial da Fazenda Pública,14695,Fornecimento de medicamentos,1,JUIZADO ESPECIAL CIVEL CRIM. DE REGENTE FEIJO,,SAJ,Eletrônico,0,2024-02-07,2025-08-11
00030605120248260224,TJSP,G1,Cumprimento de sentença,156,Tratamento médico-hospitalar,1,03 CIVEL DE GUARULHOS,,SAJ,Eletrônico,0,2024-02-08,2024-08-25
00000711220248260341,TJSP,G1,Procedimento do Juizado Especial da Fazenda Pública,14695,Fornecimento de medicamentos,1,JUIZADO ESPECIAL CIVEL CRIM. DE MARACAI,,SAJ,Eletrônico,0,2024-02-08,2025-08-12
00016113220248260071,TJSP,G1,Cumprimento Provisório de Sentença,157,Fornecimento de medicamentos,1,01 FAZENDA PUBLICA DE BAURU,,Inválido,Eletrônico,0,2024-02-08,2024-08-29
00004342320248260624,TJSP,G1,Cumprimento de Sentença contra a Fazenda Pública,12078,Fornecimento de medicamentos,1,VARA JUIZADO ESP. CIVEL CRIM. DE TATUI,,SAJ,Eletrônico,0,2024-02-08,2025-07-09
10905728320178260100,TJSP,G2,Embargos de Declaração Cível,1689,Planos de Saúde,1,3ª CÂMARA DE DIREITO PRIVADO,3550308.0,SAJ,Eletrônico,0,2024-02-08,2024-04-26
00007409420248260590,TJSP,G1,Cumprimento de sentença,156,Tratamento médico-hospitalar,1,03 CIVEL DE SAO VICENTE,,SAJ,Eletrônico,0,2024-02-08,2024-08-26
00001037420248260128,TJSP,G1,Procedimento do Juizado Especial da Fazenda Pública,14695,Fornecimento de medicamentos,1,JUIZADO ESPECIAL CIVEL CRIM. DE CARDOSO,,SAJ,Eletrônico,0,2024-02-08,2024-07-20
00007243520248260625,TJSP,G1,Cumprimento de sentença,156,Fornecimento de medicamentos,1,FAZENDA PUBLICA DE TAUBATE,,SAJ,Eletrônico,0,2024-02-08,2025-02-05
00002943220248260642,TJSP,G1,Procedimento do Juizado Especial da Fazenda Pública,14695,Fornecimento de medicamentos,1,VARA JUIZADO ESP. CIVEL CRIM. DE UBATUBA,,SAJ,Eletrônico,0,2024-02-08,2024-11-12
00007806720248260011,TJSP,G1,Cumprimento de sentença,156,Tratamento médico-hospitalar,1,01 CIVEL DE PINHEIROS,,SAJ,Eletrônico,0,2024-02-08,2025-08-14
00002071120248260696,TJSP,G1,Procedimento do Juizado Especial da Fazenda Pública,14695,Fornecimento de medicamentos,1,JUIZADO ESPECIAL CIVEL CRIM. DE OUROESTE,,SAJ,Eletrônico,0,2024-02-08,2025-08-08
23366572820238260000,TJSP,G2,Embargos de Declaração Cível,1689,Tratamento médico-hospitalar,1,5ª CÂMARA DE DIREITO PRIVADO,3550308.0,SAJ,Eletrônico,0,2024-02-08,2024-03-25
00001058020248260116,TJSP,G1,Cumprimento de sentença,156,Tratamento médico-hospitalar,1,02 CUMULATIVA DE CAMPOS DO JORDAO,,SAJ,Eletrônico,0,2024-02-08,2025-11-05
00002663620248260619,TJSP,G1,Cumprimento de sentença,156,Tratamento médico-hospitalar,1,04 CUMULATIVA DE TAQUARITINGA,,SAJ,Eletrônico,0,2024-02-08,2025-02-05
00016061020248260071,TJSP,G1,Cumprimento de sentença,156,Fornecimento de medicamentos,1,JUIZADO ESP.DA FAZENDA PUBLICA DE BAURU,,Inválido,Eletrônico,0,2024-02-08,2024-08-29
00005589520248260077,TJSP,G1,Cumprimento Provisório de Sentença,157,Fornecimento de medicamentos,1,01 CIVEL DE BIRIGUI,,SAJ,Eletrônico,0,2024-02-08,2024-11-13
10092080620238260577,TJSP,G2,Apelação Cível,198,Tratamento médico-hospitalar,1,8ª CÂMARA DE DIREITO PRIVADO,,SAJ,Eletrônico,0,2024-02-08,2025-01-09
00020277920248260562,TJSP,G1,Cumprimento de sentença,156,Tratamento médico-hospitalar,1,08 CIVEL DE SANTOS,,SAJ,Eletrônico,0,2024-02-09,2024-12-12
00007072720248260066,TJSP,G1,Cumprimento de Sentença contra a Fazenda Pública,12078,Fornecimento de medicamentos,1,VARA JUIZADO ESP. CIVEL CRIM. DE BARRETOS,,SAJ,Eletrônico,0,2024-02-09,2024-08-26
00006532220248260079,TJSP,G1,Cumprimento de sentença,156,Fornecimento de medicamentos,1,01 CIVEL DE BOTUCATU,,SAJ,Eletrônico,0,2024-02-09,2026-05-08
00006215720248260292,TJSP,G1,Cumprimento de sentença,156,Fornecimento de medicamentos,1,03 CIVEL DE JACAREI,,SAJ,Eletrônico,0,2024-02-09,2026-06-02
00005613520248260664,TJSP,G1,Procedimento do Juizado Especial da Fazenda Pública,14695,Fornecimento de medicamentos,1,VARA JUIZADO ESP. CIVEL CRIM. - JIT -  ANEXO UNIFEV - VOTUPORANGA,,SAJ,Eletrônico,0,2024-02-09,2025-08-15
00007032620248260248,TJSP,G1,Cumprimento Provisório de Decisão,10980,Fornecimento de medicamentos,1,04 CIVEL DE INDAIATUVA,,SAJ,Eletrônico,0,2024-02-09,2024-10-26
23359185520238260000,TJSP,G2,Agravo Interno Cível,1208,Fornecimento de medicamentos,1,4ª CÂMARA DE DIREITO PRIVADO,3550308.0,SAJ,Eletrônico,0,2024-02-09,2024-04-26
00011153220248260320,TJSP,G1,Cumprimento de sentença,156,Tratamento médico-hospitalar,1,02 CIVEL DE LIMEIRA,,SAJ,Eletrônico,0,2024-02-09,2025-08-12
00002325920248260070,TJSP,G1,Procedimento do Juizado Especial da Fazenda Pública,14695,Fornecimento de medicamentos,1,VARA JUIZADO ESP. CIVEL CRIM. DE BATATAIS,,SAJ,Eletrônico,0,2024-02-09,2025-08-10
00006767320238260411,TJSP,G1,Requisição de Pequeno Valor,1266,Fornecimento de medicamentos,1,JUIZADO ESPECIAL CIVEL CRIM. DE PACAEMBU,,SAJ,Eletrônico,0,2024-02-10,2025-08-10
00001011120248260062,TJSP,G1,Cumprimento de sentença,156,Fornecimento de medicamentos,1,02 CUMULATIVA DE BARIRI,,SAJ,Eletrônico,0,2024-02-12,2026-07-24
00038787220248260007,TJSP,G1,Cumprimento Provisório de Sentença,157,Tratamento médico-hospitalar,1,01 CIVEL DE ITAQUERA,,SAJ,Eletrônico,0,2024-02-13,2025-02-06
00008333820248260079,TJSP,G1,Cumprimento de Sentença contra a Fazenda Pública,12078,Planos de Saúde,1,03 CIVEL DE BOTUCATU,,SAJ,Eletrônico,0,2024-02-13,2024-12-13
00005416720248260624,TJSP,G1,Procedimento do Juizado Especial da Fazenda Pública,14695,Fornecimento de medicamentos,1,VARA JUIZADO ESP. CIVEL CRIM. DE TATUI,,Inválido,Eletrônico,0,2024-02-14,2024-10-01
00003425220248260072,TJSP,G1,Cumprimento de sentença,156,Fornecimento de medicamentos,1,02 CUMULATIVA DE BEBEDOURO,,Inválido,Eletrônico,0,2024-02-14,2024-10-02
00001340320248260514,TJSP,G1,Cumprimento de sentença,156,Fornecimento de medicamentos,1,VARA UNICA DE ITUPEVA,,SAJ,Eletrônico,0,2024-02-14,2024-08-26
00001502020248260493,TJSP,G1,Procedimento do Juizado Especial da Fazenda Pública,14695,Fornecimento de medicamentos,1,JUIZADO ESPECIAL CIVEL CRIM. DE REGENTE FEIJO,,SAJ,Eletrônico,0,2024-02-14,2025-08-11
00007921320248260066,TJSP,G1,Cumprimento Provisório de Sentença,157,Fornecimento de medicamentos,1,03 CIVEL DE BARRETOS,,SAJ,Eletrônico,0,2024-02-14,2024-07-19
00010091220248260016,TJSP,G1,Procedimento do Juizado Especial Cível,436,Serviços Hospitalares,1,01 VARA JUIZADO ESPECIAL CIVEL - JIT -  ANEXO PUC DE CENTRAL,,SAJ,Eletrônico,0,2024-02-15,2025-08-10
00008828920248260011,TJSP,G1,Cumprimento de sentença,156,Tratamento médico-hospitalar,1,03 CIVEL DE PINHEIROS,,SAJ,Eletrônico,0,2024-02-15,2025-08-11
10241756620218260564,TJSP,G2,Apelação Cível,198,Tratamento médico-hospitalar,1,4ª CÂMARA DE DIREITO PRIVADO,,SAJ,Eletrônico,0,2024-02-15,2025-08-14
00011223920248260606,TJSP,G1,Cumprimento Provisório de Sentença,157,Fornecimento de medicamentos,1,01 CIVEL DE SUZANO,,SAJ,Eletrônico,0,2024-02-15,2025-08-12
00005747820248260132,TJSP,G1,Cumprimento de Sentença contra a Fazenda Pública,12078,Fornecimento de medicamentos,1,03 CIVEL DE CATANDUVA,,SAJ,Eletrônico,0,2024-02-15,2025-08-15
00004863020248260394,TJSP,G1,Procedimento do Juizado Especial da Fazenda Pública,14695,Custeio de Assistência Médica,1,JUIZADO ESPECIAL CIVEL CRIM. DE NOVA ODESSA,,SAJ,Eletrônico,0,2024-02-15,2025-02-05
00005046320248260099,TJSP,G1,Procedimento do Juizado Especial da Fazenda Pública,14695,Fornecimento de medicamentos,1,VARA JUIZADO ESP. CIVEL CRIM. DE BRAGANCA PAULISTA,,SAJ,Eletrônico,0,2024-02-16,2025-08-12
00068296020248260000,TJSP,G2,Oposição,236,Tratamento médico-hospitalar,1,6ª CÂMARA DE DIREITO PRIVADO,3550308.0,SAJ,Eletrônico,0,2024-02-16,2024-03-25
00003744320248260400,TJSP,G1,Cumprimento Provisório de Sentença,157,Tratamento Domiciliar (Home Care),1,01 CIVEL DE OLIMPIA,,SAJ,Eletrônico,0,2024-02-16,2025-08-15
00007904320248260066,TJSP,G1,Cumprimento de sentença,156,Tratamento médico-hospitalar,1,03 CIVEL DE BARRETOS,,SAJ,Eletrônico,0,2024-02-16,2024-07-19
00001138520248260042,TJSP,G1,Cumprimento de sentença,156,Fornecimento de medicamentos,1,JUIZADO ESPECIAL CIVEL CRIM. DE ALTINOPOLIS,,SAJ,Eletrônico,0,2024-02-16,2025-11-05
00000740320248260426,TJSP,G1,Procedimento do Juizado Especial da Fazenda Pública,14695,Fornecimento de medicamentos,1,JUIZADO ESPECIAL CIVEL DE PATROCINIO PAULISTA,,SAJ,Eletrônico,0,2024-02-16,2025-08-10
00000492520248260673,TJSP,G1,Procedimento do Juizado Especial da Fazenda Pública,14695,Fornecimento de medicamentos,1,JUIZADO ESPECIAL CIVEL CRIM. DE FLORIDA PAULISTA,,SAJ,Eletrônico,0,2024-02-16,2025-08-06
00002522620248260272,TJSP,G1,Reclamação Pré-processual,11875,Tratamento médico-hospitalar,1,CEJUSC (Pré-Processual),,SAJ,Eletrônico,0,2024-02-16,2024-08-26
00004746020248260541,TJSP,G1,Cumprimento de Sentença contra a Fazenda Pública,12078,Fornecimento de medicamentos,1,JUIZADO ESPECIAL CIVEL DE SANTA FE DO SUL,,SAJ,Eletrônico,0,2024-02-17,2024-10-26
00003036320248260619,TJSP,G1,Cumprimento de sentença,156,Tratamento médico-hospitalar,1,01 CUMULATIVA DE TAQUARITINGA,,SAJ,Eletrônico,0,2024-02-18,2025-08-14
23364096220238260000,TJSP,G2,Agravo Interno Cível,1208,Tratamento médico-hospitalar,1,2ª CÂMARA DE DIREITO PRIVADO,3550308.0,SAJ,Eletrônico,0,2024-02-18,2024-03-25
00001663920248260439,TJSP,G1,Cumprimento de sentença,156,Fornecimento de medicamentos,1,02 CUMULATIVA DE PEREIRA BARRETO,,Inválido,Eletrônico,0,2024-02-19,2024-10-01
00004168120248260533,TJSP,G1,Cumprimento Provisório de Sentença,157,Fornecimento de medicamentos,1,02 CRIMINAL DE SANTA BARBARA D OESTE,,SAJ,Eletrônico,0,2024-02-19,2025-08-14
00009287820248260011,TJSP,G1,Cumprimento de sentença,156,Fornecimento de medicamentos,1,INFANCIA JUVENTUDE DE PINHEIROS,,SAJ,Eletrônico,0,2024-02-19,2025-08-11
00016787020248260564,TJSP,G1,Cumprimento de sentença,156,Tratamento médico-hospitalar,1,05 CIVEL DE SAO BERNARDO DO CAMPO,,SAJ,Eletrônico,0,2024-02-19,2024-08-26
00009080520248260006,TJSP,G1,Cumprimento Provisório de Sentença,157,Tratamento médico-hospitalar,1,02 CIVEL DE PENHA,,SAJ,Eletrônico,0,2024-02-19,2025-08-11
00001221420248260538,TJSP,G1,Procedimento Comum Cível,7,Fornecimento de medicamentos,1,VARA UNICA DE SANTA CRUZ DAS PALMEIRAS,,SAJ,Eletrônico,0,2024-02-19,2026-05-09
00003318020248260441,TJSP,G1,Procedimento do Juizado Especial da Fazenda Pública,14695,Fornecimento de medicamentos,1,JUIZADO ESPECIAL CIVEL CRIM. DE PERUIBE,,SAJ,Eletrônico,0,2024-02-19,2025-01-10
00008147120248260066,TJSP,G1,Cumprimento de sentença,156,Tratamento médico-hospitalar,1,02 CIVEL DE BARRETOS,,SAJ,Eletrônico,0,2024-02-19,2024-07-19
00003864620228260394,TJSP,G1,Requisição de Pequeno Valor,1266,Planos de Saúde,1,02 CUMULATIVA DE NOVA ODESSA,,SAJ,Eletrônico,0,2024-02-19,2025-08-12
00008573420248260510,TJSP,G1,Procedimento do Juizado Especial da Fazenda Pública,14695,Fornecimento de medicamentos,1,FAZENDA PUBLICA DE RIO CLARO,,SAJ,Eletrônico,0,2024-02-20,2025-08-14
00009939620248260068,TJSP,G1,Cumprimento de sentença,156,Tratamento médico-hospitalar,1,05 CIVEL DE BARUERI,,SAJ,Eletrônico,0,2024-02-20,2025-01-09
00009304920248260625,TJSP,G1,Cumprimento de Sentença contra a Fazenda Pública,12078,Fornecimento de medicamentos,1,FAZENDA PUBLICA DE TAUBATE,,SAJ,Eletrônico,0,2024-02-20,2025-02-05
00011982420248260037,TJSP,G1,Cumprimento Provisório de Sentença,157,Fornecimento de medicamentos,1,FAZENDA PUBLICA DE ARARAQUARA,,SAJ,Eletrônico,0,2024-02-20,2025-08-11
00006187620248260624,TJSP,G1,Procedimento do Juizado Especial da Fazenda Pública,14695,Fornecimento de medicamentos,1,VARA JUIZADO ESP. CIVEL CRIM. DE TATUI,,SAJ,Eletrônico,0,2024-02-20,2025-08-15
10610284320238260002,TJSP,G2,Apelação Cível,198,Tratamento médico-hospitalar,2,1ª CÂMARA DE DIREITO PRIVADO,,SAJ,Eletrônico,0,2024-02-20,2025-08-14
00009686020248260011,TJSP,G1,Cumprimento de sentença,156,Tratamento médico-hospitalar,1,02 CIVEL DE PINHEIROS,,SAJ,Eletrônico,0,2024-02-20,2025-08-11
10091948320238260007,TJSP,G2,Apelação Cível,198,Tratamento médico-hospitalar,1,8ª CÂMARA DE DIREITO PRIVADO,,SAJ,Eletrônico,0,2024-02-20,2025-08-14
00002706120238260699,TJSP,G1,Requisição de Pequeno Valor,1266,Assistência Médico-Hospitalar,1,JUIZADO ESPECIAL CIVEL E CRIMINAL DA COMARCA DE SALTO DE PIRAPORA,,SAJ,Eletrônico,0,2024-02-20,2024-11-13
00005894920248260099,TJSP,G1,Cumprimento de sentença,156,Fornecimento de medicamentos,1,JURI/EXEC./INF.JUV. DE BRAGANCA PAULISTA,,Inválido,Eletrônico,0,2024-02-21,2024-10-02
00008822120248260066,TJSP,G1,Cumprimento de sentença,156,Fornecimento de medicamentos,1,02 CIVEL DE BARRETOS,,SAJ,Eletrônico,0,2024-02-21,2024-07-19
00005765020248260099,TJSP,G1,Cumprimento de sentença,156,Fornecimento de medicamentos,1,VARA JUIZADO ESP. CIVEL CRIM. DE BRAGANCA PAULISTA,,SAJ,Eletrônico,0,2024-02-21,2025-08-12
00008349520248260152,TJSP,G1,Cumprimento de sentença,156,Tratamento médico-hospitalar,1,03 CIVEL DE COTIA,,SAJ,Eletrônico,0,2024-02-21,2024-07-19
00001345620248260076,TJSP,G1,Cumprimento de sentença,156,Tratamento médico-hospitalar,1,VARA UNICA DE BILAC,,SAJ,Eletrônico,0,2024-02-21,2025-01-10
00006395220248260624,TJSP,G1,Cumprimento de Sentença contra a Fazenda Pública,12078,Fornecimento de medicamentos,1,VARA JUIZADO ESP. CIVEL CRIM. DE TATUI,,Inválido,Eletrônico,0,2024-02-21,2024-10-01
00011455920248260161,TJSP,G1,Cumprimento de sentença,156,Tratamento médico-hospitalar,1,03 CIVEL DE DIADEMA,,SAJ,Eletrônico,0,2024-02-21,2025-01-09
00004371620248260191,TJSP,G1,Cumprimento de sentença,156,Tratamento médico-hospitalar,1,01 CUMULATIVA DE FERRAZ DE VASCONCELOS,,SAJ,Eletrônico,0,2024-02-21,2025-08-12
00002270420248260663,TJSP,G1,Procedimento do Juizado Especial da Fazenda Pública,14695,Fornecimento de medicamentos,1,VARA DO JUIZADO ESPECIAL CIVEL E CRIMINAL DE VOTORANTIM,,SAJ,Eletrônico,0,2024-02-21,2024-11-13
00003281220248260220,TJSP,G1,Cumprimento de sentença,156,Fornecimento de medicamentos,1,02 CUMULATIVA DE GUARATINGUETA,,SAJ,Eletrônico,0,2024-02-22,2024-11-13
00024694520248260562,TJSP,G1,Cumprimento de sentença,156,Tratamento médico-hospitalar,1,12 CIVEL DE SANTOS,3548500.0,SAJ,Eletrônico,0,2024-02-22,2024-05-28
00005224320248260533,TJSP,G1,Cumprimento Provisório de Decisão,10980,Tratamento médico-hospitalar,1,02 CIVEL DE SANTA BARBARA D OESTE,,SAJ,Eletrônico,0,2024-02-22,2026-04-28
22929666120238260000,TJSP,G2,Embargos de Declaração Cível,1689,Tratamento médico-hospitalar,1,5ª CÂMARA DE DIREITO PRIVADO,3550308.0,SAJ,Eletrônico,0,2024-02-22,2024-05-28
00010442720248260127,TJSP,G1,Cumprimento de sentença,156,Fornecimento de medicamentos,1,04 CIVEL DE CARAPICUIBA,,SAJ,Eletrônico,0,2024-02-22,2025-08-14
00006489320248260048,TJSP,G1,Cumprimento de sentença,156,Tratamento médico-hospitalar,1,03 CIVEL DE ATIBAIA,,SAJ,Eletrônico,0,2024-02-22,2024-11-12
00012798620248260161,TJSP,G1,Cumprimento de sentença,156,Tratamento médico-hospitalar,1,02 CIVEL DE DIADEMA,,SAJ,Eletrônico,0,2024-02-22,2024-08-29
00008860920248260438,TJSP,G1,Cumprimento de sentença,156,Fornecimento de medicamentos,1,VARA JUIZADO ESP. CIVEL CRIM. DE PENAPOLIS,,SAJ,Eletrônico,0,2024-02-23,2026-04-15
00010291920248260625,TJSP,G1,Cumprimento de Sentença contra a Fazenda Pública,12078,Fornecimento de medicamentos,1,FAZENDA PUBLICA DE TAUBATE,,SAJ,Eletrônico,0,2024-02-23,2024-08-26
00010993520248260011,TJSP,G1,Liquidação por Arbitramento,151,Tratamento médico-hospitalar,1,02 CIVEL DE PINHEIROS,,SAJ,Eletrônico,0,2024-02-24,2025-08-11
00004514520248260176,TJSP,G1,Cumprimento Provisório de Sentença,157,Tratamento médico-hospitalar,1,01 CUMULATIVA DE EMBU DAS ARTES,,SAJ,Eletrônico,0,2024-02-26,2026-03-16
00008828520248260077,TJSP,G1,Cumprimento Provisório de Decisão,10980,Fornecimento de medicamentos,1,01 CIVEL DE BIRIGUI,,Inválido,Eletrônico,0,2024-02-26,2024-08-30
10528703320228260002,TJSP,G2,Apelação Cível,198,Tratamento médico-hospitalar,1,6ª CÂMARA DE DIREITO PRIVADO,,SAJ,Eletrônico,0,2024-02-26,2025-08-14
00002238920248260493,TJSP,G1,Procedimento do Juizado Especial da Fazenda Pública,14695,Fornecimento de medicamentos,1,JUIZADO ESPECIAL CIVEL CRIM. DE REGENTE FEIJO,,SAJ,Eletrônico,0,2024-02-26,2025-08-14
00040539420248260224,TJSP,G1,Cumprimento de sentença,156,Tratamento médico-hospitalar,1,06 CIVEL DE GUARULHOS,,SAJ,Eletrônico,0,2024-02-26,2024-11-12
00006923920248260428,TJSP,G1,Cumprimento Provisório de Sentença,157,Tratamento médico-hospitalar,1,01 CUMULATIVA DE PAULINIA,,SAJ,Eletrônico,0,2024-02-26,2025-08-12
00001530320248260128,TJSP,G1,Procedimento do Juizado Especial da Fazenda Pública,14695,Fornecimento de medicamentos,1,JUIZADO ESPECIAL CIVEL CRIM. DE CARDOSO,,SAJ,Eletrônico,0,2024-02-26,2026-06-02
00011435420248260011,TJSP,G1,Cumprimento de sentença,156,Tratamento médico-hospitalar,1,03 CIVEL DE PINHEIROS,,SAJ,Eletrônico,0,2024-02-27,2024-12-12
00007459320248260048,TJSP,G1,Cumprimento de Sentença contra a Fazenda Pública,12078,Fornecimento de medicamentos,1,03 CIVEL DE ATIBAIA,,SAJ,Eletrônico,0,2024-02-27,2025-08-10
10002065020248260165,TJSP,G1,Procedimento Comum Cível,7,Tratamento médico-hospitalar,1,01 CUMULATIVA DE DOIS CORREGOS,,SAJ,Eletrônico,0,2024-02-27,2024-10-26
00009442820248260077,TJSP,G1,Cumprimento de sentença,156,Fornecimento de medicamentos,1,02 CIVEL DE BIRIGUI,,SAJ,Eletrônico,0,2024-02-27,2026-05-08
00002278820248260538,TJSP,G1,Liquidação Provisória de Sentença pelo Procedimento Comum,154,Tratamento médico-hospitalar,1,VARA UNICA DE SANTA CRUZ DAS PALMEIRAS,,SAJ,Eletrônico,0,2024-02-27,2025-02-06
00010301220248260590,TJSP,G1,Cumprimento de sentença,156,Tratamento médico-hospitalar,1,03 CIVEL DE SAO VICENTE,,SAJ,Eletrônico,0,2024-02-27,2024-08-26
00006045020248260347,TJSP,G1,Cumprimento de Sentença contra a Fazenda Pública,12078,Fornecimento de medicamentos,1,VARA JUIZADO ESP. CIVEL CRIM. DE MATAO,,SAJ,Eletrônico,0,2024-02-28,2025-08-14
00028496820248260562,TJSP,G1,Cumprimento de sentença,156,Fornecimento de medicamentos,1,09 CIVEL DE SANTOS,,SAJ,Eletrônico,0,2024-02-28,2024-08-26
00029942720248260562,TJSP,G1,Cumprimento de sentença,156,Tratamento médico-hospitalar,1,04 CIVEL DE SANTOS,,SAJ,Eletrônico,0,2024-02-28,2024-08-26
00091766620248260000,TJSP,G2,Habilitação,38,Tratamento médico-hospitalar,1,8ª CÂMARA DE DIREITO PRIVADO,3550308.0,SAJ,Eletrônico,0,2024-02-28,2024-04-26
00003811120248260505,TJSP,G1,Cumprimento Provisório de Sentença,157,Fornecimento de medicamentos,1,03 CUMULATIVA DE RIBEIRAO PIRES,,SAJ,Eletrônico,0,2024-02-28,2024-08-26
00004499620248260072,TJSP,G1,Procedimento do Juizado Especial da Fazenda Pública,14695,Fornecimento de medicamentos,1,VARA JUIZADO ESP. CIVEL CRIM. DE BEBEDOURO,,SAJ,Eletrônico,0,2024-02-28,2024-07-20
00001893520248260390,TJSP,G1,Procedimento do Juizado Especial da Fazenda Pública,14695,Fornecimento de medicamentos,1,JUIZADO ESPECIAL CIVEL CRIM. DE NOVA GRANADA,,Inválido,Eletrônico,0,2024-02-28,2024-10-02
00011868820248260011,TJSP,G1,Cumprimento Provisório de Decisão,10980,Tratamento Domiciliar (Home Care),1,01 CIVEL DE PINHEIROS,,SAJ,Eletrônico,0,2024-02-28,2025-08-14
20517507020248260000,TJSP,G2,Agravo de Instrumento,202,Tratamento médico-hospitalar,1,8ª CÂMARA DE DIREITO PRIVADO,3550308.0,SAJ,Eletrônico,0,2024-02-29,2024-04-26
10376398920238260564,TJSP,G2,Apelação Cível,198,Tratamento médico-hospitalar,1,1ª CÂMARA DE DIREITO PRIVADO,3550308.0,SAJ,Eletrônico,0,2024-02-29,2024-04-26
00008257520248260624,TJSP,G1,Procedimento do Juizado Especial da Fazenda Pública,14695,Fornecimento de medicamentos,1,VARA JUIZADO ESP. CIVEL CRIM. DE TATUI,,SAJ,Eletrônico,0,2024-02-29,2024-10-26
00012388520248260625,TJSP,G1,Cumprimento de sentença,156,Fornecimento de medicamentos,1,01 CIVEL DE TAUBATE,,SAJ,Eletrônico,0,2024-02-29,2024-08-26
20516415620248260000,TJSP,G2,Agravo de Instrumento,202,Tratamento médico-hospitalar,1,7ª CÂMARA DE DIREITO PRIVADO,3550308.0,SAJ,Eletrônico,0,2024-02-29,2024-04-26
00009345020248260152,TJSP,G1,Procedimento do Juizado Especial Cível,436,Fornecimento de medicamentos,1,VARA JUIZADO ESP. CIVEL CRIM. DE COTIA,,SAJ,Eletrônico,0,2024-02-29,2026-04-15
00012336220248260011,TJSP,G1,Cumprimento de sentença,156,Tratamento médico-hospitalar,1,01 CIVEL DE PINHEIROS,,SAJ,Eletrônico,0,2024-02-29,2025-08-14
00004797020248260642,TJSP,G1,Cumprimento de sentença,156,Fornecimento de medicamentos,1,03 CUMULATIVA DE UBATUBA,,Inválido,Eletrônico,0,2024-02-29,2024-10-02
00010803820248260590,TJSP,G1,Cumprimento de sentença,156,Tratamento médico-hospitalar,1,03 CIVEL DE SAO VICENTE,,SAJ,Eletrônico,0,2024-02-29,2024-08-26
20520693820248260000,TJSP,G2,Agravo de Instrumento,202,Tratamento médico-hospitalar,1,3ª CÂMARA DE DIREITO PRIVADO,3550308.0,SAJ,Eletrônico,0,2024-02-29,2024-04-26
00001204420248260150,TJSP,G1,Procedimento do Juizado Especial da Fazenda Pública,14695,Fornecimento de medicamentos,1,JUIZADO ESPECIAL CIVEL DE COSMÓPOLIS,,SAJ,Eletrônico,0,2024-02-29,2025-01-10
20537850320248260000,TJSP,G2,Agravo de Instrumento,202,Tratamento médico-hospitalar,1,2ª CÂMARA DE DIREITO PRIVADO,,SAJ,Eletrônico,0,2024-03-01,2024-07-20
20539063120248260000,TJSP,G2,Agravo de Instrumento,202,Tratamento médico-hospitalar,1,4ª CÂMARA DE DIREITO PRIVADO,,SAJ,Eletrônico,0,2024-03-01,2024-07-19
20532091020248260000,TJSP,G2,Agravo de Instrumento,202,Tratamento médico-hospitalar,1,6ª CÂMARA DE DIREITO PRIVADO,,SAJ,Eletrônico,0,2024-03-01,2024-07-20
20534455920248260000,TJSP,G2,Agravo de Instrumento,202,Tratamento médico-hospitalar,1,2ª CÂMARA DE DIREITO PRIVADO,,SAJ,Eletrônico,0,2024-03-01,2024-07-19
20534629520248260000,TJSP,G2,Agravo de Instrumento,202,Serviços Hospitalares,1,24ª CÂMARA DE DIREITO PRIVADO,,SAJ,Eletrônico,0,2024-03-01,2024-07-19
20539288920248260000,TJSP,G2,Agravo de Instrumento,202,Tratamento médico-hospitalar,1,4ª CÂMARA DE DIREITO PRIVADO,,SAJ,Eletrônico,0,2024-03-01,2024-07-19
20537365920248260000,TJSP,G2,Agravo de Instrumento,202,Tratamento médico-hospitalar,1,8ª CÂMARA DE DIREITO PRIVADO,,SAJ,Eletrônico,0,2024-03-01,2024-07-20
00006573120248260347,TJSP,G1,Cumprimento Provisório de Sentença,157,Fornecimento de medicamentos,1,01 CIVEL DE MATAO,,SAJ,Eletrônico,0,2024-03-01,2024-07-20
00012414020248260625,TJSP,G1,Cumprimento de sentença,156,Serviços Hospitalares,1,01 CIVEL DE TAUBATE,,SAJ,Eletrônico,0,2024-03-01,2026-06-03
00008360720248260624,TJSP,G1,Procedimento do Juizado Especial da Fazenda Pública,14695,Fornecimento de medicamentos,1,VARA JUIZADO ESP. CIVEL CRIM. DE TATUI,,Inválido,Eletrônico,0,2024-03-01,2024-10-01
20537677920248260000,TJSP,G2,Agravo de Instrumento,202,Tratamento médico-hospitalar,1,2ª CÂMARA DE DIREITO PRIVADO,,SAJ,Eletrônico,0,2024-03-01,2024-07-20
20535425920248260000,TJSP,G2,Agravo de Instrumento,202,Fornecimento de medicamentos,1,10ª CÂMARA DE DIREITO PRIVADO,,SAJ,Eletrônico,0,2024-03-01,2024-07-20
20538708620248260000,TJSP,G2,Agravo de Instrumento,202,Tratamento médico-hospitalar,1,4ª CÂMARA DE DIREITO PRIVADO,,SAJ,Eletrônico,0,2024-03-01,2024-07-19
20539903220248260000,TJSP,G2,Agravo de Instrumento,202,Tratamento médico-hospitalar,2,10ª CÂMARA DE DIREITO PRIVADO,,SAJ,Eletrônico,0,2024-03-01,2024-07-20
20537998420248260000,TJSP,G2,Agravo de Instrumento,202,Tratamento médico-hospitalar,1,4ª CÂMARA DE DIREITO PRIVADO,,SAJ,Eletrônico,0,2024-03-01,2024-07-20
20532186920248260000,TJSP,G2,Agravo de Instrumento,202,Fornecimento de medicamentos,1,6ª CÂMARA DE DIREITO PÚBLICO,,SAJ,Eletrônico,0,2024-03-01,2024-07-20
00001290620248260150,TJSP,G1,Cumprimento de sentença,156,Fornecimento de medicamentos,1,02 CUMULATIVA DE COSMOPOLIS,,SAJ,Eletrônico,0,2024-03-03,2026-05-08
00000647020248260486,TJSP,G1,Procedimento do Juizado Especial da Fazenda Pública,14695,Fornecimento de medicamentos,1,JUIZADO ESPECIAL CIVEL CRIM. DE QUATA,,Inválido,Eletrônico,0,2024-03-04,2024-10-01
20544909820248260000,TJSP,G2,Agravo de Instrumento,202,Tratamento médico-hospitalar,1,10ª CÂMARA DE DIREITO PRIVADO,,SAJ,Eletrônico,0,2024-03-04,2024-07-20
00002366420248260210,TJSP,G1,Procedimento do Juizado Especial da Fazenda Pública,14695,Fornecimento de medicamentos,1,JUIZADO ESPECIAL CIVEL CRIM. DE GUAIRA,,Inválido,Eletrônico,0,2024-03-04,2024-10-02
00011799620248260302,TJSP,G1,Cumprimento de Sentença contra a Fazenda Pública,12078,Tratamento médico-hospitalar,1,03 CIVEL DE JAU,,SAJ,Eletrônico,0,2024-03-04,2025-08-10
20545559320248260000,TJSP,G2,Agravo de Instrumento,202,Fornecimento de medicamentos,1,13ª CÂMARA DE DIREITO PÚBLICO,,SAJ,Eletrônico,0,2024-03-04,2024-07-19
00002550820248260651,TJSP,G1,Procedimento do Juizado Especial da Fazenda Pública,14695,Fornecimento de medicamentos,1,JUIZADO ESPECIAL CIVEL DE VALPARAISO,,SAJ,Eletrônico,0,2024-03-04,2026-06-02
20544208120248260000,TJSP,G2,Agravo de Instrumento,202,Fornecimento de medicamentos,2,6ª CÂMARA DE DIREITO PRIVADO,,SAJ,Eletrônico,0,2024-03-04,2024-07-20
20546667720248260000,TJSP,G2,Agravo de Instrumento,202,Tratamento Domiciliar (Home Care),1,3ª CÂMARA DE DIREITO PRIVADO,,SAJ,Eletrônico,0,2024-03-04,2024-07-20
00001875820248260069,TJSP,G1,Cumprimento de Sentença contra a Fazenda Pública,12078,Fornecimento de medicamentos,1,VARA UNICA DE BASTOS,,SAJ,Eletrônico,0,2024-03-04,2025-08-14
00002731820248260493,TJSP,G1,Procedimento do Juizado Especial da Fazenda Pública,14695,Fornecimento de medicamentos,1,JUIZADO ESPECIAL CIVEL CRIM. DE REGENTE FEIJO,,SAJ,Eletrônico,0,2024-03-04,2025-08-11
20546320520248260000,TJSP,G2,Agravo de Instrumento,202,Tratamento Domiciliar (Home Care),1,4ª CÂMARA DE DIREITO PRIVADO,,SAJ,Eletrônico,0,2024-03-04,2024-07-20
00011310820248260248,TJSP,G1,Cumprimento de sentença,156,Tratamento médico-hospitalar,1,01 CIVEL DE INDAIATUBA,,SAJ,Eletrônico,0,2024-03-05,2024-11-13
00004745320248260220,TJSP,G1,Cumprimento de sentença,156,Tratamento médico-hospitalar,1,04 CUMULATIVA DE GUARATINGUETA,,SAJ,Eletrônico,0,2024-03-05,2025-02-05
00005305720248260650,TJSP,G1,Cumprimento de sentença,156,Tratamento médico-hospitalar,1,01 CUMULATIVA DE VALINHOS,,SAJ,Eletrônico,0,2024-03-05,2025-08-14
00001458120248260142,TJSP,G1,Procedimento do Juizado Especial da Fazenda Pública,14695,Fornecimento de medicamentos,1,VARA DO JUIZADO ESPECIAL CÍVEL E CRIMINAL DA COMARCA DE COLINA,,SAJ,Eletrônico,0,2024-03-05,2024-12-12
00007075720248260541,TJSP,G1,Cumprimento de sentença,156,Tratamento médico-hospitalar,1,01 CUMULATIVA DE SANTA FE DO SUL,,SAJ,Eletrônico,0,2024-03-05,2024-12-13
10029032220248260625,TJSP,G1,Procedimento Comum Cível,7,Tratamento médico-hospitalar,1,03 CIVEL DE TAUBATE,3554102.0,SAJ,Eletrônico,0,2024-03-05,2024-05-28
00010173420248260292,TJSP,G1,Cumprimento Provisório de Decisão,10980,Tratamento médico-hospitalar,1,02 CIVEL DE JACAREI,,SAJ,Eletrônico,0,2024-03-05,2025-02-05
00024321220248260564,TJSP,G1,Cumprimento de sentença,156,Fornecimento de medicamentos,1,08 CIVEL DE SAO BERNARDO DO CAMPO,,SAJ,Eletrônico,0,2024-03-05,2024-08-26
00004853620248260106,TJSP,G1,Cumprimento de sentença,156,Tratamento médico-hospitalar,1,01 CUMULATIVA DE CAIEIRAS,,SAJ,Eletrônico,0,2024-03-06,2025-01-09
00003326920248260666,TJSP,G1,Reclamação Pré-processual,11875,Fornecimento de medicamentos,1,CEJUSC (Pré-Processual),,SAJ,Eletrônico,0,2024-03-06,2025-08-14
00006962820248260347,TJSP,G1,Procedimento do Juizado Especial da Fazenda Pública,14695,Fornecimento de medicamentos,1,VARA JUIZADO ESP. CIVEL CRIM. DE MATAO,,SAJ,Eletrônico,0,2024-03-06,2024-11-13
00005045020248260168,TJSP,G1,Procedimento do Juizado Especial da Fazenda Pública,14695,Fornecimento de medicamentos,1,JUIZADO ESPECIAL CIVEL CRIM. DE DRACENA,,SAJ,Eletrônico,0,2024-03-06,2025-08-11
00003807020248260070,TJSP,G1,Procedimento do Juizado Especial da Fazenda Pública,14695,Fornecimento de medicamentos,1,VARA JUIZADO ESP. CIVEL CRIM. DE BATATAIS,,SAJ,Eletrônico,0,2024-03-06,2025-08-15
00032887920248260562,TJSP,G1,Cumprimento Provisório de Sentença,157,Tratamento médico-hospitalar,1,03 CIVEL DE SANTOS,,SAJ,Eletrônico,0,2024-03-06,2024-08-26
00000941220248260420,TJSP,G1,Procedimento do Juizado Especial da Fazenda Pública,14695,Fornecimento de medicamentos,1,JUIZADO ESPECIAL CIVEL CRIM. DE PARANAPANEMA,,SAJ,Eletrônico,0,2024-03-07,2024-08-27
00012189320248260302,TJSP,G1,Cumprimento de Sentença contra a Fazenda Pública,12078,Fornecimento de medicamentos,1,VARA JUIZADO ESP. CIVEL CRIM. DE JAU,,SAJ,Eletrônico,0,2024-03-07,2025-08-10
00005684220248260659,TJSP,G1,Cumprimento de sentença,156,Fornecimento de medicamentos,1,02 CUMULATIVA DE VINHEDO,,SAJ,Eletrônico,0,2024-03-07,2024-08-26
00012399820248260066,TJSP,G1,Cumprimento de Sentença contra a Fazenda Pública,12078,Fornecimento de medicamentos,1,VARA JUIZADO ESP. CIVEL CRIM. DE BARRETOS,,SAJ,Eletrônico,0,2024-03-07,2024-07-19
00011909320248260248,TJSP,G1,Procedimento do Juizado Especial Cível,436,Fornecimento de medicamentos,1,VARA JUIZADO ESPECIAL CIVEL DE INDAIATUBA,,SAJ,Eletrônico,0,2024-03-07,2026-06-02
00001451420248260326,TJSP,G1,Procedimento do Juizado Especial da Fazenda Pública,14695,Fornecimento de medicamentos,1,JUIZADO ESPECIAL CIVEL CRIM. DE LUCELIA,,SAJ,Eletrônico,0,2024-03-07,2025-08-12
10536729420238260002,TJSP,G2,Apelação Cível,198,Tratamento médico-hospitalar,1,10ª CÂMARA DE DIREITO PRIVADO,,SAJ,Eletrônico,0,2024-03-07,2025-08-14
00014232520248260011,TJSP,G1,Cumprimento Provisório de Sentença,157,Tratamento médico-hospitalar,1,05 CIVEL DE PINHEIROS,,SAJ,Eletrônico,0,2024-03-07,2024-12-12
10053079220248260351,TJSP,G1,Reclamação Pré-processual,11875,Tratamento médico-hospitalar,1,CEJUSC (Pré-Processual),,SAJ,Eletrônico,0,2024-03-08,2025-08-11
10053035520248260351,TJSP,G1,Reclamação Pré-processual,11875,Tratamento médico-hospitalar,1,CEJUSC (Pré-Processual),,SAJ,Eletrônico,0,2024-03-08,2025-08-11
00000917020248260060,TJSP,G1,Cumprimento Provisório de Sentença,157,Tratamento médico-hospitalar,1,VARA UNICA DE AURIFLAMA,,SAJ,Eletrônico,0,2024-03-08,2024-12-13
10053044020248260351,TJSP,G1,Reclamação Pré-processual,11875,Tratamento médico-hospitalar,1,CEJUSC (Pré-Processual),,SAJ,Eletrônico,0,2024-03-08,2025-08-11
00004592820248260368,TJSP,G1,Cumprimento de sentença,156,,1,JUIZADO ESPECIAL CIVEL CRIM. DE MONTE ALTO,,SAJ,Eletrônico,0,2024-03-08,2026-04-14
00003288020238260047,TJSP,G1,Requisição de Pequeno Valor,1266,Fornecimento de medicamentos,1,03 CRIMINAL DE ASSIS,,SAJ,Eletrônico,0,2024-03-08,2025-08-10
00005382220248260072,TJSP,G1,Procedimento do Juizado Especial da Fazenda Pública,14695,Fornecimento de medicamentos,1,VARA JUIZADO ESP. CIVEL CRIM. DE BEBEDOURO,,Inválido,Eletrônico,0,2024-03-08,2024-10-02
00002537120248260058,TJSP,G1,Procedimento do Juizado Especial da Fazenda Pública,14695,Fornecimento de medicamentos,1,JUIZADO ESPECIAL CIVEL CRIM. DE AGUDOS,,SAJ,Eletrônico,0,2024-03-11,2024-12-13
00008650420248260286,TJSP,G1,Cumprimento Provisório de Sentença,157,Tratamento médico-hospitalar,1,02 CIVEL DE ITU,,SAJ,Eletrônico,0,2024-03-11,2024-12-13
00006828520248260010,TJSP,G1,Cumprimento de sentença,156,Fornecimento de medicamentos,1,02 CIVEL DE IPIRANGA,,SAJ,Eletrônico,0,2024-03-11,2025-08-14
00001247120248260315,TJSP,G1,Cumprimento de sentença,156,Fornecimento de medicamentos,1,JUIZADO ESPECIAL CIVEL E CRIMINAL DE LARANJAL PAULISTA,,SAJ,Eletrônico,0,2024-03-11,2025-08-12
00033784220248260577,TJSP,G1,Cumprimento de sentença,156,Tratamento médico-hospitalar,1,02 CIVEL DE SAO JOSE DOS CAMPOS,,SAJ,Eletrônico,0,2024-03-11,2024-08-26
20638557920248260000,TJSP,G2,Agravo de Instrumento,202,Fornecimento de medicamentos,1,2ª CÂMARA DE DIREITO PRIVADO,,SAJ,Eletrônico,0,2024-03-11,2025-01-09
00011607720248260565,TJSP,G1,Cumprimento de sentença,156,Tratamento médico-hospitalar,1,06 CIVEL DE SAO CAETANO DO SUL,,SAJ,Eletrônico,0,2024-03-11,2024-08-26
00002977920248260288,TJSP,G1,Cumprimento de sentença,156,Serviços Hospitalares,1,02 CUMULATIVA DE ITUVERAVA,,SAJ,Eletrônico,0,2024-03-11,2025-08-10
00006756320248260408,TJSP,G1,Cumprimento de Sentença contra a Fazenda Pública,12078,Assistência Médico-Hospitalar,1,VARA JUIZADO ESPECIAL CIVEL DE OURINHOS,,SAJ,Eletrônico,0,2024-03-11,2024-10-26
00037467320248260602,TJSP,G1,Cumprimento de sentença,156,Fornecimento de medicamentos,1,FAZENDA PUBLICA DE SOROCABA,,SAJ,Eletrônico,0,2024-03-11,2024-08-28
00008960320248260099,TJSP,G1,Cumprimento de sentença,156,Serviços Hospitalares,1,02 CIVEL DE BRAGANCA PAULISTA,,Inválido,Eletrônico,0,2024-03-12,2024-10-02
00003087520248260493,TJSP,G1,Cumprimento de Sentença contra a Fazenda Pública,12078,Fornecimento de medicamentos,1,JUIZADO ESPECIAL CIVEL CRIM. DE REGENTE FEIJO,,SAJ,Eletrônico,0,2024-03-12,2025-08-14
10109913020248260114,TJSP,G1,Cumprimento de Sentença contra a Fazenda Pública,12078,Fornecimento de medicamentos,1,02 FAZENDA PUBLICA DE CAMPINAS,3509502.0,SAJ,Eletrônico,0,2024-03-12,2024-06-05
10055478120248260351,TJSP,G1,Reclamação Pré-processual,11875,Tratamento médico-hospitalar,1,SETOR DE CONCILIAÇÃO - ASSOCIAÇÃO COMERCIAL SP,,SAJ,Eletrônico,0,2024-03-12,2025-08-12
00001355820248260426,TJSP,G1,Cumprimento Provisório de Sentença,157,Fornecimento de medicamentos,1,JUIZADO ESPECIAL CIVEL DE PATROCINIO PAULISTA,,SAJ,Eletrônico,0,2024-03-12,2025-08-10
00001589120248260300,TJSP,G1,Cumprimento de sentença,156,Tratamento médico-hospitalar,1,02 CUMULATIVA DE JARDINOPOLIS,,SAJ,Eletrônico,0,2024-03-12,2026-06-03
00007033120248260408,TJSP,G1,Cumprimento de Sentença contra a Fazenda Pública,12078,Assistência Médico-Hospitalar,1,VARA JUIZADO ESPECIAL CIVEL DE OURINHOS,,SAJ,Eletrônico,0,2024-03-12,2026-07-24
00003634920248260453,TJSP,G1,Cumprimento de Sentença contra a Fazenda Pública,12078,Fornecimento de medicamentos,1,JUIZADO ESPECIAL CIVEL CRIM. DE PIRAJUI,,SAJ,Eletrônico,0,2024-03-12,2024-08-28
00009359720248260099,TJSP,G1,Cumprimento de sentença,156,Fornecimento de medicamentos,1,JURI/EXEC./INF.JUV. DE BRAGANCA PAULISTA,,SAJ,Eletrônico,0,2024-03-13,2024-12-12
00001644420248260512,TJSP,G1,Procedimento do Juizado Especial da Fazenda Pública,14695,Fornecimento de medicamentos,1,JUIZADO ESPECIAL CIVEL DE RIO GRANDE DA SERRA,,SAJ,Eletrônico,0,2024-03-13,2026-05-07
00009162220248260704,TJSP,G1,Cumprimento de sentença,156,Tratamento médico-hospitalar,1,03 CIVEL DE BUTANTA,,SAJ,Eletrônico,0,2024-03-13,2025-08-12
10046551420238260318,TJSP,G2,Apelação Cível,198,Fornecimento de medicamentos,1,8ª CÂMARA DE DIREITO PRIVADO,,SAJ,Eletrônico,0,2024-03-13,2025-08-14
00003340520248260063,TJSP,G1,Procedimento do Juizado Especial da Fazenda Pública,14695,Fornecimento de medicamentos,1,JUIZADO ESPECIAL CIVEL E CRIMINAL DE BARRA BONITA,,SAJ,Eletrônico,0,2024-03-13,2024-11-13
00013481520248260066,TJSP,G1,Cumprimento de Sentença contra a Fazenda Pública,12078,Fornecimento de medicamentos,1,VARA JUIZADO ESP. CIVEL CRIM. DE BARRETOS,,SAJ,Eletrônico,0,2024-03-13,2024-08-26
00009136720248260704,TJSP,G1,Cumprimento de sentença,156,Fornecimento de medicamentos,1,02 CIVEL DE BUTANTA,,SAJ,Eletrônico,0,2024-03-13,2025-08-12
00010616620248260126,TJSP,G1,Liquidação Provisória por Arbitramento,153,Serviços Hospitalares,1,02 CIVEL DE CARAGUATATUBA,,SAJ,Eletrônico,0,2024-03-13,2024-11-12
00001709220248260660,TJSP,G1,Cumprimento de sentença,156,Fornecimento de medicamentos,1,VARA UNICA DE VIRADOURO,,SAJ,Eletrônico,0,2024-03-13,2025-02-06
00018923120248260477,TJSP,G1,Cumprimento de sentença,156,Tratamento médico-hospitalar,1,01 CIVEL DE PRAIA GRANDE,,SAJ,Eletrônico,0,2024-03-13,2024-08-26
00013802020248260066,TJSP,G1,Cumprimento Provisório de Sentença,157,Fornecimento de medicamentos,1,02 CIVEL DE BARRETOS,,SAJ,Eletrônico,0,2024-03-14,2024-08-26
00002932020248260651,TJSP,G1,Procedimento do Juizado Especial da Fazenda Pública,14695,Fornecimento de medicamentos,1,JUIZADO ESPECIAL CIVEL DE VALPARAISO,,SAJ,Eletrônico,0,2024-03-14,2026-06-02
10076702920188260071,TJSP,G2,Apelação Cível,198,Tratamento médico-hospitalar,1,4ª CÂMARA DE DIREITO PRIVADO,,SAJ,Eletrônico,0,2024-03-14,2025-08-14
00013931920248260066,TJSP,G1,Cumprimento Provisório de Decisão,10980,Fornecimento de medicamentos,1,VARA JUIZADO ESP. CIVEL CRIM. DE BARRETOS,,SAJ,Eletrônico,0,2024-03-14,2024-07-19
00005396620248260505,TJSP,G1,Cumprimento Provisório de Sentença,157,Fornecimento de medicamentos,1,02 CUMULATIVA DE RIBEIRAO PIRES,,SAJ,Eletrônico,0,2024-03-14,2026-06-01
10011126920238260587,TJSP,G2,Apelação Cível,198,Tratamento médico-hospitalar,1,10ª CÂMARA DE DIREITO PRIVADO,,SAJ,Eletrônico,0,2024-03-14,2025-08-14
00007353620248260408,TJSP,G1,Cumprimento de Sentença contra a Fazenda Pública,12078,Assistência Médico-Hospitalar,1,VARA JUIZADO ESPECIAL CIVEL DE OURINHOS,,SAJ,Eletrônico,0,2024-03-14,2024-08-27
00013785020248260066,TJSP,G1,Cumprimento de Sentença contra a Fazenda Pública,12078,Fornecimento de medicamentos,1,VARA JUIZADO ESP. CIVEL CRIM. DE BARRETOS,,SAJ,Eletrônico,0,2024-03-14,2024-07-19
00002302320248260480,TJSP,G1,Procedimento do Juizado Especial da Fazenda Pública,14695,Fornecimento de medicamentos,1,JUIZADO ESPECIAL CIVEL CRIM. DE PRESIDENTE BERNARDES,,SAJ,Eletrônico,0,2024-03-14,2025-08-14
00008697820248260597,TJSP,G1,Cumprimento de sentença,156,Fornecimento de medicamentos,1,VARA JUIZADO ESP. CIVEL CRIM. DE SERTAOZINHO,,SAJ,Eletrônico,0,2024-03-14,2026-02-05
00007365120248260010,TJSP,G1,Cumprimento de sentença,156,Tratamento médico-hospitalar,1,02 CIVEL DE IPIRANGA,,SAJ,Eletrônico,0,2024-03-14,2025-08-14
00007247120248260322,TJSP,G1,Carta Precatória Cível,261,Tratamento médico-hospitalar,2,03 CIVEL DE LINS,,SAJ,Eletrônico,0,2024-03-15,2024-08-27
10894407820238260100,TJSP,G2,Apelação Cível,198,Tratamento médico-hospitalar,2,Núcleo de Justiça 4.0 em Segundo Grau – Turma IV (Direito Privado 1),,SAJ,Eletrônico,0,2024-03-15,2025-08-14
00010291620248260529,TJSP,G1,Cumprimento de sentença,156,Tratamento médico-hospitalar,1,3VARA JUDICIAL DE SANTANA DE PARNAÍBA,,SAJ,Eletrônico,0,2024-03-15,2025-02-05
00007521320248260266,TJSP,G1,Cumprimento de Sentença contra a Fazenda Pública,12078,Fornecimento de medicamentos,1,VARA JUIZADO ESP. CIVEL CRIM. DE ITANHAEM,,Inválido,Eletrônico,0,2024-03-15,2024-08-30
00012428620248260637,TJSP,G1,Cumprimento de Sentença contra a Fazenda Pública,12078,Fornecimento de medicamentos,1,VARA JUIZADO ESPECIAL CIVEL DE TUPA,,SAJ,Eletrônico,0,2024-03-15,2025-08-11
00005242020248260272,TJSP,G1,Cumprimento de Sentença contra a Fazenda Pública,12078,Fornecimento de medicamentos,1,JUIZADO ESPECIAL CIVEL CRIM. DE ITAPIRA,,SAJ,Eletrônico,0,2024-03-15,2026-06-02
00002825320248260210,TJSP,G1,Procedimento do Juizado Especial da Fazenda Pública,14695,Fornecimento de medicamentos,1,JUIZADO ESPECIAL CIVEL CRIM. DE GUAIRA,,SAJ,Eletrônico,0,2024-03-15,2025-08-15
00036235320248260577,TJSP,G1,Cumprimento de sentença,156,Tratamento médico-hospitalar,1,02 CIVEL DE SAO JOSE DOS CAMPOS,,SAJ,Eletrônico,0,2024-03-15,2024-08-26
10066153920248260554,TJSP,G1,Procedimento Comum Cível,7,Tratamento médico-hospitalar,2,02 CIVEL DE SANTO ANDRE,3547809.0,SAJ,Eletrônico,0,2024-03-15,2024-06-05
00002017420248260414,TJSP,G1,Cumprimento de Sentença contra a Fazenda Pública,12078,Tratamento médico-hospitalar,1,VARA UNICA DE PALMEIRA D OESTE,,SAJ,Eletrônico,0,2024-03-15,2026-07-24
00005386320248260220,TJSP,G1,Cumprimento de sentença,156,Fornecimento de medicamentos,1,02 CUMULATIVA DE GUARATINGUETA,,Inválido,Eletrônico,0,2024-03-15,2024-10-02
00002440520248260028,TJSP,G1,Cumprimento de sentença,156,Fornecimento de medicamentos,1,02 CUMULATIVA DE APARECIDA,,SAJ,Eletrônico,0,2024-03-15,2024-12-12
00010924720248260624,TJSP,G1,Procedimento do Juizado Especial da Fazenda Pública,14695,Fornecimento de medicamentos,1,VARA JUIZADO ESP. CIVEL CRIM. DE TATUI,,Inválido,Eletrônico,0,2024-03-15,2024-10-01
00003975520248260572,TJSP,G1,Cumprimento de sentença,156,Tratamento Domiciliar (Home Care),1,02 CUMULATIVA DE SAO JOAQUIM DA BARRA,,SAJ,Eletrônico,0,2024-03-15,2026-03-17
00010455520248260048,TJSP,G1,Cumprimento Provisório de Sentença,157,Fornecimento de medicamentos,1,03 CIVEL DE ATIBAIA,,SAJ,Eletrônico,0,2024-03-15,2025-08-10
00039608720248260562,TJSP,G1,Cumprimento de sentença,156,Tratamento médico-hospitalar,1,02 CIVEL DE SANTOS,,SAJ,Eletrônico,0,2024-03-16,2024-08-26
00003060920248260040,TJSP,G1,Cumprimento de sentença,156,Fornecimento de medicamentos,1,02 CUMULATIVA DE AMERICO BRASILIENSE,,SAJ,Eletrônico,0,2024-03-17,2025-08-12
00003600320248260063,TJSP,G1,Procedimento do Juizado Especial da Fazenda Pública,14695,Fornecimento de medicamentos,1,JUIZADO ESPECIAL CIVEL E CRIMINAL DE BARRA BONITA,,SAJ,Eletrônico,0,2024-03-18,2026-05-08
00004817420248260372,TJSP,G1,Cumprimento Provisório de Sentença,157,Fornecimento de medicamentos,1,01 CUMULATIVA DE MONTE MOR,,SAJ,Eletrônico,0,2024-03-18,2025-08-12
00004059820248260453,TJSP,G1,Cumprimento de sentença,156,Fornecimento de medicamentos,1,JUIZADO ESPECIAL CIVEL CRIM. DE PIRAJUI,,SAJ,Eletrônico,0,2024-03-18,2026-07-24
00014008120248260269,TJSP,G1,Cumprimento de sentença,156,Tratamento médico-hospitalar,1,01 CIVEL DE ITAPETININGA,,SAJ,Eletrônico,0,2024-03-18,2024-08-27
00001812720248260077,TJSP,G1,Requisição de Pequeno Valor,1266,Fornecimento de medicamentos,1,02 CIVEL DE BIRIGUI,,SAJ,Eletrônico,0,2024-03-18,2024-10-26
00005056020248260483,TJSP,G1,Cumprimento Provisório de Sentença,157,Tratamento médico-hospitalar,1,03 CUMULATIVA DE PRESIDENTE VENCESLAU,,SAJ,Eletrônico,0,2024-03-18,2025-08-14
00002674220248260030,TJSP,G1,Cumprimento de Sentença contra a Fazenda Pública,12078,Fornecimento de medicamentos,1,VARA UNICA DE APIAI,,SAJ,Eletrônico,0,2024-03-19,2026-07-16
00005277220248260272,TJSP,G1,Cumprimento Provisório de Sentença,157,Fornecimento de medicamentos,1,JUIZADO ESPECIAL CIVEL CRIM. DE ITAPIRA,,SAJ,Eletrônico,0,2024-03-19,2024-12-13
00003105620248260651,TJSP,G1,Procedimento do Juizado Especial da Fazenda Pública,14695,Fornecimento de medicamentos,1,JUIZADO ESPECIAL CIVEL DE VALPARAISO,,SAJ,Eletrônico,0,2024-03-19,2024-10-26
10057266620238260604,TJSP,G2,Apelação Cível,198,Tratamento médico-hospitalar,1,Núcleo de Justiça 4.0 em Segundo Grau – Turma I (Direito Privado 1),,SAJ,Eletrônico,0,2024-03-19,2025-07-04
00004517220248260070,TJSP,G1,Procedimento do Juizado Especial da Fazenda Pública,14695,Fornecimento de medicamentos,1,VARA JUIZADO ESP. CIVEL CRIM. DE BATATAIS,,SAJ,Eletrônico,0,2024-03-19,2025-08-10
00001778420248260660,TJSP,G1,Procedimento do Juizado Especial da Fazenda Pública,14695,Fornecimento de medicamentos,1,JUIZADO ESPECIAL CIVEL E CRIM. DE VIRADOURO,,Inválido,Eletrônico,0,2024-03-19,2024-10-02
00004674320248260323,TJSP,G1,Cumprimento de sentença,156,Tratamento médico-hospitalar,1,01 CIVEL DE LORENA,,SAJ,Eletrônico,0,2024-03-19,2024-11-13
00043245920248260562,TJSP,G1,Cumprimento de sentença,156,Tratamento médico-hospitalar,1,10 CIVEL DE SANTOS,,SAJ,Eletrônico,0,2024-03-20,2024-08-26
00012466520248260624,TJSP,G1,Cumprimento de Sentença contra a Fazenda Pública,12078,Fornecimento de medicamentos,1,VARA JUIZADO ESP. CIVEL CRIM. DE TATUI,,SAJ,Eletrônico,0,2024-03-20,2025-02-06
10135081220188260019,TJSP,G2,Apelação Cível,198,Tratamento médico-hospitalar,3,6ª CÂMARA DE DIREITO PRIVADO,,SAJ,Eletrônico,0,2024-03-20,2025-07-04
10187278820248260053,TJSP,G1,Mandado de Segurança Cível,120,Fornecimento de medicamentos,1,01 FAZENDA PUBLICA DE CENTRAL,,SAJ,Eletrônico,0,2024-03-20,2025-08-14
00003676320248260493,TJSP,G1,Procedimento do Juizado Especial da Fazenda Pública,14695,Fornecimento de medicamentos,1,JUIZADO ESPECIAL CIVEL CRIM. DE REGENTE FEIJO,,SAJ,Eletrônico,0,2024-03-20,2025-08-10
00006325320248260400,TJSP,G1,Procedimento do Juizado Especial da Fazenda Pública,14695,Fornecimento de medicamentos,1,VARA JUIZADO ESP. CIVEL CRIM. DE OLIMPIA,,SAJ,Eletrônico,0,2024-03-20,2025-08-15
11503559320238260100,TJSP,G2,Apelação Cível,198,Fornecimento de medicamentos,1,3ª CÂMARA DE DIREITO PRIVADO,,SAJ,Eletrônico,0,2024-03-21,2025-01-09
00029295720248260004,TJSP,G1,Cumprimento de sentença,156,Tratamento médico-hospitalar,1,02 CIVEL DE LAPA,,SAJ,Eletrônico,0,2024-03-21,2025-08-14
00011676820248260048,TJSP,G1,Cumprimento de sentença,156,Tratamento médico-hospitalar,1,03 CIVEL DE ATIBAIA,,SAJ,Eletrônico,0,2024-03-21,2025-08-10
00039148420248260405,TJSP,G1,Cumprimento Provisório de Sentença,157,Fornecimento de medicamentos,1,01 FAZENDA PUBLICA DE OSASCO,,SAJ,Eletrônico,0,2024-03-21,2024-08-26
00011342520248260292,TJSP,G1,Requisição de Pequeno Valor,1266,Custeio de Assistência Médica,1,FAZENDA PUBLICA DE JACAREI,,SAJ,Eletrônico,0,2024-03-21,2025-02-05
00004435320248260666,TJSP,G1,Cumprimento de sentença,156,Fornecimento de medicamentos,1,01 CUMULATIVA DE ARTUR NOGUEIRA,,SAJ,Eletrônico,0,2024-03-21,2025-08-14
10059903220248260351,TJSP,G1,Reclamação Pré-processual,11875,Tratamento médico-hospitalar,1,CEJUSC (Pré-Processual),,SAJ,Eletrônico,0,2024-03-21,2025-08-12
00003124220248260581,TJSP,G1,Cumprimento de sentença,156,Fornecimento de medicamentos,1,JUIZADO ESPECIAL CIVEL CRIM. DE SAO MANUEL,,SAJ,Eletrônico,0,2024-03-21,2025-01-09
10060431320248260351,TJSP,G1,Reclamação Pré-processual,11875,Tratamento médico-hospitalar,1,POSTO CEJUSC CENTRAL - SAESP,,SAJ,Eletrônico,0,2024-03-22,2025-08-12
00004842920248260081,TJSP,G1,Cumprimento de sentença,156,Fornecimento de medicamentos,1,JUIZADO ESPECIAL CIVEL CRIM. DE ADAMANTINA,,SAJ,Eletrônico,0,2024-03-22,2025-08-11
00001365320248260067,TJSP,G1,Procedimento do Juizado Especial da Fazenda Pública,14695,Fornecimento de medicamentos,1,JUIZADO ESPECIAL CIVEL CRIM. DE BORBOREMA,,SAJ,Eletrônico,0,2024-03-22,2025-08-12
00012587920248260624,TJSP,G1,Cumprimento de Sentença contra a Fazenda Pública,12078,Fornecimento de medicamentos,1,VARA JUIZADO ESP. CIVEL CRIM. DE TATUI,,SAJ,Eletrônico,0,2024-03-22,2026-04-28
00001225920248260232,TJSP,G1,Procedimento do Juizado Especial da Fazenda Pública,14695,Fornecimento de medicamentos,1,VARA ÚNICA DE CESÁRIO LANGE,,SAJ,Eletrônico,0,2024-03-22,2024-11-13
00002611820248260456,TJSP,G1,Procedimento do Juizado Especial da Fazenda Pública,14695,Fornecimento de medicamentos,1,JUIZADO ESPECIAL CIVEL DE PIRAPOZINHO,,SAJ,Eletrônico,0,2024-03-22,2025-01-10
00006871220248260462,TJSP,G1,Cumprimento Provisório de Decisão,10980,Tratamento médico-hospitalar,1,02 CIVEL DE POA,,SAJ,Eletrônico,0,2024-03-22,2026-06-01
00045202920248260562,TJSP,G1,Cumprimento de sentença,156,Tratamento médico-hospitalar,1,05 CIVEL DE SANTOS,,SAJ,Eletrônico,0,2024-03-22,2024-08-26
00012648620248260624,TJSP,G1,Cumprimento de Sentença contra a Fazenda Pública,12078,Fornecimento de medicamentos,1,VARA JUIZADO ESP. CIVEL CRIM. DE TATUI,,SAJ,Eletrônico,0,2024-03-22,2024-11-15
00002964420248260337,TJSP,G1,Cumprimento de sentença,156,Fornecimento de medicamentos,1,01 CUMULATIVA DE MAIRINQUE,,SAJ,Eletrônico,0,2024-03-22,2024-12-13
00006628820248260400,TJSP,G1,Reclamação Pré-processual,11875,Tratamento médico-hospitalar,1,CEJUSC (Pré-Processual),,SAJ,Eletrônico,0,2024-03-22,2024-07-19
10135582320228260011,TJSP,G2,Apelação Cível,198,Tratamento médico-hospitalar,1,5ª CÂMARA DE DIREITO PRIVADO,,SAJ,Eletrônico,0,2024-03-25,2025-07-04
00001177120248260059,TJSP,G1,Cumprimento de sentença,156,Fornecimento de medicamentos,1,JUIZADO ESPECIAL CIVEL CRIM. DE BANANAL,,SAJ,Eletrônico,0,2024-03-25,2026-07-26
00010301320248260428,TJSP,G1,Cumprimento Provisório de Sentença,157,Tratamento médico-hospitalar,1,01 CUMULATIVA DE PAULINIA,,SAJ,Eletrônico,0,2024-03-25,2026-04-28
20794632020248260000,TJSP,G2,Agravo de Instrumento,202,Tratamento médico-hospitalar,1,9ª CÂMARA DE DIREITO PRIVADO,3550308.0,SAJ,Eletrônico,0,2024-03-25,2024-04-26
20797317420248260000,TJSP,G2,Agravo de Instrumento,202,Serviços Hospitalares,2,29ª CÂMARA DE DIREITO PRIVADO,3550308.0,SAJ,Eletrônico,0,2024-03-25,2024-04-26
00001510820228260159,TJSP,G2,Remessa Necessária Cível,199,Fornecimento de medicamentos,1,1ª CÂMARA DE DIREITO PÚBLICO,3550308.0,SAJ,Eletrônico,0,2024-03-25,2024-04-26
00002646120248260459,TJSP,G1,Cumprimento de sentença,156,Tratamento médico-hospitalar,1,02 CUMULATIVA DE PITANGUEIRAS,,SAJ,Eletrônico,0,2024-03-25,2024-07-19
00002198020248260128,TJSP,G1,Procedimento do Juizado Especial da Fazenda Pública,14695,Fornecimento de medicamentos,1,JUIZADO ESPECIAL CIVEL CRIM. DE CARDOSO,,SAJ,Eletrônico,0,2024-03-25,2025-08-15
00004991020248260659,TJSP,G1,Requisição de Pequeno Valor,1266,Tratamento médico-hospitalar,1,03 CUMULATIVA DE VINHEDO,,Inválido,Eletrônico,0,2024-03-25,2024-10-02
20797403620248260000,TJSP,G2,Agravo de Instrumento,202,Tratamento médico-hospitalar,1,2ª CÂMARA DE DIREITO PRIVADO,3550308.0,SAJ,Eletrônico,0,2024-03-25,2024-04-26
20821203220248260000,TJSP,G2,Agravo de Instrumento,202,Tratamento médico-hospitalar,1,10ª CÂMARA DE DIREITO PRIVADO,,SAJ,Eletrônico,0,2024-03-26,2024-07-20
00006258420248260457,TJSP,G1,Cumprimento de sentença,156,Fornecimento de medicamentos,1,02 CUMULATIVA DE PIRASSUNUNGA,,SAJ,Eletrônico,0,2024-03-26,2026-06-02
20825594320248260000,TJSP,G2,Agravo de Instrumento,202,Tratamento médico-hospitalar,1,10ª CÂMARA DE DIREITO PRIVADO,,SAJ,Eletrônico,0,2024-03-26,2024-07-20
00002021320248260300,TJSP,G1,Procedimento do Juizado Especial da Fazenda Pública,14695,Fornecimento de medicamentos,1,VARA JUIZADO ESP. CIVEL CRIM DE JARDINOPOLIS,,SAJ,Eletrônico,0,2024-03-26,2025-08-10
20826832620248260000,TJSP,G2,Agravo de Instrumento,202,Fornecimento de medicamentos,1,8ª CÂMARA DE DIREITO PÚBLICO,,SAJ,Eletrônico,0,2024-03-26,2024-07-20
00001184020248260420,TJSP,G1,Procedimento do Juizado Especial da Fazenda Pública,14695,Fornecimento de medicamentos,1,JUIZADO ESPECIAL CIVEL CRIM. DE PARANAPANEMA,,SAJ,Eletrônico,0,2024-03-26,2024-12-13
20827291520248260000,TJSP,G2,Agravo de Instrumento,202,Fornecimento de medicamentos,2,2ª CÂMARA DE DIREITO PRIVADO,,SAJ,Eletrônico,0,2024-03-26,2024-07-20
00007018520248260400,TJSP,G1,Cumprimento de sentença,156,Serviços Hospitalares,1,01 CIVEL DE OLIMPIA,,SAJ,Eletrônico,0,2024-03-26,2024-12-13
00002728320248260153,TJSP,G1,Cumprimento de Sentença contra a Fazenda Pública,12078,Fornecimento de medicamentos,1,02 CUMULATIVA DE CRAVINHOS,,SAJ,Eletrônico,0,2024-03-26,2024-12-12
20822797220248260000,TJSP,G2,Agravo de Instrumento,202,Tratamento médico-hospitalar,1,8ª CÂMARA DE DIREITO PRIVADO,,SAJ,Eletrônico,0,2024-03-26,2024-07-19
00002271520248260142,TJSP,G1,Procedimento do Juizado Especial da Fazenda Pública,14695,Fornecimento de medicamentos,1,VARA DO JUIZADO ESPECIAL CÍVEL E CRIMINAL DA COMARCA DE COLINA,,Inválido,Eletrônico,0,2024-03-26,2024-10-02
20823472220248260000,TJSP,G2,Agravo de Instrumento,202,Tratamento médico-hospitalar,1,4ª CÂMARA DE DIREITO PRIVADO,,SAJ,Eletrônico,0,2024-03-26,2024-07-20
00001494120248260588,TJSP,G1,Procedimento do Juizado Especial da Fazenda Pública,14695,Fornecimento de medicamentos,1,JUIZADO ESPECIAL CIVEL CRIM. DE SAO SEBASTIAO DA GRAMA,,SAJ,Eletrônico,0,2024-03-26,2025-08-11
10176958220228260032,TJSP,G2,Apelação Cível,198,Tratamento médico-hospitalar,1,7ª CÂMARA DE DIREITO PRIVADO,,SAJ,Eletrônico,0,2024-03-27,2025-08-14
00001693320248260426,TJSP,G1,Cumprimento de Sentença contra a Fazenda Pública,12078,Fornecimento de medicamentos,1,VARA UNICA DE PATROCINIO PAULISTA,,SAJ,Eletrônico,0,2024-03-27,2025-08-10
10113489820248260602,TJSP,G1,Procedimento Comum Cível,7,Fornecimento de medicamentos,1,FAZENDA PUBLICA DE SOROCABA,,SAJ,Eletrônico,0,2024-03-27,2024-08-29
00003238820248260058,TJSP,G1,Procedimento do Juizado Especial da Fazenda Pública,14695,Fornecimento de medicamentos,1,JUIZADO ESPECIAL CIVEL CRIM. DE AGUDOS,,SAJ,Eletrônico,0,2024-03-27,2025-01-09
00001007820248260368,TJSP,G1,Requisição de Pequeno Valor,1266,Fornecimento de medicamentos,1,01 CUMULATIVA DE MONTE ALTO,,SAJ,Eletrônico,0,2024-03-27,2025-08-14
10268072320228260405,TJSP,G2,Apelação Cível,198,Tratamento médico-hospitalar,1,2ª CÂMARA DE DIREITO PRIVADO,,SAJ,Eletrônico,0,2024-03-27,2025-08-14
00002616620248260246,TJSP,G1,Cumprimento Provisório de Decisão,10980,Fornecimento de medicamentos,1,02 CUMULATIVA DE ILHA SOLTEIRA,,SAJ,Eletrônico,0,2024-03-27,2024-11-13
10055428620228260009,TJSP,G2,Apelação Cível,198,Tratamento médico-hospitalar,1,7ª CÂMARA DE DIREITO PRIVADO,,SAJ,Eletrônico,0,2024-03-27,2025-08-14
30025784520248260000,TJSP,G2,Agravo de Instrumento,202,Fornecimento de medicamentos,1,1ª CÂMARA DE DIREITO PÚBLICO,,SAJ,Eletrônico,0,2024-03-27,2024-07-20
00007339020248260400,TJSP,G1,Cumprimento de Sentença contra a Fazenda Pública,12078,Fornecimento de medicamentos,1,VARA JUIZADO ESP. CIVEL CRIM. DE OLIMPIA,,SAJ,Eletrônico,0,2024-03-27,2025-08-15
20829976920248260000,TJSP,G2,Agravo de Instrumento,202,Fornecimento de medicamentos,1,5ª CÂMARA DE DIREITO PÚBLICO,,SAJ,Eletrônico,0,2024-03-27,2024-07-19
00035493620238260576,TJSP,G2,Apelação Cível,198,Fornecimento de medicamentos,1,13ª CÂMARA DE DIREITO PÚBLICO,,SAJ,Eletrônico,0,2024-03-27,2025-08-14
00006764620248260441,TJSP,G1,Procedimento do Juizado Especial da Fazenda Pública,14695,Fornecimento de medicamentos,1,JUIZADO ESPECIAL CIVEL CRIM. DE PERUIBE,,SAJ,Eletrônico,0,2024-03-27,2024-11-13
00008049120238260153,TJSP,G1,Requisição de Pequeno Valor,1266,Tratamento médico-hospitalar,1,JUIZADO ESPECIAL CIVEL DE CRAVINHOS,,SAJ,Eletrônico,0,2024-03-27,2024-10-26
00003099320248260094,TJSP,G1,Cumprimento de Sentença contra a Fazenda Pública,12078,Fornecimento de medicamentos,1,VARA UNICA DE BRODOSQUI,,SAJ,Eletrônico,0,2024-03-28,2026-03-17
00003267420248260274,TJSP,G1,Cumprimento de sentença,156,Fornecimento de medicamentos,1,01 CUMULATIVA DE ITAPOLIS,,SAJ,Eletrônico,0,2024-03-28,2025-02-05
00019957920248260625,TJSP,G1,Cumprimento de sentença,156,Serviços Hospitalares,1,01 CIVEL DE TAUBATE,3554102.0,SAJ,Eletrônico,0,2024-03-28,2024-05-28
00006128620248260101,TJSP,G1,Cumprimento de sentença,156,Planos de Saúde,1,01 CIVEL DE CACAPAVA,,SAJ,Eletrônico,0,2024-03-28,2024-11-12
00004071420248260471,TJSP,G1,Cumprimento Provisório de Decisão,10980,Fornecimento de medicamentos,1,02 CUMULATIVA DE PORTO FELIZ,,SAJ,Eletrônico,0,2024-03-29,2024-12-13
10009540820248260222,TJSP,G1,Procedimento do Juizado Especial da Fazenda Pública,14695,Custeio de Assistência Médica,1,JUIZADO ESPECIAL CIVEL CRIM. DE GUARIBA,3518602.0,SAJ,Eletrônico,0,2024-03-31,2024-05-28
20870872320248260000,TJSP,G2,Agravo de Instrumento,202,Tratamento médico-hospitalar,2,7ª CÂMARA DE DIREITO PRIVADO,,SAJ,Eletrônico,0,2024-04-01,2024-07-20
00002677020248260538,TJSP,JE,Cumprimento de sentença,156,Serviços Hospitalares,1,JUIZADO ESPECIAL CIVEL CRIM. DE SANTA CRUZ DAS PALMEIRAS,,SAJ,Eletrônico,0,2024-04-01,2025-08-14
20875921420248260000,TJSP,G2,Agravo de Instrumento,202,Tratamento médico-hospitalar,1,6ª CÂMARA DE DIREITO PRIVADO,,SAJ,Eletrônico,0,2024-04-01,2024-07-19
00005648220248260407,TJSP,G1,Procedimento do Juizado Especial da Fazenda Pública,14695,Fornecimento de medicamentos,1,JUIZADO ESPECIAL CIVEL CRIM. DE OSVALDO CRUZ,,SAJ,Eletrônico,0,2024-04-01,2025-08-14
20870404920248260000,TJSP,G2,Agravo de Instrumento,202,Tratamento médico-hospitalar,1,7ª CÂMARA DE DIREITO PRIVADO,,SAJ,Eletrônico,0,2024-04-01,2024-07-20
10051448120238260405,TJSP,G2,Apelação Cível,198,Tratamento médico-hospitalar,1,10ª CÂMARA DE DIREITO PRIVADO,,SAJ,Eletrônico,0,2024-04-01,2025-08-14
00003396620248260244,TJSP,G1,Cumprimento de sentença,156,Fornecimento de medicamentos,1,JUIZADO ESPECIAL CIVEL CRIM. DE IGUAPE,,SAJ,Eletrônico,0,2024-04-01,2026-02-09
00008494420248260191,TJSP,G1,Cumprimento de sentença,156,Tratamento médico-hospitalar,1,01 CUMULATIVA DE FERRAZ DE VASCONCELOS,,SAJ,Eletrônico,0,2024-04-01,2026-07-16
00024583920248260037,TJSP,G1,Cumprimento de Sentença contra a Fazenda Pública,12078,Tratamento médico-hospitalar,1,FAZENDA PUBLICA DE ARARAQUARA,,SAJ,Eletrônico,0,2024-04-01,2024-07-20
20870092920248260000,TJSP,G2,Agravo de Instrumento,202,Tratamento médico-hospitalar,1,8ª CÂMARA DE DIREITO PRIVADO,,SAJ,Eletrônico,0,2024-04-01,2024-07-20
00008485920248260191,TJSP,G1,Cumprimento de sentença,156,Tratamento médico-hospitalar,1,01 CUMULATIVA DE FERRAZ DE VASCONCELOS,,SAJ,Eletrônico,0,2024-04-01,2025-08-15
20871825320248260000,TJSP,G2,Agravo de Instrumento,202,Assistência Médico-Hospitalar,1,7ª CÂMARA DE DIREITO PÚBLICO,,SAJ,Eletrônico,0,2024-04-01,2024-07-20
00002517520248260584,TJSP,G1,Procedimento do Juizado Especial da Fazenda Pública,14695,Fornecimento de medicamentos,1,JUIZADO ESPECIAL CIVEL CRIM. DE SAO PEDRO,,SAJ,Eletrônico,0,2024-04-01,2026-06-03
20875600920248260000,TJSP,G2,Agravo de Instrumento,202,Tratamento médico-hospitalar,1,8ª CÂMARA DE DIREITO PRIVADO,,SAJ,Eletrônico,0,2024-04-01,2024-07-19
20876683820248260000,TJSP,G2,Agravo de Instrumento,202,Fornecimento de medicamentos,1,13ª CÂMARA DE DIREITO PÚBLICO,,SAJ,Eletrônico,0,2024-04-02,2024-07-20
20885319120248260000,TJSP,G2,Agravo de Instrumento,202,Tratamento médico-hospitalar,1,3ª CÂMARA DE DIREITO PRIVADO,,SAJ,Eletrônico,0,2024-04-02,2024-07-20
30027525420248260000,TJSP,G2,Agravo de Instrumento,202,Fornecimento de medicamentos,1,13ª CÂMARA DE DIREITO PÚBLICO,,SAJ,Eletrônico,0,2024-04-02,2024-07-20
20885361620248260000,TJSP,G2,Agravo de Instrumento,202,Fornecimento de medicamentos,1,7ª CÂMARA DE DIREITO PRIVADO,,SAJ,Eletrônico,0,2024-04-02,2024-07-20
10224921020228260224,TJSP,G2,Apelação Cível,198,Fornecimento de medicamentos,1,11ª CÂMARA DE DIREITO PÚBLICO,,SAJ,Eletrônico,0,2024-04-02,2024-07-19
20879160420248260000,TJSP,G2,Agravo de Instrumento,202,Tratamento médico-hospitalar,2,3ª CÂMARA DE DIREITO PRIVADO,,SAJ,Eletrônico,0,2024-04-02,2024-07-20
00043512820198260009,TJSP,G2,Apelação Cível,198,Tratamento médico-hospitalar,1,4ª CÂMARA DE DIREITO PRIVADO,,SAJ,Eletrônico,0,2024-04-02,2024-07-20
20886383820248260000,TJSP,G2,Agravo de Instrumento,202,Tratamento médico-hospitalar,1,9ª CÂMARA DE DIREITO PRIVADO,,SAJ,Eletrônico,0,2024-04-02,2024-07-20
20887674320248260000,TJSP,G2,Agravo de Instrumento,202,Tratamento médico-hospitalar,2,7ª CÂMARA DE DIREITO PRIVADO,,SAJ,Eletrônico,0,2024-04-02,2024-07-20
00010651120248260189,TJSP,G1,Cumprimento de sentença,156,Tratamento médico-hospitalar,1,03 CIVEL DE FERNANDOPOLIS,,SAJ,Eletrônico,0,2024-04-02,2026-07-16
20876415520248260000,TJSP,G2,Agravo de Instrumento,202,Tratamento médico-hospitalar,1,4ª CÂMARA DE DIREITO PRIVADO,,SAJ,Eletrônico,0,2024-04-02,2024-07-20
10199916420188260405,TJSP,G2,Apelação Cível,198,Planos de Saúde,2,7ª CÂMARA DE DIREITO PRIVADO,,SAJ,Eletrônico,0,2024-04-02,2024-07-20
00001244720248260420,TJSP,G1,Procedimento do Juizado Especial da Fazenda Pública,14695,Fornecimento de medicamentos,1,JUIZADO ESPECIAL CIVEL CRIM. DE PARANAPANEMA,,SAJ,Eletrônico,0,2024-04-02,2024-10-26
00011908320248260704,TJSP,G1,Cumprimento Provisório de Sentença,157,Fornecimento de medicamentos,1,01 CIVEL DE BUTANTA,,SAJ,Eletrônico,0,2024-04-02,2024-10-26
20890722720248260000,TJSP,G2,Agravo de Instrumento,202,Tratamento médico-hospitalar,1,2ª CÂMARA DE DIREITO PRIVADO,,SAJ,Eletrônico,0,2024-04-02,2024-07-20
10483080720248260100,TJSP,G1,Procedimento Comum Cível,7,Tratamento médico-hospitalar,2,32 CIVEL DE CENTRAL,,SAJ,Eletrônico,0,2024-04-02,2025-08-14
20883924220248260000,TJSP,G2,Agravo de Instrumento,202,Tratamento médico-hospitalar,1,8ª CÂMARA DE DIREITO PRIVADO,,SAJ,Eletrônico,0,2024-04-02,2024-07-20
00004152220248260493,TJSP,G1,Procedimento do Juizado Especial da Fazenda Pública,14695,Fornecimento de medicamentos,1,JUIZADO ESPECIAL CIVEL CRIM. DE REGENTE FEIJO,,SAJ,Eletrônico,0,2024-04-02,2026-04-28
20887743520248260000,TJSP,G2,Agravo de Instrumento,202,Tratamento médico-hospitalar,1,9ª CÂMARA DE DIREITO PRIVADO,,SAJ,Eletrônico,0,2024-04-02,2024-07-20
20877723020248260000,TJSP,G2,Agravo de Instrumento,202,Fornecimento de medicamentos,1,5ª CÂMARA DE DIREITO PRIVADO,,SAJ,Eletrônico,0,2024-04-02,2024-07-20
00002132920248260660,TJSP,G1,Procedimento do Juizado Especial da Fazenda Pública,14695,Fornecimento de medicamentos,1,JUIZADO ESPECIAL CIVEL E CRIM. DE VIRADOURO,,SAJ,Eletrônico,0,2024-04-02,2024-10-26
20890471420248260000,TJSP,G2,Agravo de Instrumento,202,Tratamento médico-hospitalar,1,2ª CÂMARA DE DIREITO PRIVADO,,SAJ,Eletrônico,0,2024-04-02,2024-07-20
00002893620248260116,TJSP,G1,Cumprimento de sentença,156,Fornecimento de medicamentos,1,02 CUMULATIVA DE CAMPOS DO JORDAO,,SAJ,Eletrônico,0,2024-04-02,2026-07-16
10525772620238260100,TJSP,G2,Apelação Cível,198,Tratamento médico-hospitalar,1,7ª CÂMARA DE DIREITO PRIVADO,,SAJ,Eletrônico,0,2024-04-02,2024-07-20
20888705020248260000,TJSP,G2,Agravo de Instrumento,202,Tratamento médico-hospitalar,1,5ª CÂMARA DE DIREITO PRIVADO,,SAJ,Eletrônico,0,2024-04-02,2024-07-20
20890125420248260000,TJSP,G2,Agravo de Instrumento,202,Tratamento médico-hospitalar,1,2ª CÂMARA DE DIREITO PRIVADO,,SAJ,Eletrônico,0,2024-04-02,2024-07-20
10027660620238260292,TJSP,G2,Remessa Necessária Cível,199,Fornecimento de medicamentos,1,5ª CÂMARA DE DIREITO PÚBLICO,,SAJ,Eletrônico,0,2024-04-02,2024-07-20
20879048720248260000,TJSP,G2,Agravo de Instrumento,202,Tratamento médico-hospitalar,1,9ª CÂMARA DE DIREITO PRIVADO,,SAJ,Eletrônico,0,2024-04-02,2024-07-20
20885881220248260000,TJSP,G2,Agravo de Instrumento,202,Fornecimento de medicamentos,1,9ª CÂMARA DE DIREITO PRIVADO,,SAJ,Eletrônico,0,2024-04-02,2024-07-20
20892048420248260000,TJSP,G2,Agravo de Instrumento,202,Tratamento médico-hospitalar,1,6ª CÂMARA DE DIREITO PRIVADO,,SAJ,Eletrônico,0,2024-04-02,2024-07-20
00001482120248260341,TJSP,G1,Procedimento do Juizado Especial da Fazenda Pública,14695,Fornecimento de medicamentos,1,JUIZADO ESPECIAL CIVEL CRIM. DE MARACAI,,SAJ,Eletrônico,0,2024-04-02,2025-08-12
00002436620248260142,TJSP,G1,Cumprimento Provisório de Decisão,10980,Fornecimento de medicamentos,1,VARA DO JUIZADO ESPECIAL CÍVEL E CRIMINAL DA COMARCA DE COLINA,,SAJ,Eletrônico,0,2024-04-02,2024-08-26
00041316220248260071,TJSP,G1,Cumprimento de sentença,156,Fornecimento de medicamentos,1,02 CIVEL DE BAURU,,Inválido,Eletrônico,0,2024-04-02,2024-08-29
20891233820248260000,TJSP,G2,Agravo de Instrumento,202,Serviços Hospitalares,1,36ª CÂMARA DE DIREITO PRIVADO,,SAJ,Eletrônico,0,2024-04-02,2024-07-20
00010426120238260428,TJSP,G1,Requisição de Pequeno Valor,1266,Fornecimento de medicamentos,1,02 CUMULATIVA DE PAULINIA,,SAJ,Eletrônico,0,2024-04-02,2024-12-13
11591542820238260100,TJSP,G2,Apelação Cível,198,Tratamento médico-hospitalar,1,9ª CÂMARA DE DIREITO PRIVADO,,SAJ,Eletrônico,0,2024-04-02,2024-07-20
20889545120248260000,TJSP,G2,Agravo de Instrumento,202,Tratamento médico-hospitalar,1,5ª CÂMARA DE DIREITO PRIVADO,,SAJ,Eletrônico,0,2024-04-02,2024-07-20
10176941120238260405,TJSP,G2,Embargos de Declaração Cível,1689,Tratamento médico-hospitalar,1,1ª CÂMARA DE DIREITO PRIVADO,,SAJ,Eletrônico,0,2024-04-03,2024-07-19
10431500820238260002,TJSP,G2,Apelação Cível,198,Tratamento médico-hospitalar,1,1ª CÂMARA DE DIREITO PRIVADO,,SAJ,Eletrônico,0,2024-04-03,2024-07-20
00044838520248260405,TJSP,G1,Cumprimento de sentença,156,Tratamento médico-hospitalar,1,02 CIVEL DE OSASCO,,SAJ,Eletrônico,0,2024-04-03,2024-08-26
20893425120248260000,TJSP,G2,Agravo de Instrumento,202,Tratamento médico-hospitalar,2,4ª CÂMARA DE DIREITO PRIVADO,,SAJ,Eletrônico,0,2024-04-03,2024-07-20
10227540320238260554,TJSP,G2,Apelação Cível,198,Tratamento médico-hospitalar,3,5ª CÂMARA DE DIREITO PRIVADO,,SAJ,Eletrônico,0,2024-04-03,2024-07-19
20896655620248260000,TJSP,G2,Agravo de Instrumento,202,Tratamento médico-hospitalar,2,5ª CÂMARA DE DIREITO PRIVADO,,SAJ,Eletrônico,0,2024-04-03,2024-07-20
00006638720248260363,TJSP,G1,Procedimento do Juizado Especial da Fazenda Pública,14695,Fornecimento de medicamentos,1,VARA JUIZADO ESP. CIVEL CRIM. DE MOJI MIRIM,,SAJ,Eletrônico,0,2024-04-03,2024-08-26
00020033920248260566,TJSP,G1,Cumprimento de Sentença contra a Fazenda Pública,12078,Custeio de Assistência Médica,1,FAZENDA PUBLICA DE SAO CARLOS,,SAJ,Eletrônico,0,2024-04-03,2024-07-19
10068113620248260351,TJSP,G1,Reclamação Pré-processual,11875,Tratamento médico-hospitalar,1,SETOR DE CONCILIAÇÃO - ASSOCIAÇÃO COMERCIAL SP,,SAJ,Eletrônico,0,2024-04-03,2025-08-12
20896508720248260000,TJSP,G2,Agravo de Instrumento,202,Tratamento médico-hospitalar,1,6ª CÂMARA DE DIREITO PRIVADO,,SAJ,Eletrônico,0,2024-04-03,2024-07-19
10617983320238260100,TJSP,G2,Apelação Cível,198,Tratamento médico-hospitalar,2,1ª CÂMARA DE DIREITO PRIVADO,,SAJ,Eletrônico,0,2024-04-03,2024-07-20
20897902420248260000,TJSP,G2,Agravo de Instrumento,202,Tratamento médico-hospitalar,1,1ª CÂMARA DE DIREITO PRIVADO,,SAJ,Eletrônico,0,2024-04-03,2024-07-20
20895036120248260000,TJSP,G2,Agravo de Instrumento,202,Tratamento médico-hospitalar,2,8ª CÂMARA DE DIREITO PRIVADO,,SAJ,Eletrônico,0,2024-04-03,2024-07-20
00045886220248260405,TJSP,G1,Cumprimento de Sentença contra a Fazenda Pública,12078,Fornecimento de medicamentos,1,01 FAZENDA PUBLICA DE OSASCO,,SAJ,Eletrônico,0,2024-04-03,2024-08-26
20897590420248260000,TJSP,G2,Agravo de Instrumento,202,Tratamento médico-hospitalar,1,8ª CÂMARA DE DIREITO PRIVADO,,SAJ,Eletrônico,0,2024-04-03,2024-07-20
10548323020188260100,TJSP,G2,Apelação Cível,198,Planos de Saúde,2,7ª CÂMARA DE DIREITO PRIVADO,,SAJ,Eletrônico,0,2024-04-03,2024-07-20
10065625920238260565,TJSP,G2,Apelação Cível,198,Tratamento médico-hospitalar,1,7ª CÂMARA DE DIREITO PRIVADO,,SAJ,Eletrônico,0,2024-04-03,2024-07-20
10086844420248260554,TJSP,G1,Procedimento Comum Cível,7,Fornecimento de medicamentos,2,03 CIVEL DE SANTO ANDRE,3547809.0,SAJ,Eletrônico,0,2024-04-04,2024-06-05
10007925120248260274,TJSP,G1,Procedimento do Juizado Especial da Fazenda Pública,14695,Fornecimento de medicamentos,1,JUIZADO ESPECIAL CIVEL CRIM. DE ITAPOLIS,3522703.0,SAJ,Eletrônico,0,2024-04-04,2024-05-28
11264607920188260100,TJSP,G2,Embargos de Declaração Cível,1689,Planos de Saúde,1,7ª CÂMARA DE DIREITO PRIVADO,3550308.0,SAJ,Eletrônico,0,2024-04-04,2024-05-28
00001792120248260283,TJSP,G1,Procedimento do Juizado Especial da Fazenda Pública,14695,Fornecimento de medicamentos,1,JUIZADO ESPECIAL CIVEL CRIM. DE ITIRAPINA,,SAJ,Eletrônico,0,2024-04-04,2025-08-12
00004317320248260493,TJSP,G1,Procedimento do Juizado Especial da Fazenda Pública,14695,Fornecimento de medicamentos,1,JUIZADO ESPECIAL CIVEL CRIM. DE REGENTE FEIJO,,SAJ,Eletrônico,0,2024-04-04,2025-08-14
20933836120248260000,TJSP,G2,Agravo de Instrumento,202,Tratamento médico-hospitalar,1,2ª CÂMARA DE DIREITO PRIVADO,,SAJ,Eletrônico,0,2024-04-05,2024-07-20
20937179520248260000,TJSP,G2,Agravo de Instrumento,202,Tratamento médico-hospitalar,1,5ª CÂMARA DE DIREITO PRIVADO,,SAJ,Eletrônico,0,2024-04-05,2024-07-20
20933281320248260000,TJSP,G2,Agravo de Instrumento,202,Tratamento médico-hospitalar,1,8ª CÂMARA DE DIREITO PRIVADO,,SAJ,Eletrônico,0,2024-04-05,2024-07-20
00019559820248260269,TJSP,G1,Cumprimento de Sentença de Obrigação de Prestar Alimentos,12246,Fornecimento de medicamentos,1,EXECUCOES CRIMINAIS DE ITAPETININGA,,SAJ,Eletrônico,0,2024-04-05,2024-08-27
00006178020248260272,TJSP,G1,Cumprimento de Sentença contra a Fazenda Pública,12078,Fornecimento de medicamentos,1,02 CUMULATIVA DE ITAPIRA,,SAJ,Eletrônico,0,2024-04-05,2024-12-13
20934485620248260000,TJSP,G2,Agravo de Instrumento,202,Tratamento médico-hospitalar,1,8ª CÂMARA DE DIREITO PRIVADO,,SAJ,Eletrônico,0,2024-04-05,2024-07-19
10011218820248260201,TJSP,G1,Mandado de Segurança Cível,120,Tratamento médico-hospitalar,2,02 CUMULATIVA DE GARCA,3516705.0,SAJ,Eletrônico,0,2024-04-05,2024-05-28
00003289720248260030,TJSP,G1,Cumprimento de Sentença contra a Fazenda Pública,12078,Fornecimento de medicamentos,1,JUIZADO ESPECIAL CIVEL CRIM. DE APIAI,,SAJ,Eletrônico,0,2024-04-05,2024-10-26
00009275220248260445,TJSP,G1,Cumprimento de sentença,156,Fornecimento de medicamentos,1,VARA JUIZADO ESP. CIVEL CRIM. DE PINDAMONHANGABA,,SAJ,Eletrônico,0,2024-04-05,2024-12-13
10082790220228260320,TJSP,G2,Apelação Cível,198,Tratamento médico-hospitalar,1,2ª CÂMARA DE DIREITO PRIVADO,,SAJ,Eletrônico,0,2024-04-05,2025-08-14
00007304020248260270,TJSP,G1,Cumprimento Provisório de Sentença,157,Tratamento Domiciliar (Home Care),1,01 CUMULATIVA DE ITAPEVA,,SAJ,Eletrônico,0,2024-04-05,2025-02-05
00018206420248260438,TJSP,G1,Cumprimento de sentença,156,Tratamento médico-hospitalar,1,01 CUMULATIVA DE PENAPOLIS,,SAJ,Eletrônico,0,2024-04-05,2024-12-13
00022862120248260127,TJSP,G1,Cumprimento Provisório de Decisão,10980,Tratamento médico-hospitalar,1,03 CIVEL DE CARAPICUIBA,,SAJ,Eletrônico,0,2024-04-07,2024-08-26
00003062620248260390,TJSP,G1,Procedimento do Juizado Especial da Fazenda Pública,14695,Fornecimento de medicamentos,1,JUIZADO ESPECIAL CIVEL CRIM. DE NOVA GRANADA,,SAJ,Eletrônico,0,2024-04-08,2024-11-13
10038908720238260077,TJSP,G2,Apelação Cível,198,Fornecimento de medicamentos,1,9ª CÂMARA DE DIREITO PÚBLICO,,SAJ,Eletrônico,0,2024-04-08,2025-01-09
00003324320248260416,TJSP,G1,Procedimento do Juizado Especial da Fazenda Pública,14695,Fornecimento de medicamentos,1,JUIZADO ESPECIAL CIVEL CRIM. DE PANORAMA,,SAJ,Eletrônico,0,2024-04-08,2025-08-10
00007327520248260022,TJSP,G1,Cumprimento de Sentença contra a Fazenda Pública,12078,Fornecimento de medicamentos,1,JUIZADO ESPECIAL CIVEL CRIM. DE AMPARO,,SAJ,Eletrônico,0,2024-04-08,2025-08-06
00007319020248260022,TJSP,G1,Cumprimento de Sentença contra a Fazenda Pública,12078,Fornecimento de medicamentos,1,JUIZADO ESPECIAL CIVEL CRIM. DE AMPARO,,SAJ,Eletrônico,0,2024-04-08,2025-08-06
00004140620248260471,TJSP,G1,Procedimento do Juizado Especial da Fazenda Pública,14695,Fornecimento de medicamentos,1,JUIZADO ESPECIAL CIVEL CRIM. DE PORTO FELIZ,,SAJ,Eletrônico,0,2024-04-08,2024-12-13
20974723020248260000,TJSP,G2,Agravo de Instrumento,202,Tratamento médico-hospitalar,1,7ª CÂMARA DE DIREITO PRIVADO,3550308.0,SAJ,Eletrônico,0,2024-04-09,2024-05-28
20973649820248260000,TJSP,G2,Agravo de Instrumento,202,Tratamento médico-hospitalar,1,5ª CÂMARA DE DIREITO PRIVADO,3550308.0,SAJ,Eletrônico,0,2024-04-09,2024-05-28
30030487620248260000,TJSP,G2,Agravo de Instrumento,202,Fornecimento de medicamentos,1,13ª CÂMARA DE DIREITO PÚBLICO,3550308.0,SAJ,Eletrônico,0,2024-04-09,2024-05-28
00004220720228260615,TJSP,G1,Precatório,1265,Planos de Saúde,1,02 CUMULATIVA DE TANABI,,SAJ,Eletrônico,0,2024-04-09,2026-03-06
00009604220248260445,TJSP,G1,Cumprimento de sentença,156,Tratamento médico-hospitalar,1,01 CIVEL DE PINDAMONHANGABA,3538006.0,SAJ,Eletrônico,0,2024-04-09,2024-05-28
00006437820248260272,TJSP,G1,Cumprimento de Sentença contra a Fazenda Pública,12078,Fornecimento de medicamentos,1,JUIZADO ESPECIAL CIVEL CRIM. DE ITAPIRA,,SAJ,Eletrônico,0,2024-04-09,2024-11-12
20974299320248260000,TJSP,G2,Agravo de Instrumento,202,Tratamento médico-hospitalar,1,10ª CÂMARA DE DIREITO PRIVADO,3550308.0,SAJ,Eletrônico,0,2024-04-09,2024-05-28
00010879120248260408,TJSP,G1,Cumprimento de Sentença contra a Fazenda Pública,12078,Assistência Médico-Hospitalar,1,VARA JUIZADO ESPECIAL CIVEL DE OURINHOS,,SAJ,Eletrônico,0,2024-04-09,2024-11-13
00004801720248260493,TJSP,G1,Cumprimento de Sentença contra a Fazenda Pública,12078,Fornecimento de medicamentos,1,JUIZADO ESPECIAL CIVEL CRIM. DE REGENTE FEIJO,,SAJ,Eletrônico,0,2024-04-09,2026-05-08
00006925020248260101,TJSP,G1,Cumprimento de sentença,156,Fornecimento de medicamentos,1,02 CIVEL DE CACAPAVA,,SAJ,Eletrônico,0,2024-04-09,2025-08-14
20986865620248260000,TJSP,G2,Habeas Corpus Cível,1269,Tratamento Domiciliar (Home Care),1,5ª CÂMARA DE DIREITO PRIVADO,3550308.0,SAJ,Eletrônico,0,2024-04-10,2024-05-28
00001878220248260352,TJSP,G1,Procedimento do Juizado Especial da Fazenda Pública,14695,Fornecimento de medicamentos,1,JUIZADO ESPECIAL CIVEL CRIM. DE MIGUELOPOLIS,,SAJ,Eletrônico,0,2024-04-10,2025-02-05
20978715920248260000,TJSP,G2,Agravo de Instrumento,202,Fornecimento de medicamentos,1,10ª CÂMARA DE DIREITO PRIVADO,3550308.0,SAJ,Eletrônico,0,2024-04-10,2024-05-28
00156553320228260554,TJSP,G2,Apelação Cível,198,Tratamento médico-hospitalar,1,7ª CÂMARA DE DIREITO PRIVADO,3550308.0,SAJ,Eletrônico,0,2024-04-10,2024-05-28
20984596620248260000,TJSP,G2,Mandado de Segurança Cível,120,Tratamento médico-hospitalar,1,7ª CÂMARA DE DIREITO PRIVADO,3550308.0,SAJ,Eletrônico,0,2024-04-10,2024-05-28
20981330920248260000,TJSP,G2,Agravo de Instrumento,202,Tratamento médico-hospitalar,1,8ª CÂMARA DE DIREITO PRIVADO,3550308.0,SAJ,Eletrônico,0,2024-04-10,2024-05-28
00002200920248260470,TJSP,G1,Cumprimento de sentença,156,Fornecimento de medicamentos,1,VARA UNICA DE PORANGABA,,SAJ,Eletrônico,0,2024-04-10,2025-02-06
20977165620248260000,TJSP,G2,Agravo de Instrumento,202,Tratamento médico-hospitalar,1,3ª CÂMARA DE DIREITO PRIVADO,3550308.0,SAJ,Eletrônico,0,2024-04-10,2024-05-28
20977226320248260000,TJSP,G2,Agravo de Instrumento,202,Tratamento Domiciliar (Home Care),1,5ª CÂMARA DE DIREITO PRIVADO,3550308.0,SAJ,Eletrônico,0,2024-04-10,2024-05-28
10807648820238260053,TJSP,G2,Apelação Cível,198,Fornecimento de medicamentos,1,10ª CÂMARA DE DIREITO PÚBLICO,3550308.0,SAJ,Eletrônico,0,2024-04-10,2024-05-28
20984561420248260000,TJSP,G2,Agravo de Instrumento,202,Tratamento médico-hospitalar,1,6ª CÂMARA DE DIREITO PRIVADO,3550308.0,SAJ,Eletrônico,0,2024-04-10,2024-05-28
10032661720238260084,TJSP,G2,Apelação / Remessa Necessária,1728,Fornecimento de medicamentos,1,11ª CÂMARA DE DIREITO PÚBLICO,3550308.0,SAJ,Eletrônico,0,2024-04-10,2024-05-28
00010027720248260191,TJSP,G1,Cumprimento de sentença,156,Tratamento médico-hospitalar,1,02 CUMULATIVA DE FERRAZ DE VASCONCELOS,,SAJ,Eletrônico,0,2024-04-10,2026-06-01
20982543720248260000,TJSP,G2,Agravo de Instrumento,202,Fornecimento de medicamentos,1,2ª CÂMARA DE DIREITO PÚBLICO,3550308.0,SAJ,Eletrônico,0,2024-04-10,2024-05-28
20980473820248260000,TJSP,G2,Agravo de Instrumento,202,Tratamento médico-hospitalar,1,8ª CÂMARA DE DIREITO PRIVADO,3550308.0,SAJ,Eletrônico,0,2024-04-10,2024-05-28
20986077720248260000,TJSP,G2,Agravo de Instrumento,202,Tratamento Domiciliar (Home Care),1,10ª CÂMARA DE DIREITO PRIVADO,3550308.0,SAJ,Eletrônico,0,2024-04-10,2024-05-28
20978698920248260000,TJSP,G2,Agravo de Instrumento,202,Tratamento médico-hospitalar,1,7ª CÂMARA DE DIREITO PRIVADO,3550308.0,SAJ,Eletrônico,0,2024-04-10,2024-05-28
10234903120238260001,TJSP,G2,Apelação Cível,198,Tratamento médico-hospitalar,1,6ª CÂMARA DE DIREITO PRIVADO,3550308.0,SAJ,Eletrônico,0,2024-04-10,2024-05-28
20981738820248260000,TJSP,G2,Agravo de Instrumento,202,Tratamento médico-hospitalar,1,6ª CÂMARA DE DIREITO PRIVADO,3550308.0,SAJ,Eletrônico,0,2024-04-10,2024-05-28
00021523520248260566,TJSP,G1,Cumprimento de Sentença contra a Fazenda Pública,12078,Fornecimento de medicamentos,1,FAZENDA PUBLICA DE SAO CARLOS,,SAJ,Eletrônico,0,2024-04-10,2024-07-19
20985150220248260000,TJSP,G2,Agravo de Instrumento,202,Tratamento médico-hospitalar,1,7ª CÂMARA DE DIREITO PRIVADO,3550308.0,SAJ,Eletrônico,0,2024-04-10,2024-05-28
20976541620248260000,TJSP,G2,Agravo de Instrumento,202,Tratamento médico-hospitalar,1,10ª CÂMARA DE DIREITO PRIVADO,3550308.0,SAJ,Eletrônico,0,2024-04-10,2024-05-28
00006006820248260070,TJSP,G1,Cumprimento Provisório de Sentença,157,Tratamento médico-hospitalar,1,02 CIVEL DE BATATAIS,,SAJ,Eletrônico,0,2024-04-11,2024-07-19
00008865520248260358,TJSP,G1,Cumprimento de sentença,156,Tratamento médico-hospitalar,1,01 CUMULATIVA DE MIRASSOL,,Inválido,Eletrônico,0,2024-04-11,2024-10-02
10053805220238260625,TJSP,G2,Remessa Necessária Cível,199,Fornecimento de medicamentos,1,10ª CÂMARA DE DIREITO PÚBLICO,3550308.0,SAJ,Eletrônico,0,2024-04-11,2024-05-28
00007048120238260042,TJSP,G1,Requisição de Pequeno Valor,1266,Fornecimento de medicamentos,1,VARA UNICA DE ALTINOPOLIS,,SAJ,Eletrônico,0,2024-04-11,2025-08-10
00002711020248260150,TJSP,G1,Procedimento do Juizado Especial da Fazenda Pública,14695,Fornecimento de medicamentos,1,JUIZADO ESPECIAL CIVEL DE COSMÓPOLIS,,SAJ,Eletrônico,0,2024-04-11,2025-08-12
00007016120248260505,TJSP,G1,Cumprimento de sentença,156,Custeio de Assistência Médica,1,03 CUMULATIVA DE RIBEIRAO PIRES,,SAJ,Eletrônico,0,2024-04-11,2024-08-26
00042875620248260554,TJSP,G1,Cumprimento de sentença,156,Tratamento médico-hospitalar,1,03 CIVEL DE SANTO ANDRE,,SAJ,Eletrônico,0,2024-04-11,2024-08-26
00061204320248260576,TJSP,G1,Cumprimento Provisório de Sentença,157,Fornecimento de medicamentos,1,01 FAZENDA PUBLICA DE SAO JOSE DO RIO PRETO,,SAJ,Eletrônico,0,2024-04-11,2024-08-26
00009395220248260191,TJSP,G1,Cumprimento de sentença,156,Tratamento médico-hospitalar,1,01 CUMULATIVA DE FERRAZ DE VASCONCELOS,,SAJ,Eletrônico,0,2024-04-11,2025-08-15
20546529320248260000,TJSP,G2,Embargos de Declaração Cível,1689,Tratamento médico-hospitalar,1,5ª CÂMARA DE DIREITO PRIVADO,,SAJ,Eletrônico,0,2024-04-11,2024-07-20
10069418420218260010,TJSP,G2,Apelação Cível,198,Tratamento médico-hospitalar,1,8ª CÂMARA DE DIREITO PRIVADO,3550308.0,SAJ,Eletrônico,0,2024-04-11,2024-05-28
00003558620248260416,TJSP,G1,Procedimento do Juizado Especial da Fazenda Pública,14695,Fornecimento de medicamentos,1,JUIZADO ESPECIAL CIVEL CRIM. DE PANORAMA,,SAJ,Eletrônico,0,2024-04-12,2026-04-28
00007270720248260296,TJSP,G1,Procedimento do Juizado Especial Cível,436,Fornecimento de medicamentos,1,JUIZADO ESPECIAL CIVEL CRIM. DE JAGUARIUNA,,SAJ,Eletrônico,0,2024-04-12,2026-06-02
00005435420248260586,TJSP,G1,Cumprimento de sentença,156,Fornecimento de medicamentos,1,02 CIVEL DE SAO ROQUE,,SAJ,Eletrônico,0,2024-04-12,2024-08-27
00008295820248260642,TJSP,G1,Cumprimento Provisório de Sentença,157,Fornecimento de medicamentos,1,VARA JUIZADO ESP. CIVEL CRIM. DE UBATUBA,,SAJ,Eletrônico,0,2024-04-12,2026-06-03
00005426920248260586,TJSP,G1,Cumprimento de sentença,156,Fornecimento de medicamentos,1,02 CIVEL DE SAO ROQUE,,SAJ,Eletrônico,0,2024-04-12,2024-08-27
00004159520248260210,TJSP,G1,Cumprimento de Sentença contra a Fazenda Pública,12078,Assistência Médico-Hospitalar,1,JUIZADO ESPECIAL CIVEL CRIM. DE GUAIRA,,Inválido,Eletrônico,0,2024-04-12,2024-10-02
00019856320248260066,TJSP,G1,Cumprimento Provisório de Decisão,10980,Fornecimento de medicamentos,1,03 CIVEL DE BARRETOS,,SAJ,Eletrônico,0,2024-04-12,2024-08-26
00004446520248260366,TJSP,G1,Cumprimento Provisório de Sentença,157,Tratamento médico-hospitalar,1,01 CUMULATIVA DE MONGAGUA,,SAJ,Eletrônico,0,2024-04-14,2026-06-02
00005849520248260238,TJSP,G1,Procedimento do Juizado Especial da Fazenda Pública,14695,Fornecimento de medicamentos,1,JUIZADO ESPECIAL CIVEL DE IBIUNA,,SAJ,Eletrônico,0,2024-04-15,2025-02-05
00003699820248260439,TJSP,G1,Cumprimento Provisório de Sentença,157,Fornecimento de medicamentos,1,02 CUMULATIVA DE PEREIRA BARRETO,,SAJ,Eletrônico,0,2024-04-15,2025-01-10
00010488220248260024,TJSP,G1,Cumprimento de Sentença contra a Fazenda Pública,12078,Fornecimento de medicamentos,1,VARA JUIZADO ESP. CIVEL CRIM. DE ANDRADINA,,SAJ,Eletrônico,0,2024-04-15,2024-10-26
00006286220248260417,TJSP,G1,Cumprimento de sentença,156,Tratamento médico-hospitalar,1,03 CUMULATIVA DE PARAGUACU PAULISTA,,SAJ,Eletrônico,0,2024-04-15,2024-12-13
10264524520228260071,TJSP,G2,Apelação Cível,198,Tratamento médico-hospitalar,1,7ª CÂMARA DE DIREITO PRIVADO,,SAJ,Eletrônico,0,2024-04-15,2025-08-14
00169391220248260100,TJSP,G1,Cumprimento Provisório de Decisão,10980,Tratamento médico-hospitalar,1,40 CIVEL DE CENTRAL,,SAJ,Eletrônico,0,2024-04-15,2025-02-05
00047298920248260564,TJSP,G1,Cumprimento de sentença,156,Tratamento médico-hospitalar,1,08 CIVEL DE SAO BERNARDO DO CAMPO,,SAJ,Eletrônico,0,2024-04-16,2024-08-26
00003202420248260062,TJSP,G1,Cumprimento Provisório de Sentença,157,Fornecimento de medicamentos,1,JUIZADO ESPECIAL CIVEL CRIM. DE BARIRI,,SAJ,Eletrônico,0,2024-04-16,2025-01-09
21049084020248260000,TJSP,G2,Agravo de Instrumento,202,Tratamento médico-hospitalar,1,6ª CÂMARA DE DIREITO PRIVADO,,SAJ,Eletrônico,0,2024-04-16,2025-08-14
10297496020228260071,TJSP,G2,Apelação Cível,198,Tratamento médico-hospitalar,1,Núcleo de Justiça 4.0 em Segundo Grau – Turma IV (Direito Privado 1),,SAJ,Eletrônico,0,2024-04-17,2025-08-14
00008512420248260220,TJSP,G1,Cumprimento de sentença,156,Tratamento médico-hospitalar,1,04 CUMULATIVA DE GUARATINGUETA,,SAJ,Eletrônico,0,2024-04-17,2026-07-16
00052205720248260577,TJSP,JE,Cumprimento de sentença,156,Tratamento médico-hospitalar,1,01 VARA JUIZADO ESPECIAL CIVEL DE SAO JOSE DOS CAMPOS,,SAJ,Eletrônico,0,2024-04-17,2025-08-14
00005099620248260063,TJSP,G1,Procedimento do Juizado Especial da Fazenda Pública,14695,Fornecimento de medicamentos,1,JUIZADO ESPECIAL CIVEL E CRIMINAL DE BARRA BONITA,,SAJ,Eletrônico,0,2024-04-17,2024-10-26
00002649620248260512,TJSP,G1,Procedimento do Juizado Especial da Fazenda Pública,14695,Fornecimento de medicamentos,1,JUIZADO ESPECIAL CIVEL DE RIO GRANDE DA SERRA,,SAJ,Eletrônico,0,2024-04-18,2024-12-12
00005770920248260431,TJSP,G1,Procedimento do Juizado Especial da Fazenda Pública,14695,Fornecimento de medicamentos,1,JUIZADO ESPECIAL CIVEL  CRIM. DE PEDERNEIRAS,,SAJ,Eletrônico,0,2024-04-18,2025-01-10
00001754020248260232,TJSP,G1,Cumprimento Provisório de Sentença,157,Tratamento médico-hospitalar,1,VARA ÚNICA DE CESÁRIO LANGE,,SAJ,Eletrônico,0,2024-04-18,2025-02-05
00007050620248260568,TJSP,G1,Cumprimento de sentença,156,Fornecimento de medicamentos,1,03 CIVEL DE SAO JOAO DA BOA VISTA,,Inválido,Eletrônico,0,2024-04-19,2024-10-02
00010080820248260281,TJSP,G1,Cumprimento de sentença,156,Tratamento Domiciliar (Home Care),1,01 CIVEL DE ITATIBA,,Inválido,Eletrônico,0,2024-04-19,2024-10-02
00009304520248260400,TJSP,G1,Cumprimento de Sentença contra a Fazenda Pública,12078,Fornecimento de medicamentos,1,VARA JUIZADO ESP. CIVEL CRIM. DE OLIMPIA,,SAJ,Eletrônico,0,2024-04-19,2025-02-05
00001795420248260563,TJSP,G1,Cumprimento de sentença,156,Fornecimento de medicamentos,1,VARA UNICA DE SAO BENTO DO SAPUCAI,,SAJ,Eletrônico,0,2024-04-19,2024-07-20
00009324120248260650,TJSP,G1,Cumprimento de sentença,156,Tratamento médico-hospitalar,1,02 CUMULATIVA DE VALINHOS,,SAJ,Eletrônico,0,2024-04-19,2025-08-14
00003200820248260326,TJSP,G1,Procedimento Comum Cível,7,Fornecimento de medicamentos,1,02 CUMULATIVA DE LUCELIA,3527405.0,SAJ,Eletrônico,0,2024-04-19,2024-05-28
00005633320248260493,TJSP,G1,Procedimento do Juizado Especial da Fazenda Pública,14695,Fornecimento de medicamentos,1,JUIZADO ESPECIAL CIVEL CRIM. DE REGENTE FEIJO,,SAJ,Eletrônico,0,2024-04-19,2025-08-10
20872743120248260000,TJSP,G2,Agravo Interno Cível,1208,Tratamento médico-hospitalar,1,3ª CÂMARA DE DIREITO PRIVADO,,SAJ,Eletrônico,0,2024-04-22,2024-07-20
21104876620248260000,TJSP,G2,Agravo de Instrumento,202,Serviços Hospitalares,1,25ª CÂMARA DE DIREITO PRIVADO,,SAJ,Eletrônico,0,2024-04-22,2025-01-09
00002756920248260660,TJSP,G1,Cumprimento de sentença,156,Fornecimento de medicamentos,1,VARA UNICA DE VIRADOURO,,SAJ,Eletrônico,0,2024-04-22,2025-01-10
00006558320248260081,TJSP,G1,Cumprimento de sentença,156,Tratamento médico-hospitalar,1,01 CUMULATIVA DE ADAMANTINA,,SAJ,Eletrônico,0,2024-04-22,2025-08-11
00002070220248260311,TJSP,G1,Requisição de Pequeno Valor,1266,Fornecimento de medicamentos,1,VARA UNICA DE JUNQUEIROPOLIS,,SAJ,Eletrônico,0,2024-04-22,2025-02-05
20890108420248260000,TJSP,G2,Embargos de Declaração Cível,1689,Tratamento médico-hospitalar,1,8ª CÂMARA DE DIREITO PRIVADO,,SAJ,Eletrônico,0,2024-04-22,2024-07-20
00003114620248260035,TJSP,G1,Cumprimento de sentença,156,Custeio de Assistência Médica,1,VARA UNICA DE AGUAS DE LINDOIA,,SAJ,Eletrônico,0,2024-04-23,2026-06-02
00088199320248260224,TJSP,G1,Cumprimento Provisório de Decisão,10980,Tratamento médico-hospitalar,1,10 CIVEL DE GUARULHOS,,SAJ,Eletrônico,0,2024-04-23,2024-12-13
10301035320228260114,TJSP,G2,Apelação Cível,198,Fornecimento de medicamentos,1,13ª CÂMARA DE DIREITO PÚBLICO,,SAJ,Eletrônico,0,2024-04-23,2025-08-14
10374607320158260100,TJSP,G2,Apelação Cível,198,Planos de Saúde,2,7ª CÂMARA DE DIREITO PRIVADO,,SAJ,Eletrônico,0,2024-04-23,2025-08-14
20887007820248260000,TJSP,G2,Agravo Interno Cível,1208,Tratamento médico-hospitalar,1,8ª CÂMARA DE DIREITO PRIVADO,,SAJ,Eletrônico,0,2024-04-24,2024-07-20
00008977720248260619,TJSP,G1,Cumprimento de sentença,156,Fornecimento de medicamentos,1,01 CUMULATIVA DE TAQUARITINGA,,SAJ,Eletrônico,0,2024-04-24,2025-08-14
00007426720248260201,TJSP,JE,Cumprimento de sentença,156,Tratamento médico-hospitalar,1,JUIZADO ESPECIAL CIVEL CRIM. DE GARCA,,SAJ,Eletrônico,0,2024-04-24,2025-02-06
00005015920248260471,TJSP,G1,Procedimento do Juizado Especial da Fazenda Pública,14695,Fornecimento de medicamentos,1,JUIZADO ESPECIAL CIVEL CRIM. DE PORTO FELIZ,,SAJ,Eletrônico,0,2024-04-24,2024-10-26
00006782320248260568,TJSP,G1,Cumprimento de sentença,156,Planos de Saúde,1,01 CIVEL DE SAO JOAO DA BOA VISTA,,SAJ,Eletrônico,0,2024-04-24,2024-10-26
00002416320248260153,TJSP,G1,Procedimento do Juizado Especial da Fazenda Pública,14695,Fornecimento de medicamentos,1,JUIZADO ESPECIAL CIVEL DE CRAVINHOS,,SAJ,Eletrônico,0,2024-04-24,2026-07-16
00010505720248260281,TJSP,G1,Cumprimento de sentença,156,Fornecimento de medicamentos,1,01 CIVEL DE ITATIBA,,SAJ,Eletrônico,0,2024-04-24,2025-01-10
00026591320248260625,TJSP,G1,Cumprimento de sentença,156,Tratamento médico-hospitalar,1,04 CIVEL DE TAUBATE,,SAJ,Eletrônico,0,2024-04-24,2024-08-26
10072254120238260554,TJSP,G2,Apelação Cível,198,Tratamento médico-hospitalar,1,7ª CÂMARA DE DIREITO PRIVADO,,SAJ,Eletrônico,0,2024-04-24,2025-08-14
00008057320248260272,TJSP,G1,Carta Precatória Cível,261,Tratamento médico-hospitalar,2,02 CUMULATIVA DE ITAPIRA,,SAJ,Eletrônico,0,2024-04-25,2024-08-26
00198803220248260100,TJSP,G1,Cumprimento de sentença,156,Tratamento médico-hospitalar,1,03 CIVEL DE CENTRAL,3550308.0,SAJ,Eletrônico,0,2024-04-25,2024-05-28
00004895220248260210,TJSP,G1,Cumprimento de sentença,156,Fornecimento de medicamentos,1,02 CUMULATIVA DE GUAIRA,,SAJ,Eletrônico,0,2024-04-25,2025-08-15
00009006520248260220,TJSP,G1,Cumprimento Provisório de Sentença,157,Fornecimento de medicamentos,1,02 CUMULATIVA DE GUARATINGUETA,3518404.0,SAJ,Eletrônico,0,2024-04-25,2024-05-28
00010691120248260363,TJSP,G1,Cumprimento de Sentença contra a Fazenda Pública,12078,Fornecimento de medicamentos,1,04 CUMULATIVA DE MOJI MIRIM,,SAJ,Eletrônico,0,2024-04-25,2025-01-10
00004256720248260137,TJSP,G1,Cumprimento Provisório de Decisão,10980,Tratamento Domiciliar (Home Care),1,VARA UNICA DE CERQUILHO,,SAJ,Eletrônico,0,2024-04-26,2024-07-19
00003150920248260383,TJSP,G1,Procedimento do Juizado Especial da Fazenda Pública,14695,Fornecimento de medicamentos,1,JUIZADO ESPECIAL CIVEL CRIM. DE NHANDEARA,,SAJ,Eletrônico,0,2024-04-26,2024-07-20
00003279720248260035,TJSP,G1,Cumprimento de Sentença contra a Fazenda Pública,12078,Fornecimento de medicamentos,1,VARA UNICA DE AGUAS DE LINDOIA,,SAJ,Eletrônico,0,2024-04-29,2026-05-08
10276060320218260405,TJSP,G2,Apelação Cível,198,Tratamento médico-hospitalar,1,1ª CÂMARA DE DIREITO PRIVADO,,SAJ,Eletrônico,0,2024-04-29,2024-12-12
00006515120248260338,TJSP,G1,Cumprimento Provisório de Sentença,157,Fornecimento de medicamentos,1,02 CUMULATIVA DE MAIRIPORA,,SAJ,Eletrônico,0,2024-04-29,2026-06-02
00002212920248260426,TJSP,G1,Cumprimento de sentença,156,Fornecimento de medicamentos,1,JUIZADO ESPECIAL CIVEL DE PATROCINIO PAULISTA,,SAJ,Eletrônico,0,2024-04-29,2025-08-10
00003566720248260094,TJSP,G1,Cumprimento Provisório de Sentença,157,Tratamento médico-hospitalar,1,VARA UNICA DE BRODOSQUI,,SAJ,Eletrônico,0,2024-04-29,2025-08-11
00001819820248260312,TJSP,G1,Cumprimento de sentença,156,Fornecimento de medicamentos,1,VARA UNICA DE JUQUIA,,SAJ,Eletrônico,0,2024-04-29,2024-10-26
20878822920248260000,TJSP,G2,Agravo Interno Cível,1208,Tratamento médico-hospitalar,1,3ª CÂMARA DE DIREITO PRIVADO,,SAJ,Eletrônico,0,2024-04-30,2024-07-20
00006536420248260453,TJSP,G1,Procedimento do Juizado Especial da Fazenda Pública,14695,Fornecimento de medicamentos,1,JUIZADO ESPECIAL CIVEL CRIM. DE PIRAJUI,,SAJ,Eletrônico,0,2024-04-30,2024-12-13
10012891520248260323,TJSP,JE,Procedimento do Juizado Especial Cível,436,Fornecimento de medicamentos,1,JUIZADO ESPECIAL CIVEL CRIM. DE LORENA,3527207.0,SAJ,Eletrônico,0,2024-04-30,2024-06-05
00003902720248260390,TJSP,G1,Cumprimento Provisório de Sentença,157,Fornecimento de medicamentos,1,JUIZADO ESPECIAL CIVEL CRIM. DE NOVA GRANADA,,SAJ,Eletrônico,0,2024-04-30,2025-02-05
00007440320248260568,TJSP,G1,Cumprimento Provisório de Sentença,157,Fornecimento de medicamentos,1,03 CIVEL DE SAO JOAO DA BOA VISTA,,SAJ,Eletrônico,0,2024-04-30,2024-11-12
00008386320248260272,TJSP,G1,Cumprimento de Sentença contra a Fazenda Pública,12078,Fornecimento de medicamentos,1,JUIZADO ESPECIAL CIVEL CRIM. DE ITAPIRA,,SAJ,Eletrônico,0,2024-04-30,2024-08-26
00010439620248260400,TJSP,G1,Procedimento do Juizado Especial da Fazenda Pública,14695,Fornecimento de medicamentos,1,VARA JUIZADO ESP. CIVEL CRIM. DE OLIMPIA,,SAJ,Eletrônico,0,2024-04-30,2025-08-15
00011165520238260157,TJSP,G1,Requisição de Pequeno Valor,1266,Custeio de Assistência Médica,1,VARA JUIZADO ESP. CIVEL CRIM. DE CUBATAO,,SAJ,Eletrônico,0,2024-04-30,2026-02-09
00004116220248260629,TJSP,G1,Cumprimento de sentença,156,Custeio de Assistência Médica,1,JUIZADO ESPECIAL CIVEL CRIM. DE TIETE,,SAJ,Eletrônico,0,2024-05-01,2025-08-14
00002308820248260426,TJSP,G1,Cumprimento de sentença,156,Fornecimento de medicamentos,1,JUIZADO ESPECIAL CIVEL DE PATROCINIO PAULISTA,,SAJ,Eletrônico,0,2024-05-02,2025-08-10
00011718520248260281,TJSP,G1,Cumprimento Provisório de Sentença,157,Fornecimento de medicamentos,1,VARA JUIZADO ESP. CIVEL CRIM. DE ITATIBA,,SAJ,Eletrônico,0,2024-05-02,2025-01-10
00011337820248260441,TJSP,G1,Cumprimento de sentença,156,Tratamento médico-hospitalar,1,02 CUMULATIVA DE PERUIBE,,SAJ,Eletrônico,0,2024-05-03,2024-12-13
00008610920248260272,TJSP,G1,Cumprimento de Sentença contra a Fazenda Pública,12078,Fornecimento de medicamentos,1,JUIZADO ESPECIAL CIVEL CRIM. DE ITAPIRA,,SAJ,Eletrônico,0,2024-05-03,2026-04-28
00003863320248260311,TJSP,G1,Cumprimento Provisório de Sentença,157,Fornecimento de medicamentos,1,VARA UNICA DE JUNQUEIROPOLIS,,SAJ,Eletrônico,0,2024-05-03,2026-05-08
00009941320248260220,TJSP,G1,Cumprimento de sentença,156,Tratamento médico-hospitalar,1,04 CUMULATIVA DE GUARATINGUETA,,SAJ,Eletrônico,0,2024-05-03,2024-11-13
00003555820248260102,TJSP,G1,Procedimento do Juizado Especial da Fazenda Pública,14695,Fornecimento de medicamentos,1,JUIZADO ESPECIAL CIVEL CRIM. DE CACHOEIRA PAULISTA,,SAJ,Eletrônico,0,2024-05-03,2026-06-02
00002325820248260426,TJSP,G1,Procedimento do Juizado Especial da Fazenda Pública,14695,Fornecimento de medicamentos,1,JUIZADO ESPECIAL CIVEL DE PATROCINIO PAULISTA,,SAJ,Eletrônico,0,2024-05-03,2025-08-10
00002378020248260426,TJSP,G1,Procedimento do Juizado Especial da Fazenda Pública,14695,Fornecimento de medicamentos,1,JUIZADO ESPECIAL CIVEL DE PATROCINIO PAULISTA,,SAJ,Eletrônico,0,2024-05-06,2025-08-10
00004906220248260040,TJSP,G1,Cumprimento de Sentença contra a Fazenda Pública,12078,Fornecimento de medicamentos,1,JUIZADO ESPECIAL CIVEL CRIM. DE AMERICO BRASILIENSE,,SAJ,Eletrônico,0,2024-05-06,2025-08-14
00003107120248260549,TJSP,G1,Procedimento do Juizado Especial da Fazenda Pública,14695,Fornecimento de medicamentos,1,JUIZADO ESPECIAL CIVEL CRIM. DE SANTA ROSA DE VITERBO,,SAJ,Eletrônico,0,2024-05-06,2026-03-17
00006389320238260659,TJSP,G1,Requisição de Pequeno Valor,1266,Fornecimento de medicamentos,1,02 CUMULATIVA DE VINHEDO,,SAJ,Eletrônico,0,2024-05-06,2026-04-28
00002055820248260464,TJSP,G1,Cumprimento Provisório de Sentença,157,Fornecimento de medicamentos,1,01 CUMULATIVA DE POMPEIA,,SAJ,Eletrônico,0,2024-05-06,2025-08-10
00004054020248260246,TJSP,G1,Cumprimento de Sentença contra a Fazenda Pública,12078,Fornecimento de medicamentos,1,JUIZADO ESPECIAL CIVEL CRIM. DE ILHA SOLTEIRA,,SAJ,Eletrônico,0,2024-05-06,2024-10-26
00059146520248260564,TJSP,G1,Cumprimento de sentença,156,Tratamento médico-hospitalar,1,01 CIVEL DE SAO BERNARDO DO CAMPO,,SAJ,Eletrônico,0,2024-05-06,2024-08-26
00001915120248260698,TJSP,G1,Procedimento do Juizado Especial da Fazenda Pública,14695,Fornecimento de medicamentos,1,JUIZADO ESPECIAL CIVEL DE PIRANGI,,SAJ,Eletrônico,0,2024-05-07,2025-08-11
00007843920248260356,TJSP,G1,Cumprimento de Sentença contra a Fazenda Pública,12078,Fornecimento de medicamentos,1,01 CUMULATIVA DE MIRANDOPOLIS,,SAJ,Eletrônico,0,2024-05-07,2026-04-15
00003282820248260150,TJSP,G1,Procedimento do Juizado Especial da Fazenda Pública,14695,Fornecimento de medicamentos,1,JUIZADO ESPECIAL CIVEL DE COSMÓPOLIS,,SAJ,Eletrônico,0,2024-05-07,2025-08-12
00060161420248260071,TJSP,G1,Cumprimento Provisório de Sentença,157,Tratamento médico-hospitalar,1,04 CIVEL DE BAURU,,Inválido,Eletrônico,0,2024-05-07,2024-08-29
00012541320248260084,TJSP,G1,Cumprimento de sentença,156,Tratamento médico-hospitalar,1,02 CUMULATIVA DE VILA MIMOSA,,SAJ,Eletrônico,0,2024-05-07,2025-08-14
00138481420248260002,TJSP,G1,Cumprimento de sentença,156,Tratamento médico-hospitalar,1,15º CIVEL DE SANTO AMARO,,SAJ,Eletrônico,0,2024-05-07,2025-08-14
00004529320248260543,TJSP,G1,Cumprimento de sentença,156,Custeio de Assistência Médica,1,JUIZADO ESPECIAL CIVEL CRIM. DE SANTA ISABEL,,SAJ,Eletrônico,0,2024-05-08,2026-04-15
00004250820248260480,TJSP,G1,Cumprimento de sentença,156,Fornecimento de medicamentos,1,VARA UNICA DE PRESIDENTE BERNARDES,,SAJ,Eletrônico,0,2024-05-08,2025-08-10
00043318920248260032,TJSP,G1,Cumprimento Provisório de Sentença,157,Fornecimento de medicamentos,1,FAZENDA PUBLICA DE ARACATUBA,,SAJ,Eletrônico,0,2024-05-08,2024-08-29
00006774320218260180,TJSP,G1,Requisição de Pequeno Valor,1266,Tratamento médico-hospitalar,1,JUIZADO ESPECIAL CIVEL CRIM. DE ESPIRITO SANTO DO PINHAL,,SAJ,Eletrônico,0,2024-05-08,2025-01-09
00008783020248260568,TJSP,G1,Cumprimento de sentença,156,Fornecimento de medicamentos,1,03 CIVEL DE SAO JOAO DA BOA VISTA,,SAJ,Eletrônico,0,2024-05-08,2024-10-26
00002447220248260426,TJSP,G1,Cumprimento de sentença,156,Fornecimento de medicamentos,1,JUIZADO ESPECIAL CIVEL DE PATROCINIO PAULISTA,,SAJ,Eletrônico,0,2024-05-08,2025-08-10
00003020620248260352,TJSP,G1,Cumprimento Provisório de Sentença,157,Fornecimento de medicamentos,1,01 CUMULATIVA DE MIGUELOPOLIS,,SAJ,Eletrônico,0,2024-05-09,2026-06-02
21321532620248260000,TJSP,G2,Agravo de Instrumento,202,Tratamento médico-hospitalar,1,7ª CÂMARA DE DIREITO PRIVADO,,SAJ,Eletrônico,0,2024-05-09,2024-07-20
00009242220248260082,TJSP,G1,Procedimento do Juizado Especial da Fazenda Pública,14695,Fornecimento de medicamentos,1,JUIZADO ESPECIAL CIVEL CRIM. DE BOITUVA,,SAJ,Eletrônico,0,2024-05-09,2026-02-06
00001990220248260060,TJSP,G1,Cumprimento Provisório de Sentença,157,Fornecimento de medicamentos,1,VARA UNICA DE AURIFLAMA,,SAJ,Eletrônico,0,2024-05-09,2026-01-08
00010180820248260619,TJSP,G1,Cumprimento de Sentença contra a Fazenda Pública,12078,Fornecimento de medicamentos,1,JUIZADO ESPECIAL CIVEL CRIM. DE TAQUARITINGA,,SAJ,Eletrônico,0,2024-05-09,2026-06-01
10116795320238260008,TJSP,G2,Apelação Cível,198,Tratamento médico-hospitalar,1,2ª CÂMARA DE DIREITO PRIVADO,,SAJ,Eletrônico,0,2024-05-09,2025-08-14
10080830720228260005,TJSP,G2,Apelação Cível,198,Tratamento médico-hospitalar,1,3ª CÂMARA DE DIREITO PRIVADO,,SAJ,Eletrônico,0,2024-05-09,2025-08-14
00001981720248260060,TJSP,G1,Cumprimento Provisório de Sentença,157,Tratamento médico-hospitalar,1,VARA UNICA DE AURIFLAMA,,SAJ,Eletrônico,0,2024-05-09,2024-12-13
00001808020248260420,TJSP,G1,Procedimento do Juizado Especial da Fazenda Pública,14695,Fornecimento de medicamentos,1,JUIZADO ESPECIAL CIVEL CRIM. DE PARANAPANEMA,,Inválido,Eletrônico,0,2024-05-09,2024-10-01
10017626820238260506,TJSP,G2,Apelação / Remessa Necessária,1728,Fornecimento de medicamentos,1,3ª CÂMARA DE DIREITO PÚBLICO,,SAJ,Eletrônico,0,2024-05-09,2025-08-14
30040499620248260000,TJSP,G2,Agravo de Instrumento,202,Fornecimento de medicamentos,1,3ª CÂMARA DE DIREITO PÚBLICO,,SAJ,Eletrônico,0,2024-05-10,2024-07-20
21323455620248260000,TJSP,G2,Agravo de Instrumento,202,Tratamento médico-hospitalar,2,2ª CÂMARA DE DIREITO PRIVADO,,SAJ,Eletrônico,0,2024-05-10,2024-07-20
21323248020248260000,TJSP,G2,Agravo de Instrumento,202,Tratamento médico-hospitalar,1,1ª CÂMARA DE DIREITO PRIVADO,,SAJ,Eletrônico,0,2024-05-10,2024-07-20
21322251320248260000,TJSP,G2,Agravo de Instrumento,202,Tratamento médico-hospitalar,1,10ª CÂMARA DE DIREITO PRIVADO,,SAJ,Eletrônico,0,2024-05-10,2024-07-20
10724221020248260100,TJSP,G1,Procedimento Comum Cível,7,Tratamento médico-hospitalar,1,06 CIVEL DE CENTRAL,,SAJ,Eletrônico,0,2024-05-10,2025-02-05
10637461020238260100,TJSP,G2,Apelação Cível,198,Tratamento médico-hospitalar,1,2ª CÂMARA DE DIREITO PRIVADO,,SAJ,Eletrônico,0,2024-05-10,2025-08-14
15100492720238260032,TJSP,G2,Apelação Cível,198,Fornecimento de medicamentos,1,9ª CÂMARA DE DIREITO PÚBLICO,,SAJ,Eletrônico,0,2024-05-10,2024-07-20
00044626420248260032,TJSP,G1,Cumprimento de sentença,156,Fornecimento de medicamentos,1,FAZENDA PUBLICA DE ARACATUBA,,SAJ,Eletrônico,0,2024-05-11,2024-08-29
10242784820248260506,TJSP,G1,Procedimento do Juizado Especial da Fazenda Pública,14695,Custeio de Assistência Médica,1,JUIZADO ESP. DA FAZENDA PUBLICA DE RIBEIRAO PRETO,,SAJ,Eletrônico,0,2024-05-11,2025-08-11
10034558120248260529,TJSP,JE,Procedimento do Juizado Especial Cível,436,Tratamento médico-hospitalar,1,JUIZADO ESPECIAL CIVEL CRIM. DE SANTANA DE PARNAIBA,,SAJ,Eletrônico,0,2024-05-13,2024-07-20
10266018120218260554,TJSP,G2,Apelação Cível,198,Tratamento médico-hospitalar,1,4ª CÂMARA DE DIREITO PRIVADO,,SAJ,Eletrônico,0,2024-05-13,2025-08-14
00002629320248260426,TJSP,G1,Cumprimento de sentença,156,Fornecimento de medicamentos,1,JUIZADO ESPECIAL CIVEL DE PATROCINIO PAULISTA,,SAJ,Eletrônico,0,2024-05-13,2025-08-10
00006829120248260493,TJSP,G1,Cumprimento de sentença,156,Fornecimento de medicamentos,1,JUIZADO ESPECIAL CIVEL CRIM. DE REGENTE FEIJO,,SAJ,Eletrônico,0,2024-05-13,2025-08-14
00003705120248260094,TJSP,G1,Cumprimento Provisório de Sentença,157,Fornecimento de medicamentos,1,VARA UNICA DE BRODOSQUI,,SAJ,Eletrônico,0,2024-05-13,2025-02-05
00103415820248260224,TJSP,G1,Cumprimento de Sentença contra a Fazenda Pública,12078,Tratamento médico-hospitalar,1,02 FAZENDA PUBLICA DE GUARULHOS,,SAJ,Eletrônico,0,2024-05-13,2024-08-26
00077516420248260562,TJSP,G1,Cumprimento de sentença,156,Tratamento médico-hospitalar,1,10 CIVEL DE SANTOS,,SAJ,Eletrônico,0,2024-05-14,2025-08-14
00004554320248260480,TJSP,G1,Procedimento Comum Cível,7,Fornecimento de medicamentos,1,VARA UNICA DE PRESIDENTE BERNARDES,,SAJ,Eletrônico,0,2024-05-14,2025-08-14
20869651020248260000,TJSP,G2,Embargos de Declaração Cível,1689,Tratamento médico-hospitalar,1,3ª CÂMARA DE DIREITO PRIVADO,,SAJ,Eletrônico,0,2024-05-14,2024-07-20
00006344920248260650,TJSP,G1,Requisição de Pequeno Valor,1266,Custeio de Assistência Médica,1,VARA JUIZADO ESP. CIVEL CRIM. DE VALINHOS,,SAJ,Eletrônico,0,2024-05-14,2024-12-12
00004562820248260480,TJSP,G1,Cumprimento de Sentença contra a Fazenda Pública,12078,Fornecimento de medicamentos,1,JUIZADO ESPECIAL CIVEL CRIM. DE PRESIDENTE BERNARDES,,SAJ,Eletrônico,0,2024-05-14,2025-08-10
00009785420248260157,TJSP,G1,Cumprimento de sentença,156,Tratamento médico-hospitalar,1,01 CUMULATIVA DE CUBATAO,,SAJ,Eletrônico,0,2024-05-14,2026-07-16
00005295920248260040,TJSP,G1,Cumprimento de Sentença contra a Fazenda Pública,12078,Fornecimento de medicamentos,1,JUIZADO ESPECIAL CIVEL CRIM. DE AMERICO BRASILIENSE,,SAJ,Eletrônico,0,2024-05-15,2025-08-14
00050255120248260196,TJSP,G1,Cumprimento de sentença,156,Fornecimento de medicamentos,1,04 CIVEL DE FRANCA,,SAJ,Eletrônico,0,2024-05-15,2025-08-12
00069795620248260577,TJSP,G1,Cumprimento Provisório de Sentença,157,Tratamento médico-hospitalar,1,03 CIVEL DE SAO JOSE DOS CAMPOS,,SAJ,Eletrônico,0,2024-05-15,2025-02-06
10461651920228260002,TJSP,G2,Apelação Cível,198,Tratamento médico-hospitalar,1,8ª CÂMARA DE DIREITO PRIVADO,,SAJ,Eletrônico,0,2024-05-15,2025-08-14
10181806920228260004,TJSP,G2,Apelação Cível,198,Tratamento médico-hospitalar,1,2ª CÂMARA DE DIREITO PRIVADO,,SAJ,Eletrônico,0,2024-05-15,2025-08-14
00009502020248260082,TJSP,G1,Cumprimento de sentença,156,Tratamento médico-hospitalar,1,02 CUMULATIVA DE BOITUVA,,SAJ,Eletrônico,0,2024-05-15,2024-10-26
00005459220248260337,TJSP,G1,Procedimento do Juizado Especial da Fazenda Pública,14695,Fornecimento de medicamentos,1,JUIZADO ESPECIAL CIVEL CRIM. DE MAIRINQUE,,SAJ,Eletrônico,0,2024-05-16,2026-04-28
00008992520248260400,TJSP,G1,Requisição de Pequeno Valor,1266,Fornecimento de medicamentos,1,02 CIVEL DE OLIMPIA,,SAJ,Eletrônico,0,2024-05-16,2024-11-13
00002394920248260588,TJSP,G1,Procedimento do Juizado Especial da Fazenda Pública,14695,Fornecimento de medicamentos,1,JUIZADO ESPECIAL CIVEL CRIM. DE SAO SEBASTIAO DA GRAMA,,SAJ,Eletrônico,0,2024-05-16,2025-08-11
00010285120248260296,TJSP,G1,Procedimento do Juizado Especial Cível,436,Fornecimento de medicamentos,1,JUIZADO ESPECIAL CIVEL CRIM. DE JAGUARIUNA,,SAJ,Eletrônico,0,2024-05-16,2026-04-15
00002698520248260426,TJSP,G1,Cumprimento de sentença,156,Fornecimento de medicamentos,1,JUIZADO ESPECIAL CIVEL DE PATROCINIO PAULISTA,,SAJ,Eletrônico,0,2024-05-17,2025-08-10
10094765020228260624,TJSP,G2,Apelação Cível,198,Tratamento médico-hospitalar,1,6ª CÂMARA DE DIREITO PRIVADO,,SAJ,Eletrônico,0,2024-05-17,2025-08-14
00034143620248260011,TJSP,G1,Cumprimento de sentença,156,Tratamento médico-hospitalar,1,02 CIVEL DE PINHEIROS,,SAJ,Eletrônico,0,2024-05-17,2025-08-14
10080108620238260009,TJSP,G2,Apelação Cível,198,Tratamento médico-hospitalar,1,10ª CÂMARA DE DIREITO PRIVADO,,SAJ,Eletrônico,0,2024-05-17,2025-08-14
00034508420248260009,TJSP,G1,Cumprimento de sentença,156,Tratamento médico-hospitalar,1,02 CIVEL DE VILA PRUDENTE,,SAJ,Eletrônico,0,2024-05-19,2025-08-11
00009538420248260272,TJSP,G1,Cumprimento de Sentença contra a Fazenda Pública,12078,Fornecimento de medicamentos,1,JUIZADO ESPECIAL CIVEL CRIM. DE ITAPIRA,,SAJ,Eletrônico,0,2024-05-20,2025-01-09
00003376820248260512,TJSP,G1,Procedimento do Juizado Especial da Fazenda Pública,14695,Fornecimento de medicamentos,1,JUIZADO ESPECIAL CIVEL DE RIO GRANDE DA SERRA,,SAJ,Eletrônico,0,2024-05-20,2025-08-15
11761449420238260100,TJSP,G2,Apelação Cível,198,Tratamento médico-hospitalar,1,10ª CÂMARA DE DIREITO PRIVADO,,SAJ,Eletrônico,0,2024-05-20,2025-08-14
21113866420248260000,TJSP,G2,Agravo Interno Cível,1208,Tratamento médico-hospitalar,1,2ª CÂMARA DE DIREITO PRIVADO,,SAJ,Eletrônico,0,2024-05-20,2024-07-19
00004460420248260538,TJSP,JE,Cumprimento de sentença,156,Serviços Hospitalares,1,JUIZADO ESPECIAL CIVEL CRIM. DE SANTA CRUZ DAS PALMEIRAS,,SAJ,Eletrônico,0,2024-05-20,2025-08-14
00002138320248260060,TJSP,G1,Procedimento do Juizado Especial da Fazenda Pública,14695,Fornecimento de medicamentos,1,JUIZADO ESPECIAL CIVEL CRIM. DE AURIFLAMA,,SAJ,Eletrônico,0,2024-05-20,2024-12-13
00004533920248260459,TJSP,G1,Cumprimento Provisório de Decisão,10980,Fornecimento de medicamentos,1,02 CUMULATIVA DE PITANGUEIRAS,,SAJ,Eletrônico,0,2024-05-20,2026-05-08
00014764320248260322,TJSP,G1,Cumprimento de sentença,156,Tratamento médico-hospitalar,1,01 CIVEL DE LINS,,SAJ,Eletrônico,0,2024-05-21,2025-07-09
00011711820248260659,TJSP,G1,Cumprimento de sentença,156,Tratamento médico-hospitalar,1,02 CUMULATIVA DE VINHEDO,,SAJ,Eletrônico,0,2024-05-21,2024-12-13
00008021220248260663,TJSP,G1,Cumprimento Provisório de Sentença,157,Fornecimento de medicamentos,1,CRIMINAL DE VOTORANTIM,,SAJ,Eletrônico,0,2024-05-21,2024-11-15
00044364920248260361,TJSP,G1,Cumprimento de sentença,156,Tratamento médico-hospitalar,1,05 CIVEL DE MOGI DAS CRUZES,,SAJ,Eletrônico,0,2024-05-22,2025-08-15
10851242520238260002,TJSP,G2,Apelação Cível,198,Tratamento médico-hospitalar,1,2ª CÂMARA DE DIREITO PRIVADO,,SAJ,Eletrônico,0,2024-05-22,2025-08-14
00004902720248260472,TJSP,G1,Cumprimento Provisório de Decisão,10980,Fornecimento de medicamentos,1,02 CUMULATIVA DE PORTO FERREIRA,,SAJ,Eletrônico,0,2024-05-23,2026-06-03
00085008120248260562,TJSP,G1,Cumprimento de sentença,156,Tratamento médico-hospitalar,1,05 CIVEL DE SANTOS,,SAJ,Eletrônico,0,2024-05-23,2024-08-26
00073943920248260577,TJSP,G1,Cumprimento de sentença,156,Fornecimento de medicamentos,1,02 CIVEL DE SAO JOSE DOS CAMPOS,,SAJ,Eletrônico,0,2024-05-23,2024-08-27
00004860420248260435,TJSP,G1,Cumprimento de sentença,156,Tratamento médico-hospitalar,1,02 CUMULATIVA DE PEDREIRA,,SAJ,Eletrônico,0,2024-05-23,2025-07-09
00008879520248260372,TJSP,G1,Cumprimento de Sentença contra a Fazenda Pública,12078,Planos de Saúde,1,01 CUMULATIVA DE MONTE MOR,,SAJ,Eletrônico,0,2024-05-24,2025-01-10
10139076620218260009,TJSP,G2,Apelação Cível,198,Tratamento médico-hospitalar,1,1ª CÂMARA DE DIREITO PRIVADO,,SAJ,Eletrônico,0,2024-05-24,2025-08-14
00002414220248260257,TJSP,G1,Cumprimento de Sentença contra a Fazenda Pública,12078,Fornecimento de medicamentos,1,VARA UNICA DE IPUA,,SAJ,Eletrônico,0,2024-05-24,2025-08-12
00012147520248260619,TJSP,G1,Cumprimento de Sentença contra a Fazenda Pública,12078,Fornecimento de medicamentos,1,03 CUMULATIVA DE TAQUARITINGA,,SAJ,Eletrônico,0,2024-05-24,2026-05-08
00009295120248260306,TJSP,G1,Procedimento do Juizado Especial da Fazenda Pública,14695,Fornecimento de medicamentos,1,JUIZADO ESPECIAL CIVEL CRIM. DE JOSE BONIFACIO,,SAJ,Eletrônico,0,2024-05-24,2025-01-09
00007151620248260450,TJSP,G1,Cumprimento de sentença,156,Tratamento médico-hospitalar,1,01 CUMULATIVA DE PIRACAIA,,SAJ,Eletrônico,0,2024-05-27,2024-10-26
00010446020248260407,TJSP,G1,Procedimento do Juizado Especial da Fazenda Pública,14695,Fornecimento de medicamentos,1,JUIZADO ESPECIAL CIVEL CRIM. DE OSVALDO CRUZ,,SAJ,Eletrônico,0,2024-05-27,2025-08-14
10193424820228260506,TJSP,G2,Apelação Cível,198,Tratamento médico-hospitalar,1,3ª CÂMARA DE DIREITO PRIVADO,,SAJ,Eletrônico,0,2024-05-27,2025-08-14
10891055920238260100,TJSP,G2,Apelação Cível,198,Tratamento médico-hospitalar,2,8ª CÂMARA DE DIREITO PRIVADO,,SAJ,Eletrônico,0,2024-05-27,2025-08-14
10129983720248260100,TJSP,G2,Embargos de Declaração Cível,1689,Fornecimento de medicamentos,1,8ª CÂMARA DE DIREITO PRIVADO,,SAJ,Eletrônico,0,2024-05-27,2024-07-20
10945843320238260100,TJSP,G2,Apelação Cível,198,Tratamento médico-hospitalar,1,3ª CÂMARA DE DIREITO PRIVADO,,SAJ,Eletrônico,0,2024-05-28,2025-08-14
00086374020248260602,TJSP,G1,Cumprimento de Sentença contra a Fazenda Pública,12078,Custeio de Assistência Médica,1,ANEXO DO JUIZADO ESPECIAL DA FAZENDA PÚBLICA DE SOROCABA,,SAJ,Eletrônico,0,2024-05-28,2024-08-28
00249919420248260100,TJSP,G1,Cumprimento de sentença,156,Tratamento médico-hospitalar,1,40 CIVEL DE CENTRAL,,SAJ,Eletrônico,0,2024-05-28,2025-02-05
00012847820248260462,TJSP,G1,Cumprimento de sentença,156,Fornecimento de medicamentos,1,01 CIVEL DE POA,,SAJ,Eletrônico,0,2024-05-28,2025-08-12
00003419420248260160,TJSP,G1,Procedimento do Juizado Especial da Fazenda Pública,14695,Fornecimento de medicamentos,1,JUIZADO ESPECIAL CIVEL CRIM. DE DESCALVADO,,SAJ,Eletrônico,0,2024-05-28,2025-02-05
00001988220248260200,TJSP,G1,Procedimento do Juizado Especial da Fazenda Pública,14695,Fornecimento de medicamentos,1,JUIZADO ESPECIAL CIVEL CRIM. DE GALIA,,SAJ,Eletrônico,0,2024-05-29,2025-08-14
00011540620248260457,TJSP,G1,Cumprimento Provisório de Decisão,10980,Fornecimento de medicamentos,1,03 CUMULATIVA DE PIRASSUNUNGA,,SAJ,Eletrônico,0,2024-05-29,2026-04-28
00003105220248260426,TJSP,G1,Procedimento do Juizado Especial da Fazenda Pública,14695,Fornecimento de medicamentos,1,JUIZADO ESPECIAL CIVEL DE PATROCINIO PAULISTA,,SAJ,Eletrônico,0,2024-05-29,2025-08-11
00004691620248260128,TJSP,G1,Procedimento do Juizado Especial da Fazenda Pública,14695,Fornecimento de medicamentos,1,JUIZADO ESPECIAL CIVEL CRIM. DE CARDOSO,,SAJ,Eletrônico,0,2024-05-29,2025-08-15
00020340520248260099,TJSP,G1,Cumprimento de sentença,156,Tratamento médico-hospitalar,1,04 CIVEL DE BRAGANCA PAULISTA,,SAJ,Eletrônico,0,2024-05-29,2024-08-26
00005030220248260480,TJSP,G1,Cumprimento Provisório de Sentença,157,Fornecimento de medicamentos,1,JUIZADO ESPECIAL CIVEL CRIM. DE PRESIDENTE BERNARDES,,SAJ,Eletrônico,0,2024-05-29,2025-08-14
00007642520248260493,TJSP,G1,Procedimento do Juizado Especial da Fazenda Pública,14695,Fornecimento de medicamentos,1,JUIZADO ESPECIAL CIVEL CRIM. DE REGENTE FEIJO,,SAJ,Eletrônico,0,2024-05-29,2025-08-14
00003061520248260426,TJSP,G1,Procedimento do Juizado Especial da Fazenda Pública,14695,Fornecimento de medicamentos,1,JUIZADO ESPECIAL CIVEL DE PATROCINIO PAULISTA,,SAJ,Eletrônico,0,2024-05-29,2025-08-11
00037244220248260011,TJSP,G1,Cumprimento de sentença,156,Tratamento médico-hospitalar,1,05 CIVEL DE PINHEIROS,,SAJ,Eletrônico,0,2024-05-31,2025-08-14
00006457020248260491,TJSP,G1,Cumprimento de Sentença contra a Fazenda Pública,12078,Fornecimento de medicamentos,1,JUIZADO ESPECIAL CIVEL CRIM. DE RANCHARIA,,SAJ,Eletrônico,0,2024-05-31,2025-07-09
00010319420248260299,TJSP,G1,Cumprimento de sentença,156,Tratamento médico-hospitalar,1,01 CUMULATIVA DE JANDIRA,,SAJ,Eletrônico,0,2024-06-01,2024-12-12
00006411020248260337,TJSP,G1,Cumprimento Provisório de Sentença,157,Fornecimento de medicamentos,1,01 CUMULATIVA DE MAIRINQUE,,SAJ,Eletrônico,0,2024-06-02,2025-01-10
00039660220248260625,TJSP,G1,Cumprimento de sentença,156,Fornecimento de medicamentos,1,03 CIVEL DE TAUBATE,,SAJ,Eletrônico,0,2024-06-03,2025-01-09
10233032220198260564,TJSP,G2,Apelação Cível,198,Tratamento médico-hospitalar,1,4ª CÂMARA DE DIREITO PRIVADO,,SAJ,Eletrônico,0,2024-06-03,2025-01-09
00004245920248260080,TJSP,G1,Procedimento do Juizado Especial da Fazenda Pública,14695,Fornecimento de medicamentos,1,JUIZADO ESPECIAL CÍVEL CRIM. DE CABREUVA,,SAJ,Eletrônico,0,2024-06-03,2025-11-05
00005300820248260246,TJSP,G1,Cumprimento de Sentença contra a Fazenda Pública,12078,Custeio de Assistência Médica,1,JUIZADO ESPECIAL CIVEL CRIM. DE ILHA SOLTEIRA,,SAJ,Eletrônico,0,2024-06-04,2024-08-27
00011924520248260157,TJSP,G1,Cumprimento de sentença,156,Serviços Hospitalares,1,04 CUMULATIVA DE CUBATAO,,SAJ,Eletrônico,0,2024-06-04,2026-05-08
00090091220248260562,TJSP,G1,Cumprimento de sentença,156,Fornecimento de medicamentos,1,04 CIVEL DE SANTOS,,SAJ,Eletrônico,0,2024-06-04,2024-08-26
00010699020248260272,TJSP,G1,Cumprimento de Sentença contra a Fazenda Pública,12078,Fornecimento de medicamentos,1,JUIZADO ESPECIAL CIVEL CRIM. DE ITAPIRA,,SAJ,Eletrônico,0,2024-06-04,2025-08-15
10305868720238260554,TJSP,G2,Apelação Cível,198,Tratamento médico-hospitalar,1,Núcleo de Justiça 4.0 em Segundo Grau – Turma III (Direito Privado 1),,SAJ,Eletrônico,0,2024-06-04,2025-08-14
00035172720248260566,TJSP,G1,Cumprimento de sentença,156,Tratamento médico-hospitalar,1,02 CIVEL DE SAO CARLOS,,SAJ,Eletrônico,0,2024-06-04,2025-08-14
00066735920248260554,TJSP,G1,Cumprimento de sentença,156,Tratamento médico-hospitalar,1,01 CIVEL DE SANTO ANDRE,,SAJ,Eletrônico,0,2024-06-04,2025-01-10
00002057120248260201,TJSP,G1,Requisição de Pequeno Valor,1266,Fornecimento de medicamentos,1,JUIZADO ESPECIAL CIVEL CRIM. DE GARCA,,SAJ,Eletrônico,0,2024-06-05,2025-08-11
00011798920248260272,TJSP,G1,Cumprimento Provisório de Sentença,157,Fornecimento de medicamentos,1,01 CUMULATIVA DE ITAPIRA,,SAJ,Eletrônico,0,2024-06-05,2024-12-13
00005273020248260480,TJSP,G1,Cumprimento de Sentença contra a Fazenda Pública,12078,Fornecimento de medicamentos,1,JUIZADO ESPECIAL CIVEL CRIM. DE PRESIDENTE BERNARDES,,SAJ,Eletrônico,0,2024-06-05,2025-02-05
00004644120248260080,TJSP,G1,Procedimento do Juizado Especial da Fazenda Pública,14695,Fornecimento de medicamentos,1,JUIZADO ESPECIAL CÍVEL CRIM. DE CABREUVA,,SAJ,Eletrônico,0,2024-06-06,2025-07-09
00010815320248260483,TJSP,G1,Homologação da Transação Extrajudicial,12374,Tratamento médico-hospitalar,1,CEJUSC (Pré-Processual),,SAJ,Eletrônico,0,2024-06-06,2025-08-10
10288705520218260114,TJSP,G2,Apelação Cível,198,Tratamento médico-hospitalar,1,7ª CÂMARA DE DIREITO PRIVADO,,SAJ,Eletrônico,0,2024-06-06,2025-08-14
00002128520248260420,TJSP,G1,Procedimento do Juizado Especial da Fazenda Pública,14695,Fornecimento de medicamentos,1,JUIZADO ESPECIAL CIVEL CRIM. DE PARANAPANEMA,,SAJ,Eletrônico,0,2024-06-06,2025-07-09
00010163120248260201,TJSP,G1,Cumprimento de Sentença contra a Fazenda Pública,12078,Fornecimento de medicamentos,1,JUIZADO ESPECIAL CIVEL CRIM. DE GARCA,,SAJ,Eletrônico,0,2024-06-06,2025-08-15
00003808820248260549,TJSP,G1,Cumprimento de sentença,156,Fornecimento de medicamentos,1,JUIZADO ESPECIAL CIVEL CRIM. DE SANTA ROSA DE VITERBO,,SAJ,Eletrônico,0,2024-06-06,2025-08-11
00030448620248260066,TJSP,G1,Cumprimento Provisório de Sentença,157,Fornecimento de medicamentos,1,VARA JUIZADO ESP. CIVEL CRIM. DE BARRETOS,,SAJ,Eletrônico,0,2024-06-06,2024-08-26
00003191420248260426,TJSP,G1,Procedimento do Juizado Especial da Fazenda Pública,14695,Fornecimento de medicamentos,1,JUIZADO ESPECIAL CIVEL DE PATROCINIO PAULISTA,,SAJ,Eletrônico,0,2024-06-07,2025-08-11
00011554120248260505,TJSP,G1,Cumprimento Provisório de Sentença,157,Tratamento médico-hospitalar,1,01 CUMULATIVA DE RIBEIRAO PIRES,,SAJ,Eletrônico,0,2024-06-07,2026-06-01
00004658020248260062,TJSP,G1,Cumprimento de sentença,156,Fornecimento de medicamentos,1,JUIZADO ESPECIAL CIVEL CRIM. DE BARIRI,,SAJ,Eletrônico,0,2024-06-07,2026-06-02
10037836820238260101,TJSP,G2,Apelação Cível,198,Tratamento médico-hospitalar,1,10ª CÂMARA DE DIREITO PRIVADO,,SAJ,Eletrônico,0,2024-06-07,2025-08-14
00080165220248260405,TJSP,G1,Cumprimento Provisório de Decisão,10980,Tratamento médico-hospitalar,1,06 CIVEL DE OSASCO,,SAJ,Eletrônico,0,2024-06-07,2025-02-06
10023140720238260450,TJSP,G2,Apelação Cível,198,Tratamento médico-hospitalar,2,Núcleo de Justiça 4.0 em Segundo Grau – Turma V (Direito Privado 1),,SAJ,Eletrônico,0,2024-06-07,2025-08-14
00002897520248260588,TJSP,G1,Procedimento do Juizado Especial da Fazenda Pública,14695,Fornecimento de medicamentos,1,JUIZADO ESPECIAL CIVEL CRIM. DE SAO SEBASTIAO DA GRAMA,,SAJ,Eletrônico,0,2024-06-07,2025-08-11
00003666120248260240,TJSP,G1,Cumprimento de sentença,156,Fornecimento de medicamentos,1,VARA UNICA DE IEPE,,SAJ,Eletrônico,0,2024-06-09,2025-08-11
00008208720248260063,TJSP,G1,Cumprimento de sentença,156,Fornecimento de medicamentos,1,JUIZADO ESPECIAL CIVEL E CRIMINAL DE BARRA BONITA,,SAJ,Eletrônico,0,2024-06-10,2024-12-13
10102508320218260602,TJSP,G2,Apelação Cível,198,Tratamento médico-hospitalar,1,2ª CÂMARA DE DIREITO PRIVADO,,SAJ,Eletrônico,0,2024-06-10,2025-01-09
00002344420248260356,TJSP,G1,Requisição de Pequeno Valor,1266,Fornecimento de medicamentos,1,01 CUMULATIVA DE MIRANDOPOLIS,,SAJ,Eletrônico,0,2024-06-10,2024-12-13
00004640920248260414,TJSP,G1,Cumprimento Provisório de Sentença,157,Fornecimento de medicamentos,1,VARA UNICA DE PALMEIRA D OESTE,,SAJ,Eletrônico,0,2024-06-10,2024-12-13
10044256520228260363,TJSP,G2,Apelação / Remessa Necessária,1728,Fornecimento de medicamentos,1,6ª CÂMARA DE DIREITO PÚBLICO,,SAJ,Eletrônico,0,2024-06-10,2025-08-14
00022667420248260565,TJSP,G1,Cumprimento Provisório de Sentença,157,Fornecimento de medicamentos,1,02 CIVEL DE SAO CAETANO DO SUL,,SAJ,Eletrônico,0,2024-06-10,2024-08-26
10390651620228260001,TJSP,G2,Apelação Cível,198,Tratamento médico-hospitalar,1,Núcleo de Justiça 4.0 em Segundo Grau – Turma I (Direito Privado 1),,SAJ,Eletrônico,0,2024-06-10,2025-08-14
10931519120238260100,TJSP,G2,Apelação Cível,198,Fornecimento de medicamentos,1,6ª CÂMARA DE DIREITO PRIVADO,,SAJ,Eletrônico,0,2024-06-10,2025-08-14
00004727320248260094,TJSP,G1,Cumprimento de sentença,156,Fornecimento de medicamentos,1,VARA UNICA DE BRODOSQUI,,SAJ,Eletrônico,0,2024-06-11,2025-08-11
00282552220248260100,TJSP,G1,Cumprimento Provisório de Sentença,157,Tratamento médico-hospitalar,1,03 CIVEL DE CENTRAL,,SAJ,Eletrônico,0,2024-06-11,2025-08-15
00003212720248260347,TJSP,G1,Requisição de Pequeno Valor,1266,Fornecimento de medicamentos,1,VARA JUIZADO ESP. CIVEL CRIM. DE MATAO,,SAJ,Eletrônico,0,2024-06-11,2026-06-01
00040839820248260008,TJSP,G1,Cumprimento de sentença,156,Tratamento médico-hospitalar,1,05 CIVEL DE TATUAPE,,SAJ,Eletrônico,0,2024-06-11,2025-02-06
00006145020248260103,TJSP,G1,Cumprimento de sentença,156,Fornecimento de medicamentos,1,JUIZADO ESPECIAL CIVEL CRIM. DE CACONDE,,SAJ,Eletrônico,0,2024-06-12,2025-08-15
00004735820248260094,TJSP,G1,Cumprimento de Sentença contra a Fazenda Pública,12078,Fornecimento de medicamentos,1,VARA UNICA DE BRODOSQUI,,SAJ,Eletrônico,0,2024-06-12,2025-08-11
00276992020248260100,TJSP,G1,Cumprimento de sentença,156,Tratamento médico-hospitalar,1,23 CIVEL DE CENTRAL,,SAJ,Eletrônico,0,2024-06-12,2024-07-20
00003348020248260426,TJSP,G1,Cumprimento de Sentença contra a Fazenda Pública,12078,Fornecimento de medicamentos,1,JUIZADO ESPECIAL CIVEL DE PATROCINIO PAULISTA,,SAJ,Eletrônico,0,2024-06-13,2025-08-10
00011416220248260568,TJSP,G1,Cumprimento de sentença,156,Serviços Hospitalares,1,01 CIVEL DE SAO JOAO DA BOA VISTA,,Inválido,Eletrônico,0,2024-06-13,2024-10-02
00003356520248260426,TJSP,G1,Cumprimento de Sentença contra a Fazenda Pública,12078,Fornecimento de medicamentos,1,JUIZADO ESPECIAL CIVEL DE PATROCINIO PAULISTA,,SAJ,Eletrônico,0,2024-06-13,2025-08-10
00001667420248260589,TJSP,G1,Requisição de Pequeno Valor,1266,Tratamento médico-hospitalar,1,VARA UNICA DE SAO SIMAO,,SAJ,Eletrônico,0,2024-06-13,2025-02-06
00022298720248260099,TJSP,G1,Cumprimento Provisório de Sentença,157,Tratamento médico-hospitalar,1,04 CIVEL DE BRAGANCA PAULISTA,,SAJ,Eletrônico,0,2024-06-13,2024-08-26
00012435420248260481,TJSP,G1,Cumprimento de sentença,156,Fornecimento de medicamentos,1,02 CUMULATIVA DE PRESIDENTE EPITACIO,,SAJ,Eletrônico,0,2024-06-14,2026-04-28
21724602220248260000,TJSP,G2,Agravo de Instrumento,202,Tratamento médico-hospitalar,2,9ª CÂMARA DE DIREITO PRIVADO,,SAJ,Eletrônico,0,2024-06-14,2024-07-20
00006827420248260337,TJSP,G1,Cumprimento de sentença,156,Fornecimento de medicamentos,1,01 CUMULATIVA DE MAIRINQUE,,SAJ,Eletrônico,0,2024-06-14,2025-01-10
21731011020248260000,TJSP,G2,Agravo de Instrumento,202,Fornecimento de medicamentos,1,9ª CÂMARA DE DIREITO PÚBLICO,,SAJ,Eletrônico,0,2024-06-14,2024-07-20
00008365520248260123,TJSP,G1,Cumprimento Provisório de Sentença,157,Fornecimento de medicamentos,1,01 CUMULATIVA DE CAPAO BONITO,,SAJ,Eletrônico,0,2024-06-17,2025-02-05
10130837620208260451,TJSP,G2,Apelação Cível,198,Tratamento médico-hospitalar,2,9ª CÂMARA DE DIREITO PRIVADO,,SAJ,Eletrônico,0,2024-06-17,2025-08-14
00003442720248260426,TJSP,G1,Procedimento do Juizado Especial da Fazenda Pública,14695,Fornecimento de medicamentos,1,JUIZADO ESPECIAL CIVEL DE PATROCINIO PAULISTA,,SAJ,Eletrônico,0,2024-06-17,2025-08-10
00007628820248260288,TJSP,G1,Cumprimento de sentença,156,Fornecimento de medicamentos,1,01 CUMULATIVA DE ITUVERAVA,,SAJ,Eletrônico,0,2024-06-18,2026-06-03
00009151420248260453,TJSP,G1,Procedimento do Juizado Especial da Fazenda Pública,14695,Fornecimento de medicamentos,1,JUIZADO ESPECIAL CIVEL CRIM. DE PIRAJUI,,SAJ,Eletrônico,0,2024-06-18,2025-01-10
00004540520248260142,TJSP,G1,Procedimento do Juizado Especial da Fazenda Pública,14695,Fornecimento de medicamentos,1,VARA DO JUIZADO ESPECIAL CÍVEL E CRIMINAL DA COMARCA DE COLINA,,SAJ,Eletrônico,0,2024-06-18,2024-12-12
00005297620248260584,TJSP,G1,Cumprimento de Sentença contra a Fazenda Pública,12078,Custeio de Assistência Médica,1,JUIZADO ESPECIAL CIVEL CRIM. DE SAO PEDRO,,SAJ,Eletrônico,0,2024-06-18,2025-01-09
00002485120248260607,TJSP,G1,Cumprimento de sentença,156,Tratamento médico-hospitalar,1,VARA UNICA DE TABAPUA,,SAJ,Eletrônico,0,2024-06-18,2026-06-02
10024024220208260291,TJSP,G2,Apelação Cível,198,Tratamento médico-hospitalar,1,10ª CÂMARA DE DIREITO PRIVADO,,SAJ,Eletrônico,0,2024-06-18,2025-08-14
00002709420248260418,TJSP,G1,Procedimento do Juizado Especial da Fazenda Pública,14695,Assistência Médico-Hospitalar,1,JUIZADO ESPECIAL CIVEL CRIM. DE PARAIBUNA,,Inválido,Eletrônico,0,2024-06-18,2024-10-02
00005984620248260443,TJSP,G1,Cumprimento de sentença,156,Fornecimento de medicamentos,1,01 CUMULATIVA DE PIEDADE,,SAJ,Eletrônico,0,2024-06-18,2025-02-06
00010042220248260070,TJSP,G1,Procedimento do Juizado Especial da Fazenda Pública,14695,Fornecimento de medicamentos,1,VARA JUIZADO ESP. CIVEL CRIM. DE BATATAIS,,SAJ,Eletrônico,0,2024-06-19,2025-08-10
10014090220248260180,TJSP,JE,Procedimento do Juizado Especial Cível,436,Custeio de Assistência Médica,1,JUIZADO ESPECIAL CIVEL CRIM. DE ESPIRITO SANTO DO PINHAL,,SAJ,Eletrônico,0,2024-06-20,2024-07-20
00010218420248260417,TJSP,G1,Cumprimento de Sentença contra a Fazenda Pública,12078,Fornecimento de medicamentos,1,01 CUMULATIVA DE PARAGUACU PAULISTA,,SAJ,Eletrônico,0,2024-06-20,2025-01-09
00007183720248260040,TJSP,G1,Cumprimento de Sentença contra a Fazenda Pública,12078,Fornecimento de medicamentos,1,JUIZADO ESPECIAL CIVEL CRIM. DE AMERICO BRASILIENSE,,SAJ,Eletrônico,0,2024-06-20,2025-08-14
00004592320248260596,TJSP,G1,Cumprimento de sentença,156,Fornecimento de medicamentos,1,01 CUMULATIVA DE SERRANA,,SAJ,Eletrônico,0,2024-06-20,2024-12-13
00006546320248260028,TJSP,G1,Cumprimento de sentença,156,Fornecimento de medicamentos,1,01 CUMULATIVA DE APARECIDA,,SAJ,Eletrônico,0,2024-06-20,2026-02-05
00003679820248260352,TJSP,G1,Procedimento do Juizado Especial da Fazenda Pública,14695,Fornecimento de medicamentos,1,JUIZADO ESPECIAL CIVEL CRIM. DE MIGUELOPOLIS,,SAJ,Eletrônico,0,2024-06-20,2025-02-05
00012023820248260368,TJSP,G1,Cumprimento de sentença,156,Tratamento médico-hospitalar,1,02 CUMULATIVA DE MONTE ALTO,,SAJ,Eletrônico,0,2024-06-20,2025-08-14
00002344620248260420,TJSP,G1,Procedimento do Juizado Especial da Fazenda Pública,14695,Fornecimento de medicamentos,1,JUIZADO ESPECIAL CIVEL CRIM. DE PARANAPANEMA,,SAJ,Eletrônico,0,2024-06-20,2025-01-10
00011128320248260318,TJSP,G1,Requisição de Pequeno Valor,1266,Custeio de Assistência Médica,1,VARA JUIZADO ESP. CIVEL CRIM. DE LEME,,SAJ,Eletrônico,0,2024-06-21,2024-12-13
00008543320248260493,TJSP,G1,Procedimento do Juizado Especial da Fazenda Pública,14695,Fornecimento de medicamentos,1,JUIZADO ESPECIAL CIVEL CRIM. DE REGENTE FEIJO,,SAJ,Eletrônico,0,2024-06-21,2025-08-14
00011878520248260201,TJSP,G1,Procedimento do Juizado Especial da Fazenda Pública,14695,Fornecimento de medicamentos,1,JUIZADO ESPECIAL CIVEL CRIM. DE GARCA,,SAJ,Eletrônico,0,2024-06-21,2025-01-09
00005991720248260480,TJSP,G1,Cumprimento de Sentença contra a Fazenda Pública,12078,Fornecimento de medicamentos,1,JUIZADO ESPECIAL CIVEL CRIM. DE PRESIDENTE BERNARDES,,SAJ,Eletrônico,0,2024-06-21,2026-06-03
00002664020248260165,TJSP,G1,Cumprimento de sentença,156,Custeio de Assistência Médica,1,JUIZADO ESPECIAL CIVEL CRIM. DE DOIS CORREGOS,,SAJ,Eletrônico,0,2024-06-23,2025-01-10
21828712720248260000,TJSP,G2,Agravo de Instrumento,202,Serviços Hospitalares,1,18ª CÂMARA DE DIREITO PRIVADO,,SAJ,Eletrônico,0,2024-06-24,2025-08-14
00012410620248260022,TJSP,G1,Cumprimento de sentença,156,Fornecimento de medicamentos,1,02 CUMULATIVA DE AMPARO,,SAJ,Eletrônico,0,2024-06-24,2026-06-02
00010813420248260457,TJSP,G1,Requisição de Pequeno Valor,1266,Fornecimento de medicamentos,1,03 CUMULATIVA DE PIRASSUNUNGA,,Inválido,Eletrônico,0,2024-06-25,2024-10-02
00012240620248260495,TJSP,G1,Cumprimento de sentença,156,Tratamento médico-hospitalar,1,01 CUMULATIVA DE REGISTRO,,SAJ,Eletrônico,0,2024-06-25,2025-08-11
10208063620238260001,TJSP,G2,Apelação Cível,198,Fornecimento de medicamentos,1,Núcleo de Justiça 4.0 em Segundo Grau – Turma IV (Direito Privado 1),,SAJ,Eletrônico,0,2024-06-25,2025-08-14
00004800320248260142,TJSP,G1,Procedimento do Juizado Especial da Fazenda Pública,14695,Fornecimento de medicamentos,1,VARA DO JUIZADO ESPECIAL CÍVEL E CRIMINAL DA COMARCA DE COLINA,,SAJ,Eletrônico,0,2024-06-25,2025-01-09
00006314820248260439,TJSP,G1,Cumprimento de Sentença contra a Fazenda Pública,12078,Fornecimento de medicamentos,1,02 CUMULATIVA DE PEREIRA BARRETO,,SAJ,Eletrônico,0,2024-06-25,2025-01-10
00009508520248260222,TJSP,G1,Cumprimento de sentença,156,Fornecimento de medicamentos,1,02 CUMULATIVA DE GUARIBA,,SAJ,Eletrônico,0,2024-06-26,2024-12-13
00012163820248260201,TJSP,G1,Cumprimento de Sentença contra a Fazenda Pública,12078,Fornecimento de medicamentos,1,JUIZADO ESPECIAL CIVEL CRIM. DE GARCA,,SAJ,Eletrônico,0,2024-06-26,2025-08-14
00013377520248260101,TJSP,G1,Cumprimento de sentença,156,Tratamento médico-hospitalar,1,02 CIVEL DE CACAPAVA,,SAJ,Eletrônico,0,2024-06-26,2025-08-15
00006747720248260279,TJSP,G1,Cumprimento Provisório de Decisão,10980,Fornecimento de medicamentos,1,02 CUMULATIVA DE ITARARE,,SAJ,Eletrônico,0,2024-06-26,2025-01-10
00008892220248260063,TJSP,G1,Cumprimento de sentença,156,Fornecimento de medicamentos,1,02 CUMULATIVA DE BARRA BONITA,,SAJ,Eletrônico,0,2024-06-26,2024-12-13
00052528220248260344,TJSP,G1,Cumprimento Provisório de Decisão,10980,Tratamento médico-hospitalar,1,01 CIVEL DE MARILIA,,SAJ,Eletrônico,0,2024-06-26,2024-08-26
00008875220248260063,TJSP,G1,Cumprimento de sentença,156,Fornecimento de medicamentos,1,02 CUMULATIVA DE BARRA BONITA,,SAJ,Eletrônico,0,2024-06-26,2024-11-13
00008462520248260180,TJSP,G1,Procedimento do Juizado Especial da Fazenda Pública,14695,Fornecimento de medicamentos,1,JUIZADO ESPECIAL CIVEL CRIM. DE ESPIRITO SANTO DO PINHAL,,SAJ,Eletrônico,0,2024-06-27,2025-01-09
10002016520218260510,TJSP,G2,Apelação Cível,198,Tratamento médico-hospitalar,1,6ª CÂMARA DE DIREITO PRIVADO,,SAJ,Eletrônico,0,2024-06-27,2025-08-14
00003941520248260374,TJSP,G1,Cumprimento Provisório de Sentença,157,Fornecimento de medicamentos,1,VARA UNICA DE MORRO AGUDO,,SAJ,Eletrônico,0,2024-06-28,2024-12-13
00004278620248260153,TJSP,G1,Procedimento do Juizado Especial da Fazenda Pública,14695,Fornecimento de medicamentos,1,JUIZADO ESPECIAL CIVEL DE CRAVINHOS,,SAJ,Eletrônico,0,2024-06-28,2025-07-08
00003694020248260426,TJSP,G1,Cumprimento de sentença,156,Fornecimento de medicamentos,1,JUIZADO ESPECIAL CIVEL DE PATROCINIO PAULISTA,,SAJ,Eletrônico,0,2024-06-28,2025-08-10
10032179720248260291,TJSP,JE,Procedimento do Juizado Especial Cível,436,Fornecimento de medicamentos,1,VARA JUIZADO ESP. CIVEL CRIM. DE JABOTICABAL,,SAJ,Eletrônico,0,2024-06-29,2024-07-20
00003337820248260464,TJSP,G1,Cumprimento de sentença,156,Fornecimento de medicamentos,1,01 CUMULATIVA DE POMPEIA,,SAJ,Eletrônico,0,2024-07-01,2025-08-10
00008959720248260493,TJSP,G1,Procedimento do Juizado Especial da Fazenda Pública,14695,Fornecimento de medicamentos,1,JUIZADO ESPECIAL CIVEL CRIM. DE REGENTE FEIJO,,SAJ,Eletrônico,0,2024-07-01,2025-08-11
10015002720248260428,TJSP,G2,Apelação Cível,198,Tratamento médico-hospitalar,1,4ª CÂMARA DE DIREITO PRIVADO,,SAJ,Eletrônico,0,2024-07-02,2025-08-14
00002735620248260060,TJSP,G1,Procedimento do Juizado Especial da Fazenda Pública,14695,Fornecimento de medicamentos,1,JUIZADO ESPECIAL CIVEL CRIM. DE AURIFLAMA,,SAJ,Eletrônico,0,2024-07-02,2024-12-13
00188881820248260053,TJSP,G1,Cumprimento Provisório de Decisão,10980,Fornecimento de medicamentos,1,11 FAZENDA PUBLICA DE CENTRAL,,SAJ,Eletrônico,0,2024-07-03,2025-08-14
00003876120248260426,TJSP,G1,Procedimento do Juizado Especial da Fazenda Pública,14695,Fornecimento de medicamentos,1,JUIZADO ESPECIAL CIVEL DE PATROCINIO PAULISTA,,SAJ,Eletrônico,0,2024-07-03,2025-08-10
00002755620248260341,TJSP,G1,Procedimento do Juizado Especial da Fazenda Pública,14695,Fornecimento de medicamentos,1,JUIZADO ESPECIAL CIVEL CRIM. DE MARACAI,,SAJ,Eletrônico,0,2024-07-03,2025-08-14
00007326620248260025,TJSP,G1,Cumprimento de sentença,156,Tratamento médico-hospitalar,1,VARA UNICA DE ANGATUBA,,SAJ,Eletrônico,0,2024-07-03,2025-02-05
00005939620248260128,TJSP,G1,Procedimento do Juizado Especial da Fazenda Pública,14695,Fornecimento de medicamentos,1,JUIZADO ESPECIAL CIVEL CRIM. DE CARDOSO,,SAJ,Eletrônico,0,2024-07-04,2026-07-16
10002755320228260650,TJSP,G2,Apelação Cível,198,Tratamento médico-hospitalar,1,3ª CÂMARA DE DIREITO PRIVADO,,SAJ,Eletrônico,0,2024-07-04,2025-08-14
00003962320248260426,TJSP,G1,Procedimento do Juizado Especial da Fazenda Pública,14695,Fornecimento de medicamentos,1,JUIZADO ESPECIAL CIVEL DE PATROCINIO PAULISTA,,SAJ,Eletrônico,0,2024-07-04,2025-08-10
00006959220248260654,TJSP,G1,Cumprimento de sentença,156,Tratamento médico-hospitalar,1,VARA UNICA DE VARGEM GRANDE PAULISTA,,SAJ,Eletrônico,0,2024-07-04,2025-08-15
10198731520238260114,TJSP,G2,Apelação Cível,198,Tratamento médico-hospitalar,1,8ª CÂMARA DE DIREITO PRIVADO,,SAJ,Eletrônico,0,2024-07-04,2025-08-14
00005956620248260128,TJSP,G1,Procedimento do Juizado Especial da Fazenda Pública,14695,Fornecimento de medicamentos,1,JUIZADO ESPECIAL CIVEL CRIM. DE CARDOSO,,SAJ,Eletrônico,0,2024-07-04,2025-02-05
00005473520248260346,TJSP,G1,Cumprimento Provisório de Sentença,157,Fornecimento de medicamentos,1,02 CUMULATIVA DE MARTINOPOLIS,,SAJ,Eletrônico,0,2024-07-06,2026-05-09
00002892220248260444,TJSP,G1,Cumprimento de sentença,156,Custeio de Assistência Médica,1,VARA UNICA DE PILAR DO SUL,,SAJ,Eletrônico,0,2024-07-08,2024-12-13
00004580920248260153,TJSP,G1,Procedimento do Juizado Especial da Fazenda Pública,14695,Fornecimento de medicamentos,1,JUIZADO ESPECIAL CIVEL DE CRAVINHOS,,SAJ,Eletrônico,0,2024-07-10,2024-12-12
00003762820248260589,TJSP,G1,Cumprimento de sentença,156,Fornecimento de medicamentos,1,VARA UNICA DE SAO SIMAO,,SAJ,Eletrônico,0,2024-07-11,2024-11-12
00003872120248260213,TJSP,G1,Procedimento do Juizado Especial da Fazenda Pública,14695,Fornecimento de medicamentos,1,JUIZADO ESPECIAL CIVEL CRIM. DE GUARA,,SAJ,Eletrônico,0,2024-07-11,2025-08-12
00005496520248260326,TJSP,G1,Requisição de Pequeno Valor,1266,Fornecimento de medicamentos,1,JUIZADO ESPECIAL CIVEL CRIM. DE LUCELIA,,SAJ,Eletrônico,0,2024-07-12,2025-08-12
00083814720248260554,TJSP,G1,Cumprimento Provisório de Sentença,157,Tratamento médico-hospitalar,1,01 CIVEL DE SANTO ANDRE,,SAJ,Eletrônico,0,2024-07-12,2025-02-06
00002882920248260673,TJSP,G1,Procedimento do Juizado Especial da Fazenda Pública,14695,Fornecimento de medicamentos,1,JUIZADO ESPECIAL CIVEL CRIM. DE FLORIDA PAULISTA,,SAJ,Eletrônico,0,2024-07-12,2025-08-06
00334603220248260100,TJSP,G1,Cumprimento Provisório de Decisão,10980,Tratamento médico-hospitalar,1,32 CIVEL DE CENTRAL,,SAJ,Eletrônico,0,2024-07-12,2025-02-05
00011462920248260360,TJSP,G1,Cumprimento de sentença,156,Serviços Hospitalares,1,02 CUMULATIVA DE MOCOCA,,SAJ,Eletrônico,0,2024-07-15,2026-03-17
00001000520248260069,TJSP,G1,Requisição de Pequeno Valor,1266,Fornecimento de medicamentos,1,JUIZADO ESPECIAL CIVEL CRIM. DE BASTOS,,SAJ,Eletrônico,0,2024-07-15,2025-08-10
10005961720218260006,TJSP,G2,Apelação Cível,198,Tratamento médico-hospitalar,1,1ª CÂMARA DE DIREITO PRIVADO,,SAJ,Eletrônico,0,2024-07-15,2025-08-14
00002227320248260471,TJSP,G1,Requisição de Pequeno Valor,1266,Fornecimento de medicamentos,1,01 CUMULATIVA DE PORTO FELIZ,,SAJ,Eletrônico,0,2024-07-16,2025-02-06
10122249620238260114,TJSP,G2,Apelação Cível,198,Tratamento médico-hospitalar,1,Núcleo de Justiça 4.0 em Segundo Grau – Turma III (Direito Privado 1),,SAJ,Eletrônico,0,2024-07-16,2025-08-14
00009311820248260404,TJSP,G1,Cumprimento de sentença,156,Fornecimento de medicamentos,1,JUIZADO ESPECIAL CIVEL CRIM. DE ORLANDIA,,SAJ,Eletrônico,0,2024-07-16,2025-08-10
00009025820248260180,TJSP,G1,Cumprimento Provisório de Sentença,157,Tratamento médico-hospitalar,1,02 CUMULATIVA DE ESPIRITO SANTO DO PINHAL,,SAJ,Eletrônico,0,2024-07-16,2024-10-26
00006737120248260480,TJSP,G1,Procedimento do Juizado Especial da Fazenda Pública,14695,Fornecimento de medicamentos,1,JUIZADO ESPECIAL CIVEL CRIM. DE PRESIDENTE BERNARDES,,SAJ,Eletrônico,0,2024-07-16,2025-08-14
00015086320248260220,TJSP,G1,Cumprimento de sentença,156,Tratamento médico-hospitalar,1,01 CUMULATIVA DE GUARATINGUETA,,SAJ,Eletrônico,0,2024-07-16,2024-08-26
10073781020248260564,TJSP,G2,Apelação Cível,198,Tratamento médico-hospitalar,1,1ª CÂMARA DE DIREITO PRIVADO,,SAJ,Eletrônico,0,2024-07-17,2025-08-14
00011531820248260070,TJSP,G1,Procedimento do Juizado Especial da Fazenda Pública,14695,Fornecimento de medicamentos,1,VARA JUIZADO ESP. CIVEL CRIM. DE BATATAIS,,SAJ,Eletrônico,0,2024-07-17,2026-07-16
00002741820248260488,TJSP,G1,Procedimento do Juizado Especial da Fazenda Pública,14695,Fornecimento de medicamentos,1,JUIZADO ESPECIAL CIVEL E CRIMINAL DE QUELUZ,,SAJ,Eletrônico,0,2024-07-17,2025-08-10
00005560320248260150,TJSP,G1,Cumprimento Provisório de Decisão,10980,Fornecimento de medicamentos,1,JUIZADO ESPECIAL CIVEL DE COSMÓPOLIS,,SAJ,Eletrônico,0,2024-07-18,2025-08-12
00003649020248260111,TJSP,G1,Procedimento do Juizado Especial da Fazenda Pública,14695,Fornecimento de medicamentos,1,JUIZADO ESPECIAL CIVEL CRIM. DE CAJURU,,SAJ,Eletrônico,0,2024-07-18,2025-08-11
00003622320248260111,TJSP,G1,Procedimento do Juizado Especial da Fazenda Pública,14695,Fornecimento de medicamentos,1,JUIZADO ESPECIAL CIVEL CRIM. DE CAJURU,,SAJ,Eletrônico,0,2024-07-18,2025-08-11
00004257320248260426,TJSP,G1,Cumprimento de Sentença contra a Fazenda Pública,12078,Fornecimento de medicamentos,1,JUIZADO ESPECIAL CIVEL DE PATROCINIO PAULISTA,,SAJ,Eletrônico,0,2024-07-18,2025-08-10
00003657520248260111,TJSP,G1,Procedimento do Juizado Especial da Fazenda Pública,14695,Fornecimento de medicamentos,1,JUIZADO ESPECIAL CIVEL CRIM. DE CAJURU,,SAJ,Eletrônico,0,2024-07-18,2026-07-16
00006415520248260128,TJSP,G1,Procedimento do Juizado Especial da Fazenda Pública,14695,Fornecimento de medicamentos,1,JUIZADO ESPECIAL CIVEL CRIM. DE CARDOSO,,SAJ,Eletrônico,0,2024-07-18,2025-08-15
00003150820248260060,TJSP,G1,Cumprimento Provisório de Decisão,10980,Fornecimento de medicamentos,1,JUIZADO ESPECIAL CIVEL CRIM. DE AURIFLAMA,,SAJ,Eletrônico,0,2024-07-18,2026-01-08
00003630820248260111,TJSP,G1,Procedimento do Juizado Especial da Fazenda Pública,14695,Fornecimento de medicamentos,1,JUIZADO ESPECIAL CIVEL CRIM. DE CAJURU,,SAJ,Eletrônico,0,2024-07-18,2026-06-03
00004388520248260648,TJSP,G1,Procedimento do Juizado Especial da Fazenda Pública,14695,Fornecimento de medicamentos,1,JUIZADO ESPECIAL CIVEL E CRIMINAL DE URUPES,,SAJ,Eletrônico,0,2024-07-18,2025-08-15
00005706820248260414,TJSP,G1,Procedimento do Juizado Especial da Fazenda Pública,14695,Fornecimento de medicamentos,1,JUIZADO ESPECIAL CIVEL CRIM. DE PALMEIRA D OESTE,,SAJ,Eletrônico,0,2024-07-18,2024-11-13
00002987320248260673,TJSP,G1,Procedimento do Juizado Especial da Fazenda Pública,14695,Fornecimento de medicamentos,1,JUIZADO ESPECIAL CIVEL CRIM. DE FLORIDA PAULISTA,,SAJ,Eletrônico,0,2024-07-19,2025-08-12
00009905920248260063,TJSP,G1,Procedimento do Juizado Especial da Fazenda Pública,14695,Fornecimento de medicamentos,1,JUIZADO ESPECIAL CIVEL E CRIMINAL DE BARRA BONITA,,SAJ,Eletrônico,0,2024-07-19,2026-07-24
00007773520248260069,TJSP,G1,Requisição de Pequeno Valor,1266,Fornecimento de medicamentos,1,VARA UNICA DE BASTOS,,SAJ,Eletrônico,0,2024-07-19,2025-08-11
10282955820228260196,TJSP,G2,Apelação Cível,198,Tratamento médico-hospitalar,1,10ª CÂMARA DE DIREITO PRIVADO,,SAJ,Eletrônico,0,2024-07-19,2025-08-14
00006871720248260137,TJSP,G1,Cumprimento de sentença,156,Fornecimento de medicamentos,1,JUIZADO ESPECIAL CIVEL CRIM. DE CERQUILHO,,SAJ,Eletrônico,0,2024-07-19,2025-08-12
00004826820248260369,TJSP,G1,Cumprimento Provisório de Decisão,10980,Fornecimento de medicamentos,1,02 CUMULATIVA DE MONTE APRAZIVEL,,SAJ,Eletrônico,0,2024-07-22,2025-01-09
00023637320248260533,TJSP,G1,Cumprimento Provisório de Sentença,157,Fornecimento de medicamentos,1,03 CIVEL DE SANTA BARBARA D OESTE,,SAJ,Eletrônico,0,2024-07-23,2024-08-26
00006613420248260035,TJSP,G1,Procedimento do Juizado Especial da Fazenda Pública,14695,Fornecimento de medicamentos,1,JUIZADO ESPECIAL CIVEL CRIM. DE AGUAS DE LINDOIA,,SAJ,Eletrônico,0,2024-07-23,2025-08-11
00007328520248260439,TJSP,G1,Cumprimento Provisório de Sentença,157,Fornecimento de medicamentos,1,JUIZADO ESPECIAL CIVEL CRIM. DE PEREIRA BARRETO,,SAJ,Eletrônico,0,2024-07-23,2025-01-10
00005784520248260414,TJSP,G1,Cumprimento de sentença,156,Fornecimento de medicamentos,1,JUIZADO ESPECIAL CIVEL CRIM. DE PALMEIRA D OESTE,,SAJ,Eletrônico,0,2024-07-23,2024-10-26
10097423920238260127,TJSP,G2,Apelação Cível,198,Tratamento médico-hospitalar,1,1ª CÂMARA DE DIREITO PRIVADO,,SAJ,Eletrônico,0,2024-07-23,2025-08-14
10002768520228260020,TJSP,G2,Apelação Cível,198,Tratamento médico-hospitalar,1,Núcleo de Justiça 4.0 em Segundo Grau – Turma IV (Direito Privado 1),,SAJ,Eletrônico,0,2024-07-23,2025-08-14
00006657120248260035,TJSP,G1,Cumprimento de sentença,156,Fornecimento de medicamentos,1,VARA UNICA DE AGUAS DE LINDOIA,,SAJ,Eletrônico,0,2024-07-23,2025-01-09
10029037820238260068,TJSP,G2,Apelação Cível,198,Tratamento médico-hospitalar,1,Núcleo de Justiça 4.0 em Segundo Grau – Turma III (Direito Privado 1),,SAJ,Eletrônico,0,2024-07-24,2025-08-14
00003908820248260111,TJSP,G1,Procedimento do Juizado Especial da Fazenda Pública,14695,Fornecimento de medicamentos,1,JUIZADO ESPECIAL CIVEL CRIM. DE CAJURU,,SAJ,Eletrônico,0,2024-07-24,2026-04-28
10048088520198260286,TJSP,G2,Apelação Cível,198,Tratamento médico-hospitalar,1,2ª CÂMARA DE DIREITO PRIVADO,,SAJ,Eletrônico,0,2024-07-24,2025-08-14
00006751320248260457,TJSP,G1,Requisição de Pequeno Valor,1266,Fornecimento de medicamentos,1,02 CUMULATIVA DE PIRASSUNUNGA,,SAJ,Eletrônico,0,2024-07-24,2025-07-09
10042569220228260229,TJSP,G2,Apelação Cível,198,Tratamento médico-hospitalar,1,9ª CÂMARA DE DIREITO PRIVADO,,SAJ,Eletrônico,0,2024-07-25,2025-08-14
00007118320248260480,TJSP,G1,Procedimento do Juizado Especial da Fazenda Pública,14695,Fornecimento de medicamentos,1,JUIZADO ESPECIAL CIVEL CRIM. DE PRESIDENTE BERNARDES,,SAJ,Eletrônico,0,2024-07-26,2025-08-10
00007257720248260218,TJSP,G1,Requisição de Pequeno Valor,1266,Fornecimento de medicamentos,1,JUIZADO ESPECIAL CIVEL CRIM. DE GUARARAPES,,SAJ,Eletrônico,0,2024-07-29,2024-12-13
00004038720248260111,TJSP,G1,Procedimento do Juizado Especial da Fazenda Pública,14695,Fornecimento de medicamentos,1,JUIZADO ESPECIAL CIVEL CRIM. DE CAJURU,,SAJ,Eletrônico,0,2024-07-29,2026-05-09
00006873420248260390,TJSP,G1,Cumprimento Provisório de Sentença,157,Fornecimento de medicamentos,1,JUIZADO ESPECIAL CIVEL CRIM. DE NOVA GRANADA,,SAJ,Eletrônico,0,2024-07-29,2025-02-05
00006726320248260035,TJSP,G1,Procedimento do Juizado Especial da Fazenda Pública,14695,Fornecimento de medicamentos,1,JUIZADO ESPECIAL CIVEL CRIM. DE AGUAS DE LINDOIA,,SAJ,Eletrônico,0,2024-07-29,2025-08-11
00008414020248260103,TJSP,G1,Procedimento do Juizado Especial da Fazenda Pública,14695,Fornecimento de medicamentos,1,JUIZADO ESPECIAL CIVEL CRIM. DE CACONDE,,SAJ,Eletrônico,0,2024-07-29,2025-08-14
00005261020248260233,TJSP,G1,Cumprimento de Sentença contra a Fazenda Pública,12078,Fornecimento de medicamentos,1,VARA UNICA DE IBATE,,SAJ,Eletrônico,0,2024-07-29,2026-06-01
00004144020248260589,TJSP,G1,Cumprimento de sentença,156,Tratamento médico-hospitalar,1,VARA UNICA DE SAO SIMAO,,SAJ,Eletrônico,0,2024-07-30,2026-06-02
10224015320218260482,TJSP,G2,Apelação Cível,198,Tratamento médico-hospitalar,2,1ª CÂMARA DE DIREITO PRIVADO,,SAJ,Eletrônico,0,2024-07-30,2025-08-14
00005897020248260383,TJSP,G1,Cumprimento de sentença,156,Fornecimento de medicamentos,1,JUIZADO ESPECIAL CIVEL CRIM. DE NHANDEARA,,SAJ,Eletrônico,0,2024-07-30,2025-01-09
10176873220218260003,TJSP,G2,Apelação Cível,198,Tratamento médico-hospitalar,1,3ª CÂMARA DE DIREITO PRIVADO,,SAJ,Eletrônico,0,2024-07-31,2025-08-14
10085326920228260132,TJSP,G2,Apelação Cível,198,Tratamento médico-hospitalar,1,Núcleo de Justiça 4.0 em Segundo Grau – Turma IV (Direito Privado 1),,SAJ,Eletrônico,0,2024-07-31,2025-08-14
00003151220248260673,TJSP,G1,Cumprimento de sentença,156,Fornecimento de medicamentos,1,VARA UNICA DE FLORIDA PAULISTA,,SAJ,Eletrônico,0,2024-07-31,2025-02-05
00002433520248260411,TJSP,G1,Requisição de Pequeno Valor,1266,Tratamento médico-hospitalar,1,02 CUMULATIVA DE PACAEMBU,,SAJ,Eletrônico,0,2024-07-31,2025-01-09
10010556720248260538,TJSP,JE,Procedimento do Juizado Especial Cível,436,Serviços Hospitalares,2,JUIZADO ESPECIAL CIVEL CRIM. DE SANTA CRUZ DAS PALMEIRAS,,SAJ,Eletrônico,0,2024-08-01,2025-08-15
00002955120238260060,TJSP,G1,Requisição de Pequeno Valor,1266,Fornecimento de medicamentos,1,VARA UNICA DE AURIFLAMA,,SAJ,Eletrônico,0,2024-08-01,2025-08-15
00010518520248260493,TJSP,G1,Cumprimento Provisório de Sentença,157,Fornecimento de medicamentos,1,JUIZADO ESPECIAL CIVEL CRIM. DE REGENTE FEIJO,,SAJ,Eletrônico,0,2024-08-01,2026-06-03
30070655820248260000,TJSP,G2,Agravo de Instrumento,202,Fornecimento de medicamentos,1,11ª CÂMARA DE DIREITO PÚBLICO,,SAJ,Eletrônico,0,2024-08-02,2025-08-14
00004586320248260426,TJSP,G1,Procedimento do Juizado Especial da Fazenda Pública,14695,Fornecimento de medicamentos,1,JUIZADO ESPECIAL CIVEL DE PATROCINIO PAULISTA,,SAJ,Eletrônico,0,2024-08-02,2025-01-10
10043230720228260084,TJSP,G2,Apelação Cível,198,Tratamento médico-hospitalar,1,7ª CÂMARA DE DIREITO PRIVADO,,SAJ,Eletrônico,0,2024-08-02,2025-08-14
10292699720198260100,TJSP,G2,Apelação Cível,198,Tratamento médico-hospitalar,1,4ª CÂMARA DE DIREITO PRIVADO,,SAJ,Eletrônico,0,2024-08-06,2025-08-14
00376451620248260100,TJSP,G1,Cumprimento de sentença,156,Fornecimento de medicamentos,1,28 CIVEL DE CENTRAL,,SAJ,Eletrônico,0,2024-08-06,2025-08-15
00002950420248260420,TJSP,G1,Cumprimento de sentença,156,Tratamento médico-hospitalar,1,VARA UNICA DE PARANAPANEMA,,SAJ,Eletrônico,0,2024-08-06,2024-10-26
00009607520248260337,TJSP,G1,Cumprimento Provisório de Sentença,157,Tratamento médico-hospitalar,1,02 CUMULATIVA DE MAIRINQUE,,SAJ,Eletrônico,0,2024-08-06,2025-02-06
00012737820248260323,TJSP,G1,Cumprimento de sentença,156,Tratamento médico-hospitalar,1,02 CIVEL DE LORENA,,SAJ,Eletrônico,0,2024-08-07,2026-03-17
00009713520248260069,TJSP,G1,Cumprimento Provisório de Sentença,157,Fornecimento de medicamentos,1,VARA UNICA DE BASTOS,,SAJ,Eletrônico,0,2024-08-07,2025-01-09
22344649520248260000,TJSP,G2,Agravo de Instrumento,202,Serviços Hospitalares,1,28ª CÂMARA DE DIREITO PRIVADO,,SAJ,Eletrônico,0,2024-08-07,2025-08-14
10231140420218260005,TJSP,G2,Apelação Cível,198,Tratamento médico-hospitalar,1,1ª CÂMARA DE DIREITO PRIVADO,,SAJ,Eletrônico,0,2024-08-07,2025-08-14
10166829420238260361,TJSP,G2,Apelação Cível,198,Tratamento médico-hospitalar,1,9ª CÂMARA DE DIREITO PRIVADO,,SAJ,Eletrônico,0,2024-08-07,2025-08-14
00004297020248260213,TJSP,G1,Procedimento do Juizado Especial da Fazenda Pública,14695,Fornecimento de medicamentos,1,JUIZADO ESPECIAL CIVEL CRIM. DE GUARA,,SAJ,Eletrônico,0,2024-08-08,2025-02-05
00004805220248260352,TJSP,G1,Procedimento do Juizado Especial da Fazenda Pública,14695,Fornecimento de medicamentos,1,JUIZADO ESPECIAL CIVEL CRIM. DE MIGUELOPOLIS,,SAJ,Eletrônico,0,2024-08-08,2025-02-05
00004875820248260315,TJSP,G1,Cumprimento de sentença,156,Fornecimento de medicamentos,1,01 CUMULATIVA DE LARANJAL PAULISTA,,SAJ,Eletrônico,0,2024-08-08,2025-02-06
00003725620248260341,TJSP,G1,Procedimento do Juizado Especial da Fazenda Pública,14695,Assistência Médico-Hospitalar,2,JUIZADO ESPECIAL CIVEL CRIM. DE MARACAI,,SAJ,Eletrônico,0,2024-08-08,2025-08-14
00004177120248260111,TJSP,G1,Procedimento do Juizado Especial da Fazenda Pública,14695,Fornecimento de medicamentos,1,JUIZADO ESPECIAL CIVEL CRIM. DE CAJURU,,SAJ,Eletrônico,0,2024-08-08,2026-06-03
00004185620248260111,TJSP,G1,Procedimento do Juizado Especial da Fazenda Pública,14695,Fornecimento de medicamentos,1,JUIZADO ESPECIAL CIVEL CRIM. DE CAJURU,,SAJ,Eletrônico,0,2024-08-09,2026-04-28
00003002620248260420,TJSP,G1,Procedimento do Juizado Especial da Fazenda Pública,14695,Fornecimento de medicamentos,1,JUIZADO ESPECIAL CIVEL CRIM. DE PARANAPANEMA,,SAJ,Eletrônico,0,2024-08-09,2025-01-10
00057454720248260348,TJSP,G1,Cumprimento Provisório de Decisão,10980,Tratamento médico-hospitalar,1,03 CIVEL DE MAUA,,SAJ,Eletrônico,0,2024-08-10,2025-08-15
00004802420248260426,TJSP,G1,Cumprimento de sentença,156,Tratamento médico-hospitalar,1,VARA UNICA DE PATROCINIO PAULISTA,,Inválido,Eletrônico,0,2024-08-10,2024-10-02
11285358120248260100,TJSP,G1,Procedimento Comum Cível,7,Tratamento médico-hospitalar,1,09 CIVEL DE CENTRAL,,SAJ,Eletrônico,0,2024-08-12,2025-08-14
00389547220248260100,TJSP,G1,Cumprimento Provisório de Decisão,10980,Tratamento médico-hospitalar,1,02 CIVEL DE CENTRAL,,SAJ,Eletrônico,0,2024-08-13,2025-08-15
00007340820248260390,TJSP,G1,Procedimento do Juizado Especial da Fazenda Pública,14695,Fornecimento de medicamentos,1,JUIZADO ESPECIAL CIVEL CRIM. DE NOVA GRANADA,,SAJ,Eletrônico,0,2024-08-13,2025-08-15
00006186720248260142,TJSP,G1,Procedimento do Juizado Especial da Fazenda Pública,14695,Fornecimento de medicamentos,1,VARA DO JUIZADO ESPECIAL CÍVEL E CRIMINAL DA COMARCA DE COLINA,,SAJ,Eletrônico,0,2024-08-14,2025-08-15
00007705020248260390,TJSP,G1,Cumprimento Provisório de Decisão,10980,Fornecimento de medicamentos,1,JUIZADO ESPECIAL CIVEL CRIM. DE NOVA GRANADA,,SAJ,Eletrônico,0,2024-08-14,2025-08-15
11242801720238260100,TJSP,G2,Apelação Cível,198,Tratamento médico-hospitalar,1,Núcleo de Justiça 4.0 em Segundo Grau – Turma V (Direito Privado 1),,SAJ,Eletrônico,0,2024-08-15,2025-08-14
10109099420238260223,TJSP,G2,Apelação Cível,198,Tratamento médico-hospitalar,1,Núcleo de Justiça 4.0 em Segundo Grau – Turma IV (Direito Privado 1),,SAJ,Eletrônico,0,2024-08-15,2025-08-14
00011661320248260136,TJSP,G1,Cumprimento de Sentença contra a Fazenda Pública,12078,Tratamento médico-hospitalar,1,JUIZADO ESPECIAL CIVEL CRIM. DE CERQUEIRA CESAR,,SAJ,Eletrônico,0,2024-08-16,2025-01-10
00008685420248260416,TJSP,G1,Procedimento do Juizado Especial da Fazenda Pública,14695,Fornecimento de medicamentos,1,JUIZADO ESPECIAL CIVEL CRIM. DE PANORAMA,,SAJ,Eletrônico,0,2024-08-16,2025-02-05
00012024320248260431,TJSP,G1,Cumprimento de Sentença contra a Fazenda Pública,12078,Fornecimento de medicamentos,1,JUIZADO ESPECIAL CIVEL  CRIM. DE PEDERNEIRAS,,SAJ,Eletrônico,0,2024-08-16,2024-12-13
00010859720248260125,TJSP,G1,Cumprimento de sentença,156,Fornecimento de medicamentos,1,02 CUMULATIVA DE CAPIVARI,,SAJ,Eletrônico,0,2024-08-16,2025-08-12
10006517020218260651,TJSP,G2,Apelação Cível,198,Tratamento médico-hospitalar,1,5ª CÂMARA DE DIREITO PRIVADO,,SAJ,Eletrônico,0,2024-08-16,2025-08-14
00008510520248260291,TJSP,G1,Requisição de Pequeno Valor,1266,Fornecimento de medicamentos,1,VARA JUIZADO ESP. CIVEL CRIM. DE JABOTICABAL,,SAJ,Eletrônico,0,2024-08-17,2025-08-12
00007966920248260480,TJSP,G1,Procedimento do Juizado Especial da Fazenda Pública,14695,Fornecimento de medicamentos,1,JUIZADO ESPECIAL CIVEL CRIM. DE PRESIDENTE BERNARDES,,SAJ,Eletrônico,0,2024-08-19,2025-08-10
00011759720248260063,TJSP,G1,Procedimento do Juizado Especial da Fazenda Pública,14695,Fornecimento de medicamentos,1,JUIZADO ESPECIAL CIVEL E CRIMINAL DE BARRA BONITA,,SAJ,Eletrônico,0,2024-08-19,2025-01-09
00011768220248260063,TJSP,G1,Procedimento do Juizado Especial da Fazenda Pública,14695,Fornecimento de medicamentos,1,JUIZADO ESPECIAL CIVEL E CRIMINAL DE BARRA BONITA,,SAJ,Eletrônico,0,2024-08-19,2025-01-09
00004254720248260370,TJSP,G1,Cumprimento de Sentença contra a Fazenda Pública,12078,Fornecimento de medicamentos,1,JUIZADO ESPECIAL CIVEL CRIM. DE MONTE AZUL PAULISTA,,SAJ,Eletrônico,0,2024-08-19,2025-08-15
00004012520248260659,TJSP,G1,Requisição de Pequeno Valor,1266,Fornecimento de medicamentos,1,03 CUMULATIVA DE VINHEDO,,SAJ,Eletrônico,0,2024-08-20,2026-02-05
00007992920248260543,TJSP,G1,Cumprimento Provisório de Decisão,10980,Fornecimento de medicamentos,1,JUIZADO ESPECIAL CIVEL CRIM. DE SANTA ISABEL,,SAJ,Eletrônico,0,2024-08-20,2025-01-09
00010402520248260180,TJSP,G1,Procedimento do Juizado Especial da Fazenda Pública,14695,Fornecimento de medicamentos,1,JUIZADO ESPECIAL CIVEL CRIM. DE ESPIRITO SANTO DO PINHAL,,SAJ,Eletrônico,0,2024-08-20,2025-01-09
00007975420248260480,TJSP,G1,Cumprimento de Sentença contra a Fazenda Pública,12078,Fornecimento de medicamentos,1,JUIZADO ESPECIAL CIVEL CRIM. DE PRESIDENTE BERNARDES,,SAJ,Eletrônico,0,2024-08-20,2025-02-05
00004125720248260464,TJSP,G1,Cumprimento de sentença,156,Fornecimento de medicamentos,1,JUIZADO ESPECIAL CIVEL E CRIM. DE POMPÉIA,,SAJ,Eletrônico,0,2024-08-20,2025-08-14
00003523520248260060,TJSP,G1,Procedimento do Juizado Especial da Fazenda Pública,14695,Fornecimento de medicamentos,1,JUIZADO ESPECIAL CIVEL CRIM. DE AURIFLAMA,,SAJ,Eletrônico,0,2024-08-21,2024-12-13
00003352520248260698,TJSP,G1,Procedimento Comum Cível,7,Fornecimento de medicamentos,1,VARA UNICA DE PIRANGI,,SAJ,Eletrônico,0,2024-08-21,2025-02-06
00007186820248260062,TJSP,G1,Cumprimento de Sentença contra a Fazenda Pública,12078,Fornecimento de medicamentos,1,JUIZADO ESPECIAL CIVEL CRIM. DE BARIRI,,SAJ,Eletrônico,0,2024-08-21,2025-01-09
00007992420248260480,TJSP,G1,Cumprimento de Sentença contra a Fazenda Pública,12078,Fornecimento de medicamentos,1,JUIZADO ESPECIAL CIVEL CRIM. DE PRESIDENTE BERNARDES,,SAJ,Eletrônico,0,2024-08-21,2025-02-05
10003557120248260480,TJSP,G2,Apelação Cível,198,Fornecimento de medicamentos,1,3ª CÂMARA DE DIREITO PÚBLICO,,SAJ,Eletrônico,0,2024-08-22,2025-08-14
00005500320248260083,TJSP,G1,Cumprimento de Sentença contra a Fazenda Pública,12078,Fornecimento de medicamentos,1,JUIZADO ESPECIAL CIVEL CRIM. DE AGUAI,,SAJ,Eletrônico,0,2024-08-22,2025-08-10
00011920820248260428,TJSP,G1,Requisição de Pequeno Valor,1266,Fornecimento de medicamentos,1,02 CUMULATIVA DE PAULINIA,,SAJ,Eletrônico,0,2024-08-22,2025-02-05
00006472020248260142,TJSP,G1,Procedimento do Juizado Especial da Fazenda Pública,14695,Fornecimento de medicamentos,1,VARA DO JUIZADO ESPECIAL CÍVEL E CRIMINAL DA COMARCA DE COLINA,,SAJ,Eletrônico,0,2024-08-22,2025-08-15
00004688220248260111,TJSP,G1,Procedimento do Juizado Especial da Fazenda Pública,14695,Fornecimento de medicamentos,1,JUIZADO ESPECIAL CIVEL CRIM. DE CAJURU,,SAJ,Eletrônico,0,2024-08-22,2026-06-03
00009962020248260337,TJSP,G1,Cumprimento Provisório de Sentença,157,Fornecimento de medicamentos,1,01 CUMULATIVA DE MAIRINQUE,,SAJ,Eletrônico,0,2024-08-22,2025-07-09
10150849420238260009,TJSP,G2,Apelação Cível,198,Tratamento médico-hospitalar,1,9ª CÂMARA DE DIREITO PRIVADO,,SAJ,Eletrônico,0,2024-08-22,2025-07-04
00009585020248260129,TJSP,G1,Requisição de Pequeno Valor,1266,Fornecimento de medicamentos,1,02 CUMULATIVA DE CASA BRANCA,,SAJ,Eletrônico,0,2024-08-23,2025-08-11
00144125920248260562,TJSP,G1,Cumprimento de sentença,156,Tratamento médico-hospitalar,1,01 CIVEL DE SANTOS,,SAJ,Eletrônico,0,2024-08-23,2025-01-10
00003784520248260444,TJSP,G1,Cumprimento Provisório de Sentença,157,Fornecimento de medicamentos,1,VARA UNICA DE PILAR DO SUL,,SAJ,Eletrônico,0,2024-08-23,2026-06-02
00007574720248260553,TJSP,G1,Requisição de Pequeno Valor,1266,Fornecimento de medicamentos,1,JUIZADO ESPECIAL CIVEL DE SANTO ANASTACIO,,SAJ,Eletrônico,0,2024-08-26,2025-08-15
00008208620248260128,TJSP,G1,Procedimento do Juizado Especial da Fazenda Pública,14695,Fornecimento de medicamentos,1,JUIZADO ESPECIAL CIVEL CRIM. DE CARDOSO,,SAJ,Eletrônico,0,2024-08-26,2026-01-08
00008294820248260128,TJSP,G1,Cumprimento de Sentença contra a Fazenda Pública,12078,Fornecimento de medicamentos,1,JUIZADO ESPECIAL CIVEL CRIM. DE CARDOSO,,SAJ,Eletrônico,0,2024-08-27,2025-08-15
10015519620238260614,TJSP,G2,Apelação Cível,198,Tratamento Domiciliar (Home Care),1,10ª CÂMARA DE DIREITO PRIVADO,,SAJ,Eletrônico,0,2024-08-27,2025-07-04
00011782320248260493,TJSP,G1,Procedimento do Juizado Especial da Fazenda Pública,14695,Fornecimento de medicamentos,1,JUIZADO ESPECIAL CIVEL CRIM. DE REGENTE FEIJO,,SAJ,Eletrônico,0,2024-08-28,2025-02-06
00004583720248260370,TJSP,G1,Cumprimento de Sentença contra a Fazenda Pública,12078,Fornecimento de medicamentos,1,JUIZADO ESPECIAL CIVEL CRIM. DE MONTE AZUL PAULISTA,,SAJ,Eletrônico,0,2024-08-28,2025-08-15
00010648720248260201,TJSP,G1,Requisição de Pequeno Valor,1266,Custeio de Assistência Médica,1,03 CUMULATIVA DE GARCA,,SAJ,Eletrônico,0,2024-08-29,2025-08-14
00009609320248260040,TJSP,G1,Cumprimento Provisório de Decisão,10980,Tratamento médico-hospitalar,1,01 CUMULATIVA DE AMERICO BRASILIENSE,,SAJ,Eletrônico,0,2024-08-29,2025-08-14
00007490520248260025,TJSP,G1,Requisição de Pequeno Valor,1266,Custeio de Assistência Médica,1,VARA UNICA DE ANGATUBA,,SAJ,Eletrônico,0,2024-08-29,2025-08-11
10125775320238260562,TJSP,G2,Apelação Cível,198,Tratamento médico-hospitalar,1,10ª CÂMARA DE DIREITO PRIVADO,,SAJ,Eletrônico,0,2024-08-30,2025-08-14
00010326220248260337,TJSP,G1,Cumprimento Provisório de Sentença,157,Tratamento médico-hospitalar,1,02 CUMULATIVA DE MAIRINQUE,,SAJ,Eletrônico,0,2024-08-30,2025-02-06
00008679720248260439,TJSP,G1,Cumprimento de sentença,156,Tratamento médico-hospitalar,1,02 CUMULATIVA DE PEREIRA BARRETO,,SAJ,Eletrônico,0,2024-09-02,2026-04-15
00007549420248260035,TJSP,G1,Procedimento do Juizado Especial da Fazenda Pública,14695,Fornecimento de medicamentos,1,JUIZADO ESPECIAL CIVEL CRIM. DE AGUAS DE LINDOIA,,SAJ,Eletrônico,0,2024-09-02,2025-08-11
10185751420248260482,TJSP,G1,Procedimento do Juizado Especial da Fazenda Pública,14695,Assistência Médico-Hospitalar,1,FAZENDA PUBLICA DE PRESIDENTE PRUDENTE,,SAJ,Eletrônico,0,2024-09-03,2025-08-10
00002136320238260272,TJSP,G1,Requisição de Pequeno Valor,1266,Fornecimento de medicamentos,1,JUIZADO ESPECIAL CIVEL CRIM. DE ITAPIRA,,SAJ,Eletrônico,0,2024-09-04,2025-01-09
00003940720248260118,TJSP,G1,Procedimento do Juizado Especial da Fazenda Pública,14695,Fornecimento de medicamentos,1,JUIZADO ESPECIAL CIVEL CRIM. DE CANANEIA,,SAJ,Eletrônico,0,2024-09-04,2025-08-14
00005155620248260111,TJSP,G1,Procedimento do Juizado Especial da Fazenda Pública,14695,Fornecimento de medicamentos,1,JUIZADO ESPECIAL CIVEL CRIM. DE CAJURU,,SAJ,Eletrônico,0,2024-09-05,2025-01-09
00007512020248260301,TJSP,G1,Procedimento do Juizado Especial da Fazenda Pública,14695,Fornecimento de medicamentos,1,JUIZADO ESPECIAL CIVEL DE JARINU,,SAJ,Eletrônico,0,2024-09-05,2024-10-26
00061684820248260011,TJSP,G1,Cumprimento de sentença,156,Fornecimento de medicamentos,1,02 CIVEL DE PINHEIROS,,SAJ,Eletrônico,0,2024-09-05,2025-08-14
00004854520248260588,TJSP,G1,Procedimento do Juizado Especial da Fazenda Pública,14695,Fornecimento de medicamentos,1,JUIZADO ESPECIAL CIVEL CRIM. DE SAO SEBASTIAO DA GRAMA,,SAJ,Eletrônico,0,2024-09-05,2025-01-10
00006836220248260142,TJSP,G1,Procedimento do Juizado Especial da Fazenda Pública,14695,Fornecimento de medicamentos,1,VARA DO JUIZADO ESPECIAL CÍVEL E CRIMINAL DA COMARCA DE COLINA,,SAJ,Eletrônico,0,2024-09-06,2025-08-15
00005074520248260187,TJSP,G1,Procedimento do Juizado Especial da Fazenda Pública,14695,Fornecimento de medicamentos,1,JUIZADO ESPECIAL CIVEL CRIM. DE FARTURA,,SAJ,Eletrônico,0,2024-09-06,2025-08-15
00006677520248260153,TJSP,G1,Cumprimento de sentença,156,Fornecimento de medicamentos,1,02 CUMULATIVA DE CRAVINHOS,,SAJ,Eletrônico,0,2024-09-09,2025-01-09
00005443420248260426,TJSP,G1,Procedimento do Juizado Especial da Fazenda Pública,14695,Fornecimento de medicamentos,1,JUIZADO ESPECIAL CIVEL DE PATROCINIO PAULISTA,,SAJ,Eletrônico,0,2024-09-09,2025-08-10
00006332720248260242,TJSP,G1,Cumprimento de sentença,156,Custeio de Assistência Médica,1,JUIZADO ESPECIAL CIVEL CRIM. DE IGARAPAVA,,SAJ,Eletrônico,0,2024-09-09,2025-02-05
00010777520238260022,TJSP,G1,Requisição de Pequeno Valor,1266,Fornecimento de medicamentos,1,01 CUMULATIVA DE AMPARO,,SAJ,Eletrônico,0,2024-09-10,2026-06-02
00008807020248260480,TJSP,G1,Procedimento do Juizado Especial da Fazenda Pública,14695,Fornecimento de medicamentos,1,JUIZADO ESPECIAL CIVEL CRIM. DE PRESIDENTE BERNARDES,,SAJ,Eletrônico,0,2024-09-10,2025-02-05
00005371720248260111,TJSP,G1,Procedimento do Juizado Especial da Fazenda Pública,14695,Fornecimento de medicamentos,1,JUIZADO ESPECIAL CIVEL CRIM. DE CAJURU,,SAJ,Eletrônico,0,2024-09-10,2026-05-09
00008693020248260128,TJSP,G1,Procedimento do Juizado Especial da Fazenda Pública,14695,Fornecimento de medicamentos,1,JUIZADO ESPECIAL CIVEL CRIM. DE CARDOSO,,SAJ,Eletrônico,0,2024-09-11,2026-01-08
00007677120248260301,TJSP,G1,Procedimento do Juizado Especial da Fazenda Pública,14695,Fornecimento de medicamentos,1,JUIZADO ESPECIAL CIVEL DE JARINU,,SAJ,Eletrônico,0,2024-09-11,2025-01-10
00005016220248260470,TJSP,G1,Procedimento do Juizado Especial da Fazenda Pública,14695,Tratamento médico-hospitalar,1,JUIZADO ESPECIAL CIVEL CRIM. DE PORANGABA,,SAJ,Eletrônico,0,2024-09-11,2025-02-06
00008001620248260219,TJSP,G1,Cumprimento de sentença,156,Tratamento médico-hospitalar,1,VARA UNICA DE GUARAREMA,,SAJ,Eletrônico,0,2024-09-11,2026-07-16
00003660720248260646,TJSP,G1,Cumprimento Provisório de Sentença,157,Fornecimento de medicamentos,1,VARA UNICA DE URANIA,,SAJ,Eletrônico,0,2024-09-12,2024-12-12
10021370820188260001,TJSP,G2,Apelação Cível,198,Tratamento médico-hospitalar,1,2ª CÂMARA DE DIREITO PRIVADO,,SAJ,Eletrônico,0,2024-09-12,2025-08-14
00007571520248260596,TJSP,G1,Procedimento Comum Cível,7,Fornecimento de medicamentos,1,01 CUMULATIVA DE SERRANA,,SAJ,Eletrônico,0,2024-09-13,2025-01-10
00010010820248260025,TJSP,G1,Procedimento do Juizado Especial da Fazenda Pública,14695,Fornecimento de medicamentos,1,JUIZADO ESPECIAL CIVEL CRIM. DE ANGATUBA,,SAJ,Eletrônico,0,2024-09-13,2026-02-06
00005501620248260111,TJSP,G1,Procedimento do Juizado Especial da Fazenda Pública,14695,Fornecimento de medicamentos,1,JUIZADO ESPECIAL CIVEL CRIM. DE CAJURU,,SAJ,Eletrônico,0,2024-09-13,2026-07-16
00155893520248260602,TJSP,G1,Cumprimento Provisório de Sentença,157,Tratamento médico-hospitalar,1,09 CIVEL SOROCABA,,SAJ,Eletrônico,0,2024-09-16,2025-02-06
00007861920248260094,TJSP,G1,Cumprimento de sentença,156,Fornecimento de medicamentos,1,JUIZADO ESPECIAL CIVEL CRIM. DE BRODOSQUI,,SAJ,Eletrônico,0,2024-09-16,2025-08-11
00012821520248260493,TJSP,G1,Cumprimento de Sentença contra a Fazenda Pública,12078,Fornecimento de medicamentos,1,JUIZADO ESPECIAL CIVEL CRIM. DE REGENTE FEIJO,,SAJ,Eletrônico,0,2024-09-16,2025-08-14
00008995520248260390,TJSP,G1,Procedimento do Juizado Especial da Fazenda Pública,14695,Fornecimento de medicamentos,1,JUIZADO ESPECIAL CIVEL CRIM. DE NOVA GRANADA,,SAJ,Eletrônico,0,2024-09-17,2025-08-15
00069843920248260008,TJSP,G1,Cumprimento Provisório de Sentença,157,Tratamento médico-hospitalar,1,04 CIVEL DE TATUAPE,,SAJ,Eletrônico,0,2024-09-17,2025-08-14
00007615220248260596,TJSP,G1,Procedimento do Juizado Especial da Fazenda Pública,14695,Fornecimento de medicamentos,1,JUIZADO ESPECIAL CIVEL CRIM. DE SERRANA,,SAJ,Eletrônico,0,2024-09-17,2025-08-11
00009077920248260439,TJSP,G1,Cumprimento de sentença,156,Fornecimento de medicamentos,1,02 CUMULATIVA DE PEREIRA BARRETO,,SAJ,Eletrônico,0,2024-09-18,2025-01-10
00009117920248260128,TJSP,G1,Procedimento do Juizado Especial da Fazenda Pública,14695,Fornecimento de medicamentos,1,JUIZADO ESPECIAL CIVEL CRIM. DE CARDOSO,,SAJ,Eletrônico,0,2024-09-18,2025-08-15
00010273120238260028,TJSP,G1,Requisição de Pequeno Valor,1266,Assistência Médico-Hospitalar,1,JUIZADO ESPECIAL CIVEL CRIM. DE APARECIDA,,SAJ,Eletrônico,0,2024-09-19,2025-08-14
10117515520208260037,TJSP,G2,Apelação Cível,198,Fornecimento de medicamentos,1,6ª CÂMARA DE DIREITO PÚBLICO,,SAJ,Eletrônico,0,2024-09-19,2025-08-14
00009435720248260137,TJSP,G1,Cumprimento de sentença,156,Serviços Hospitalares,1,VARA UNICA DE CERQUILHO,,SAJ,Eletrônico,0,2024-09-19,2025-08-12
00008445120248260634,TJSP,G1,Procedimento do Juizado Especial da Fazenda Pública,14695,Fornecimento de medicamentos,1,JUIZADO ESPECIAL CIVEL CRIM. DE TREMEMBE,,SAJ,Eletrônico,0,2024-09-19,2025-01-09
00459161420248260100,TJSP,G1,Cumprimento Provisório de Sentença,157,Tratamento médico-hospitalar,1,12 CIVEL DE CENTRAL,,SAJ,Eletrônico,0,2024-09-20,2025-08-14
00010004520248260244,TJSP,G1,Reclamação Pré-processual,11875,Serviços Hospitalares,1,CEJUSC (Pré-Processual),,SAJ,Eletrônico,0,2024-09-23,2025-08-14
00007426920248260653,TJSP,G1,Cumprimento Provisório de Sentença,157,Fornecimento de medicamentos,1,01 CUMULATIVA DE VARGEM GRANDE DO SUL,,SAJ,Eletrônico,0,2024-09-24,2026-04-28
00005946020248260426,TJSP,G1,Procedimento do Juizado Especial da Fazenda Pública,14695,Fornecimento de medicamentos,1,JUIZADO ESPECIAL CIVEL DE PATROCINIO PAULISTA,,SAJ,Eletrônico,0,2024-09-24,2025-08-10
00008614720248260615,TJSP,G1,Cumprimento de Sentença contra a Fazenda Pública,12078,Fornecimento de medicamentos,1,JUIZADO ESPECIAL CIVEL CRIM. DE TANABI,,SAJ,Eletrônico,0,2024-09-24,2026-05-08
00005963020248260426,TJSP,G1,Cumprimento Provisório de Sentença,157,Fornecimento de medicamentos,1,JUIZADO ESPECIAL CIVEL DE PATROCINIO PAULISTA,,SAJ,Eletrônico,0,2024-09-24,2025-02-06
00012074220248260471,TJSP,G1,Cumprimento de Sentença contra a Fazenda Pública,12078,Fornecimento de medicamentos,1,JUIZADO ESPECIAL CIVEL CRIM. DE PORTO FELIZ,,SAJ,Eletrônico,0,2024-09-25,2025-02-06
00006846520248260233,TJSP,G1,Cumprimento de sentença,156,Custeio de Assistência Médica,1,VARA UNICA DE IBATE,,SAJ,Eletrônico,0,2024-09-25,2025-08-14
00000322220248260080,TJSP,G1,Requisição de Pequeno Valor,1266,Custeio de Assistência Médica,1,VARA UNICA DE CABREUVA,,SAJ,Eletrônico,0,2024-09-25,2026-06-03
00001615720248260458,TJSP,G1,Requisição de Pequeno Valor,1266,Assistência Médico-Hospitalar,1,VARA UNICA DE PIRATININGA,,SAJ,Eletrônico,0,2024-09-26,2025-01-10
10058311220248260506,TJSP,G2,Remessa Necessária Cível,199,Fornecimento de medicamentos,1,12ª CÂMARA DE DIREITO PÚBLICO,,SAJ,Eletrônico,0,2024-09-26,2025-08-14
10009265020248260348,TJSP,G2,Apelação Cível,198,Tratamento médico-hospitalar,1,7ª CÂMARA DE DIREITO PRIVADO,,SAJ,Eletrônico,0,2024-09-26,2025-08-14
10036719020238260007,TJSP,G2,Apelação Cível,198,Tratamento médico-hospitalar,2,1ª CÂMARA DE DIREITO PRIVADO,,SAJ,Eletrônico,0,2024-09-27,2025-08-14
00008556820248260638,TJSP,G1,Procedimento do Juizado Especial da Fazenda Pública,14695,Fornecimento de medicamentos,1,JUIZADO ESPECIAL CIVEL CRIM. DE TUPI PAULISTA,,SAJ,Eletrônico,0,2024-09-27,2025-01-10
00011566820248260103,TJSP,G1,Cumprimento de Sentença contra a Fazenda Pública,12078,Fornecimento de medicamentos,1,VARA UNICA DE CACONDE,,SAJ,Eletrônico,0,2024-09-27,2025-02-05
00009389520248260311,TJSP,G1,Cumprimento de sentença,156,Fornecimento de medicamentos,1,JUIZADO ESPECIAL CIVEL CRIM. DE JUNQUEIROPOLIS,,SAJ,Eletrônico,0,2024-09-28,2025-02-05
00010045820248260058,TJSP,G1,Procedimento do Juizado Especial da Fazenda Pública,14695,Fornecimento de medicamentos,1,JUIZADO ESPECIAL CIVEL CRIM. DE AGUDOS,,SAJ,Eletrônico,0,2024-09-30,2026-07-24
00010176620248260443,TJSP,G1,Cumprimento de Sentença contra a Fazenda Pública,12078,Tratamento médico-hospitalar,1,01 CUMULATIVA DE PIEDADE,,SAJ,Eletrônico,0,2024-09-30,2025-02-06
00005988020248260076,TJSP,G1,Cumprimento de Sentença contra a Fazenda Pública,12078,Fornecimento de medicamentos,1,JUIZADO ESPECIAL CIVEL CRIM. DE BILAC,,SAJ,Eletrônico,0,2024-10-01,2024-12-13
00005978720248260111,TJSP,G1,Procedimento do Juizado Especial da Fazenda Pública,14695,Fornecimento de medicamentos,1,JUIZADO ESPECIAL CIVEL CRIM. DE CAJURU,,SAJ,Eletrônico,0,2024-10-01,2025-08-15
10222331120238260602,TJSP,G2,Apelação Cível,198,Fornecimento de medicamentos,2,7ª CÂMARA DE DIREITO PRIVADO,,SAJ,Eletrônico,0,2024-10-02,2025-08-14
00009638620248260480,TJSP,G1,Cumprimento de Sentença contra a Fazenda Pública,12078,Fornecimento de medicamentos,1,JUIZADO ESPECIAL CIVEL CRIM. DE PRESIDENTE BERNARDES,,SAJ,Eletrônico,0,2024-10-02,2025-08-14
00007274820248260153,TJSP,G1,Cumprimento de Sentença contra a Fazenda Pública,12078,Fornecimento de medicamentos,1,JUIZADO ESPECIAL CIVEL DE CRAVINHOS,,SAJ,Eletrônico,0,2024-10-02,2026-07-16
00011132920248260040,TJSP,G1,Cumprimento de sentença,156,Tratamento médico-hospitalar,1,02 CUMULATIVA DE AMERICO BRASILIENSE,,SAJ,Eletrônico,0,2024-10-02,2025-02-05
10002575520218260589,TJSP,G2,Apelação Cível,198,Tratamento médico-hospitalar,1,2ª CÂMARA DE DIREITO PRIVADO,,SAJ,Eletrônico,0,2024-10-02,2025-08-14
00007071420248260620,TJSP,G1,Procedimento do Juizado Especial da Fazenda Pública,14695,Custeio de Assistência Médica,1,JUIZADO ESPECIAL CIVEL CRIM. DE TAQUARITUBA,,SAJ,Eletrônico,0,2024-10-03,2025-01-09
00008666320248260035,TJSP,G1,Cumprimento de sentença,156,Fornecimento de medicamentos,1,VARA UNICA DE AGUAS DE LINDOIA,,SAJ,Eletrônico,0,2024-10-04,2025-08-11
10099584720248260003,TJSP,G2,Apelação Cível,198,Tratamento médico-hospitalar,1,7ª CÂMARA DE DIREITO PRIVADO,,SAJ,Eletrônico,0,2024-10-04,2025-08-14
00009774920248260390,TJSP,G1,Procedimento do Juizado Especial da Fazenda Pública,14695,Fornecimento de medicamentos,1,JUIZADO ESPECIAL CIVEL CRIM. DE NOVA GRANADA,,SAJ,Eletrônico,0,2024-10-04,2025-08-15
00008355620248260160,TJSP,G1,Cumprimento Provisório de Sentença,157,Tratamento médico-hospitalar,1,02 CUMULATIVA DE DESCALVADO,,SAJ,Eletrônico,0,2024-10-07,2025-02-05
00008631120248260035,TJSP,G1,Procedimento do Juizado Especial da Fazenda Pública,14695,Fornecimento de medicamentos,1,JUIZADO ESPECIAL CIVEL CRIM. DE AGUAS DE LINDOIA,,SAJ,Eletrônico,0,2024-10-07,2025-02-05
00004831020248260060,TJSP,G1,Procedimento do Juizado Especial da Fazenda Pública,14695,Fornecimento de medicamentos,1,JUIZADO ESPECIAL CIVEL CRIM. DE AURIFLAMA,,SAJ,Eletrônico,0,2024-10-07,2025-01-09
00005276920248260370,TJSP,G1,Cumprimento de Sentença contra a Fazenda Pública,12078,Fornecimento de medicamentos,1,JUIZADO ESPECIAL CIVEL CRIM. DE MONTE AZUL PAULISTA,,SAJ,Eletrônico,0,2024-10-08,2025-08-15
00004203620248260140,TJSP,G1,Cumprimento Provisório de Sentença,157,Fornecimento de medicamentos,1,JUIZADO ESPECIAL CIVEL CRIM. DE CHAVANTES,,SAJ,Eletrônico,0,2024-10-08,2024-11-13
10002192920248260010,TJSP,G2,Apelação Cível,198,Tratamento médico-hospitalar,1,10ª CÂMARA DE DIREITO PRIVADO,,SAJ,Eletrônico,0,2024-10-08,2025-08-14
00188611820248260576,TJSP,G1,Cumprimento Provisório de Sentença,157,Tratamento médico-hospitalar,1,01 CIVEL DE SAO JOSE DO RIO PRETO,,SAJ,Eletrônico,0,2024-10-09,2025-08-15
00007075920248260120,TJSP,G1,Cumprimento de sentença,156,Tratamento médico-hospitalar,1,02 CUMULATIVA DE CANDIDO MOTA,,SAJ,Eletrônico,0,2024-10-09,2025-08-14
00011182820248260274,TJSP,G1,Cumprimento de sentença,156,Serviços Hospitalares,1,02 CUMULATIVA DE ITAPOLIS,,SAJ,Eletrônico,0,2024-10-09,2026-05-08
00004790320248260341,TJSP,G1,Procedimento do Juizado Especial da Fazenda Pública,14695,Fornecimento de medicamentos,1,JUIZADO ESPECIAL CIVEL CRIM. DE MARACAI,,SAJ,Eletrônico,0,2024-10-09,2025-08-14
00003641720248260588,TJSP,G1,Requisição de Pequeno Valor,1266,Fornecimento de medicamentos,1,VARA UNICA DE SAO SEBASTIAO DA GRAMA,,SAJ,Eletrônico,0,2024-10-09,2026-06-02
00009930320248260390,TJSP,G1,Procedimento do Juizado Especial da Fazenda Pública,14695,Fornecimento de medicamentos,1,JUIZADO ESPECIAL CIVEL CRIM. DE NOVA GRANADA,,SAJ,Eletrônico,0,2024-10-09,2025-01-09
00048450420248260271,TJSP,G1,Cumprimento Provisório de Decisão,10980,Tratamento médico-hospitalar,1,02 CIVEL DE ITAPEVI,,SAJ,Eletrônico,0,2024-10-10,2025-07-19
00006350220248260111,TJSP,G1,Cumprimento de Sentença contra a Fazenda Pública,12078,Tratamento médico-hospitalar,1,VARA UNICA DE CAJURU,,SAJ,Eletrônico,0,2024-10-10,2026-06-03
00008744020248260035,TJSP,G1,Procedimento do Juizado Especial da Fazenda Pública,14695,Fornecimento de medicamentos,1,JUIZADO ESPECIAL CIVEL CRIM. DE AGUAS DE LINDOIA,,SAJ,Eletrônico,0,2024-10-10,2025-02-05
00004771520248260444,TJSP,G1,Cumprimento de sentença,156,Tratamento médico-hospitalar,1,VARA UNICA DE PILAR DO SUL,,SAJ,Eletrônico,0,2024-10-10,2025-01-10
10148731320228260100,TJSP,G2,Apelação Cível,198,Tratamento médico-hospitalar,1,8ª CÂMARA DE DIREITO PRIVADO,,SAJ,Eletrônico,0,2024-10-11,2025-08-14
00007725220248260153,TJSP,G1,Procedimento do Juizado Especial da Fazenda Pública,14695,Fornecimento de medicamentos,1,JUIZADO ESPECIAL CIVEL DE CRAVINHOS,,SAJ,Eletrônico,0,2024-10-11,2026-05-08
00009701920248260629,TJSP,G1,Procedimento do Juizado Especial Cível,436,Fornecimento de medicamentos,1,JUIZADO ESPECIAL CIVEL CRIM. DE TIETE,,SAJ,Eletrônico,0,2024-10-11,2026-04-28
00008752520248260035,TJSP,G1,Procedimento do Juizado Especial da Fazenda Pública,14695,Fornecimento de medicamentos,1,JUIZADO ESPECIAL CIVEL CRIM. DE AGUAS DE LINDOIA,,SAJ,Eletrônico,0,2024-10-11,2024-12-12
00006474120248260426,TJSP,G1,Cumprimento de sentença,156,Fornecimento de medicamentos,1,VARA UNICA DE PATROCINIO PAULISTA,,SAJ,Eletrônico,0,2024-10-11,2025-08-11
10026960420248260405,TJSP,G2,Apelação Cível,198,Tratamento médico-hospitalar,1,9ª CÂMARA DE DIREITO PRIVADO,,SAJ,Eletrônico,0,2024-10-11,2025-08-14
00006491120248260426,TJSP,G1,Cumprimento de Sentença contra a Fazenda Pública,12078,Fornecimento de medicamentos,1,VARA UNICA DE PATROCINIO PAULISTA,,SAJ,Eletrônico,0,2024-10-14,2025-02-06
00004119020248260458,TJSP,G1,Cumprimento de Sentença contra a Fazenda Pública,12078,Custeio de Assistência Médica,1,VARA UNICA DE PIRATININGA,,SAJ,Eletrônico,0,2024-10-15,2024-11-12
10099567720248260003,TJSP,G2,Apelação Cível,198,Tratamento médico-hospitalar,1,2ª CÂMARA DE DIREITO PRIVADO,,SAJ,Eletrônico,0,2024-10-16,2025-08-14
00012473820248260337,TJSP,G1,Cumprimento de sentença,156,Fornecimento de medicamentos,1,02 CUMULATIVA DE MAIRINQUE,,SAJ,Eletrônico,0,2024-10-16,2025-02-06
00011769020248260416,TJSP,G1,Procedimento do Juizado Especial da Fazenda Pública,14695,Fornecimento de medicamentos,1,JUIZADO ESPECIAL CIVEL CRIM. DE PANORAMA,,SAJ,Eletrônico,0,2024-10-16,2025-02-05
00008105320248260383,TJSP,G1,Procedimento do Juizado Especial da Fazenda Pública,14695,Fornecimento de medicamentos,1,JUIZADO ESPECIAL CIVEL CRIM. DE NHANDEARA,,SAJ,Eletrônico,0,2024-10-16,2025-02-05
00008543420248260137,TJSP,G1,Requisição de Pequeno Valor,1266,Fornecimento de medicamentos,1,JUIZADO ESPECIAL CIVEL CRIM. DE CERQUILHO,,SAJ,Eletrônico,0,2024-10-17,2025-08-12
00008976120248260301,TJSP,G1,Procedimento do Juizado Especial da Fazenda Pública,14695,Fornecimento de medicamentos,1,JUIZADO ESPECIAL CIVEL DE JARINU,,SAJ,Eletrônico,0,2024-10-17,2026-06-02
10159761420238260361,TJSP,G2,Apelação Cível,198,Tratamento médico-hospitalar,1,9ª CÂMARA DE DIREITO PRIVADO,,SAJ,Eletrônico,0,2024-10-17,2025-08-14
00047064220248260048,TJSP,G1,Cumprimento de sentença,156,Tratamento médico-hospitalar,1,02 CIVEL DE ATIBAIA,,SAJ,Eletrônico,0,2024-10-18,2025-08-11
00009081320248260456,TJSP,G1,Procedimento do Juizado Especial da Fazenda Pública,14695,Fornecimento de medicamentos,1,JUIZADO ESPECIAL CIVEL DE PIRAPOZINHO,,SAJ,Eletrônico,0,2024-10-18,2025-02-05
00010311520248260390,TJSP,G1,Procedimento do Juizado Especial da Fazenda Pública,14695,Fornecimento de medicamentos,1,JUIZADO ESPECIAL CIVEL CRIM. DE NOVA GRANADA,,SAJ,Eletrônico,0,2024-10-18,2025-08-15
11483518320238260100,TJSP,G2,Apelação Cível,198,Tratamento médico-hospitalar,1,1ª CÂMARA DE DIREITO PRIVADO,,SAJ,Eletrônico,0,2024-10-19,2025-08-14
00010372220248260390,TJSP,G1,Procedimento do Juizado Especial da Fazenda Pública,14695,Fornecimento de medicamentos,1,JUIZADO ESPECIAL CIVEL CRIM. DE NOVA GRANADA,,SAJ,Eletrônico,0,2024-10-21,2025-08-15
00007346420248260145,TJSP,G1,Cumprimento de sentença,156,Tratamento Domiciliar (Home Care),1,02 CUMULATIVA DE CONCHAS,,SAJ,Eletrônico,0,2024-10-21,2024-11-13
00006493920248260352,TJSP,G1,Procedimento do Juizado Especial da Fazenda Pública,14695,Fornecimento de medicamentos,1,JUIZADO ESPECIAL CIVEL CRIM. DE MIGUELOPOLIS,,SAJ,Eletrônico,0,2024-10-21,2025-08-10
00010348820248260480,TJSP,G1,Cumprimento de Sentença contra a Fazenda Pública,12078,Fornecimento de medicamentos,1,JUIZADO ESPECIAL CIVEL CRIM. DE PRESIDENTE BERNARDES,,SAJ,Eletrônico,0,2024-10-22,2026-04-28
00005614420248260370,TJSP,G1,Cumprimento de Sentença contra a Fazenda Pública,12078,Fornecimento de medicamentos,1,JUIZADO ESPECIAL CIVEL CRIM. DE MONTE AZUL PAULISTA,,SAJ,Eletrônico,0,2024-10-23,2025-08-15
00008054220248260153,TJSP,G1,Procedimento do Juizado Especial da Fazenda Pública,14695,Fornecimento de medicamentos,1,JUIZADO ESPECIAL CIVEL DE CRAVINHOS,,SAJ,Eletrônico,0,2024-10-23,2025-02-05
00011474020248260028,TJSP,G1,Cumprimento de sentença,156,Fornecimento de medicamentos,1,02 CUMULATIVA DE APARECIDA,,SAJ,Eletrônico,0,2024-10-24,2025-08-15
00008106420248260153,TJSP,G1,Procedimento do Juizado Especial da Fazenda Pública,14695,Fornecimento de medicamentos,1,JUIZADO ESPECIAL CIVEL DE CRAVINHOS,,SAJ,Eletrônico,0,2024-10-24,2026-07-16
00006902020248260315,TJSP,G1,Cumprimento Provisório de Sentença,157,Tratamento médico-hospitalar,1,01 CUMULATIVA DE LARANJAL PAULISTA,,SAJ,Eletrônico,0,2024-10-28,2025-02-06
00008131920248260153,TJSP,G1,Cumprimento de Sentença contra a Fazenda Pública,12078,Fornecimento de medicamentos,1,JUIZADO ESPECIAL CIVEL DE CRAVINHOS,,SAJ,Eletrônico,0,2024-10-29,2026-07-16
00008091520248260142,TJSP,G1,Procedimento do Juizado Especial da Fazenda Pública,14695,Fornecimento de medicamentos,1,VARA DO JUIZADO ESPECIAL CÍVEL E CRIMINAL DA COMARCA DE COLINA,,SAJ,Eletrônico,0,2024-10-29,2025-08-15
00009207220248260150,TJSP,G1,Cumprimento Provisório de Sentença,157,Custeio de Assistência Médica,1,02 CUMULATIVA DE COSMOPOLIS,,SAJ,Eletrônico,0,2024-10-29,2025-02-06
00007250420248260695,TJSP,G1,Procedimento do Juizado Especial da Fazenda Pública,14695,Fornecimento de medicamentos,1,JUIZADO ESPECIAL CIVEL CRIM. DE NAZARE PAULISTA,,SAJ,Eletrônico,0,2024-10-29,2025-08-12
00011777520248260028,TJSP,G1,Cumprimento Provisório de Sentença,157,Fornecimento de medicamentos,1,01 CUMULATIVA DE APARECIDA,,SAJ,Eletrônico,0,2024-10-30,2025-08-14
00003604520248260534,TJSP,G1,Cumprimento Provisório de Decisão,10980,Tratamento médico-hospitalar,1,VARA UNICA DE SANTA BRANCA,,SAJ,Eletrônico,0,2024-10-31,2025-02-06
00156501020248260564,TJSP,JE,Cumprimento de sentença,156,Tratamento médico-hospitalar,1,VARA JUIZADO ESPECIAL CIVEL DE SAO BERNARDO DO CAMPO,,SAJ,Eletrônico,0,2024-10-31,2025-08-14
00010567120248260311,TJSP,G1,Cumprimento de sentença,156,Fornecimento de medicamentos,1,VARA UNICA DE JUNQUEIROPOLIS,,SAJ,Eletrônico,0,2024-10-31,2025-08-14
00006826020248260374,TJSP,G1,Cumprimento Provisório de Sentença,157,Fornecimento de medicamentos,1,VARA UNICA DE MORRO AGUDO,,SAJ,Eletrônico,0,2024-11-03,2025-02-06
00005107620248260582,TJSP,G1,Procedimento do Juizado Especial Cível,436,Fornecimento de medicamentos,1,JUIZADO ESPECIAL CIVEL CRIM. DE SAO MIGUEL ARCANJO,,SAJ,Eletrônico,0,2024-11-04,2026-06-02
00008637020248260080,TJSP,G1,Cumprimento Provisório de Sentença,157,Tratamento médico-hospitalar,1,VARA UNICA DE CABREUVA,,SAJ,Eletrônico,0,2024-11-05,2026-06-03
10282859620228260007,TJSP,G2,Apelação Cível,198,Tratamento médico-hospitalar,1,10ª CÂMARA DE DIREITO PRIVADO,,SAJ,Eletrônico,0,2024-11-05,2025-08-12
00010203020248260634,TJSP,G1,Cumprimento de sentença,156,Tratamento médico-hospitalar,1,02 CUMULATIVA DE TREMEMBE,,SAJ,Eletrônico,0,2024-11-05,2026-06-02
00007269220248260111,TJSP,G1,Procedimento do Juizado Especial da Fazenda Pública,14695,Fornecimento de medicamentos,1,JUIZADO ESPECIAL CIVEL CRIM. DE CAJURU,,SAJ,Eletrônico,0,2024-11-06,2026-07-16
00006985220248260426,TJSP,G1,Procedimento do Juizado Especial da Fazenda Pública,14695,Fornecimento de medicamentos,1,JUIZADO ESPECIAL CIVEL DE PATROCINIO PAULISTA,,SAJ,Eletrônico,0,2024-11-06,2025-02-06
00006976720248260426,TJSP,G1,Cumprimento de sentença,156,Fornecimento de medicamentos,1,JUIZADO ESPECIAL CIVEL DE PATROCINIO PAULISTA,,SAJ,Eletrônico,0,2024-11-06,2025-01-10
00007053920248260169,TJSP,G1,Cumprimento de sentença,156,Fornecimento de medicamentos,1,VARA UNICA DE DUARTINA,,SAJ,Eletrônico,0,2024-11-06,2025-08-15
00011197920248260543,TJSP,G1,Cumprimento de sentença,156,Tratamento médico-hospitalar,1,01 CUMULATIVA DE SANTA ISABEL,,SAJ,Eletrônico,0,2024-11-06,2025-07-09
00005901420238260602,TJSP,G1,Requisição de Pequeno Valor,1266,Fornecimento de medicamentos,1,ANEXO DO JUIZADO ESPECIAL DA FAZENDA PÚBLICA DE SOROCABA,,SAJ,Eletrônico,0,2024-11-07,2025-02-06
00007294720248260111,TJSP,G1,Procedimento do Juizado Especial da Fazenda Pública,14695,Fornecimento de medicamentos,1,JUIZADO ESPECIAL CIVEL CRIM. DE CAJURU,,SAJ,Eletrônico,0,2024-11-07,2026-06-03
00007010720248260426,TJSP,G1,Cumprimento de Sentença contra a Fazenda Pública,12078,Fornecimento de medicamentos,1,JUIZADO ESPECIAL CIVEL DE PATROCINIO PAULISTA,,SAJ,Eletrônico,0,2024-11-07,2025-08-10
00099198620248260320,TJSP,G1,Cumprimento de sentença,156,Tratamento médico-hospitalar,1,02 CIVEL DE LIMEIRA,,SAJ,Eletrônico,0,2024-11-07,2025-08-12
11142603520218260100,TJSP,G2,Apelação Cível,198,Tratamento médico-hospitalar,1,6ª CÂMARA DE DIREITO PRIVADO,,SAJ,Eletrônico,0,2024-11-07,2025-08-12
00008303620248260515,TJSP,G1,Procedimento do Juizado Especial da Fazenda Pública,14695,Fornecimento de medicamentos,1,JUIZADO ESPECIAL CIVEL DE ROSANA,,SAJ,Eletrônico,0,2024-11-11,2026-06-03
00012299420248260279,TJSP,G1,Cumprimento de sentença,156,Tratamento médico-hospitalar,1,02 CUMULATIVA DE ITARARE,,SAJ,Eletrônico,0,2024-11-11,2025-02-06
00008877320248260153,TJSP,G1,Cumprimento de Sentença contra a Fazenda Pública,12078,Fornecimento de medicamentos,1,JUIZADO ESPECIAL CIVEL DE CRAVINHOS,,SAJ,Eletrônico,0,2024-11-11,2025-02-05
00011228820248260137,TJSP,G1,Cumprimento de Sentença contra a Fazenda Pública,12078,Fornecimento de medicamentos,1,JUIZADO ESPECIAL CIVEL CRIM. DE CERQUILHO,,SAJ,Eletrônico,0,2024-11-12,2025-08-12
00001593620258260011,TJSP,G1,Cumprimento de sentença,156,Tratamento médico-hospitalar,1,04 CIVEL DE PINHEIROS,,SAJ,Eletrônico,0,2024-11-12,2025-08-14
00007407620248260111,TJSP,G1,Procedimento do Juizado Especial da Fazenda Pública,14695,Fornecimento de medicamentos,1,JUIZADO ESPECIAL CIVEL CRIM. DE CAJURU,,SAJ,Eletrônico,0,2024-11-12,2026-04-28
00005951920248260370,TJSP,G1,Cumprimento de Sentença contra a Fazenda Pública,12078,Fornecimento de medicamentos,1,JUIZADO ESPECIAL CIVEL CRIM. DE MONTE AZUL PAULISTA,,SAJ,Eletrônico,0,2024-11-12,2025-08-15
00011489420248260102,TJSP,G1,Procedimento do Juizado Especial da Fazenda Pública,14695,Fornecimento de medicamentos,1,JUIZADO ESPECIAL CIVEL CRIM. DE CACHOEIRA PAULISTA,,SAJ,Eletrônico,0,2024-11-12,2026-07-16
00008784520248260369,TJSP,G1,Procedimento do Juizado Especial da Fazenda Pública,14695,Fornecimento de medicamentos,1,JUIZADO ESPECIAL CIVEL CRIM. DE MONTE APRAZIVEL,,SAJ,Eletrônico,0,2024-11-13,2025-08-15
00059103420248260077,TJSP,G1,Cumprimento de sentença,156,Tratamento médico-hospitalar,1,03 CIVEL DE BIRIGUI,,SAJ,Eletrônico,0,2024-11-13,2025-07-09
00009133620248260294,TJSP,G1,Cumprimento de sentença,156,Tratamento médico-hospitalar,1,01 CUMULATIVA DE JACUPIRANGA,,SAJ,Eletrônico,0,2024-11-13,2025-08-14
00011999820248260654,TJSP,G1,Cumprimento de Sentença contra a Fazenda Pública,12078,Fornecimento de medicamentos,1,VARA UNICA DE VARGEM GRANDE PAULISTA,,SAJ,Eletrônico,0,2024-11-14,2025-02-05
00007482320248260315,TJSP,G1,Cumprimento de sentença,156,Fornecimento de medicamentos,1,01 CUMULATIVA DE LARANJAL PAULISTA,,SAJ,Eletrônico,0,2024-11-14,2025-02-06
00011126120238260272,TJSP,G1,Requisição de Pequeno Valor,1266,Fornecimento de medicamentos,1,JUIZADO ESPECIAL CIVEL CRIM. DE ITAPIRA,,SAJ,Eletrônico,0,2024-11-14,2026-04-28
00006864220248260651,TJSP,G1,Requisição de Pequeno Valor,1266,Fornecimento de medicamentos,1,01 CUMULATIVA DE VALPARAISO,,SAJ,Eletrônico,0,2024-11-14,2026-03-17
00008336420248260620,TJSP,G1,Procedimento do Juizado Especial da Fazenda Pública,14695,Fornecimento de medicamentos,1,JUIZADO ESPECIAL CIVEL CRIM. DE TAQUARITUBA,,SAJ,Eletrônico,0,2024-11-14,2025-11-05
00011645720248260390,TJSP,G1,Cumprimento de sentença,156,Fornecimento de medicamentos,1,VARA UNICA DE NOVA GRANADA,,SAJ,Eletrônico,0,2024-11-14,2025-01-09
00007310420248260374,TJSP,G1,Cumprimento de sentença,156,Tratamento médico-hospitalar,1,VARA UNICA DE MORRO AGUDO,,SAJ,Eletrônico,0,2024-11-17,2024-12-13
00000250220258260272,TJSP,G1,Cumprimento de Sentença contra a Fazenda Pública,12078,Fornecimento de medicamentos,1,01 CUMULATIVA DE ITAPIRA,,SAJ,Eletrônico,0,2024-11-18,2026-05-08
00012730220248260025,TJSP,G1,Procedimento do Juizado Especial da Fazenda Pública,14695,Fornecimento de medicamentos,1,JUIZADO ESPECIAL CIVEL CRIM. DE ANGATUBA,,SAJ,Eletrônico,0,2024-11-19,2025-02-05
00007262020248260426,TJSP,G1,Cumprimento de Sentença contra a Fazenda Pública,12078,Fornecimento de medicamentos,1,JUIZADO ESPECIAL CIVEL DE PATROCINIO PAULISTA,,SAJ,Eletrônico,0,2024-11-19,2025-01-10
00007753020248260695,TJSP,G1,Procedimento do Juizado Especial da Fazenda Pública,14695,Fornecimento de medicamentos,1,JUIZADO ESPECIAL CIVEL CRIM. DE NAZARE PAULISTA,,SAJ,Eletrônico,0,2024-11-19,2025-08-12
10000682520248260540,TJSP,G2,Apelação Cível,198,Tratamento médico-hospitalar,1,8ª CÂMARA DE DIREITO PRIVADO,,SAJ,Eletrônico,0,2024-11-21,2025-08-12
00001698020258260011,TJSP,G1,Cumprimento de sentença,156,Tratamento médico-hospitalar,1,04 CIVEL DE PINHEIROS,,SAJ,Eletrônico,0,2024-11-22,2026-02-05
10150433320238260590,TJSP,G2,Apelação Cível,198,Tratamento médico-hospitalar,1,7ª CÂMARA DE DIREITO PRIVADO,,SAJ,Eletrônico,0,2024-11-25,2025-08-12
00010217220248260615,TJSP,G1,Cumprimento de Sentença contra a Fazenda Pública,12078,Fornecimento de medicamentos,1,01 CUMULATIVA DE TANABI,,SAJ,Eletrônico,0,2024-11-25,2026-06-02
00009196720248260383,TJSP,G1,Procedimento do Juizado Especial da Fazenda Pública,14695,Fornecimento de medicamentos,1,JUIZADO ESPECIAL CIVEL CRIM. DE NHANDEARA,,SAJ,Eletrônico,0,2024-11-27,2025-02-05
00012247120248260247,TJSP,G1,Cumprimento de sentença,156,Tratamento médico-hospitalar,1,01 CUMULATIVA DE ILHABELA,,SAJ,Eletrônico,0,2024-11-27,2026-06-03
00009959520248260414,TJSP,G1,Cumprimento de sentença,156,Fornecimento de medicamentos,1,JUIZADO ESPECIAL CIVEL CRIM. DE PALMEIRA D OESTE,,SAJ,Eletrônico,0,2024-11-27,2025-01-10
00011158220248260368,TJSP,G1,Requisição de Pequeno Valor,1266,Fornecimento de medicamentos,1,01 CUMULATIVA DE MONTE ALTO,,SAJ,Eletrônico,0,2024-11-27,2025-08-14
00002453220248260111,TJSP,G1,Requisição de Pequeno Valor,1266,Fornecimento de medicamentos,1,JUIZADO ESPECIAL CIVEL CRIM. DE CAJURU,,SAJ,Eletrônico,0,2024-11-27,2025-02-05
00008680220248260595,TJSP,G1,Cumprimento Provisório de Sentença,157,Fornecimento de medicamentos,1,02 CUMULATIVA DE SERRA NEGRA,,SAJ,Eletrônico,0,2024-11-28,2025-01-10
00004364820248260153,TJSP,G1,Requisição de Pequeno Valor,1266,Fornecimento de medicamentos,1,02 CUMULATIVA DE CRAVINHOS,,SAJ,Eletrônico,0,2024-11-28,2025-02-05
00012044920248260128,TJSP,G1,Cumprimento de Sentença contra a Fazenda Pública,12078,Fornecimento de medicamentos,1,JUIZADO ESPECIAL CIVEL CRIM. DE CARDOSO,,SAJ,Eletrônico,0,2024-11-28,2026-01-08
00003028620238260272,TJSP,G1,Requisição de Pequeno Valor,1266,Fornecimento de medicamentos,1,JUIZADO ESPECIAL CIVEL CRIM. DE ITAPIRA,,SAJ,Eletrônico,0,2024-11-29,2026-05-08
00004992320248260396,TJSP,G1,Requisição de Pequeno Valor,1266,Fornecimento de medicamentos,1,01 CUMULATIVA DE NOVO HORIZONTE,,SAJ,Eletrônico,0,2024-12-02,2025-02-05
00008091120248260111,TJSP,G1,Procedimento do Juizado Especial da Fazenda Pública,14695,Fornecimento de medicamentos,1,JUIZADO ESPECIAL CIVEL CRIM. DE CAJURU,,SAJ,Eletrônico,0,2024-12-02,2026-04-28
00006771720248260575,TJSP,G1,Requisição de Pequeno Valor,1266,Fornecimento de medicamentos,1,JUIZADO ESPECIAL CIVEL DE SAO JOSE DO RIO PARDO,,SAJ,Eletrônico,0,2024-12-02,2025-02-06
00011465720248260480,TJSP,G1,Procedimento do Juizado Especial da Fazenda Pública,14695,Fornecimento de medicamentos,1,JUIZADO ESPECIAL CIVEL CRIM. DE PRESIDENTE BERNARDES,,SAJ,Eletrônico,0,2024-12-03,2025-08-14
00010286620258260506,TJSP,G1,Cumprimento de sentença,156,Tratamento médico-hospitalar,1,03 CIVEL DE RIBEIRAO PRETO,,SAJ,Eletrônico,0,2024-12-04,2025-02-06
00009518320248260153,TJSP,G1,Procedimento do Juizado Especial da Fazenda Pública,14695,Fornecimento de medicamentos,1,JUIZADO ESPECIAL CIVEL DE CRAVINHOS,,SAJ,Eletrônico,0,2024-12-04,2026-07-16
00009483120248260153,TJSP,G1,Procedimento do Juizado Especial da Fazenda Pública,14695,Fornecimento de medicamentos,1,JUIZADO ESPECIAL CIVEL DE CRAVINHOS,,SAJ,Eletrônico,0,2024-12-04,2025-02-05
00003594320258260011,TJSP,G1,Cumprimento de sentença,156,Tratamento médico-hospitalar,1,04 CIVEL DE PINHEIROS,,SAJ,Eletrônico,0,2024-12-05,2025-02-05
00003245420258260053,TJSP,G1,Cumprimento Provisório de Decisão,10980,Fornecimento de medicamentos,1,10 FAZENDA PUBLICA DE CENTRAL,,SAJ,Eletrônico,0,2024-12-05,2026-06-03
00011677120248260629,TJSP,G1,Cumprimento de sentença,156,Custeio de Assistência Médica,1,JUIZADO ESPECIAL CIVEL CRIM. DE TIETE,,SAJ,Eletrônico,0,2024-12-05,2025-08-14
10105648020218260100,TJSP,G2,Apelação Cível,198,Tratamento médico-hospitalar,1,2ª CÂMARA DE DIREITO PRIVADO,,SAJ,Eletrônico,0,2024-12-06,2025-08-12
00009235120248260142,TJSP,G1,Cumprimento de Sentença contra a Fazenda Pública,12078,Fornecimento de medicamentos,1,VARA UNICA DE COLINA,,SAJ,Eletrônico,0,2024-12-06,2026-05-08
00011592220248260459,TJSP,G1,Cumprimento de Sentença contra a Fazenda Pública,12078,Fornecimento de medicamentos,1,JUIZADO ESPECIAL CIVEL E CRIMINAL DE PITANGUEIRAS,,SAJ,Eletrônico,0,2024-12-06,2025-08-14
00010724320248260596,TJSP,G1,Cumprimento de sentença,156,Fornecimento de medicamentos,1,JUIZADO ESPECIAL CIVEL CRIM. DE SERRANA,,SAJ,Eletrônico,0,2024-12-07,2025-08-11
00000740820258260510,TJSP,G1,Cumprimento de sentença,156,Tratamento médico-hospitalar,1,02 CIVEL DE RIO CLARO,,SAJ,Eletrônico,0,2024-12-11,2025-02-05
00007615320248260240,TJSP,G1,Procedimento do Juizado Especial da Fazenda Pública,14695,Fornecimento de medicamentos,1,JUIZADO ESPECIAL CIVEL DE IEPE,,SAJ,Eletrônico,0,2024-12-11,2025-08-14
00003861920258260272,TJSP,G1,Cumprimento de Sentença contra a Fazenda Pública,12078,Fornecimento de medicamentos,1,JUIZADO ESPECIAL CIVEL CRIM. DE ITAPIRA,,SAJ,Eletrônico,0,2024-12-12,2026-05-08
00000044220258260590,TJSP,G1,Cumprimento de sentença,156,Tratamento médico-hospitalar,1,01 CIVEL DE SAO VICENTE,,SAJ,Eletrônico,0,2024-12-12,2025-02-06
00004968320248260488,TJSP,G1,Procedimento do Juizado Especial da Fazenda Pública,14695,Fornecimento de medicamentos,1,JUIZADO ESPECIAL CIVEL E CRIMINAL DE QUELUZ,,SAJ,Eletrônico,0,2024-12-12,2026-06-02
00009681120248260383,TJSP,G1,Cumprimento de sentença,156,Fornecimento de medicamentos,1,VARA UNICA DE NHANDEARA,,SAJ,Eletrônico,0,2024-12-12,2026-05-08
10193995820238260562,TJSP,G2,Apelação Cível,198,Tratamento médico-hospitalar,1,6ª CÂMARA DE DIREITO PRIVADO,,SAJ,Eletrônico,0,2024-12-12,2025-08-12
00009933520248260153,TJSP,G1,Procedimento do Juizado Especial da Fazenda Pública,14695,Fornecimento de medicamentos,1,JUIZADO ESPECIAL CIVEL DE CRAVINHOS,,SAJ,Eletrônico,0,2024-12-16,2025-02-05
00025342820248260081,TJSP,G1,Cumprimento de sentença,156,Fornecimento de medicamentos,1,02 CUMULATIVA DE ADAMANTINA,,SAJ,Eletrônico,0,2024-12-16,2025-08-15
00002801820258260576,TJSP,G1,Cumprimento de sentença,156,Tratamento médico-hospitalar,1,02 CIVEL DE SAO JOSE DO RIO PRETO,,SAJ,Eletrônico,0,2024-12-18,2025-02-06
00000592420258260224,TJSP,G1,Cumprimento Provisório de Decisão,10980,Tratamento médico-hospitalar,1,03 CIVEL DE GUARULHOS,,SAJ,Eletrônico,0,2024-12-18,2025-02-06
00002634820258260554,TJSP,G1,Cumprimento de sentença,156,Fornecimento de medicamentos,1,03 CIVEL DE SANTO ANDRE,,SAJ,Eletrônico,0,2024-12-18,2025-07-09
00002501120258260114,TJSP,G1,Cumprimento de sentença,156,Tratamento médico-hospitalar,1,09 CIVEL DE CAMPINAS,,SAJ,Eletrônico,0,2024-12-18,2025-02-06
00007850820248260426,TJSP,G1,Procedimento do Juizado Especial da Fazenda Pública,14695,Fornecimento de medicamentos,1,JUIZADO ESPECIAL CIVEL DE PATROCINIO PAULISTA,,SAJ,Eletrônico,0,2024-12-18,2025-02-06
00000171720258260210,TJSP,G1,Cumprimento de sentença,156,Fornecimento de medicamentos,1,01 CUMULATIVA DE GUAIRA,,SAJ,Eletrônico,0,2024-12-18,2026-06-02
00005371320258260004,TJSP,G1,Cumprimento de sentença,156,Fornecimento de medicamentos,1,02 CIVEL DE LAPA,,SAJ,Eletrônico,0,2024-12-18,2025-02-06
00004211320258260196,TJSP,G1,Cumprimento de sentença,156,Fornecimento de medicamentos,1,FAZENDA PUBLICA DE FRANCA,,SAJ,Eletrônico,0,2024-12-18,2026-07-16
00004998720248260698,TJSP,G1,Cumprimento Provisório de Sentença,157,Fornecimento de medicamentos,1,VARA UNICA DE PIRANGI,,SAJ,Eletrônico,0,2024-12-18,2025-08-11
00000349120258260650,TJSP,G1,Cumprimento de sentença,156,Tratamento médico-hospitalar,1,03 CUMULATIVA DE VALINHOS,,SAJ,Eletrônico,0,2024-12-19,2026-05-08
00005007220248260698,TJSP,G1,Procedimento do Juizado Especial da Fazenda Pública,14695,Fornecimento de medicamentos,1,JUIZADO ESPECIAL CIVEL DE PIRANGI,,SAJ,Eletrônico,0,2024-12-19,2025-02-06
00000364320258260462,TJSP,G1,Cumprimento de sentença,156,Tratamento médico-hospitalar,1,02 CIVEL DE POA,,SAJ,Eletrônico,0,2024-12-19,2026-05-08
00001284020258260100,TJSP,G1,Cumprimento de sentença,156,Tratamento médico-hospitalar,1,23 CIVEL DE CENTRAL,,SAJ,Eletrônico,0,2024-12-19,2026-06-02
00000381720258260590,TJSP,G1,Cumprimento de sentença,156,Tratamento médico-hospitalar,1,01 CIVEL DE SAO VICENTE,,SAJ,Eletrônico,0,2024-12-19,2025-08-14
00000687020258260002,TJSP,G1,Cumprimento Provisório de Decisão,10980,Tratamento médico-hospitalar,1,14 CIVEL DE SANTO AMARO,,SAJ,Eletrônico,0,2024-12-19,2025-02-06
00000166620258260619,TJSP,G1,Cumprimento de sentença,156,Fornecimento de medicamentos,1,02 CUMULATIVA DE TAQUARITINGA,,SAJ,Eletrônico,0,2024-12-19,2026-06-01
00004501820258260114,TJSP,G1,Cumprimento de sentença,156,Serviços Hospitalares,1,01 CIVEL DE CAMPINAS,,SAJ,Eletrônico,0,2024-12-20,2026-05-08
00003795820258260100,TJSP,G1,Cumprimento de sentença,156,Tratamento médico-hospitalar,1,01 CIVEL DE CENTRAL,,SAJ,Eletrônico,0,2024-12-20,2026-05-08
00001837620258260007,TJSP,G1,Cumprimento Provisório de Sentença,157,Tratamento médico-hospitalar,1,Juízo Titular I - 3ª Vara Cível - Regional VII - Itaquera,3550308.0,Projudi,Eletrônico,0,2024-12-20,2026-07-08
00003484120258260002,TJSP,G1,Cumprimento Provisório de Sentença,157,Tratamento médico-hospitalar,1,03 CIVEL DE SANTO AMARO,,SAJ,Eletrônico,0,2024-12-23,2025-02-06
00000023720258260634,TJSP,G1,Cumprimento de sentença,156,Fornecimento de medicamentos,1,02 CUMULATIVA DE TREMEMBE,,SAJ,Eletrônico,0,2024-12-23,2025-02-05
00000261320258260619,TJSP,G1,Cumprimento Provisório de Sentença,157,Tratamento médico-hospitalar,1,JUIZADO ESPECIAL CIVEL CRIM. DE TAQUARITINGA,,SAJ,Eletrônico,0,2024-12-26,2025-02-05
00006073320258260100,TJSP,G1,Cumprimento de sentença,156,Tratamento médico-hospitalar,1,32 CIVEL DE CENTRAL,,SAJ,Eletrônico,0,2024-12-27,2025-08-14
00002129320258260309,TJSP,G1,Cumprimento de sentença,156,Tratamento médico-hospitalar,1,03 CIVEL DE JUNDIAI,,SAJ,Eletrônico,0,2024-12-30,2025-07-09
00009021720258260053,TJSP,G1,Cumprimento de sentença,156,Fornecimento de medicamentos,1,09 FAZENDA PUBLICA DE CENTRAL,,SAJ,Eletrônico,0,2024-12-30,2026-06-03
00000598720258260009,TJSP,G1,Cumprimento Provisório de Sentença,157,Fornecimento de medicamentos,1,01 CIVEL DE VILA PRUDENTE,,SAJ,Eletrônico,0,2025-01-02,2026-03-17
00002245520258260100,TJSP,G1,Cumprimento de sentença,156,Tratamento médico-hospitalar,1,23 CIVEL DE CENTRAL,,SAJ,Eletrônico,0,2025-01-02,2025-08-15
00000492120258260566,TJSP,G1,Cumprimento de Sentença contra a Fazenda Pública,12078,Fornecimento de medicamentos,1,FAZENDA PUBLICA DE SAO CARLOS,,SAJ,Eletrônico,0,2025-01-04,2025-08-14
00002719220258260564,TJSP,G1,Cumprimento de sentença,156,Tratamento médico-hospitalar,1,09 CIVEL DE SAO BERNARDO DO CAMPO,,SAJ,Eletrônico,0,2025-01-04,2025-02-06
00000521620258260100,TJSP,G1,Cumprimento de sentença,156,Tratamento médico-hospitalar,1,10 CIVEL DE CENTRAL,,SAJ,Eletrônico,0,2025-01-06,2026-06-02
00001137120258260003,TJSP,G1,Cumprimento Provisório de Sentença,157,Tratamento Domiciliar (Home Care),1,06 CIVEL DE JABAQUARA,,SAJ,Eletrônico,0,2025-01-06,2025-02-06
00000504620258260100,TJSP,G1,Cumprimento Provisório de Sentença,157,Tratamento médico-hospitalar,1,30 CIVEL DE CENTRAL,,SAJ,Eletrônico,0,2025-01-06,2025-02-05
00002588520258260114,TJSP,G1,Cumprimento de sentença,156,Tratamento médico-hospitalar,1,08 CIVEL DE CAMPINAS,,SAJ,Eletrônico,0,2025-01-06,2026-05-08
00001080920258260663,TJSP,G1,Cumprimento de sentença,156,Fornecimento de medicamentos,1,VARA DO JUIZADO ESPECIAL CIVEL E CRIMINAL DE VOTORANTIM,,SAJ,Eletrônico,0,2025-01-06,2026-06-03
00001099120258260663,TJSP,G1,Cumprimento de Sentença contra a Fazenda Pública,12078,Fornecimento de medicamentos,1,VARA DO JUIZADO ESPECIAL CIVEL E CRIMINAL DE VOTORANTIM,,SAJ,Eletrônico,0,2025-01-06,2025-02-06
00000076620258260664,TJSP,G1,Cumprimento de Sentença contra a Fazenda Pública,12078,Custeio de Assistência Médica,1,03 CUMULATIVA DE VOTUPORANGA,,SAJ,Eletrônico,0,2025-01-06,2025-02-06
00000781920258260066,TJSP,G1,Cumprimento Provisório de Sentença,157,Fornecimento de medicamentos,1,03 CIVEL DE BARRETOS,,SAJ,Eletrônico,0,2025-01-07,2025-08-15
00000071520258260390,TJSP,G1,Cumprimento de Sentença contra a Fazenda Pública,12078,Fornecimento de medicamentos,1,JUIZADO ESPECIAL CIVEL CRIM. DE NOVA GRANADA,,SAJ,Eletrônico,0,2025-01-07,2025-02-05
00003215820258260002,TJSP,G1,Cumprimento de sentença,156,Tratamento médico-hospitalar,1,14 CIVEL DE SANTO AMARO,,SAJ,Eletrônico,0,2025-01-07,2026-06-03
00000643520258260066,TJSP,G1,Cumprimento de Sentença contra a Fazenda Pública,12078,Fornecimento de medicamentos,1,VARA JUIZADO ESP. CIVEL CRIM. DE BARRETOS,,SAJ,Eletrônico,0,2025-01-07,2025-02-05
00007242420258260100,TJSP,G1,Cumprimento Provisório de Decisão,10980,Tratamento médico-hospitalar,1,04 CIVEL DE CENTRAL,,SAJ,Eletrônico,0,2025-01-07,2026-04-28
00002808820258260100,TJSP,G1,Cumprimento de sentença,156,Serviços Hospitalares,1,07 CIVEL DE CENTRAL,,SAJ,Eletrônico,0,2025-01-07,2025-02-05
00000120620258260659,TJSP,G1,Cumprimento Provisório de Sentença,157,Fornecimento de medicamentos,1,03 CUMULATIVA DE VINHEDO,,SAJ,Eletrônico,0,2025-01-07,2026-06-03
00004451120248260185,TJSP,G2,Apelação Cível,198,Fornecimento de medicamentos,1,7ª CÂMARA DE DIREITO PÚBLICO,,SAJ,Eletrônico,0,2025-01-07,2025-08-12
00000500620258260566,TJSP,G1,Cumprimento de sentença,156,Fornecimento de medicamentos,1,FAZENDA PUBLICA DE SAO CARLOS,,SAJ,Eletrônico,0,2025-01-07,2025-08-14
00002024320258260602,TJSP,G1,Cumprimento de Sentença contra a Fazenda Pública,12078,Fornecimento de medicamentos,1,ANEXO DO JUIZADO ESPECIAL DA FAZENDA PÚBLICA DE SOROCABA,,SAJ,Eletrônico,0,2025-01-08,2025-02-06
00007380820258260100,TJSP,G1,Cumprimento Provisório de Sentença,157,Tratamento médico-hospitalar,1,26 CIVEL DE CENTRAL,,SAJ,Eletrônico,0,2025-01-08,2025-02-05
00006134320258260002,TJSP,G1,Cumprimento de sentença,156,Tratamento Domiciliar (Home Care),1,03 CIVEL DE SANTO AMARO,,SAJ,Eletrônico,0,2025-01-08,2025-02-06
00007545920258260100,TJSP,G1,Cumprimento Provisório de Decisão,10980,Tratamento médico-hospitalar,1,Juízo Titular II - 11ª Vara Cível - Foro Central Cível,3550308.0,Projudi,Eletrônico,0,2025-01-08,2026-06-09
00000935120258260045,TJSP,G1,Cumprimento de sentença,156,Tratamento médico-hospitalar,1,01 CUMULATIVA DE ARUJA,,SAJ,Eletrônico,0,2025-01-08,2026-06-03
00006293720258260506,TJSP,G1,Cumprimento Provisório de Sentença,157,Tratamento médico-hospitalar,1,09 CIVEL DE RIBEIRAO PRETO,,SAJ,Eletrônico,0,2025-01-08,2025-07-09
00008283220258260224,TJSP,G1,Cumprimento Provisório de Decisão,10980,Tratamento médico-hospitalar,1,08 CIVEL DE GUARULHOS,,SAJ,Eletrônico,0,2025-01-08,2026-06-02
00001935920258260577,TJSP,G1,Cumprimento de sentença,156,Tratamento médico-hospitalar,1,Juízo Titular I - 3ª Vara Cível da Comarca de São José dos Campos,3549904.0,Projudi,Eletrônico,0,2025-01-08,2026-07-06
00000969720258260047,TJSP,G1,Cumprimento de sentença,156,Serviços Hospitalares,1,02 CIVEL DE ASSIS,,SAJ,Eletrônico,0,2025-01-08,2026-06-02
00001043120258260126,TJSP,G1,Cumprimento de sentença,156,Tratamento médico-hospitalar,1,01 CIVEL DE CARAGUATATUBA,,SAJ,Eletrônico,0,2025-01-09,2025-02-05
00004552820258260506,TJSP,G1,Cumprimento Provisório de Decisão,10980,Fornecimento de medicamentos,1,01 FAZENDA PUBLICA DE RIBEIRAO PRETO,,SAJ,Eletrônico,0,2025-01-09,2026-04-15
00002309320258260510,TJSP,G1,Cumprimento Provisório de Sentença,157,Tratamento médico-hospitalar,1,02 CIVEL DE RIO CLARO,,SAJ,Eletrônico,0,2025-01-09,2026-04-28
00004657220258260506,TJSP,G1,Procedimento do Juizado Especial da Fazenda Pública,14695,Fornecimento de medicamentos,1,JUIZADO ESP. DA FAZENDA PUBLICA DE RIBEIRAO PRETO,,SAJ,Eletrônico,0,2025-01-09,2026-06-02
00000061920258260426,TJSP,G1,Cumprimento de Sentença contra a Fazenda Pública,12078,Fornecimento de medicamentos,1,JUIZADO ESPECIAL CIVEL DE PATROCINIO PAULISTA,,SAJ,Eletrônico,0,2025-01-09,2025-07-08
00000095420258260464,TJSP,G1,Procedimento do Juizado Especial da Fazenda Pública,14695,Fornecimento de medicamentos,1,JUIZADO ESPECIAL CIVEL E CRIM. DE POMPÉIA,,SAJ,Eletrônico,0,2025-01-10,2025-08-14
00016623520258260224,TJSP,G1,Cumprimento Provisório de Decisão,10980,Tratamento médico-hospitalar,1,10 CIVEL DE GUARULHOS,,SAJ,Eletrônico,0,2025-01-10,2025-07-09
00001352720258260037,TJSP,G1,Cumprimento Provisório de Decisão,10980,Custeio de Assistência Médica,1,FAZENDA PUBLICA DE ARARAQUARA,,SAJ,Eletrônico,0,2025-01-10,2025-08-14
00002913020258260032,TJSP,G1,Cumprimento de Sentença contra a Fazenda Pública,12078,Fornecimento de medicamentos,1,FAZENDA PUBLICA DE ARACATUBA,,SAJ,Eletrônico,0,2025-01-12,2026-07-24
00000555020258260106,TJSP,G1,Cumprimento de sentença,156,Tratamento médico-hospitalar,1,01 CUMULATIVA DE CAIEIRAS,,SAJ,Eletrônico,0,2025-01-12,2026-02-05
00000873320258260663,TJSP,G1,Cumprimento de sentença,156,Tratamento médico-hospitalar,1,02 CIVEL DE VOTORANTIM,,SAJ,Eletrônico,0,2025-01-13,2025-07-09
00000934920258260272,TJSP,G1,Cumprimento de sentença,156,Fornecimento de medicamentos,1,JUIZADO ESPECIAL CIVEL CRIM. DE ITAPIRA,,SAJ,Eletrônico,0,2025-01-13,2026-02-05
00000067620258260698,TJSP,G1,Cumprimento Provisório de Sentença,157,Fornecimento de medicamentos,1,VARA UNICA DE PIRANGI,,SAJ,Eletrônico,0,2025-01-13,2025-02-06
00000032420258260698,TJSP,G1,Procedimento do Juizado Especial da Fazenda Pública,14695,Fornecimento de medicamentos,1,JUIZADO ESPECIAL CIVEL DE PIRANGI,,SAJ,Eletrônico,0,2025-01-13,2025-07-07
00006415120258260506,TJSP,G1,Procedimento do Juizado Especial da Fazenda Pública,14695,Fornecimento de medicamentos,1,JUIZADO ESP. DA FAZENDA PUBLICA DE RIBEIRAO PRETO,,SAJ,Eletrônico,0,2025-01-13,2025-02-06
00003264920258260562,TJSP,G1,Cumprimento de Sentença contra a Fazenda Pública,12078,Custeio de Assistência Médica,1,01 ACIDENTES TRABALHO DE SANTOS,,SAJ,Eletrônico,0,2025-01-13,2026-06-02
00011243820258260100,TJSP,G1,Cumprimento Provisório de Decisão,10980,Tratamento médico-hospitalar,1,16 CIVEL DE CENTRAL,,SAJ,Eletrônico,0,2025-01-13,2025-08-14
00001091420258260624,TJSP,G1,Procedimento do Juizado Especial da Fazenda Pública,14695,Fornecimento de medicamentos,1,VARA JUIZADO ESP. CIVEL CRIM. DE TATUI,,SAJ,Eletrônico,0,2025-01-13,2025-02-06
00012678220258260114,TJSP,G1,Cumprimento de sentença,156,Serviços Hospitalares,1,03 CIVEL DE CAMPINAS,,SAJ,Eletrônico,0,2025-01-13,2026-04-28
00003239420258260562,TJSP,G1,Cumprimento de sentença,156,Fornecimento de medicamentos,1,05 CIVEL DE SANTOS,,SAJ,Eletrônico,0,2025-01-13,2025-08-14
00000999220258260066,TJSP,G1,Cumprimento de Sentença contra a Fazenda Pública,12078,Fornecimento de medicamentos,1,02 CRIMINAL DE BARRETOS,,SAJ,Eletrônico,0,2025-01-13,2025-11-05
00001596920258260097,TJSP,G1,Cumprimento Provisório de Sentença,157,Fornecimento de medicamentos,1,01 CUMULATIVA DE BURITAMA,,SAJ,Eletrônico,0,2025-01-13,2026-04-15
00001507520258260625,TJSP,G1,Cumprimento de Sentença contra a Fazenda Pública,12078,Fornecimento de medicamentos,1,FAZENDA PUBLICA DE TAUBATE,,SAJ,Eletrônico,0,2025-01-13,2025-02-05
00002720920258260037,TJSP,G1,Cumprimento de Sentença contra a Fazenda Pública,12078,Fornecimento de medicamentos,1,FAZENDA PUBLICA DE ARARAQUARA,,SAJ,Eletrônico,0,2025-01-14,2025-08-14
00002165420258260011,TJSP,G1,Cumprimento de sentença,156,Tratamento médico-hospitalar,1,02 CIVEL DE PINHEIROS,,SAJ,Eletrônico,0,2025-01-14,2025-08-14
00009281420258260506,TJSP,G1,Cumprimento de sentença,156,Tratamento médico-hospitalar,1,10 CIVEL DE RIBEIRAO PRETO,,SAJ,Eletrônico,0,2025-01-14,2025-02-06
00003137120258260361,TJSP,G1,Cumprimento Provisório de Sentença,157,Fornecimento de medicamentos,1,04 CIVEL DE MOGI DAS CRUZES,,SAJ,Eletrônico,0,2025-01-14,2026-03-17
00004277220258260405,TJSP,G1,Cumprimento de sentença,156,Tratamento médico-hospitalar,1,Juízo Titular I - 7ª Vara Civel da Comarca de Osasco,3534401.0,Projudi,Eletrônico,0,2025-01-14,2026-07-02
00002085320258260019,TJSP,G1,Cumprimento de sentença,156,Fornecimento de medicamentos,1,02 CIVEL DE AMERICANA,,SAJ,Eletrônico,0,2025-01-14,2025-02-05
00011703020258260002,TJSP,G1,Cumprimento Provisório de Sentença,157,Fornecimento de medicamentos,1,05 CIVEL DE SANTO AMARO,,SAJ,Eletrônico,0,2025-01-14,2025-02-06
00009771520258260002,TJSP,G1,Cumprimento de sentença,156,Serviços Hospitalares,1,13 CIVEL DE SANTO AMARO,,SAJ,Eletrônico,0,2025-01-14,2025-02-06
00013192620258260002,TJSP,G1,Cumprimento Provisório de Decisão,10980,Fornecimento de medicamentos,1,Juízo Titular II - 2ª Vara Cível - Regional II - Santo Amaro,3550308.0,Projudi,Eletrônico,0,2025-01-14,2026-07-04
00000820820258260082,TJSP,G1,Reclamação Pré-processual,11875,Serviços Hospitalares,1,CEJUSC (Pré-Processual),,SAJ,Eletrônico,0,2025-01-14,2025-02-05
00009503220258260002,TJSP,G1,Cumprimento de sentença,156,Tratamento médico-hospitalar,1,12 CIVEL DE SANTO AMARO,,SAJ,Eletrônico,0,2025-01-14,2026-06-03
00016890220258260100,TJSP,G1,Cumprimento de sentença,156,Tratamento médico-hospitalar,1,37 CIVEL DE CENTRAL,,SAJ,Eletrônico,0,2025-01-14,2025-02-05
00014084620258260100,TJSP,G1,Cumprimento de sentença,156,Serviços Hospitalares,1,06 CIVEL DE CENTRAL,,SAJ,Eletrônico,0,2025-01-14,2025-02-05
00001050220258260066,TJSP,G1,Cumprimento de Sentença contra a Fazenda Pública,12078,Fornecimento de medicamentos,1,VARA JUIZADO ESP. CIVEL CRIM. DE BARRETOS,,SAJ,Eletrônico,0,2025-01-14,2025-02-05
00001483720258260292,TJSP,G1,Cumprimento Provisório de Decisão,10980,Fornecimento de medicamentos,1,01 CIVEL DE JACAREI,,SAJ,Eletrônico,0,2025-01-14,2026-06-02
00026785220258260053,TJSP,G1,Cumprimento Provisório de Sentença,157,Fornecimento de medicamentos,1,10 FAZENDA PUBLICA DE CENTRAL,,SAJ,Eletrônico,0,2025-01-14,2025-02-06
00000577320258260347,TJSP,G1,Procedimento do Juizado Especial da Fazenda Pública,14695,Fornecimento de medicamentos,1,VARA JUIZADO ESP. CIVEL CRIM. DE MATAO,,SAJ,Eletrônico,0,2025-01-14,2025-08-14
00000335820258260666,TJSP,G1,Cumprimento de sentença,156,Fornecimento de medicamentos,1,JUIZADO ESPECIAL CIVEL DE ARTUR NOGUEIRA,,SAJ,Eletrônico,0,2025-01-14,2025-02-05
00003613020258260361,TJSP,G1,Cumprimento Provisório de Sentença,157,Tratamento médico-hospitalar,1,03 CIVEL DE MOGI DAS CRUZES,,SAJ,Eletrônico,0,2025-01-15,2026-03-17
00004451020258260562,TJSP,G1,Cumprimento de sentença,156,Tratamento médico-hospitalar,1,04 CIVEL DE SANTOS,,SAJ,Eletrônico,0,2025-01-15,2026-03-17
00007910520258260224,TJSP,G1,Cumprimento Provisório de Sentença,157,Tratamento Domiciliar (Home Care),1,07 CIVEL DE GUARULHOS,,SAJ,Eletrônico,0,2025-01-15,2025-02-06
00015505020258260100,TJSP,G1,Cumprimento Provisório de Decisão,10980,Tratamento médico-hospitalar,1,Juízo Titular II - 14ª Vara Cível - Foro Central Cível,3550308.0,Projudi,Eletrônico,0,2025-01-15,2026-07-02
00011897720258260053,TJSP,G1,Cumprimento de Sentença contra a Fazenda Pública,12078,Fornecimento de medicamentos,1,05 FAZENDA PUBLICA DE CENTRAL,,SAJ,Eletrônico,0,2025-01-15,2025-02-06
00000122520258260588,TJSP,G1,Ação Civil Pública,65,Tratamento médico-hospitalar,1,VARA UNICA DE SAO SEBASTIAO DA GRAMA,,SAJ,Eletrônico,0,2025-01-15,2025-02-06
00005402620258260405,TJSP,G1,Cumprimento Provisório de Decisão,10980,Tratamento médico-hospitalar,1,06 CIVEL DE OSASCO,,SAJ,Eletrônico,0,2025-01-15,2026-01-08
00003148220258260223,TJSP,G1,Cumprimento de sentença,156,Tratamento médico-hospitalar,1,02 CIVEL DE GUARUJA,,SAJ,Eletrônico,0,2025-01-15,2025-08-15
00017055320258260100,TJSP,G1,Cumprimento de sentença,156,Tratamento médico-hospitalar,1,40 CIVEL DE CENTRAL,,SAJ,Eletrônico,0,2025-01-15,2025-08-14
00017168220258260100,TJSP,G1,Liquidação Provisória por Arbitramento,153,Tratamento médico-hospitalar,1,39 CIVEL DE CENTRAL,,SAJ,Eletrônico,0,2025-01-15,2025-02-05
00003067920258260361,TJSP,G1,Cumprimento Provisório de Decisão,10980,Fornecimento de medicamentos,1,05 CIVEL DE MOGI DAS CRUZES,,SAJ,Eletrônico,0,2025-01-15,2026-06-01
00013270320258260002,TJSP,G1,Cumprimento de sentença,156,Fornecimento de medicamentos,1,15º CIVEL DE SANTO AMARO,,SAJ,Eletrônico,0,2025-01-16,2025-08-14
00007840320258260001,TJSP,G1,Cumprimento de sentença,156,Fornecimento de medicamentos,1,06 CIVEL DE SANTANA,,SAJ,Eletrônico,0,2025-01-16,2025-02-05
00004117320258260032,TJSP,G1,Cumprimento Provisório de Decisão,10980,Fornecimento de medicamentos,1,02 EXECUCOES CRIMINAIS DE ARACATUBA,,SAJ,Eletrônico,0,2025-01-16,2026-07-24
00001668320258260704,TJSP,G1,Cumprimento Provisório de Sentença,157,Tratamento médico-hospitalar,1,02 CIVEL DE BUTANTA,,SAJ,Eletrônico,0,2025-01-16,2026-06-01
00001974420258260077,TJSP,G1,Cumprimento de sentença,156,Tratamento médico-hospitalar,1,01 CIVEL DE BIRIGUI,,SAJ,Eletrônico,0,2025-01-16,2025-07-09
00001247820258260366,TJSP,G1,Cumprimento Provisório de Decisão,10980,Fornecimento de medicamentos,1,01 CUMULATIVA DE MONGAGUA,,SAJ,Eletrônico,0,2025-01-16,2026-04-15
00000287820258260070,TJSP,G1,Procedimento do Juizado Especial da Fazenda Pública,14695,Fornecimento de medicamentos,1,VARA JUIZADO ESP. CIVEL CRIM. DE BATATAIS,,SAJ,Eletrônico,0,2025-01-16,2025-11-05
00002858620258260011,TJSP,G1,Cumprimento de sentença,156,Fornecimento de medicamentos,1,05 CIVEL DE PINHEIROS,,SAJ,Eletrônico,0,2025-01-16,2025-08-14
00003041420258260037,TJSP,G1,Cumprimento de sentença,156,Fornecimento de medicamentos,1,FAZENDA PUBLICA DE ARARAQUARA,,SAJ,Eletrônico,0,2025-01-16,2025-02-05
00000880720258260505,TJSP,G1,Cumprimento Provisório de Sentença,157,Tratamento médico-hospitalar,1,03 CUMULATIVA DE RIBEIRAO PIRES,,SAJ,Eletrônico,0,2025-01-16,2026-05-08
00022659220258260100,TJSP,G1,Cumprimento de sentença,156,Tratamento médico-hospitalar,1,05 CIVEL DE CENTRAL,,SAJ,Eletrônico,0,2025-01-16,2025-07-09
00000538320258260493,TJSP,G1,Cumprimento de Sentença contra a Fazenda Pública,12078,Fornecimento de medicamentos,1,JUIZADO ESPECIAL CIVEL CRIM. DE REGENTE FEIJO,,SAJ,Eletrônico,0,2025-01-16,2025-08-14
00001734920258260066,TJSP,G1,Cumprimento de Sentença contra a Fazenda Pública,12078,Fornecimento de medicamentos,1,VARA JUIZADO ESP. CIVEL CRIM. DE BARRETOS,,SAJ,Eletrônico,0,2025-01-16,2025-02-05
00009964520258260576,TJSP,G1,Cumprimento de sentença,156,Tratamento médico-hospitalar,1,04 CIVEL DE SAO JOSE DO RIO PRETO,,SAJ,Eletrônico,0,2025-01-17,2026-06-02
00014223320258260002,TJSP,G1,Cumprimento Provisório de Decisão,10980,Tratamento médico-hospitalar,1,14 CIVEL DE SANTO AMARO,,SAJ,Eletrônico,0,2025-01-17,2026-05-08
00006566720258260361,TJSP,G1,Cumprimento de sentença,156,Serviços Hospitalares,2,04 CIVEL DE MOGI DAS CRUZES,,SAJ,Eletrônico,0,2025-01-17,2025-02-06
00014695920258260114,TJSP,G1,Cumprimento de sentença,156,Tratamento médico-hospitalar,1,10 CIVEL DE CAMPINAS,,SAJ,Eletrônico,0,2025-01-17,2025-02-06
00000945020258260493,TJSP,G1,Cumprimento de sentença,156,Fornecimento de medicamentos,1,JUIZADO ESPECIAL CIVEL CRIM. DE REGENTE FEIJO,,SAJ,Eletrônico,0,2025-01-17,2025-02-06
00005184220258260348,TJSP,G1,Cumprimento de sentença,156,Tratamento médico-hospitalar,1,01 CIVEL DE MAUA,,SAJ,Eletrônico,0,2025-01-17,2026-05-08
00001652920258260048,TJSP,G1,Cumprimento de sentença,156,Tratamento médico-hospitalar,1,03 CIVEL DE ATIBAIA,,SAJ,Eletrônico,0,2025-01-17,2026-02-05
00010209220258260602,TJSP,G1,Cumprimento de sentença,156,Tratamento médico-hospitalar,1,06 CIVEL DE SOROCABA,,SAJ,Eletrônico,0,2025-01-17,2025-02-06
00010182520258260602,TJSP,G1,Cumprimento de sentença,156,Tratamento médico-hospitalar,1,06 CIVEL DE SOROCABA,,SAJ,Eletrônico,0,2025-01-17,2025-02-06
00011392320258260224,TJSP,G1,Cumprimento Provisório de Decisão,10980,Tratamento médico-hospitalar,1,05 CIVEL DE GUARULHOS,,SAJ,Eletrônico,0,2025-01-17,2026-04-15
00001138020258260291,TJSP,G1,Cumprimento Provisório de Sentença,157,Fornecimento de medicamentos,1,02 CUMULATIVA DE JABOTICABAL,,SAJ,Eletrônico,0,2025-01-18,2026-05-08
00013915420258260053,TJSP,G1,Cumprimento de sentença,156,Fornecimento de medicamentos,1,02 FAZENDA PUBLICA DE CENTRAL,,SAJ,Eletrônico,0,2025-01-18,2025-08-14
00008377820258260196,TJSP,G1,Cumprimento de sentença,156,Tratamento médico-hospitalar,1,04 CIVEL DE FRANCA,,SAJ,Eletrônico,0,2025-01-19,2025-07-08
00001740920258260624,TJSP,G1,Cumprimento de Sentença contra a Fazenda Pública,12078,Fornecimento de medicamentos,1,VARA JUIZADO ESP. CIVEL CRIM. DE TATUI,,SAJ,Eletrônico,0,2025-01-20,2026-05-08
00005700620258260003,TJSP,G1,Cumprimento de sentença,156,Tratamento médico-hospitalar,1,06 CIVEL DE JABAQUARA,,SAJ,Eletrônico,0,2025-01-20,2025-02-06
00000659720258260493,TJSP,G1,Cumprimento de Sentença contra a Fazenda Pública,12078,Fornecimento de medicamentos,1,JUIZADO ESPECIAL CIVEL CRIM. DE REGENTE FEIJO,,SAJ,Eletrônico,0,2025-01-20,2026-02-09
00006047520258260004,TJSP,G1,Cumprimento de sentença,156,Serviços Hospitalares,1,02 CIVEL DE LAPA,,SAJ,Eletrônico,0,2025-01-20,2025-02-06
00000728920258260493,TJSP,G1,Cumprimento de Sentença contra a Fazenda Pública,12078,Fornecimento de medicamentos,1,JUIZADO ESPECIAL CIVEL CRIM. DE REGENTE FEIJO,,SAJ,Eletrônico,0,2025-01-20,2025-02-06
00005838420258260009,TJSP,G1,Cumprimento de sentença,156,Tratamento médico-hospitalar,1,03 CIVEL DE VILA PRUDENTE,,SAJ,Eletrônico,0,2025-01-20,2026-02-05
00013560820258260114,TJSP,G1,Cumprimento de Sentença contra a Fazenda Pública,12078,Fornecimento de medicamentos,1,03 FAZENDA PUBLICA DE CAMPINAS,,SAJ,Eletrônico,0,2025-01-20,2025-02-06
00001333520258260400,TJSP,G1,Procedimento do Juizado Especial da Fazenda Pública,14695,Fornecimento de medicamentos,1,VARA JUIZADO ESP. CIVEL CRIM. DE OLIMPIA,,SAJ,Eletrônico,0,2025-01-20,2026-05-08
00001706920258260624,TJSP,G1,Cumprimento de Sentença contra a Fazenda Pública,12078,Fornecimento de medicamentos,1,VARA JUIZADO ESP. CIVEL CRIM. DE TATUI,,SAJ,Eletrônico,0,2025-01-20,2026-06-03
00015928720258260007,TJSP,G1,Incidente de Desconsideração de Personalidade Jurídica,12119,Serviços Hospitalares,1,02 CIVEL DE ITAQUERA,,SAJ,Eletrônico,0,2025-01-20,2025-02-06
00005463020258260309,TJSP,G1,Cumprimento Provisório de Decisão,10980,Tratamento médico-hospitalar,1,05 CIVEL DE JUNDIAI,,SAJ,Eletrônico,0,2025-01-20,2026-02-05
00002370620258260019,TJSP,G1,Cumprimento Provisório de Sentença,157,Fornecimento de medicamentos,1,VARA JUIZADO ESPECIAL CIVEL DE AMERICANA,,SAJ,Eletrônico,0,2025-01-20,2025-02-05
00018272120258260309,TJSP,G1,Cumprimento Provisório de Sentença,157,Tratamento médico-hospitalar,1,03 CIVEL DE JUNDIAI,,SAJ,Eletrônico,0,2025-01-20,2026-06-02
00003153320258260590,TJSP,G1,Cumprimento Provisório de Sentença,157,Custeio de Assistência Médica,1,FAZENDA PUBLICA DE SAO VICENTE,,SAJ,Eletrônico,0,2025-01-20,2026-04-15
00002503120258260269,TJSP,G1,Cumprimento de sentença,156,Tratamento médico-hospitalar,1,03 CIVEL DE ITAPETININGA,,SAJ,Eletrônico,0,2025-01-20,2025-07-09
00013670920258260576,TJSP,G1,Cumprimento de Sentença contra a Fazenda Pública,12078,Fornecimento de medicamentos,1,01 FAZENDA PUBLICA DE SAO JOSE DO RIO PRETO,,SAJ,Eletrônico,0,2025-01-20,2026-06-02
00027846720258260100,TJSP,G1,Cumprimento Provisório de Decisão,10980,Tratamento médico-hospitalar,1,38 CIVEL DE CENTRAL,,SAJ,Eletrônico,0,2025-01-21,2025-02-05
00000454820258260480,TJSP,G1,Cumprimento de Sentença contra a Fazenda Pública,12078,Fornecimento de medicamentos,1,JUIZADO ESPECIAL CIVEL CRIM. DE PRESIDENTE BERNARDES,,SAJ,Eletrônico,0,2025-01-21,2026-06-03
00006696920258260554,TJSP,G1,Cumprimento de sentença,156,Tratamento médico-hospitalar,1,03 CIVEL DE SANTO ANDRE,,SAJ,Eletrônico,0,2025-01-21,2026-06-03
00006329820258260309,TJSP,G1,Cumprimento Provisório de Sentença,157,Fornecimento de medicamentos,1,FAZENDA PUBLICA DE JUNDIAI,,SAJ,Eletrônico,0,2025-01-21,2026-06-02
00000288620258260035,TJSP,G1,Procedimento do Juizado Especial da Fazenda Pública,14695,Fornecimento de medicamentos,1,JUIZADO ESPECIAL CIVEL CRIM. DE AGUAS DE LINDOIA,,SAJ,Eletrônico,0,2025-01-21,2026-06-02
00004599520258260011,TJSP,G1,Cumprimento de sentença,156,Tratamento Domiciliar (Home Care),1,02 CIVEL DE PINHEIROS,,SAJ,Eletrônico,0,2025-01-21,2025-08-14
00002829620258260637,TJSP,G1,Cumprimento de sentença,156,Fornecimento de medicamentos,1,VARA JUIZADO ESPECIAL CIVEL DE TUPA,,SAJ,Eletrônico,0,2025-01-21,2025-08-14
00007938020258260577,TJSP,G1,Cumprimento de sentença,156,Tratamento médico-hospitalar,1,03 CIVEL DE SAO JOSE DOS CAMPOS,,SAJ,Eletrônico,0,2025-01-21,2026-03-18
00007274820258260562,TJSP,G1,Cumprimento de sentença,156,Fornecimento de medicamentos,1,10 CIVEL DE SANTOS,,SAJ,Eletrônico,0,2025-01-21,2025-02-06
00015769220258260053,TJSP,G1,Procedimento do Juizado Especial da Fazenda Pública,14695,Custeio de Assistência Médica,2,02 VARA JUIZADO ESP. DA FAZENDA PUBLICA DE CENTRAL,,SAJ,Eletrônico,0,2025-01-21,2025-08-14
00001101820258260553,TJSP,G1,Cumprimento de Sentença contra a Fazenda Pública,12078,Custeio de Assistência Médica,1,VARA UNICA DE SANTO ANASTACIO,,SAJ,Eletrônico,0,2025-01-21,2025-08-14
00011826520258260577,TJSP,G1,Cumprimento de sentença,156,Tratamento médico-hospitalar,1,08 CIVEL DE SAO JOSE DOS CAMPOS,,SAJ,Eletrônico,0,2025-01-21,2025-02-05
00025248720258260100,TJSP,G1,Cumprimento Provisório de Sentença,157,Tratamento médico-hospitalar,1,Juízo Titular II - 26ª Vara Cível - Foro Central Cível,3550308.0,Projudi,Eletrônico,0,2025-01-21,2026-07-07
00025603220258260100,TJSP,G1,Cumprimento de sentença,156,Tratamento médico-hospitalar,1,22 CIVEL DE CENTRAL,,SAJ,Eletrônico,0,2025-01-21,2025-08-14
00012987420258260576,TJSP,G1,Cumprimento Provisório de Sentença,157,Fornecimento de medicamentos,1,02 FAZENDA PUBLICA DE SAO JOSE DO RIO PRETO,,SAJ,Eletrônico,0,2025-01-21,2025-02-06
00026650920258260100,TJSP,G1,Cumprimento de sentença,156,Fornecimento de medicamentos,1,Juízo Titular II - 43ª Vara Cível - Foro Central Cível,3550308.0,Projudi,Eletrônico,0,2025-01-21,2026-07-07
00000585820258260153,TJSP,G1,Cumprimento de sentença,156,Fornecimento de medicamentos,1,02 CUMULATIVA DE CRAVINHOS,,SAJ,Eletrônico,0,2025-01-21,2026-07-16
00025144320258260100,TJSP,G1,Cumprimento de sentença,156,Tratamento médico-hospitalar,1,28 CIVEL DE CENTRAL,,SAJ,Eletrônico,0,2025-01-21,2025-02-05
00000416120258260334,TJSP,G1,Cumprimento Provisório de Sentença,157,Fornecimento de medicamentos,1,VARA UNICA DE MACAUBAL,,SAJ,Eletrônico,0,2025-01-22,2025-08-15
00000267120258260244,TJSP,G1,Procedimento do Juizado Especial da Fazenda Pública,14695,Fornecimento de medicamentos,1,JUIZADO ESPECIAL CIVEL CRIM. DE IGUAPE,,SAJ,Eletrônico,0,2025-01-22,2025-08-14
00002265620258260704,TJSP,G1,Cumprimento Provisório de Sentença,157,Tratamento médico-hospitalar,1,02 CIVEL DE BUTANTA,,SAJ,Eletrônico,0,2025-01-22,2026-05-07
00000806620258260493,TJSP,G1,Cumprimento Provisório de Sentença,157,Fornecimento de medicamentos,1,JUIZADO ESPECIAL CIVEL CRIM. DE REGENTE FEIJO,,SAJ,Eletrônico,0,2025-01-22,2025-08-14
00019399020258260114,TJSP,G1,Cumprimento de sentença,156,Tratamento médico-hospitalar,1,02 CIVEL DE CAMPINAS,,SAJ,Eletrônico,0,2025-01-22,2026-05-08
00000815120258260493,TJSP,G1,Cumprimento de sentença,156,Fornecimento de medicamentos,1,JUIZADO ESPECIAL CIVEL CRIM. DE REGENTE FEIJO,,SAJ,Eletrônico,0,2025-01-22,2025-02-06
00007735020258260590,TJSP,G1,Cumprimento de sentença,156,Tratamento médico-hospitalar,1,01 CIVEL DE SAO VICENTE,,SAJ,Eletrônico,0,2025-01-22,2026-05-08
00006965620258260003,TJSP,G1,Cumprimento de sentença,156,Tratamento médico-hospitalar,1,06 CIVEL DE JABAQUARA,,SAJ,Eletrônico,0,2025-01-22,2026-06-03
00022646520258260114,TJSP,G1,Cumprimento Provisório de Sentença,157,Tratamento médico-hospitalar,1,09 CIVEL DE CAMPINAS,,SAJ,Eletrônico,0,2025-01-22,2025-02-06
00000293620258260370,TJSP,G1,Cumprimento de Sentença contra a Fazenda Pública,12078,Fornecimento de medicamentos,1,JUIZADO ESPECIAL CIVEL CRIM. DE MONTE AZUL PAULISTA,,SAJ,Eletrônico,0,2025-01-22,2025-08-15
00027023620258260100,TJSP,G1,Cumprimento de sentença,156,Tratamento Domiciliar (Home Care),1,Juízo Titular II - 30ª Vara Cível - Foro Central Cível,3550308.0,Projudi,Eletrônico,0,2025-01-22,2026-07-04
00008122820258260564,TJSP,G1,Cumprimento de sentença,156,Tratamento médico-hospitalar,1,04 CIVEL DE SAO BERNARDO DO CAMPO,,SAJ,Eletrônico,0,2025-01-23,2025-02-06
00007762020258260003,TJSP,G1,Cumprimento Provisório de Decisão,10980,Tratamento médico-hospitalar,1,05 CIVEL DE JABAQUARA,,SAJ,Eletrônico,0,2025-01-23,2026-03-17
00004296920258260008,TJSP,G1,Cumprimento de sentença,156,Tratamento médico-hospitalar,1,02 CIVEL DE TATUAPE,,SAJ,Eletrônico,0,2025-01-23,2025-08-15
00001407720258260157,TJSP,G1,Cumprimento de sentença,156,Tratamento médico-hospitalar,1,02 CUMULATIVA DE CUBATAO,,SAJ,Eletrônico,0,2025-01-23,2025-08-14
00004612520258260477,TJSP,G1,Procedimento do Juizado Especial da Fazenda Pública,14695,Assistência Médico-Hospitalar,1,FAZENDA PUBLICA DE PRAIA GRANDE,,SAJ,Eletrônico,0,2025-01-23,2025-02-06
00012775920258260007,TJSP,G1,Cumprimento de sentença,156,Tratamento médico-hospitalar,1,01 CIVEL DE ITAQUERA,,SAJ,Eletrônico,0,2025-01-23,2025-08-14
00004459120258260438,TJSP,G1,Cumprimento Provisório de Sentença,157,Fornecimento de medicamentos,1,04 CUMULATIVA DE PENAPOLIS,,SAJ,Eletrônico,0,2025-01-23,2026-01-08
00029864420258260100,TJSP,G1,Cumprimento Provisório de Decisão,10980,Fornecimento de medicamentos,1,42 CIVEL DE CENTRAL,,SAJ,Eletrônico,0,2025-01-23,2025-02-05
00004288420258260008,TJSP,G1,Cumprimento de sentença,156,Tratamento médico-hospitalar,1,02 CIVEL DE TATUAPE,,SAJ,Eletrônico,0,2025-01-23,2025-02-06
00002625920258260038,TJSP,G1,Cumprimento de sentença,156,Serviços Hospitalares,1,01 CIVEL DE ARARAS,,SAJ,Eletrônico,0,2025-01-23,2025-07-09
00003526020258260590,TJSP,G1,Cumprimento de sentença,156,Tratamento médico-hospitalar,1,04 CIVEL DE SAO VICENTE,,SAJ,Eletrônico,0,2025-01-23,2025-08-14
00019628120258260002,TJSP,G1,Cumprimento de sentença,156,Tratamento médico-hospitalar,1,10 CIVEL DE SANTO AMARO,,SAJ,Eletrônico,0,2025-01-23,2026-04-15
00003534520258260590,TJSP,G1,Cumprimento de sentença,156,Tratamento médico-hospitalar,1,04 CIVEL DE SAO VICENTE,,SAJ,Eletrônico,0,2025-01-23,2025-08-14
00001092220258260201,TJSP,G1,Procedimento do Juizado Especial da Fazenda Pública,14695,Fornecimento de medicamentos,1,JUIZADO ESPECIAL CIVEL CRIM. DE GARCA,,SAJ,Eletrônico,0,2025-01-24,2025-02-05
10059086020248260590,TJSP,G2,Apelação Cível,198,Tratamento médico-hospitalar,1,Núcleo de Justiça 4.0 em Segundo Grau – Turma III (Direito Privado 1),,SAJ,Eletrônico,0,2025-01-24,2025-08-12
00013586620258260602,TJSP,G1,Cumprimento de sentença,156,Fornecimento de medicamentos,1,FAZENDA PUBLICA DE SOROCABA,,SAJ,Eletrônico,0,2025-01-24,2025-02-06
00000752920258260498,TJSP,G1,Cumprimento de Sentença contra a Fazenda Pública,12078,Tratamento médico-hospitalar,1,VARA UNICA DE RIBEIRAO BONITO,,SAJ,Eletrônico,0,2025-01-24,2026-06-01
00007662820248260094,TJSP,G1,Requisição de Pequeno Valor,1266,Fornecimento de medicamentos,1,VARA UNICA DE BRODOSQUI,,SAJ,Eletrônico,0,2025-01-24,2025-08-15
00000461020258260035,TJSP,G1,Procedimento do Juizado Especial da Fazenda Pública,14695,Fornecimento de medicamentos,1,JUIZADO ESPECIAL CIVEL CRIM. DE AGUAS DE LINDOIA,,SAJ,Eletrônico,0,2025-01-24,2025-02-05
00001049420258260493,TJSP,G1,Procedimento do Juizado Especial da Fazenda Pública,14695,Fornecimento de medicamentos,1,JUIZADO ESPECIAL CIVEL CRIM. DE REGENTE FEIJO,,SAJ,Eletrônico,0,2025-01-24,2025-02-06
00005924920258260008,TJSP,G1,Cumprimento de sentença,156,Tratamento médico-hospitalar,1,02 CIVEL DE TATUAPE,,SAJ,Eletrônico,0,2025-01-24,2025-02-06
00011894820238260150,TJSP,G1,Requisição de Pequeno Valor,1266,Tratamento médico-hospitalar,1,01 CUMULATIVA DE COSMOPOLIS,,SAJ,Eletrônico,0,2025-01-24,2026-06-03
00002890820258260405,TJSP,G1,Requisição de Pequeno Valor,1266,Custeio de Assistência Médica,1,01 FAZENDA PUBLICA DE OSASCO,,SAJ,Eletrônico,0,2025-01-24,2026-05-12
00011140820258260451,TJSP,G1,Cumprimento de sentença,156,Tratamento médico-hospitalar,1,01 CIVEL DE PIRACICABA,,SAJ,Eletrônico,0,2025-01-24,2026-06-03
00004357620258260008,TJSP,G1,Cumprimento de sentença,156,Tratamento médico-hospitalar,1,02 CIVEL DE TATUAPE,,SAJ,Eletrônico,0,2025-01-24,2025-02-06
00002831720258260529,TJSP,G1,Cumprimento de Sentença contra a Fazenda Pública,12078,Custeio de Assistência Médica,1,JUIZADO ESPECIAL CIVEL CRIM. DE SANTANA DE PARNAIBA,,SAJ,Eletrônico,0,2025-01-24,2026-06-03
00002182820258260624,TJSP,G1,Cumprimento de Sentença contra a Fazenda Pública,12078,Fornecimento de medicamentos,1,VARA JUIZADO ESP. CIVEL CRIM. DE TATUI,,SAJ,Eletrônico,0,2025-01-24,2025-02-06
00031986520258260100,TJSP,G1,Cumprimento de sentença,156,Tratamento Domiciliar (Home Care),1,08 CIVEL DE CENTRAL,,SAJ,Eletrônico,0,2025-01-24,2025-02-05
00021350820258260002,TJSP,G1,Cumprimento de sentença,156,Fornecimento de medicamentos,1,13 CIVEL DE SANTO AMARO,,SAJ,Eletrônico,0,2025-01-24,2026-06-03
00006744220258260344,TJSP,G1,Cumprimento de sentença,156,Fornecimento de medicamentos,1,FAZENDA PUBLICA DE MARILIA,,SAJ,Eletrônico,0,2025-01-25,2025-08-14
00023940320258260002,TJSP,G1,Cumprimento de sentença,156,Fornecimento de medicamentos,1,02 CIVEL DE SANTO AMARO,,SAJ,Eletrônico,0,2025-01-27,2025-08-14
00000403320258260607,TJSP,G1,Liquidação de Sentença pelo Procedimento Comum,152,Custeio de Assistência Médica,1,JUIZADO ESPECIAL CIVEL E CRIMINAL DE TABAPUA,,SAJ,Eletrônico,0,2025-01-27,2026-06-02
00008659520258260309,TJSP,G1,Cumprimento de Sentença contra a Fazenda Pública,12078,Fornecimento de medicamentos,1,FAZENDA PUBLICA DE JUNDIAI,,SAJ,Eletrônico,0,2025-01-27,2026-02-05
00003421820248260439,TJSP,G1,Requisição de Pequeno Valor,1266,Tratamento médico-hospitalar,1,JUIZADO ESPECIAL CIVEL CRIM. DE PEREIRA BARRETO,,SAJ,Eletrônico,0,2025-01-27,2026-03-13
00000356920258260426,TJSP,G1,Cumprimento de sentença,156,Custeio de Assistência Médica,1,VARA UNICA DE PATROCINIO PAULISTA,,SAJ,Eletrônico,0,2025-01-27,2026-04-15
00000877620258260390,TJSP,G1,Cumprimento de sentença,156,Tratamento médico-hospitalar,1,VARA UNICA DE NOVA GRANADA,,SAJ,Eletrônico,0,2025-01-27,2025-08-15
00007694620258260482,TJSP,G1,Cumprimento de Sentença contra a Fazenda Pública,12078,Fornecimento de medicamentos,1,FAZENDA PUBLICA DE PRESIDENTE PRUDENTE,,SAJ,Eletrônico,0,2025-01-27,2026-04-28
00001463320258260368,TJSP,G1,Procedimento do Juizado Especial da Fazenda Pública,14695,Custeio de Assistência Médica,1,JUIZADO ESPECIAL CIVEL CRIM. DE MONTE ALTO,,SAJ,Eletrônico,0,2025-01-27,2025-08-14
00008740520258260003,TJSP,G1,Cumprimento Provisório de Sentença,157,Tratamento médico-hospitalar,1,02 CIVEL DE JABAQUARA,,SAJ,Eletrônico,0,2025-01-27,2026-06-03
00003622720258260066,TJSP,G1,Cumprimento Provisório de Sentença,157,Fornecimento de medicamentos,1,03 CIVEL DE BARRETOS,,SAJ,Eletrônico,0,2025-01-28,2025-02-05
00004051320258260664,TJSP,G1,Cumprimento de sentença,156,Fornecimento de medicamentos,1,03 CUMULATIVA DE VOTUPORANGA,,SAJ,Eletrônico,0,2025-01-28,2026-06-02
00001668420258260445,TJSP,G1,Procedimento do Juizado Especial da Fazenda Pública,14695,Fornecimento de medicamentos,1,VARA JUIZADO ESP. CIVEL CRIM. DE PINDAMONHANGABA,,SAJ,Eletrônico,0,2025-01-28,2025-07-09
00005777120258260302,TJSP,G1,Cumprimento de Sentença contra a Fazenda Pública,12078,Fornecimento de medicamentos,1,VARA JUIZADO ESP. CIVEL CRIM. DE JAU,,SAJ,Eletrônico,0,2025-01-28,2026-05-09
00016586720258260007,TJSP,G1,Cumprimento de sentença,156,Tratamento médico-hospitalar,1,01 CIVEL DE ITAQUERA,,SAJ,Eletrônico,0,2025-01-28,2026-04-15
00006479420258260009,TJSP,G1,Cumprimento de sentença,156,Tratamento médico-hospitalar,1,01 CIVEL DE VILA PRUDENTE,,SAJ,Eletrônico,0,2025-01-28,2025-08-14
00000417620258260426,TJSP,G1,Cumprimento de Sentença contra a Fazenda Pública,12078,Fornecimento de medicamentos,1,JUIZADO ESPECIAL CIVEL DE PATROCINIO PAULISTA,,SAJ,Eletrônico,0,2025-01-28,2025-07-08
00006266620198260062,TJSP,G1,Requisição de Pequeno Valor,1266,Assistência Médico-Hospitalar,1,02 CUMULATIVA DE BARIRI,,SAJ,Eletrônico,0,2025-01-28,2026-06-02
00005223220258260008,TJSP,G1,Cumprimento Provisório de Sentença,157,Tratamento médico-hospitalar,1,05 CIVEL DE TATUAPE,,SAJ,Eletrônico,0,2025-01-28,2025-02-06
00001144120258260493,TJSP,G1,Procedimento do Juizado Especial da Fazenda Pública,14695,Fornecimento de medicamentos,1,JUIZADO ESPECIAL CIVEL CRIM. DE REGENTE FEIJO,,SAJ,Eletrônico,0,2025-01-28,2026-02-09
00004296920258260590,TJSP,G1,Cumprimento de sentença,156,Tratamento médico-hospitalar,1,02 CIVEL DE SAO VICENTE,,SAJ,Eletrônico,0,2025-01-28,2025-02-06
00010786820258260320,TJSP,G1,Cumprimento de sentença,156,Tratamento médico-hospitalar,1,5º VARA CIVEL DE LIMEIRA,,SAJ,Eletrônico,0,2025-01-28,2025-07-09
00009112620258260005,TJSP,G1,Cumprimento Provisório de Decisão,10980,Tratamento médico-hospitalar,1,01 CIVEL DE SAO MIGUEL PAULISTA,,SAJ,Eletrônico,0,2025-01-28,2025-02-06
00001488020258260407,TJSP,G1,Procedimento do Juizado Especial da Fazenda Pública,14695,Fornecimento de medicamentos,1,JUIZADO ESPECIAL CIVEL CRIM. DE OSVALDO CRUZ,,SAJ,Eletrônico,0,2025-01-28,2025-08-14
00023598420258260053,TJSP,G1,Procedimento do Juizado Especial da Fazenda Pública,14695,Custeio de Assistência Médica,1,02 VARA JUIZADO ESP. DA FAZENDA PUBLICA DE CENTRAL,,SAJ,Eletrônico,0,2025-01-28,2025-08-14
00006237520258260006,TJSP,G1,Cumprimento Provisório de Sentença,157,Tratamento médico-hospitalar,1,03 CIVEL DE PENHA,,SAJ,Eletrônico,0,2025-01-29,2026-06-03
00005101820258260590,TJSP,G1,Cumprimento de sentença,156,Serviços Hospitalares,1,Juízo Titular I - 5ª Vara Cível da Comarca de São Vicente,3551009.0,Projudi,Eletrônico,0,2025-01-29,2026-07-15
10257099820238260071,TJSP,G2,Apelação Cível,198,Tratamento médico-hospitalar,1,9ª CÂMARA DE DIREITO PRIVADO,,SAJ,Eletrônico,0,2025-01-29,2025-08-13
00038975620258260100,TJSP,G1,Cumprimento de sentença,156,Fornecimento de medicamentos,1,Juízo Titular I - 26ª Vara Cível - Foro Central Cível,3550308.0,Projudi,Eletrônico,0,2025-01-29,2026-07-08
00010564320258260309,TJSP,G1,Cumprimento de sentença,156,Tratamento Domiciliar (Home Care),1,05 CIVEL DE JUNDIAI,,SAJ,Eletrônico,0,2025-01-29,2025-08-15
00003779320258260066,TJSP,G1,Cumprimento de Sentença contra a Fazenda Pública,12078,Fornecimento de medicamentos,1,VARA JUIZADO ESP. CIVEL CRIM. DE BARRETOS,,SAJ,Eletrônico,0,2025-01-29,2025-02-05
00003394020258260597,TJSP,G1,Cumprimento Provisório de Decisão,10980,Tratamento médico-hospitalar,1,03 CIVEL DE SERTAOZINHO,,SAJ,Eletrônico,0,2025-01-29,2025-02-06
00039954120258260100,TJSP,G1,Cumprimento de sentença,156,Tratamento médico-hospitalar,1,33 CIVEL DE CENTRAL,,SAJ,Eletrônico,0,2025-01-29,2026-05-08
00000709020258260438,TJSP,G1,Requisição de Pequeno Valor,1266,Tratamento médico-hospitalar,1,VARA JUIZADO ESP. CIVEL CRIM. DE PENAPOLIS,,SAJ,Eletrônico,0,2025-01-29,2026-07-24
00003065220258260176,TJSP,G1,Cumprimento de sentença,156,Tratamento médico-hospitalar,1,01 CUMULATIVA DE EMBU DAS ARTES,,SAJ,Eletrônico,0,2025-01-30,2025-07-09
00001656420258260101,TJSP,G1,Cumprimento de sentença,156,Fornecimento de medicamentos,1,01 CIVEL DE CACAPAVA,,SAJ,Eletrônico,0,2025-01-30,2026-07-16
00016259520258260001,TJSP,G1,Cumprimento de sentença,156,Fornecimento de medicamentos,1,03 CIVEL DE SANTANA,,SAJ,Eletrônico,0,2025-01-30,2025-08-14
00022239820258260114,TJSP,G1,Cumprimento de sentença,156,Fornecimento de medicamentos,1,03 CIVEL DE CAMPINAS,,SAJ,Eletrônico,0,2025-01-30,2025-08-15
00043522120258260100,TJSP,G1,Cumprimento de sentença,156,Tratamento Domiciliar (Home Care),1,37 CIVEL DE CENTRAL,,SAJ,Eletrônico,0,2025-01-30,2026-06-02
00027235620258260053,TJSP,G1,Cumprimento de sentença,156,Fornecimento de medicamentos,1,03 FAZENDA PUBLICA DE CENTRAL,,SAJ,Eletrônico,0,2025-01-30,2025-02-06
00010853720258260554,TJSP,G1,Cumprimento Provisório de Decisão,10980,Tratamento médico-hospitalar,1,08 CIVEL DE SANTO ANDRE,,SAJ,Eletrônico,0,2025-01-30,2026-05-08
00045679420258260100,TJSP,G1,Cumprimento de sentença,156,Serviços Hospitalares,1,43 CIVEL DE CENTRAL,,SAJ,Eletrônico,0,2025-01-30,2026-06-02
00007268620258260037,TJSP,G1,Cumprimento de sentença,156,Tratamento médico-hospitalar,1,02 CIVEL DE ARARAQUARA,,SAJ,Eletrônico,0,2025-01-30,2025-08-14
00027123820258260114,TJSP,G1,Cumprimento de sentença,156,Tratamento médico-hospitalar,1,02 CIVEL DE CAMPINAS,,SAJ,Eletrônico,0,2025-01-30,2025-08-15
00002353120258260441,TJSP,G1,Cumprimento de sentença,156,Tratamento médico-hospitalar,1,01 CUMULATIVA DE PERUIBE,,SAJ,Eletrônico,0,2025-01-31,2025-07-09
00043123920258260100,TJSP,G1,Cumprimento de sentença,156,Tratamento médico-hospitalar,1,06 CIVEL DE CENTRAL,,SAJ,Eletrônico,0,2025-01-31,2025-02-05
00006816320258260302,TJSP,G1,Cumprimento de Sentença contra a Fazenda Pública,12078,Fornecimento de medicamentos,1,VARA JUIZADO ESP. CIVEL CRIM. DE JAU,,SAJ,Eletrônico,0,2025-01-31,2025-02-05
00003559120258260597,TJSP,G1,Procedimento do Juizado Especial da Fazenda Pública,14695,Fornecimento de medicamentos,1,VARA JUIZADO ESP. CIVEL CRIM. DE SERTAOZINHO,,SAJ,Eletrônico,0,2025-01-31,2026-04-15
00000731120258260514,TJSP,G1,Cumprimento de sentença,156,Tratamento médico-hospitalar,1,VARA UNICA DE ITUPEVA,,SAJ,Eletrônico,0,2025-01-31,2025-07-09
00001351720258260493,TJSP,G1,Procedimento do Juizado Especial da Fazenda Pública,14695,Fornecimento de medicamentos,1,JUIZADO ESPECIAL CIVEL CRIM. DE REGENTE FEIJO,,SAJ,Eletrônico,0,2025-01-31,2025-02-06
00007266720258260011,TJSP,G1,Cumprimento de sentença,156,Fornecimento de medicamentos,1,Juízo Titular II - 2ª Vara Cível - Regional XI - Pinheiros,3550308.0,Projudi,Eletrônico,0,2025-01-31,2026-07-02
00030392820258260002,TJSP,G1,Cumprimento de sentença,156,Fornecimento de medicamentos,1,01 CIVEL DE SANTO AMARO,,SAJ,Eletrônico,0,2025-01-31,2025-08-14
00000820520258260083,TJSP,G1,Cumprimento de sentença,156,Fornecimento de medicamentos,1,VARA UNICA DE AGUAI,,SAJ,Eletrônico,0,2025-01-31,2025-08-12
00001409820258260150,TJSP,G1,Cumprimento de sentença,156,Tratamento médico-hospitalar,1,01 CUMULATIVA DE COSMOPOLIS,,SAJ,Eletrônico,0,2025-01-31,2026-06-03
00004067220258260704,TJSP,G1,Cumprimento Provisório de Sentença,157,Serviços Hospitalares,1,01 CIVEL DE BUTANTA,,SAJ,Eletrônico,0,2025-01-31,2025-08-12
00000758820258260058,TJSP,G1,Cumprimento de sentença,156,Fornecimento de medicamentos,1,02 CUMULATIVA DE AGUDOS,,SAJ,Eletrônico,0,2025-01-31,2025-08-15
00001121120258260028,TJSP,G1,Cumprimento Provisório de Decisão,10980,Fornecimento de medicamentos,1,02 CUMULATIVA DE APARECIDA,,SAJ,Eletrônico,0,2025-02-01,2026-07-26
00001922820258260075,TJSP,G1,Cumprimento de sentença,156,Tratamento médico-hospitalar,1,01 CUMULATIVA DE BERTIOGA,,SAJ,Eletrônico,0,2025-02-03,2025-08-15
00029418620258260602,TJSP,G1,Cumprimento de sentença,156,Tratamento médico-hospitalar,1,01 CIVEL DE SOROCABA,,SAJ,Eletrônico,0,2025-02-03,2026-06-03
00000552920258260695,TJSP,G1,Cumprimento Provisório de Sentença,157,Fornecimento de medicamentos,1,JUIZADO ESPECIAL CIVEL CRIM. DE NAZARE PAULISTA,,SAJ,Eletrônico,0,2025-02-03,2025-08-15
00020722620258260602,TJSP,G1,Cumprimento Provisório de Sentença,157,Tratamento Domiciliar (Home Care),1,09 CIVEL SOROCABA,,SAJ,Eletrônico,0,2025-02-03,2026-06-03
00006409720258260625,TJSP,G1,Cumprimento de Sentença contra a Fazenda Pública,12078,Fornecimento de medicamentos,1,FAZENDA PUBLICA DE TAUBATE,,SAJ,Eletrônico,0,2025-02-03,2026-05-09
00012781120258260309,TJSP,G1,Cumprimento de sentença,156,Tratamento médico-hospitalar,1,05 CIVEL DE JUNDIAI,,SAJ,Eletrônico,0,2025-02-03,2026-06-02
00031238120258260114,TJSP,G1,Cumprimento de sentença,156,Tratamento médico-hospitalar,1,05 CIVEL DE CAMPINAS,,SAJ,Eletrônico,0,2025-02-03,2026-02-07
00019202520258260554,TJSP,G1,Cumprimento Provisório de Decisão,10980,Tratamento médico-hospitalar,1,05 CIVEL DE SANTO ANDRE,,SAJ,Eletrônico,0,2025-02-04,2026-04-28
00021593920258260001,TJSP,G1,Cumprimento de sentença,156,Tratamento médico-hospitalar,1,01 CIVEL DE SANTANA,,SAJ,Eletrônico,0,2025-02-04,2026-02-05
00014047220258260564,TJSP,G1,Cumprimento de sentença,156,Tratamento médico-hospitalar,1,Juízo Titular I - 5ª Vara Cível da Comarca de São Bernardo do Campo,3548708.0,Projudi,Eletrônico,0,2025-02-04,2026-07-04
00001658120258260063,TJSP,G1,Cumprimento de sentença,156,Tratamento médico-hospitalar,1,01 CUMULATIVA DE BARRA BONITA,,SAJ,Eletrônico,0,2025-02-04,2026-07-24
00003437920258260176,TJSP,G1,Cumprimento de sentença,156,Tratamento médico-hospitalar,1,01 CUMULATIVA DE EMBU DAS ARTES,,SAJ,Eletrônico,0,2025-02-04,2026-06-02
00018339720258260577,TJSP,G1,Cumprimento Provisório de Decisão,10980,Tratamento médico-hospitalar,1,02 CIVEL DE SAO JOSE DOS CAMPOS,,SAJ,Eletrônico,0,2025-02-04,2026-06-03
00016665920258260196,TJSP,G1,Cumprimento de Sentença contra a Fazenda Pública,12078,Fornecimento de medicamentos,1,FAZENDA PUBLICA DE FRANCA,,SAJ,Eletrônico,0,2025-02-05,2026-04-15
00018704920258260602,TJSP,G1,Cumprimento de sentença,156,Fornecimento de medicamentos,1,FAZENDA PUBLICA DE SOROCABA,,SAJ,Eletrônico,0,2025-02-05,2026-06-03
00035148120258260002,TJSP,G1,Cumprimento de sentença,156,Tratamento médico-hospitalar,1,15º CIVEL DE SANTO AMARO,,SAJ,Eletrônico,0,2025-02-05,2026-04-15
00007036420258260127,TJSP,G1,Cumprimento Provisório de Decisão,10980,Fornecimento de medicamentos,1,03 CIVEL DE CARAPICUIBA,,SAJ,Eletrônico,0,2025-02-05,2026-05-12
00032856520258260053,TJSP,G1,Cumprimento Provisório de Sentença,157,Custeio de Assistência Médica,1,02 FAZENDA PUBLICA DE CENTRAL,,SAJ,Eletrônico,0,2025-02-05,2026-04-28
00007370820258260008,TJSP,G1,Cumprimento de sentença,156,Tratamento médico-hospitalar,1,03 CIVEL DE TATUAPE,,SAJ,Eletrônico,0,2025-02-05,2025-08-14
00007857020258260006,TJSP,G1,Cumprimento Provisório de Sentença,157,Fornecimento de medicamentos,1,04 CIVEL DE PENHA,,SAJ,Eletrônico,0,2025-02-05,2026-06-03
00000547520258260426,TJSP,G1,Procedimento do Juizado Especial da Fazenda Pública,14695,Fornecimento de medicamentos,1,JUIZADO ESPECIAL CIVEL DE PATROCINIO PAULISTA,,SAJ,Eletrônico,0,2025-02-05,2025-07-08
00009156420258260037,TJSP,G1,Cumprimento de sentença,156,Fornecimento de medicamentos,1,FAZENDA PUBLICA DE ARARAQUARA,,SAJ,Eletrônico,0,2025-02-06,2026-06-01
00038611720258260002,TJSP,G1,Cumprimento de sentença,156,Tratamento médico-hospitalar,1,15º CIVEL DE SANTO AMARO,,SAJ,Eletrônico,0,2025-02-06,2025-08-14
00018600520258260602,TJSP,G1,Procedimento do Juizado Especial Cível,436,Tratamento médico-hospitalar,1,02 VARA JUIZADO ESPECIAL CIVEL - JIT - ANEXO FADI DE SOROCABA,,SAJ,Eletrônico,0,2025-02-06,2026-06-03
00001841520258260572,TJSP,G1,Cumprimento de Sentença contra a Fazenda Pública,12078,Fornecimento de medicamentos,1,JUIZADO ESPECIAL CIVEL CRIM. DE SAO JOAQUIM DA BARRA,,SAJ,Eletrônico,0,2025-02-06,2025-11-05
00001208720258260480,TJSP,G1,Cumprimento de Sentença contra a Fazenda Pública,12078,Fornecimento de medicamentos,1,JUIZADO ESPECIAL CIVEL CRIM. DE PRESIDENTE BERNARDES,,SAJ,Eletrônico,0,2025-02-06,2025-08-14
00013357420258260003,TJSP,G1,Cumprimento Provisório de Sentença,157,Tratamento médico-hospitalar,1,05 CIVEL DE JABAQUARA,,SAJ,Eletrônico,0,2025-02-06,2026-03-17
00015285520258260564,TJSP,G1,Cumprimento Provisório de Sentença,157,Tratamento médico-hospitalar,1,Juízo Titular I - 1ª Vara Cível da Comarca de São Bernardo do Campo,3548708.0,Projudi,Eletrônico,0,2025-02-06,2026-07-02
00022870220258260602,TJSP,G1,Cumprimento de sentença,156,Tratamento médico-hospitalar,1,07 CIVEL DE SOROCABA,,SAJ,Eletrônico,0,2025-02-06,2025-07-09
00029806420258260576,TJSP,G1,Cumprimento Provisório de Sentença,157,Tratamento Domiciliar (Home Care),1,09 CIVEL DE SÃO JOSÉ DO RIO PRETO,,SAJ,Eletrônico,0,2025-02-06,2025-08-15
00015129020258260309,TJSP,G1,Cumprimento Provisório de Sentença,157,Tratamento médico-hospitalar,1,03 CIVEL DE JUNDIAI,,SAJ,Eletrônico,0,2025-02-06,2026-06-02
00029849020258260224,TJSP,G1,Cumprimento Provisório de Sentença,157,Fornecimento de medicamentos,1,02 CIVEL DE GUARULHOS,,SAJ,Eletrônico,0,2025-02-07,2026-05-12
00037490320258260114,TJSP,G1,Cumprimento Provisório de Sentença,157,Fornecimento de medicamentos,1,11 CIVEL DE CAMPINAS,,SAJ,Eletrônico,0,2025-02-07,2025-08-15
00009870720258260278,TJSP,G1,Liquidação Provisória por Arbitramento,153,Tratamento médico-hospitalar,1,03 CIVEL DE ITAQUAQUECETUBA,,SAJ,Eletrônico,0,2025-02-07,2026-05-08
10129507820248260100,TJSP,G2,Apelação Cível,198,Tratamento médico-hospitalar,1,Núcleo de Justiça 4.0 em Segundo Grau – Turma IV (Direito Privado 1),,SAJ,Eletrônico,0,2025-02-07,2025-08-13
10390316720248260002,TJSP,G2,Apelação Cível,198,Fornecimento de medicamentos,1,Núcleo de Justiça 4.0 em Segundo Grau – Turma IV (Direito Privado 1),,SAJ,Eletrônico,0,2025-02-07,2025-08-14
00009989620258260161,TJSP,G1,Cumprimento de Sentença contra a Fazenda Pública,12078,Fornecimento de medicamentos,1,FAZENDA PUBLICA DE DIADEMA,,SAJ,Eletrônico,0,2025-02-08,2026-02-06
00016080820258260309,TJSP,G1,Cumprimento de sentença,156,Tratamento médico-hospitalar,1,03 CIVEL DE JUNDIAI,,SAJ,Eletrônico,0,2025-02-09,2026-02-05
00000563320258260333,TJSP,G1,Cumprimento de sentença,156,Fornecimento de medicamentos,1,VARA UNICA DE MACATUBA,,SAJ,Eletrônico,0,2025-02-10,2025-07-09
00025744320258260576,TJSP,G1,Cumprimento de Sentença contra a Fazenda Pública,12078,Custeio de Assistência Médica,1,ANEXO DO JUIZADO ESPECIAL DA FAZENDA PÚBLICA DE SÃO JOSÉ DO RIO PRETO,,SAJ,Eletrônico,0,2025-02-10,2025-08-15
00000316620258260447,TJSP,G1,Cumprimento de sentença,156,Fornecimento de medicamentos,1,VARA UNICA DE PINHALZINHO,,SAJ,Eletrônico,0,2025-02-10,2026-06-02
00014916220258260003,TJSP,G1,Cumprimento Provisório de Sentença,157,Tratamento médico-hospitalar,1,02 CIVEL DE JABAQUARA,,SAJ,Eletrônico,0,2025-02-10,2026-05-08
00025425420258260506,TJSP,G1,Procedimento do Juizado Especial da Fazenda Pública,14695,Fornecimento de medicamentos,1,JUIZADO ESP. DA FAZENDA PUBLICA DE RIBEIRAO PRETO,,SAJ,Eletrônico,0,2025-02-10,2026-05-09
00004650920258260624,TJSP,G1,Procedimento do Juizado Especial da Fazenda Pública,14695,Fornecimento de medicamentos,1,VARA JUIZADO ESP. CIVEL CRIM. DE TATUI,,SAJ,Eletrônico,0,2025-02-11,2026-06-03
00001303420258260480,TJSP,G1,Procedimento do Juizado Especial da Fazenda Pública,14695,Fornecimento de medicamentos,1,JUIZADO ESPECIAL CIVEL CRIM. DE PRESIDENTE BERNARDES,,SAJ,Eletrônico,0,2025-02-11,2025-08-14
00045470920258260002,TJSP,G1,Cumprimento Provisório de Decisão,10980,Tratamento médico-hospitalar,1,08 CIVEL DE SANTO AMARO,,SAJ,Eletrônico,0,2025-02-11,2026-04-15
00008349220258260077,TJSP,G1,Cumprimento Provisório de Sentença,157,Fornecimento de medicamentos,1,VARA JUIZADO ESP. CIVEL CRIM. DE BIRIGUI,,SAJ,Eletrônico,0,2025-02-12,2026-07-24
00003982620258260533,TJSP,G1,Cumprimento de sentença,156,Custeio de Assistência Médica,1,VARA JUIZADO ESP. CIVEL CRIM. DE SANTA BARBARA D OESTE,,SAJ,Eletrônico,0,2025-02-12,2025-08-15
00014891320258260482,TJSP,G1,Cumprimento de Sentença contra a Fazenda Pública,12078,Fornecimento de medicamentos,1,FAZENDA PUBLICA DE PRESIDENTE PRUDENTE,,SAJ,Eletrônico,0,2025-02-12,2025-08-14
00001341420258260111,TJSP,G1,Procedimento do Juizado Especial da Fazenda Pública,14695,Fornecimento de medicamentos,1,JUIZADO ESPECIAL CIVEL CRIM. DE CAJURU,,SAJ,Eletrônico,0,2025-02-12,2026-04-28
00015626420258260003,TJSP,G1,Cumprimento Provisório de Sentença,157,Tratamento médico-hospitalar,1,02 CIVEL DE JABAQUARA,,SAJ,Eletrônico,0,2025-02-12,2026-05-08
00009146920258260008,TJSP,G1,Cumprimento de sentença,156,Tratamento médico-hospitalar,1,03 CIVEL DE TATUAPE,,SAJ,Eletrônico,0,2025-02-12,2026-06-03
00027200320258260506,TJSP,G1,Procedimento do Juizado Especial da Fazenda Pública,14695,Fornecimento de medicamentos,1,JUIZADO ESP. DA FAZENDA PUBLICA DE RIBEIRAO PRETO,,SAJ,Eletrônico,0,2025-02-12,2026-03-17
00003039120258260081,TJSP,G1,Cumprimento de Sentença contra a Fazenda Pública,12078,Fornecimento de medicamentos,1,03 CUMULATIVA DE ADAMANTINA,,SAJ,Eletrônico,0,2025-02-12,2025-08-14
00007238720258260278,TJSP,G1,Cumprimento de sentença,156,Tratamento médico-hospitalar,1,03 CIVEL DE ITAQUAQUECETUBA,,SAJ,Eletrônico,0,2025-02-12,2026-06-01
00009717820258260011,TJSP,G1,Cumprimento de sentença,156,Tratamento médico-hospitalar,1,05 CIVEL DE PINHEIROS,,SAJ,Eletrônico,0,2025-02-12,2025-08-14
00005683320258260198,TJSP,G1,Cumprimento de Sentença contra a Fazenda Pública,12078,Assistência Médico-Hospitalar,1,VARA JUIZADO ESP. CIVEL CRIM. DE FRANCO DA ROCHA,,SAJ,Eletrônico,0,2025-02-12,2026-06-02
00027723020248260604,TJSP,G1,Requisição de Pequeno Valor,1266,Fornecimento de medicamentos,1,VARA JUIZADO ESP. CIVEL CRIM. DE SUMARE,,SAJ,Eletrônico,0,2025-02-12,2026-02-07
00007985620238260615,TJSP,G1,Requisição de Pequeno Valor,1266,Fornecimento de medicamentos,1,01 CUMULATIVA DE TANABI,,SAJ,Eletrônico,0,2025-02-12,2026-03-06
00006631720258260278,TJSP,G1,Cumprimento de Sentença contra a Fazenda Pública,12078,Fornecimento de medicamentos,1,02 CRIMINAL DE ITAQUAQUECETUBA,,SAJ,Eletrônico,0,2025-02-13,2025-08-15
00001313020258260153,TJSP,G1,Cumprimento de Sentença contra a Fazenda Pública,12078,Fornecimento de medicamentos,1,JUIZADO ESPECIAL CIVEL DE CRAVINHOS,,SAJ,Eletrônico,0,2025-02-13,2026-07-16
00001402120258260111,TJSP,G1,Procedimento do Juizado Especial da Fazenda Pública,14695,Fornecimento de medicamentos,1,JUIZADO ESPECIAL CIVEL CRIM. DE CAJURU,,SAJ,Eletrônico,0,2025-02-13,2026-07-16
00015244920258260004,TJSP,G1,Cumprimento de sentença,156,Tratamento médico-hospitalar,1,04 CIVEL DE LAPA,,SAJ,Eletrônico,0,2025-02-13,2025-08-14
00024290620258260602,TJSP,G1,Cumprimento de sentença,156,Fornecimento de medicamentos,1,FAZENDA PUBLICA DE SOROCABA,,SAJ,Eletrônico,0,2025-02-13,2026-04-28
00003045920258260022,TJSP,G1,Cumprimento de sentença,156,Tratamento médico-hospitalar,1,01 CUMULATIVA DE AMPARO,,SAJ,Eletrônico,0,2025-02-14,2026-05-08
00041595220258260602,TJSP,G1,Cumprimento de sentença,156,Tratamento médico-hospitalar,1,02 CIVEL DE SOROCABA,,SAJ,Eletrônico,0,2025-02-14,2025-07-09
00001981120258260471,TJSP,G1,Procedimento do Juizado Especial da Fazenda Pública,14695,Fornecimento de medicamentos,1,JUIZADO ESPECIAL CIVEL CRIM. DE PORTO FELIZ,,SAJ,Eletrônico,0,2025-02-14,2025-08-15
00016986120258260003,TJSP,G1,Cumprimento Provisório de Decisão,10980,Tratamento médico-hospitalar,1,05 CIVEL DE JABAQUARA,,SAJ,Eletrônico,0,2025-02-14,2026-04-15
00002601920258260417,TJSP,G1,Cumprimento Provisório de Sentença,157,Fornecimento de medicamentos,1,03 CUMULATIVA DE PARAGUACU PAULISTA,,SAJ,Eletrônico,0,2025-02-14,2026-06-03
00001375020258260472,TJSP,G1,Cumprimento de Sentença contra a Fazenda Pública,12078,Fornecimento de medicamentos,1,02 CUMULATIVA DE PORTO FERREIRA,,SAJ,Eletrônico,0,2025-02-14,2026-05-08
00000765320258260582,TJSP,G1,Cumprimento de Sentença contra a Fazenda Pública,12078,Fornecimento de medicamentos,1,VARA UNICA DE SAO MIGUEL ARCANJO,,SAJ,Eletrônico,0,2025-02-14,2026-01-08
00000787320258260630,TJSP,G1,Procedimento Comum Cível,7,Fornecimento de medicamentos,1,01 CIVEL DE AMERICANA,,SAJ,Eletrônico,0,2025-02-16,2026-06-03
00044123820258260053,TJSP,G1,Procedimento do Juizado Especial da Fazenda Pública,14695,Custeio de Assistência Médica,1,02 VARA JUIZADO ESP. DA FAZENDA PUBLICA DE CENTRAL,,SAJ,Eletrônico,0,2025-02-17,2025-08-14
00006002120258260624,TJSP,G1,Procedimento do Juizado Especial da Fazenda Pública,14695,Fornecimento de medicamentos,1,VARA JUIZADO ESP. CIVEL CRIM. DE TATUI,,SAJ,Eletrônico,0,2025-02-17,2025-07-09
00005167520258260347,TJSP,G1,Cumprimento de sentença,156,Tratamento médico-hospitalar,1,03 CIVEL DE MATAO,,SAJ,Eletrônico,0,2025-02-17,2025-08-14
00000787720258260370,TJSP,G1,Cumprimento de Sentença contra a Fazenda Pública,12078,Fornecimento de medicamentos,1,JUIZADO ESPECIAL CIVEL CRIM. DE MONTE AZUL PAULISTA,,SAJ,Eletrônico,0,2025-02-17,2025-08-15
00005032520258260073,TJSP,G1,Cumprimento de Sentença contra a Fazenda Pública,12078,Tratamento médico-hospitalar,1,01 CIVEL DE AVARE,,SAJ,Eletrônico,0,2025-02-17,2025-11-05
00016181020258260032,TJSP,G1,Cumprimento Provisório de Decisão,10980,Fornecimento de medicamentos,1,02 EXECUCOES CRIMINAIS DE ARACATUBA,,SAJ,Eletrônico,0,2025-02-17,2026-07-24
00006485920258260048,TJSP,G1,Cumprimento Provisório de Decisão,10980,Tratamento médico-hospitalar,1,04 CIVEL DE ATIBAIA,,SAJ,Eletrônico,0,2025-02-17,2026-02-05
00001285720258260547,TJSP,G1,Cumprimento de sentença,156,Custeio de Assistência Médica,1,01 CUMULATIVA DE SANTA RITA DO PASSA QUATRO,,SAJ,Eletrônico,0,2025-02-17,2026-06-03
00003506520258260663,TJSP,G1,Cumprimento de sentença,156,Custeio de Assistência Médica,1,01 CIVEL DE VOTORANTIM,,SAJ,Eletrônico,0,2025-02-17,2026-04-28
00012386920258260037,TJSP,G1,Cumprimento de sentença,156,Fornecimento de medicamentos,1,01 CIVEL DE ARARAQUARA,,SAJ,Eletrônico,0,2025-02-17,2026-02-05
00002387220258260477,TJSP,G1,Requisição de Pequeno Valor,1266,Custeio de Assistência Médica,1,FAZENDA PUBLICA DE PRAIA GRANDE,,SAJ,Eletrônico,0,2025-02-17,2026-06-02
00002796620258260177,TJSP,G1,Cumprimento de sentença,156,Tratamento médico-hospitalar,1,VARA UNICA DE EMBU-GUACU,,SAJ,Eletrônico,0,2025-02-17,2026-03-16
00012034920258260348,TJSP,G1,Cumprimento de sentença,156,Tratamento médico-hospitalar,1,04 CIVEL DE MAUA,,SAJ,Eletrônico,0,2025-02-17,2025-08-15
00010437420258260590,TJSP,G1,Cumprimento de sentença,156,Tratamento médico-hospitalar,1,04 CIVEL DE SAO VICENTE,,SAJ,Eletrônico,0,2025-02-18,2026-06-02
00011806220258260297,TJSP,G1,Cumprimento de sentença,156,Fornecimento de medicamentos,1,01 CUMULATIVA DE JALES,,SAJ,Eletrônico,0,2025-02-18,2026-05-08
00002587820258260666,TJSP,G1,Cumprimento de sentença,156,Tratamento médico-hospitalar,1,01 CUMULATIVA DE ARTUR NOGUEIRA,,SAJ,Eletrônico,0,2025-02-18,2026-05-08
00001223620258260390,TJSP,G1,Requisição de Pequeno Valor,1266,Fornecimento de medicamentos,1,JUIZADO ESPECIAL CIVEL CRIM. DE NOVA GRANADA,,SAJ,Eletrônico,0,2025-02-18,2025-08-15
00006288620258260624,TJSP,G1,Procedimento do Juizado Especial da Fazenda Pública,14695,Fornecimento de medicamentos,1,VARA JUIZADO ESP. CIVEL CRIM. DE TATUI,,SAJ,Eletrônico,0,2025-02-18,2026-04-28
00005832920258260286,TJSP,G1,Cumprimento de sentença,156,Tratamento médico-hospitalar,1,01 CIVEL DE ITU,,SAJ,Eletrônico,0,2025-02-18,2025-08-15
00032707920258260576,TJSP,G1,Cumprimento de sentença,156,Tratamento médico-hospitalar,1,02 CIVEL DE SAO JOSE DO RIO PRETO,,SAJ,Eletrônico,0,2025-02-18,2026-05-08
00018605620258260003,TJSP,G1,Cumprimento Provisório de Sentença,157,Tratamento Domiciliar (Home Care),1,06 CIVEL DE JABAQUARA,,SAJ,Eletrônico,0,2025-02-18,2026-04-15
00003362020258260457,TJSP,G1,Cumprimento de sentença,156,Fornecimento de medicamentos,1,02 CUMULATIVA DE PIRASSUNUNGA,,SAJ,Eletrônico,0,2025-02-19,2026-02-05
00027041220258260001,TJSP,G1,Cumprimento de sentença,156,Fornecimento de medicamentos,1,06 CIVEL DE SANTANA,,SAJ,Eletrônico,0,2025-02-19,2026-06-03
00028968220258260602,TJSP,G1,Cumprimento Provisório de Sentença,157,Fornecimento de medicamentos,1,FAZENDA PUBLICA DE SOROCABA,,SAJ,Eletrônico,0,2025-02-19,2026-06-03
00025794420258260001,TJSP,G1,Cumprimento de sentença,156,Tratamento médico-hospitalar,1,08 CIVEL DE SANTANA,,SAJ,Eletrônico,0,2025-02-19,2025-08-14
00009967520258260566,TJSP,G1,Cumprimento Provisório de Sentença,157,Fornecimento de medicamentos,1,FAZENDA PUBLICA DE SAO CARLOS,,SAJ,Eletrônico,0,2025-02-19,2025-08-14
00019939420258260554,TJSP,G1,Cumprimento Provisório de Sentença,157,Tratamento médico-hospitalar,1,03 CIVEL DE SANTO ANDRE,,SAJ,Eletrônico,0,2025-02-19,2026-06-03
00007659320258260066,TJSP,G1,Cumprimento de sentença,156,Fornecimento de medicamentos,1,03 CIVEL DE BARRETOS,,SAJ,Eletrônico,0,2025-02-19,2026-07-16
00005624220258260322,TJSP,G1,Cumprimento de sentença,156,Tratamento médico-hospitalar,1,03 CIVEL DE LINS,,SAJ,Eletrônico,0,2025-02-20,2026-04-15
00003325620258260368,TJSP,G1,Procedimento do Juizado Especial da Fazenda Pública,14695,Fornecimento de medicamentos,1,JUIZADO ESPECIAL CIVEL CRIM. DE MONTE ALTO,,SAJ,Eletrônico,0,2025-02-20,2026-05-08
00003517820258260201,TJSP,G1,Cumprimento de sentença,156,Fornecimento de medicamentos,1,03 CUMULATIVA DE GARCA,,SAJ,Eletrônico,0,2025-02-20,2025-08-14
00002781720258260360,TJSP,G1,Cumprimento de sentença,156,Serviços Hospitalares,1,01 CUMULATIVA DE MOCOCA,,SAJ,Eletrônico,0,2025-02-20,2026-04-28
00001020720258260144,TJSP,G1,Procedimento do Juizado Especial da Fazenda Pública,14695,Fornecimento de medicamentos,1,JUIZADO ESPECIAL CIVEL DE CONCHAL,,SAJ,Eletrônico,0,2025-02-20,2026-06-02
00004158520258260299,TJSP,G1,Cumprimento de sentença,156,Tratamento médico-hospitalar,1,01 CUMULATIVA DE JANDIRA,,SAJ,Eletrônico,0,2025-02-20,2026-05-12
00012497920258260011,TJSP,G1,Cumprimento de sentença,156,Fornecimento de medicamentos,1,03 CIVEL DE PINHEIROS,,SAJ,Eletrônico,0,2025-02-20,2026-04-15
00005670320248260095,TJSP,G1,Requisição de Pequeno Valor,1266,Fornecimento de medicamentos,1,JUIZADO ESPECIAL CIVEL CRIM. DE BROTAS,,SAJ,Eletrônico,0,2025-02-20,2026-04-28
00034933220258260576,TJSP,G1,Cumprimento de sentença,156,Tratamento médico-hospitalar,1,05 CIVEL DE SAO JOSE DO RIO PRETO,,SAJ,Eletrônico,0,2025-02-21,2025-08-15
00009680220258260019,TJSP,G1,Procedimento do Juizado Especial da Fazenda Pública,14695,Fornecimento de medicamentos,1,VARA JUIZADO ESPECIAL CIVEL DE AMERICANA,,SAJ,Eletrônico,0,2025-02-21,2026-05-08
00026799320258260196,TJSP,G1,Cumprimento de sentença,156,Fornecimento de medicamentos,1,FAZENDA PUBLICA DE FRANCA,,SAJ,Eletrônico,0,2025-02-21,2026-07-16
00004562420258260082,TJSP,G1,Cumprimento de Sentença contra a Fazenda Pública,12078,Fornecimento de medicamentos,1,JUIZADO ESPECIAL CIVEL CRIM. DE BOITUVA,,SAJ,Eletrônico,0,2025-02-21,2026-02-06
00004096220258260272,TJSP,G1,Cumprimento de sentença,156,Fornecimento de medicamentos,1,JUIZADO ESPECIAL CIVEL CRIM. DE ITAPIRA,,SAJ,Eletrônico,0,2025-02-21,2026-06-02
00036336620258260576,TJSP,G1,Cumprimento de sentença,156,Tratamento médico-hospitalar,1,05 CIVEL DE SAO JOSE DO RIO PRETO,,SAJ,Eletrônico,0,2025-02-24,2026-05-08
00032489720258260001,TJSP,G1,Cumprimento de sentença,156,Tratamento médico-hospitalar,1,08 CIVEL DE SANTANA,,SAJ,Eletrônico,0,2025-02-24,2026-07-16
00016816920258260344,TJSP,G1,Procedimento Comum Cível,7,Tratamento médico-hospitalar,1,04 CIVEL DE MARILIA,,SAJ,Eletrônico,0,2025-02-24,2026-06-03
00028604920258260405,TJSP,G1,Cumprimento de sentença,156,Tratamento médico-hospitalar,1,01 CIVEL DE OSASCO,,SAJ,Eletrônico,0,2025-02-24,2026-04-15
00014572220258260348,TJSP,G1,Cumprimento de sentença,156,Tratamento médico-hospitalar,1,02 CIVEL DE MAUA,,SAJ,Eletrônico,0,2025-02-24,2025-08-15
00025093720258260224,TJSP,G1,Requisição de Pequeno Valor,1266,Fornecimento de medicamentos,1,02 INFANCIA JUVENTUDE - PROTETIVA E CIVEL DE GUARULHOS,,SAJ,Eletrônico,0,2025-02-24,2025-07-09
00021316120258260554,TJSP,G1,Cumprimento de sentença,156,Tratamento médico-hospitalar,1,02 CIVEL DE SANTO ANDRE,,SAJ,Eletrônico,0,2025-02-24,2026-06-03
00024387120258260309,TJSP,G1,Cumprimento Provisório de Sentença,157,Tratamento médico-hospitalar,1,03 CIVEL DE JUNDIAI,,SAJ,Eletrônico,0,2025-02-24,2026-02-05
00001935320258260094,TJSP,G1,Cumprimento Provisório de Decisão,10980,Tratamento médico-hospitalar,1,VARA UNICA DE BRODOSQUI,,SAJ,Eletrônico,0,2025-02-25,2026-04-28
00018416020258260032,TJSP,G1,Cumprimento Provisório de Decisão,10980,Tratamento Domiciliar (Home Care),1,FAZENDA PUBLICA DE ARACATUBA,,SAJ,Eletrônico,0,2025-02-25,2026-06-02
00007665320258260624,TJSP,G1,Procedimento do Juizado Especial da Fazenda Pública,14695,Fornecimento de medicamentos,1,VARA JUIZADO ESP. CIVEL CRIM. DE TATUI,,SAJ,Eletrônico,0,2025-02-25,2025-08-15
00013973620248260590,TJSP,G1,Requisição de Pequeno Valor,1266,Custeio de Assistência Médica,1,FAZENDA PUBLICA DE SAO VICENTE,,SAJ,Eletrônico,0,2025-02-25,2026-05-08
00013078220258260302,TJSP,G1,Cumprimento de Sentença contra a Fazenda Pública,12078,Fornecimento de medicamentos,1,VARA JUIZADO ESP. CIVEL CRIM. DE JAU,,SAJ,Eletrônico,0,2025-02-25,2026-06-02
00004587620258260572,TJSP,G1,Cumprimento de sentença,156,Tratamento médico-hospitalar,1,02 CUMULATIVA DE SAO JOAQUIM DA BARRA,,SAJ,Eletrônico,0,2025-02-25,2026-06-02
00010332420258260010,TJSP,G1,Cumprimento de sentença,156,Tratamento médico-hospitalar,1,03 CIVEL DE IPIRANGA,,SAJ,Eletrônico,0,2025-02-25,2026-04-15
00023853420258260554,TJSP,G1,Cumprimento de sentença,156,Serviços Hospitalares,1,01 CIVEL DE SANTO ANDRE,,SAJ,Eletrônico,0,2025-02-25,2026-04-28
00014086520248260590,TJSP,G1,Requisição de Pequeno Valor,1266,Custeio de Assistência Médica,1,FAZENDA PUBLICA DE SAO VICENTE,,SAJ,Eletrônico,0,2025-02-25,2026-05-08
00013156820258260008,TJSP,G1,Cumprimento Provisório de Sentença,157,Fornecimento de medicamentos,1,01 CIVEL DE TATUAPE,,SAJ,Eletrônico,0,2025-02-25,2026-06-03
00004347520258260272,TJSP,G1,Cumprimento de Sentença contra a Fazenda Pública,12078,Fornecimento de medicamentos,1,JUIZADO ESPECIAL CIVEL CRIM. DE ITAPIRA,,SAJ,Eletrônico,0,2025-02-25,2026-04-28
00001056020258260370,TJSP,G1,Cumprimento de Sentença contra a Fazenda Pública,12078,Fornecimento de medicamentos,1,JUIZADO ESPECIAL CIVEL CRIM. DE MONTE AZUL PAULISTA,,SAJ,Eletrônico,0,2025-02-25,2025-08-15
00014065220258260011,TJSP,G1,Cumprimento de sentença,156,Serviços Hospitalares,1,05 CIVEL DE PINHEIROS,,SAJ,Eletrônico,0,2025-02-26,2026-01-08
00023220920258260554,TJSP,G1,Liquidação por Arbitramento,151,Tratamento médico-hospitalar,1,03 CIVEL DE SANTO ANDRE,,SAJ,Eletrônico,0,2025-02-26,2026-06-03
00001630520258260648,TJSP,G1,Cumprimento Provisório de Sentença,157,Fornecimento de medicamentos,1,JUIZADO ESPECIAL CIVEL E CRIMINAL DE URUPES,,SAJ,Eletrônico,0,2025-02-26,2025-08-15
00015141920258260161,TJSP,G1,Cumprimento de sentença,156,Serviços Hospitalares,1,02 CIVEL DE DIADEMA,,SAJ,Eletrônico,0,2025-02-26,2025-07-09
00002107420258260390,TJSP,G1,Cumprimento de sentença,156,Fornecimento de medicamentos,1,VARA UNICA DE NOVA GRANADA,,SAJ,Eletrônico,0,2025-02-26,2026-06-02
00017643420258260361,TJSP,G1,Cumprimento de sentença,156,Tratamento médico-hospitalar,2,04 CIVEL DE MOGI DAS CRUZES,,SAJ,Eletrônico,0,2025-02-26,2025-08-15
00040321420258260506,TJSP,G1,Procedimento do Juizado Especial da Fazenda Pública,14695,Fornecimento de medicamentos,1,JUIZADO ESP. DA FAZENDA PUBLICA DE RIBEIRAO PRETO,,SAJ,Eletrônico,0,2025-02-26,2026-03-17
00013529520258260008,TJSP,G1,Cumprimento de sentença,156,Tratamento médico-hospitalar,1,02 CIVEL DE TATUAPE,,SAJ,Eletrônico,0,2025-02-26,2025-08-14
00004927820258260272,TJSP,G1,Cumprimento Provisório de Decisão,10980,Tratamento médico-hospitalar,1,02 CUMULATIVA DE ITAPIRA,,SAJ,Eletrônico,0,2025-02-26,2026-06-02
00023203920258260554,TJSP,G1,Cumprimento de sentença,156,Tratamento médico-hospitalar,1,03 CIVEL DE SANTO ANDRE,,SAJ,Eletrônico,0,2025-02-26,2026-03-18
00013728620258260008,TJSP,G1,Cumprimento de sentença,156,Tratamento médico-hospitalar,1,05 CIVEL DE TATUAPE,,SAJ,Eletrônico,0,2025-02-27,2026-06-03
00011984820258260438,TJSP,G1,Procedimento do Juizado Especial da Fazenda Pública,14695,Fornecimento de medicamentos,1,VARA JUIZADO ESP. CIVEL CRIM. DE PENAPOLIS,,SAJ,Eletrônico,0,2025-02-27,2026-01-08
00006363220258260408,TJSP,G1,Cumprimento de Sentença contra a Fazenda Pública,12078,Fornecimento de medicamentos,1,VARA JUIZADO ESPECIAL CIVEL DE OURINHOS,,SAJ,Eletrônico,0,2025-02-27,2026-04-15
00014728820258260348,TJSP,G1,Cumprimento Provisório de Sentença,157,Tratamento médico-hospitalar,1,03 CIVEL DE MAUA,,SAJ,Eletrônico,0,2025-02-27,2025-08-15
00006209520258260176,TJSP,G1,Cumprimento Provisório de Sentença,157,Tratamento médico-hospitalar,1,02 CUMULATIVA DE EMBU DAS ARTES,,SAJ,Eletrônico,0,2025-02-27,2026-04-15
00023767220258260554,TJSP,G1,Cumprimento de sentença,156,Tratamento médico-hospitalar,1,02 CIVEL DE SANTO ANDRE,,SAJ,Eletrônico,0,2025-02-27,2026-05-08
00029470520258260405,TJSP,G1,Cumprimento Provisório de Sentença,157,Tratamento médico-hospitalar,1,04 CIVEL DE OSASCO,,SAJ,Eletrônico,0,2025-02-28,2026-06-03
00022736620258260004,TJSP,G1,Cumprimento de sentença,156,Serviços Hospitalares,1,Juízo Titular I - 2ª Vara Cível - Regional IV - Lapa,3550308.0,Projudi,Eletrônico,0,2025-02-28,2026-07-04
00009448220258260565,TJSP,G1,Cumprimento de sentença,156,Tratamento médico-hospitalar,1,05 CIVEL DE SAO CAETANO DO SUL,,SAJ,Eletrônico,0,2025-02-28,2026-03-18
00009953920258260292,TJSP,G1,Cumprimento de sentença,156,Tratamento médico-hospitalar,1,01 CIVEL DE JACAREI,,SAJ,Eletrônico,0,2025-03-01,2026-06-02
00008807120258260048,TJSP,G1,Cumprimento de sentença,156,Tratamento médico-hospitalar,1,03 CIVEL DE ATIBAIA,,SAJ,Eletrônico,0,2025-03-02,2025-08-12
00012635920258260077,TJSP,G1,Cumprimento de Sentença contra a Fazenda Pública,12078,Fornecimento de medicamentos,1,VARA JUIZADO ESP. CIVEL CRIM. DE BIRIGUI,,SAJ,Eletrônico,0,2025-03-03,2026-07-24
00002026120258260111,TJSP,G1,Cumprimento Provisório de Sentença,157,Tratamento médico-hospitalar,1,VARA UNICA DE CAJURU,,SAJ,Eletrônico,0,2025-03-04,2026-01-08
00020910520258260320,TJSP,G1,Cumprimento de sentença,156,Tratamento médico-hospitalar,1,03 CIVEL DE LIMEIRA,,SAJ,Eletrônico,0,2025-03-04,2026-06-03
00014874120258260127,TJSP,G1,Cumprimento Provisório de Sentença,157,Tratamento Domiciliar (Home Care),1,02 CIVEL DE CARAPICUIBA,,SAJ,Eletrônico,0,2025-03-05,2026-06-02
00004785620258260220,TJSP,G1,Cumprimento de sentença,156,Tratamento médico-hospitalar,1,01 CUMULATIVA DE GUARATINGUETA,,SAJ,Eletrônico,0,2025-03-05,2026-06-02
00018095920258260451,TJSP,G1,Cumprimento Provisório de Sentença,157,Tratamento médico-hospitalar,1,06 CIVEL DE PIRACICABA,,SAJ,Eletrônico,0,2025-03-05,2026-06-03
00040866120258260576,TJSP,G1,Cumprimento de sentença,156,Fornecimento de medicamentos,1,01 CIVEL DE SAO JOSE DO RIO PRETO,,SAJ,Eletrônico,0,2025-03-05,2026-05-08
00011503720258260229,TJSP,G1,Cumprimento de sentença,156,Fornecimento de medicamentos,1,Juízo Titular I - 2ª Vara Cível da Comarca de Hortolândia,3519071.0,Projudi,Eletrônico,0,2025-03-05,2026-07-09
00001778420258260584,TJSP,G1,Procedimento do Juizado Especial da Fazenda Pública,14695,Fornecimento de medicamentos,1,JUIZADO ESPECIAL CIVEL CRIM. DE SAO PEDRO,,SAJ,Eletrônico,0,2025-03-06,2026-06-03
00003336520258260360,TJSP,G1,Cumprimento de Sentença contra a Fazenda Pública,12078,Fornecimento de medicamentos,1,JUIZADO ESPECIAL CIVEL CRIM. DE MOCOCA,,SAJ,Eletrônico,0,2025-03-06,2026-06-02
00017827620258260451,TJSP,G1,Cumprimento de sentença,156,Custeio de Assistência Médica,1,02 FAZENDA PUBLICA DE PIRACICABA,,SAJ,Eletrônico,0,2025-03-06,2025-07-09
00028444320258260196,TJSP,G1,Cumprimento de Sentença contra a Fazenda Pública,12078,Fornecimento de medicamentos,1,FAZENDA PUBLICA DE FRANCA,,SAJ,Eletrônico,0,2025-03-06,2026-05-09
00001786920258260584,TJSP,G1,Procedimento do Juizado Especial da Fazenda Pública,14695,Fornecimento de medicamentos,1,JUIZADO ESPECIAL CIVEL CRIM. DE SAO PEDRO,,SAJ,Eletrônico,0,2025-03-06,2026-06-03
00026061720258260554,TJSP,G1,Cumprimento Provisório de Sentença,157,Tratamento médico-hospitalar,1,04 CIVEL DE SANTO ANDRE,,SAJ,Eletrônico,0,2025-03-06,2026-04-28
00016547420258260348,TJSP,G1,Cumprimento Provisório de Sentença,157,Tratamento médico-hospitalar,1,03 CIVEL DE MAUA,,SAJ,Eletrônico,0,2025-03-07,2025-08-15
00033092120258260562,TJSP,G1,Cumprimento de sentença,156,Tratamento médico-hospitalar,1,10 CIVEL DE SANTOS,,SAJ,Eletrônico,0,2025-03-07,2026-06-02
00032277320258260405,TJSP,G1,Cumprimento Provisório de Decisão,10980,Tratamento médico-hospitalar,1,06 CIVEL DE OSASCO,,SAJ,Eletrônico,0,2025-03-07,2026-06-03
00010889620258260099,TJSP,G1,Cumprimento de sentença,156,Fornecimento de medicamentos,1,03 CIVEL DE BRAGANCA PAULISTA,,SAJ,Eletrônico,0,2025-03-07,2026-02-05
00027219420258260309,TJSP,G1,Cumprimento Provisório de Sentença,157,Tratamento médico-hospitalar,1,03 CIVEL DE JUNDIAI,,SAJ,Eletrônico,0,2025-03-07,2026-06-02
00035400320258260577,TJSP,G1,Cumprimento de sentença,156,Tratamento médico-hospitalar,1,03 CIVEL DE SAO JOSE DOS CAMPOS,,SAJ,Eletrônico,0,2025-03-10,2025-07-08
10011234120248260045,TJSP,G2,Apelação Cível,198,Tratamento médico-hospitalar,1,10ª CÂMARA DE DIREITO PRIVADO,,SAJ,Eletrônico,0,2025-03-10,2025-08-14
00010718820258260704,TJSP,G1,Cumprimento Provisório de Sentença,157,Tratamento médico-hospitalar,1,Juízo Titular I - 1ª Vara Cível - Regional XV - Butantã,3550308.0,Projudi,Eletrônico,0,2025-03-10,2026-07-06
00015242820258260302,TJSP,G1,Cumprimento de Sentença contra a Fazenda Pública,12078,Fornecimento de medicamentos,1,VARA JUIZADO ESP. CIVEL CRIM. DE JAU,,SAJ,Eletrônico,0,2025-03-10,2026-03-17
00024709720258260302,TJSP,G1,Cumprimento de Sentença contra a Fazenda Pública,12078,Fornecimento de medicamentos,1,01 CIVEL DE JAU,,SAJ,Eletrônico,0,2025-03-10,2025-07-08
00014957620258260625,TJSP,G1,Cumprimento de sentença,156,Tratamento médico-hospitalar,1,02 CIVEL DE TAUBATE,,SAJ,Eletrônico,0,2025-03-10,2026-05-09
00020839120258260590,TJSP,G1,Cumprimento de sentença,156,Tratamento médico-hospitalar,1,01 CIVEL DE SAO VICENTE,,SAJ,Eletrônico,0,2025-03-10,2025-08-15
00022503620258260032,TJSP,G1,Cumprimento de sentença,156,Fornecimento de medicamentos,1,FAZENDA PUBLICA DE ARACATUBA,,SAJ,Eletrônico,0,2025-03-11,2026-07-24
00035941420258260562,TJSP,G1,Cumprimento de sentença,156,Tratamento Domiciliar (Home Care),1,02 CIVEL DE SANTOS,,SAJ,Eletrônico,0,2025-03-11,2025-08-14
00013319020258260438,TJSP,G1,Cumprimento de sentença,156,Fornecimento de medicamentos,1,VARA JUIZADO ESP. CIVEL CRIM. DE PENAPOLIS,,SAJ,Eletrônico,0,2025-03-11,2026-06-02
00015450420258260302,TJSP,G1,Cumprimento de Sentença contra a Fazenda Pública,12078,Fornecimento de medicamentos,1,VARA JUIZADO ESP. CIVEL CRIM. DE JAU,,SAJ,Eletrônico,0,2025-03-11,2026-03-17
00004697620258260323,TJSP,G1,Cumprimento de sentença,156,Fornecimento de medicamentos,1,02 CIVEL DE LORENA,,SAJ,Eletrônico,0,2025-03-12,2026-05-08
00035603920258260562,TJSP,G1,Cumprimento de sentença,156,Fornecimento de medicamentos,1,01 FAZENDA PUBLICA DE SANTOS,,SAJ,Eletrônico,0,2025-03-12,2025-08-14
00022901820258260032,TJSP,G1,Cumprimento de Sentença contra a Fazenda Pública,12078,Fornecimento de medicamentos,1,FAZENDA PUBLICA DE ARACATUBA,,SAJ,Eletrônico,0,2025-03-12,2026-06-02
00043486920258260007,TJSP,G1,Cumprimento de sentença,156,Fornecimento de medicamentos,1,02 CIVEL DE ITAQUERA,,SAJ,Eletrônico,0,2025-03-12,2026-02-05
00004640420258260663,TJSP,G1,Cumprimento de sentença,156,Fornecimento de medicamentos,1,01 CIVEL DE VOTORANTIM,,SAJ,Eletrônico,0,2025-03-12,2026-05-08
00010104820258260408,TJSP,G1,Cumprimento de sentença,156,Tratamento médico-hospitalar,1,01 CIVEL DE OURINHOS,,SAJ,Eletrônico,0,2025-03-12,2025-07-09
00028521320258260554,TJSP,G1,Cumprimento de sentença,156,Fornecimento de medicamentos,1,01 FAZENDA PUBLICA DE SANTO ANDRE,,SAJ,Eletrônico,0,2025-03-12,2026-04-28
00017146420258260019,TJSP,G1,Cumprimento de sentença,156,Fornecimento de medicamentos,1,02 CIVEL DE AMERICANA,,SAJ,Eletrônico,0,2025-03-12,2026-04-28
00029141220258260309,TJSP,G1,Cumprimento de sentença,156,Tratamento médico-hospitalar,1,01 CIVEL DE JUNDIAI,,SAJ,Eletrônico,0,2025-03-12,2026-06-02
00001589120258260515,TJSP,G1,Cumprimento de Sentença contra a Fazenda Pública,12078,Fornecimento de medicamentos,1,JUIZADO ESPECIAL CIVEL DE ROSANA,,SAJ,Eletrônico,0,2025-03-13,2026-03-17
00044711120248260037,TJSP,G1,Requisição de Pequeno Valor,1266,Fornecimento de medicamentos,1,INFANCIA JUVENTUDE IDOSO DE ARARAQUARA,,SAJ,Eletrônico,0,2025-03-13,2026-06-01
00000763620258260232,TJSP,G1,Cumprimento de sentença,156,Tratamento médico-hospitalar,1,VARA ÚNICA DE CESÁRIO LANGE,,SAJ,Eletrônico,0,2025-03-13,2025-07-09
00013872620258260438,TJSP,G1,Cumprimento de sentença,156,Fornecimento de medicamentos,1,VARA JUIZADO ESP. CIVEL CRIM. DE PENAPOLIS,,SAJ,Eletrônico,0,2025-03-13,2025-07-09
00020646120258260016,TJSP,G1,Procedimento do Juizado Especial Cível,436,Serviços Hospitalares,1,01 VARA JUIZADO ESPECIAL CIVEL - JIT -  ANEXO PUC DE CENTRAL,,SAJ,Eletrônico,0,2025-03-13,2026-06-02
00014322520258260278,TJSP,G1,Cumprimento de sentença,156,Serviços Hospitalares,1,01 CIVEL DE ITAQUAQUECETUBA,,SAJ,Eletrônico,0,2025-03-13,2026-07-16
00037422520258260562,TJSP,G1,Cumprimento Provisório de Sentença,157,Fornecimento de medicamentos,1,05 CIVEL DE SANTOS,,SAJ,Eletrônico,0,2025-03-14,2025-08-15
00009993320258260565,TJSP,G1,Cumprimento de sentença,156,Tratamento médico-hospitalar,1,05 CIVEL DE SAO CAETANO DO SUL,,SAJ,Eletrônico,0,2025-03-14,2025-08-15
00012026320258260704,TJSP,G1,Cumprimento Provisório de Sentença,157,Tratamento médico-hospitalar,1,03 CIVEL DE BUTANTA,,SAJ,Eletrônico,0,2025-03-14,2026-06-01
00002183820258260459,TJSP,G1,Cumprimento de Sentença contra a Fazenda Pública,12078,Fornecimento de medicamentos,1,JUIZADO ESPECIAL CIVEL E CRIMINAL DE PITANGUEIRAS,,SAJ,Eletrônico,0,2025-03-14,2026-02-05
00011585320258260604,TJSP,G1,Cumprimento de sentença,156,Fornecimento de medicamentos,1,02 CIVEL DE SUMARE,,SAJ,Eletrônico,0,2025-03-14,2026-06-03
00010137820258260286,TJSP,G1,Cumprimento de sentença,156,Tratamento médico-hospitalar,1,Juízo Titular I - 1ª Vara Cível da Comarca de Itu,3523909.0,Projudi,Eletrônico,0,2025-03-14,2026-07-03
00029782220258260309,TJSP,G1,Procedimento do Juizado Especial da Fazenda Pública,14695,Fornecimento de medicamentos,1,FAZENDA PUBLICA DE JUNDIAI,,SAJ,Eletrônico,0,2025-03-14,2025-08-15
00018556620258260348,TJSP,G1,Cumprimento Provisório de Decisão,10980,Tratamento médico-hospitalar,1,05 CIVEL DE MAUA,,SAJ,Eletrônico,0,2025-03-16,2026-07-16
00018686520258260348,TJSP,G1,Cumprimento de sentença,156,Tratamento médico-hospitalar,1,Juízo Titular I - 3ª Vara Cível da Comarca de Mauá,3529401.0,Projudi,Eletrônico,0,2025-03-16,2026-07-01
00015571420258260077,TJSP,G1,Cumprimento de Sentença contra a Fazenda Pública,12078,Fornecimento de medicamentos,1,VARA JUIZADO ESP. CIVEL CRIM. DE BIRIGUI,,SAJ,Eletrônico,0,2025-03-17,2026-07-24
00002487920258260651,TJSP,G1,Procedimento do Juizado Especial da Fazenda Pública,14695,Fornecimento de medicamentos,1,JUIZADO ESPECIAL CIVEL DE VALPARAISO,,SAJ,Eletrônico,0,2025-03-17,2026-06-02
00012023720258260066,TJSP,G1,Cumprimento Provisório de Decisão,10980,Tratamento Domiciliar (Home Care),1,01 CIVEL DE BARRETOS,,SAJ,Eletrônico,0,2025-03-17,2026-06-02
00012277620258260704,TJSP,G1,Cumprimento Provisório de Sentença,157,Tratamento médico-hospitalar,1,03 CIVEL DE BUTANTA,,SAJ,Eletrônico,0,2025-03-17,2026-05-07
00013996220258260269,TJSP,G1,Cumprimento de sentença,156,Tratamento médico-hospitalar,1,04 CIVEL DE ITAPETININGA,,SAJ,Eletrônico,0,2025-03-17,2026-04-28
00029690420258260554,TJSP,G1,Cumprimento de sentença,156,Tratamento médico-hospitalar,1,06 CIVEL DE SANTO ANDRE,,SAJ,Eletrônico,0,2025-03-17,2026-06-03
00024980220258260032,TJSP,G1,Cumprimento de sentença,156,Fornecimento de medicamentos,1,FAZENDA PUBLICA DE ARACATUBA,,SAJ,Eletrônico,0,2025-03-17,2026-07-24
00002272820258260094,TJSP,G1,Liquidação de Sentença pelo Procedimento Comum,152,Fornecimento de medicamentos,1,VARA UNICA DE BRODOSQUI,,SAJ,Eletrônico,0,2025-03-17,2026-07-16
00028246720258260482,TJSP,G1,Liquidação de Sentença pelo Procedimento Comum,152,Tratamento médico-hospitalar,1,03 CIVEL DE PRESIDENTE PRUDENTE,,SAJ,Eletrônico,0,2025-03-17,2026-02-09
00031397320258260554,TJSP,G1,Cumprimento de sentença,156,Tratamento médico-hospitalar,1,07 CIVEL DE SANTO ANDRE,,SAJ,Eletrônico,0,2025-03-18,2026-06-03
00013187920258260248,TJSP,G1,Cumprimento de Sentença contra a Fazenda Pública,12078,Fornecimento de medicamentos,1,VARA JUIZADO ESPECIAL CIVEL DE INDAIATUBA,,SAJ,Eletrônico,0,2025-03-18,2026-07-16
00012551820258260066,TJSP,G1,Cumprimento de sentença,156,Tratamento médico-hospitalar,1,01 CIVEL DE BARRETOS,,SAJ,Eletrônico,0,2025-03-18,2026-07-16
00004903020258260201,TJSP,G1,Cumprimento de Sentença contra a Fazenda Pública,12078,Fornecimento de medicamentos,1,JUIZADO ESPECIAL CIVEL CRIM. DE GARCA,,SAJ,Eletrônico,0,2025-03-18,2025-08-15
00004075120258260415,TJSP,G1,Cumprimento de Sentença contra a Fazenda Pública,12078,Fornecimento de medicamentos,1,JUIZADO ESPECIAL CIVEL DE PALMITAL,,SAJ,Eletrônico,0,2025-03-18,2026-04-28
00022989620258260451,TJSP,G1,Cumprimento de Sentença contra a Fazenda Pública,12078,Fornecimento de medicamentos,1,FAZENDA PUBLICA DE PIRACICABA,,SAJ,Eletrônico,0,2025-03-18,2026-02-07
00002294420258260111,TJSP,G1,Procedimento do Juizado Especial da Fazenda Pública,14695,Fornecimento de medicamentos,1,JUIZADO ESPECIAL CIVEL CRIM. DE CAJURU,,SAJ,Eletrônico,0,2025-03-18,2026-07-16
00018119720258260008,TJSP,G1,Cumprimento de sentença,156,Tratamento médico-hospitalar,1,01 CIVEL DE TATUAPE,,SAJ,Eletrônico,0,2025-03-18,2026-06-03
00007068120258260462,TJSP,G1,Cumprimento de sentença,156,Tratamento médico-hospitalar,1,01 CIVEL DE POA,,SAJ,Eletrônico,0,2025-03-19,2026-03-17
00031552420258260361,TJSP,G1,Cumprimento Provisório de Decisão,10980,Tratamento médico-hospitalar,1,03 CIVEL DE MOGI DAS CRUZES,,SAJ,Eletrônico,0,2025-03-19,2026-05-08
00013297320258260292,TJSP,G1,Cumprimento de sentença,156,Tratamento médico-hospitalar,1,02 CIVEL DE JACAREI,,SAJ,Eletrônico,0,2025-03-19,2026-03-17
00003488620258260472,TJSP,G1,Cumprimento de sentença,156,Fornecimento de medicamentos,1,02 CUMULATIVA DE PORTO FERREIRA,,SAJ,Eletrônico,0,2025-03-19,2025-08-14
00018447820258260011,TJSP,G1,Cumprimento de sentença,156,Fornecimento de medicamentos,1,05 CIVEL DE PINHEIROS,,SAJ,Eletrônico,0,2025-03-19,2026-03-17
00009978620258260428,TJSP,G1,Cumprimento de sentença,156,Fornecimento de medicamentos,1,02 CUMULATIVA DE PAULINIA,,SAJ,Eletrônico,0,2025-03-19,2026-06-03
00044209220258260577,TJSP,G1,Cumprimento de sentença,156,Tratamento médico-hospitalar,1,Juízo Titular I - 8ª Vara Cível da Comarca de São José dos Campos,3549904.0,Projudi,Eletrônico,0,2025-03-19,2026-07-07
00039821420258260562,TJSP,G1,Cumprimento de Sentença contra a Fazenda Pública,12078,Custeio de Assistência Médica,1,01 ACIDENTES TRABALHO DE SANTOS,,SAJ,Eletrônico,0,2025-03-19,2026-06-02
00019245120258260590,TJSP,G1,Cumprimento de Sentença contra a Fazenda Pública,12078,Custeio de Assistência Médica,1,FAZENDA PUBLICA DE SAO VICENTE,,SAJ,Eletrônico,0,2025-03-19,2026-06-02
00021888220258260068,TJSP,G1,Cumprimento Provisório de Decisão,10980,Tratamento médico-hospitalar,1,06 CIVEL DE BARUERI,,SAJ,Eletrônico,0,2025-03-19,2025-08-14
00002417820258260654,TJSP,G1,Cumprimento de sentença,156,Tratamento médico-hospitalar,1,VARA UNICA DE VARGEM GRANDE PAULISTA,,SAJ,Eletrônico,0,2025-03-19,2026-04-15
00001077420258260420,TJSP,G1,Cumprimento de sentença,156,Fornecimento de medicamentos,1,JUIZADO ESPECIAL CIVEL CRIM. DE PARANAPANEMA,,SAJ,Eletrônico,0,2025-03-19,2026-06-02
00011382320258260132,TJSP,G1,Procedimento do Juizado Especial da Fazenda Pública,14695,Fornecimento de medicamentos,1,VARA JUIZADO ESPECIAL CIVEL DE CATANDUVA,,SAJ,Eletrônico,0,2025-03-19,2026-07-16
00001690820258260035,TJSP,G1,Cumprimento de sentença,156,Fornecimento de medicamentos,1,JUIZADO ESPECIAL CIVEL CRIM. DE AGUAS DE LINDOIA,,SAJ,Eletrônico,0,2025-03-19,2026-06-02
00014182720258260606,TJSP,G1,Cumprimento de sentença,156,Tratamento médico-hospitalar,1,03 CIVEL DE SUZANO,,SAJ,Eletrônico,0,2025-03-19,2026-03-17
00041437620258260577,TJSP,G1,Cumprimento de sentença,156,Tratamento médico-hospitalar,1,03 CIVEL DE SAO JOSE DOS CAMPOS,,SAJ,Eletrônico,0,2025-03-20,2026-06-03
00014505220258260664,TJSP,G1,Procedimento do Juizado Especial da Fazenda Pública,14695,Fornecimento de medicamentos,1,VARA JUIZADO ESP. CIVEL CRIM. - JIT -  ANEXO UNIFEV - VOTUPORANGA,,SAJ,Eletrônico,0,2025-03-20,2026-05-08
00008669820258260400,TJSP,G1,Cumprimento de sentença,156,Fornecimento de medicamentos,1,CRIMINAL DE OLIMPIA,,SAJ,Eletrônico,0,2025-03-20,2026-05-08
00029167120258260344,TJSP,G1,Cumprimento de sentença,156,Tratamento médico-hospitalar,1,04 CIVEL DE MARILIA,,SAJ,Eletrônico,0,2025-03-20,2026-05-08
00031933920258260554,TJSP,G1,Cumprimento de sentença,156,Tratamento médico-hospitalar,1,08 CIVEL DE SANTO ANDRE,,SAJ,Eletrônico,0,2025-03-20,2026-04-28
00033804720258260554,TJSP,G1,Cumprimento Provisório de Sentença,157,Tratamento médico-hospitalar,1,08 CIVEL DE SANTO ANDRE,,SAJ,Eletrônico,0,2025-03-20,2026-06-03
00031613420258260554,TJSP,G1,Cumprimento de sentença,156,Tratamento Domiciliar (Home Care),1,06 CIVEL DE SANTO ANDRE,,SAJ,Eletrônico,0,2025-03-20,2026-06-03
00001791220258260695,TJSP,G1,Procedimento do Juizado Especial da Fazenda Pública,14695,Fornecimento de medicamentos,1,JUIZADO ESPECIAL CIVEL CRIM. DE NAZARE PAULISTA,,SAJ,Eletrônico,0,2025-03-20,2025-08-12
00002787020258260601,TJSP,G1,Procedimento do Juizado Especial da Fazenda Pública,14695,Fornecimento de medicamentos,1,JUIZADO ESPECIAL CIVEL CRIM. DE SOCORRO,,SAJ,Eletrônico,0,2025-03-20,2025-07-09
00002391620258260620,TJSP,G1,Procedimento do Juizado Especial da Fazenda Pública,14695,Fornecimento de medicamentos,1,JUIZADO ESPECIAL CIVEL CRIM. DE TAQUARITUBA,,SAJ,Eletrônico,0,2025-03-21,2026-06-03
00020798020258260161,TJSP,G1,Cumprimento de sentença,156,Fornecimento de medicamentos,1,02 CIVEL DE DIADEMA,,SAJ,Eletrônico,0,2025-03-21,2025-07-09
00000896820258260027,TJSP,G1,Cumprimento de sentença,156,Tratamento médico-hospitalar,1,VARA UNICA DE IACANGA,,SAJ,Eletrônico,0,2025-03-21,2025-11-05
00026886220258260032,TJSP,G1,Cumprimento de sentença,156,Fornecimento de medicamentos,1,FAZENDA PUBLICA DE ARACATUBA,,SAJ,Eletrônico,0,2025-03-21,2026-04-15
00025342720258260361,TJSP,G1,Cumprimento Provisório de Decisão,10980,Tratamento médico-hospitalar,1,04 CIVEL DE MOGI DAS CRUZES,,SAJ,Eletrônico,0,2025-03-21,2026-06-01
00022757220258260477,TJSP,G1,Cumprimento de sentença,156,Fornecimento de medicamentos,1,02 CIVEL DE PRAIA GRANDE,,SAJ,Eletrônico,0,2025-03-21,2026-04-15
00000432620258260659,TJSP,G1,Requisição de Pequeno Valor,1266,Fornecimento de medicamentos,1,02 CUMULATIVA DE VINHEDO,,SAJ,Eletrônico,0,2025-03-21,2026-06-03
00002015420258260474,TJSP,G1,Cumprimento de sentença,156,Serviços Hospitalares,1,VARA UNICA DE POTIRENDABA,,SAJ,Eletrônico,0,2025-03-22,2026-05-08
00012611220258260038,TJSP,G1,Cumprimento de sentença,156,Fornecimento de medicamentos,1,VARA JUIZADO ESP. CIVEL CRIM. DE ARARAS,,SAJ,Eletrônico,0,2025-03-23,2026-04-28
00002939720258260129,TJSP,G1,Procedimento do Juizado Especial da Fazenda Pública,14695,Fornecimento de medicamentos,1,JUIZADO ESPECIAL CIVEL CRIM. DE CASA BRANCA,,SAJ,Eletrônico,0,2025-03-24,2026-06-03
00001745220258260060,TJSP,G1,Procedimento Comum Cível,7,Fornecimento de medicamentos,1,VARA UNICA DE AURIFLAMA,,SAJ,Eletrônico,0,2025-03-24,2026-07-24
00037768020258260309,TJSP,G1,Cumprimento de sentença,156,Tratamento médico-hospitalar,1,06 CIVEL DE JUNDIAI,,SAJ,Eletrônico,0,2025-03-24,2025-08-15
00003531120258260472,TJSP,G1,Procedimento do Juizado Especial da Fazenda Pública,14695,Fornecimento de medicamentos,1,JUIZADO ESPECIAL CIVEL CRIM. DE PORTO FERREIRA,,SAJ,Eletrônico,0,2025-03-24,2026-06-03
00016713020258260019,TJSP,G1,Cumprimento Provisório de Decisão,10980,Fornecimento de medicamentos,1,04 CIVEL DE AMERICANA,,SAJ,Eletrônico,0,2025-03-24,2025-08-15
00010636620258260428,TJSP,G1,Cumprimento de sentença,156,Tratamento médico-hospitalar,1,02 CUMULATIVA DE PAULINIA,,SAJ,Eletrônico,0,2025-03-25,2026-06-03
00015530620258260229,TJSP,G1,Procedimento do Juizado Especial da Fazenda Pública,14695,Fornecimento de medicamentos,1,VARA JUIZADO ESP. CIVEL CRIM. DE HORTOLANDIA,,SAJ,Eletrônico,0,2025-03-25,2026-03-06
00002266220258260120,TJSP,G1,Cumprimento de Sentença contra a Fazenda Pública,12078,Fornecimento de medicamentos,1,JUIZADO ESPECIAL CIVEL CRIM. DE CANDIDO MOTA,,SAJ,Eletrônico,0,2025-03-25,2025-08-14
00010904420258260268,TJSP,G1,Cumprimento de sentença,156,Tratamento médico-hospitalar,1,04 CUMULATIVA DE ITAPECERICA DA SERRA,,SAJ,Eletrônico,0,2025-03-25,2026-06-02
00012670720258260624,TJSP,G1,Cumprimento de Sentença contra a Fazenda Pública,12078,Fornecimento de medicamentos,1,VARA JUIZADO ESP. CIVEL CRIM. DE TATUI,,SAJ,Eletrônico,0,2025-03-25,2026-06-03
00006246320258260296,TJSP,G1,Cumprimento de sentença,156,Fornecimento de medicamentos,1,02 CUMULATIVA DE JAGUARIUNA,,SAJ,Eletrônico,0,2025-03-25,2026-02-05
00042038020258260405,TJSP,G1,Cumprimento Provisório de Sentença,157,Tratamento médico-hospitalar,1,Juízo Titular I - 7ª Vara Civel da Comarca de Osasco,3534401.0,Projudi,Eletrônico,0,2025-03-25,2026-07-07
00015687220258260229,TJSP,G1,Cumprimento Provisório de Sentença,157,Tratamento médico-hospitalar,1,3 CIVEL DE HORTOLANDIA,,SAJ,Eletrônico,0,2025-03-25,2026-06-03
00014495120258260637,TJSP,G1,Cumprimento de sentença,156,Tratamento médico-hospitalar,1,03 CIVEL DE TUPA,,SAJ,Eletrônico,0,2025-03-25,2025-08-14
00007576220258260084,TJSP,G1,Liquidação de Sentença pelo Procedimento Comum,152,Tratamento médico-hospitalar,1,04 CUMULATIVA DE VILA MIMOSA,,SAJ,Eletrônico,0,2025-03-25,2026-06-03
00045839420258260602,TJSP,G1,Cumprimento de sentença,156,Fornecimento de medicamentos,1,FAZENDA PUBLICA DE SOROCABA,,SAJ,Eletrônico,0,2025-03-25,2026-06-03
00023221220258260068,TJSP,G1,Cumprimento de sentença,156,Tratamento médico-hospitalar,1,01 CIVEL DE BARUERI,,SAJ,Eletrônico,0,2025-03-25,2026-03-17
00006122420258260272,TJSP,G1,Cumprimento de Sentença contra a Fazenda Pública,12078,Fornecimento de medicamentos,1,JUIZADO ESPECIAL CIVEL CRIM. DE ITAPIRA,,SAJ,Eletrônico,0,2025-03-26,2026-05-08
00033476120258260003,TJSP,G1,Cumprimento Provisório de Sentença,157,Tratamento médico-hospitalar,1,02 CIVEL DE JABAQUARA,,SAJ,Eletrônico,0,2025-03-26,2026-04-15
00016923220258260269,TJSP,G1,Procedimento Comum Cível,7,Fornecimento de medicamentos,1,04 CIVEL DE ITAPETININGA,,SAJ,Eletrônico,0,2025-03-26,2026-04-28
00001085020248260596,TJSP,G1,Requisição de Pequeno Valor,1266,Fornecimento de medicamentos,1,02 CUMULATIVA DE SERRANA,,SAJ,Eletrônico,0,2025-03-26,2026-02-05
00013737820258260038,TJSP,G1,Cumprimento de sentença,156,Fornecimento de medicamentos,1,03 CIVEL DE ARARAS,,SAJ,Eletrônico,0,2025-03-26,2026-04-28
00043345520258260405,TJSP,G1,Cumprimento Provisório de Decisão,10980,Tratamento médico-hospitalar,1,06 CIVEL DE OSASCO,,SAJ,Eletrônico,0,2025-03-26,2026-03-16
00010714320258260428,TJSP,G1,Cumprimento de sentença,156,Tratamento médico-hospitalar,1,01 CUMULATIVA DE PAULINIA,,SAJ,Eletrônico,0,2025-03-26,2025-07-09
00008099420258260266,TJSP,G1,Cumprimento de sentença,156,Tratamento médico-hospitalar,1,02 CUMULATIVA DE ITANHAEM,,SAJ,Eletrônico,0,2025-03-26,2026-04-28
00014191620258260637,TJSP,G1,Cumprimento Provisório de Sentença,157,Fornecimento de medicamentos,1,01 CIVEL DE TUPA,,SAJ,Eletrônico,0,2025-03-26,2025-08-14
00003123120258260638,TJSP,G1,Cumprimento de sentença,156,Fornecimento de medicamentos,1,JUIZADO ESPECIAL CIVEL CRIM. DE TUPI PAULISTA,,SAJ,Eletrônico,0,2025-03-26,2026-04-28
00043155720258260564,TJSP,G1,Cumprimento de sentença,156,Tratamento médico-hospitalar,1,03 CIVEL DE SAO BERNARDO DO CAMPO,,SAJ,Eletrônico,0,2025-03-26,2025-07-19
00001536420258260646,TJSP,G1,Cumprimento de sentença,156,Tratamento médico-hospitalar,1,VARA UNICA DE URANIA,,SAJ,Eletrônico,0,2025-03-27,2026-07-24
00006233620258260407,TJSP,G1,Cumprimento de sentença,156,Tratamento Domiciliar (Home Care),1,01 CUMULATIVA DE OSVALDO CRUZ,,SAJ,Eletrônico,0,2025-03-27,2026-05-08
00004589420258260372,TJSP,G1,Cumprimento Provisório de Sentença,157,Tratamento médico-hospitalar,1,02 CUMULATIVA DE MONTE MOR,,SAJ,Eletrônico,0,2025-03-27,2026-06-03
00021748420258260008,TJSP,G1,Cumprimento Provisório de Decisão,10980,Tratamento médico-hospitalar,1,01 CIVEL DE TATUAPE,,SAJ,Eletrônico,0,2025-03-27,2025-08-14
00045191020258260562,TJSP,G1,Procedimento do Juizado Especial da Fazenda Pública,14695,Fornecimento de medicamentos,1,01 ACIDENTES TRABALHO DE SANTOS,,SAJ,Eletrônico,0,2025-03-27,2026-04-15
00014716520248260372,TJSP,G1,Precatório,1265,Tratamento médico-hospitalar,1,02 CUMULATIVA DE MONTE MOR,,SAJ,Eletrônico,0,2025-03-27,2026-04-28
00002853220258260514,TJSP,G1,Cumprimento Provisório de Decisão,10980,Tratamento médico-hospitalar,1,VARA UNICA DE ITUPEVA,,SAJ,Eletrônico,0,2025-03-28,2026-02-05
00003398920258260128,TJSP,G1,Cumprimento de Sentença contra a Fazenda Pública,12078,Fornecimento de medicamentos,1,JUIZADO ESPECIAL CIVEL CRIM. DE CARDOSO,,SAJ,Eletrônico,0,2025-03-28,2026-07-16
00002698720258260414,TJSP,G1,Cumprimento de Sentença contra a Fazenda Pública,12078,Fornecimento de medicamentos,1,JUIZADO ESPECIAL CIVEL CRIM. DE PALMEIRA D OESTE,,SAJ,Eletrônico,0,2025-03-28,2025-07-09
00007432920258260650,TJSP,G1,Procedimento do Juizado Especial da Fazenda Pública,14695,Assistência Médico-Hospitalar,1,VARA JUIZADO ESP. CIVEL CRIM. DE VALINHOS,,SAJ,Eletrônico,0,2025-03-28,2026-06-03
00029622620258260032,TJSP,G1,Cumprimento de Sentença contra a Fazenda Pública,12078,Fornecimento de medicamentos,1,FAZENDA PUBLICA DE ARACATUBA,,SAJ,Eletrônico,0,2025-03-28,2026-02-06
00002610320258260094,TJSP,G1,Cumprimento de sentença,156,Fornecimento de medicamentos,1,VARA UNICA DE BRODOSQUI,,SAJ,Eletrônico,0,2025-03-28,2025-07-07
00009083720258260663,TJSP,G1,Cumprimento Provisório de Sentença,157,Tratamento médico-hospitalar,1,01 CIVEL DE VOTORANTIM,,SAJ,Eletrônico,0,2025-03-28,2026-06-03
00006512320258260045,TJSP,G1,Cumprimento de sentença,156,Tratamento médico-hospitalar,1,02 CUMULATIVA DE ARUJA,,SAJ,Eletrônico,0,2025-03-28,2026-04-15
00007842020258260157,TJSP,G1,Cumprimento Provisório de Sentença,157,Tratamento médico-hospitalar,1,04 CUMULATIVA DE CUBATAO,,SAJ,Eletrônico,0,2025-03-31,2026-03-17
00009396320258260176,TJSP,G1,Cumprimento Provisório de Decisão,10980,Tratamento médico-hospitalar,1,03 CUMULATIVA DE EMBU DAS ARTES,,SAJ,Eletrônico,0,2025-03-31,2026-06-02
00034584220258260004,TJSP,G1,Cumprimento de sentença,156,Tratamento médico-hospitalar,1,03 CIVEL DE LAPA,,SAJ,Eletrônico,0,2025-03-31,2026-04-15
00021851620258260590,TJSP,G1,Cumprimento Provisório de Sentença,157,Tratamento médico-hospitalar,1,03 CIVEL DE SAO VICENTE,,SAJ,Eletrônico,0,2025-03-31,2026-04-15
00027895020258260016,TJSP,G1,Procedimento do Juizado Especial Cível,436,Serviços Hospitalares,1,01 VARA JUIZADO ESPECIAL CIVEL - JIT -  ANEXO PUC DE CENTRAL,,SAJ,Eletrônico,0,2025-04-01,2026-04-15
00015173220258260271,TJSP,G1,Cumprimento de sentença,156,Tratamento médico-hospitalar,1,02 CIVEL DE ITAPEVI,,SAJ,Eletrônico,0,2025-04-01,2026-06-02
00014950820258260292,TJSP,G1,Cumprimento de sentença,156,Tratamento médico-hospitalar,1,Juízo Titular I - 3ª Vara Cível da Comarca de Jacareí,3524402.0,Projudi,Eletrônico,0,2025-04-01,2026-07-15
00028506120258260451,TJSP,G1,Cumprimento de sentença,156,Fornecimento de medicamentos,1,02 CIVEL DE PIRACICABA,,SAJ,Eletrônico,0,2025-04-01,2025-08-15
00012712720258260565,TJSP,G1,Cumprimento de sentença,156,Fornecimento de medicamentos,1,03 CIVEL DE SAO CAETANO DO SUL,,SAJ,Eletrônico,0,2025-04-01,2025-07-09
00003739520258260150,TJSP,G1,Procedimento do Juizado Especial da Fazenda Pública,14695,Fornecimento de medicamentos,1,JUIZADO ESPECIAL CIVEL DE COSMÓPOLIS,,SAJ,Eletrônico,0,2025-04-02,2026-05-08
00015798020258260624,TJSP,G1,Cumprimento de Sentença contra a Fazenda Pública,12078,Fornecimento de medicamentos,1,VARA JUIZADO ESP. CIVEL CRIM. DE TATUI,,SAJ,Eletrônico,0,2025-04-02,2026-05-08
00003529320258260288,TJSP,G1,Procedimento do Juizado Especial da Fazenda Pública,14695,Fornecimento de medicamentos,1,JUIZADO ESPECIAL CIVEL CRIM. DE ITUVERAVA,,SAJ,Eletrônico,0,2025-04-02,2026-07-16
00010578620258260322,TJSP,G1,Cumprimento de sentença,156,Tratamento médico-hospitalar,1,03 CIVEL DE LINS,,SAJ,Eletrônico,0,2025-04-02,2025-08-15
00012315620258260529,TJSP,G1,Cumprimento de sentença,156,Tratamento médico-hospitalar,1,3VARA JUDICIAL DE SANTANA DE PARNAÍBA,,SAJ,Eletrônico,0,2025-04-02,2026-06-03
00034697120258260004,TJSP,G1,Cumprimento de sentença,156,Tratamento médico-hospitalar,1,03 CIVEL DE LAPA,,SAJ,Eletrônico,0,2025-04-02,2026-06-03
00036621020258260482,TJSP,G1,Cumprimento Provisório de Sentença,157,Tratamento médico-hospitalar,1,02 CIVEL DE PRESIDENTE PRUDENTE,,SAJ,Eletrônico,0,2025-04-03,2025-07-09
00016068820258260066,TJSP,G1,Cumprimento de Sentença contra a Fazenda Pública,12078,Fornecimento de medicamentos,1,VARA JUIZADO ESP. CIVEL CRIM. DE BARRETOS,,SAJ,Eletrônico,0,2025-04-03,2026-02-06
00030532820258260320,TJSP,G1,Cumprimento Provisório de Sentença,157,Tratamento médico-hospitalar,1,02 CIVEL DE LIMEIRA,,SAJ,Eletrônico,0,2025-04-03,2026-04-28
00002891720258260111,TJSP,G1,Procedimento do Juizado Especial da Fazenda Pública,14695,Fornecimento de medicamentos,1,JUIZADO ESPECIAL CIVEL CRIM. DE CAJURU,,SAJ,Eletrônico,0,2025-04-03,2026-07-16
00009318020258260663,TJSP,G1,Cumprimento de sentença,156,Tratamento médico-hospitalar,1,01 CIVEL DE VOTORANTIM,,SAJ,Eletrônico,0,2025-04-03,2026-06-03
00036639220258260482,TJSP,G1,Cumprimento Provisório de Sentença,157,Tratamento médico-hospitalar,1,02 CIVEL DE PRESIDENTE PRUDENTE,,SAJ,Eletrônico,0,2025-04-04,2025-07-09
00022501720258260006,TJSP,G1,Cumprimento de sentença,156,Tratamento médico-hospitalar,1,03 CIVEL DE PENHA,,SAJ,Eletrônico,0,2025-04-04,2026-06-03
00021510720258260278,TJSP,G1,Cumprimento Provisório de Decisão,10980,Tratamento médico-hospitalar,1,02 CIVEL DE ITAQUAQUECETUBA,,SAJ,Eletrônico,0,2025-04-04,2026-06-01
00009199620258260168,TJSP,G1,Cumprimento de Sentença contra a Fazenda Pública,12078,Fornecimento de medicamentos,1,01 CUMULATIVA DE DRACENA,,SAJ,Eletrônico,0,2025-04-04,2025-08-15
00010263220258260010,TJSP,G1,Cumprimento Provisório de Sentença,157,Tratamento médico-hospitalar,1,02 CIVEL DE IPIRANGA,,SAJ,Eletrônico,0,2025-04-04,2026-03-17
00015001620258260038,TJSP,G1,Reclamação Pré-processual,11875,Fornecimento de medicamentos,1,CEJUSC (Pré-Processual),,SAJ,Eletrônico,0,2025-04-04,2025-07-09
00002167020258260426,TJSP,G1,Procedimento do Juizado Especial da Fazenda Pública,14695,Fornecimento de medicamentos,1,JUIZADO ESPECIAL CIVEL DE PATROCINIO PAULISTA,,SAJ,Eletrônico,0,2025-04-04,2026-05-09
00001732420258260333,TJSP,G1,Cumprimento de Sentença contra a Fazenda Pública,12078,Tratamento médico-hospitalar,1,JUIZADO ESPECIAL CIVEL CRIM. DE MACATUBA,,SAJ,Eletrônico,0,2025-04-04,2026-06-02
00039928220258260554,TJSP,G1,Cumprimento Provisório de Sentença,157,Tratamento médico-hospitalar,1,08 CIVEL DE SANTO ANDRE,,SAJ,Eletrônico,0,2025-04-04,2026-06-03
00023895120258260302,TJSP,G1,Cumprimento de Sentença contra a Fazenda Pública,12078,Fornecimento de medicamentos,1,04 CIVEL DE JAU,,SAJ,Eletrônico,0,2025-04-06,2026-04-15
00003534720258260654,TJSP,G1,Procedimento Comum Cível,7,Tratamento médico-hospitalar,2,VARA UNICA DE VARGEM GRANDE PAULISTA,,SAJ,Eletrônico,0,2025-04-07,2026-06-03
00003090620258260435,TJSP,G1,Cumprimento de sentença,156,Tratamento médico-hospitalar,1,02 CUMULATIVA DE PEDREIRA,,SAJ,Eletrônico,0,2025-04-07,2025-08-15
00017067920258260248,TJSP,G1,Cumprimento de sentença,156,Fornecimento de medicamentos,1,VARA JUIZADO ESPECIAL CIVEL DE INDAIATUBA,,SAJ,Eletrônico,0,2025-04-07,2026-07-16
00012194720258260010,TJSP,G1,Cumprimento de sentença,156,Tratamento médico-hospitalar,1,03 CIVEL DE IPIRANGA,,SAJ,Eletrônico,0,2025-04-07,2026-06-03
00044933020258260071,TJSP,G1,Cumprimento de sentença,156,Tratamento médico-hospitalar,1,06 CIVEL DE BAURU,,SAJ,Eletrônico,0,2025-04-07,2026-04-15
00018233420258260066,TJSP,G1,Cumprimento de sentença,156,Fornecimento de medicamentos,1,01 CIVEL DE BARRETOS,,SAJ,Eletrônico,0,2025-04-07,2026-06-02
00009740820258260084,TJSP,G1,Cumprimento Provisório de Sentença,157,Tratamento médico-hospitalar,1,05 CUMULATIVA DE VILA MIMOSA,,SAJ,Eletrônico,0,2025-04-07,2026-06-03
00003149120258260414,TJSP,G1,Cumprimento de Sentença contra a Fazenda Pública,12078,Fornecimento de medicamentos,1,VARA UNICA DE PALMEIRA D OESTE,,SAJ,Eletrônico,0,2025-04-07,2026-06-02
00011832620258260197,TJSP,G1,Cumprimento de sentença,156,Serviços Hospitalares,1,01 CUMULATIVA DE FRANCISCO MORATO,,SAJ,Eletrônico,0,2025-04-08,2026-06-03
00028213020258260477,TJSP,G1,Procedimento do Juizado Especial da Fazenda Pública,14695,Assistência Médico-Hospitalar,1,FAZENDA PUBLICA DE PRAIA GRANDE,,SAJ,Eletrônico,0,2025-04-08,2026-03-17
00016531920258260048,TJSP,G1,Cumprimento de sentença,156,Tratamento médico-hospitalar,1,03 CIVEL DE ATIBAIA,,SAJ,Eletrônico,0,2025-04-08,2026-04-28
00010481420238260058,TJSP,G1,Requisição de Pequeno Valor,1266,Fornecimento de medicamentos,1,01 CUMULATIVA DE AGUDOS,,SAJ,Eletrônico,0,2025-04-09,2026-07-24
00022218920258260127,TJSP,G1,Cumprimento Provisório de Sentença,157,Tratamento médico-hospitalar,1,Juízo Titular I - 3ª Vara Cível da Comarca de Carapicuíba,3510609.0,Projudi,Eletrônico,0,2025-04-09,2026-05-12
00040283120258260003,TJSP,G1,Cumprimento de sentença,156,Tratamento médico-hospitalar,1,03 CIVEL DE JABAQUARA,,SAJ,Eletrônico,0,2025-04-09,2026-06-03
00012626920248260575,TJSP,G1,Requisição de Pequeno Valor,1266,Fornecimento de medicamentos,1,01 CUMULATIVA DE SAO JOSE DO RIO PARDO,,SAJ,Eletrônico,0,2025-04-10,2026-03-17
00024459320258260008,TJSP,G1,Cumprimento de sentença,156,Tratamento médico-hospitalar,1,03 CIVEL DE TATUAPE,,SAJ,Eletrônico,0,2025-04-10,2026-02-05
00024830820258260590,TJSP,G1,Cumprimento Provisório de Decisão,10980,Tratamento médico-hospitalar,1,02 CIVEL DE SAO VICENTE,,SAJ,Eletrônico,0,2025-04-10,2026-03-17
00012823120258260541,TJSP,G1,Procedimento do Juizado Especial da Fazenda Pública,14695,Fornecimento de medicamentos,1,JUIZADO ESPECIAL CIVEL DE SANTA FE DO SUL,,SAJ,Eletrônico,0,2025-04-10,2025-11-05
00007136120258260272,TJSP,G1,Cumprimento de Sentença contra a Fazenda Pública,12078,Fornecimento de medicamentos,1,JUIZADO ESPECIAL CIVEL CRIM. DE ITAPIRA,,SAJ,Eletrônico,0,2025-04-10,2026-06-02
00018980520258260606,TJSP,G1,Cumprimento de sentença,156,Tratamento médico-hospitalar,1,01 CIVEL DE SUZANO,,SAJ,Eletrônico,0,2025-04-10,2026-06-01
00010056720258260168,TJSP,G1,Procedimento do Juizado Especial da Fazenda Pública,14695,Fornecimento de medicamentos,1,JUIZADO ESPECIAL CIVEL CRIM. DE DRACENA,,SAJ,Eletrônico,0,2025-04-11,2026-06-02
00005653420238260397,TJSP,G1,Requisição de Pequeno Valor,1266,Fornecimento de medicamentos,1,VARA UNICA DE NUPORANGA,,SAJ,Eletrônico,0,2025-04-13,2026-06-02
00032732120258260451,TJSP,G1,Cumprimento de Sentença contra a Fazenda Pública,12078,Fornecimento de medicamentos,1,FAZENDA PUBLICA DE PIRACICABA,,SAJ,Eletrônico,0,2025-04-13,2026-06-03
00041149620258260004,TJSP,G1,Cumprimento de sentença,156,Tratamento médico-hospitalar,1,02 CIVEL DE LAPA,,SAJ,Eletrônico,0,2025-04-13,2025-08-14
00026701320258260009,TJSP,G1,Cumprimento Provisório de Sentença,157,Fornecimento de medicamentos,1,04 CIVEL DE VILA PRUDENTE,,SAJ,Eletrônico,0,2025-04-14,2026-06-03
00021537920258260438,TJSP,G1,Cumprimento de sentença,156,Fornecimento de medicamentos,1,VARA JUIZADO ESP. CIVEL CRIM. DE PENAPOLIS,,SAJ,Eletrônico,0,2025-04-14,2026-01-08
00003255920258260111,TJSP,G1,Procedimento do Juizado Especial da Fazenda Pública,14695,Fornecimento de medicamentos,1,JUIZADO ESPECIAL CIVEL CRIM. DE CAJURU,,SAJ,Eletrônico,0,2025-04-15,2026-07-16
00030654220258260223,TJSP,G1,Cumprimento de sentença,156,Tratamento médico-hospitalar,1,01 CIVEL DE GUARUJA,,SAJ,Eletrônico,0,2025-04-15,2026-07-16
00025827520258260008,TJSP,G1,Cumprimento de sentença,156,Tratamento médico-hospitalar,1,Juízo Titular I - 3ª Vara Cível - Regional VIII - Tatuapé,3550308.0,Projudi,Eletrônico,0,2025-04-15,2026-06-10
00030136020258260477,TJSP,G1,Cumprimento de sentença,156,Tratamento médico-hospitalar,1,02 CIVEL DE PRAIA GRANDE,,SAJ,Eletrônico,0,2025-04-15,2026-06-02
00007753120258260457,TJSP,G1,Cumprimento de sentença,156,Fornecimento de medicamentos,1,01 CUMULATIVA DE PIRASSUNUNGA,,SAJ,Eletrônico,0,2025-04-15,2025-07-09
00023087820258260019,TJSP,G1,Cumprimento Provisório de Decisão,10980,Tratamento médico-hospitalar,1,03 CIVEL DE AMERICANA,,SAJ,Eletrônico,0,2025-04-15,2026-04-28
00012397220258260322,TJSP,G1,Cumprimento de sentença,156,Fornecimento de medicamentos,1,03 CIVEL DE LINS,,SAJ,Eletrônico,0,2025-04-16,2026-03-06
00012414220258260322,TJSP,G1,Cumprimento de sentença,156,Fornecimento de medicamentos,1,03 CIVEL DE LINS,,SAJ,Eletrônico,0,2025-04-16,2026-03-06
00004482420258260025,TJSP,G1,Procedimento do Juizado Especial da Fazenda Pública,14695,Fornecimento de medicamentos,1,JUIZADO ESPECIAL CIVEL CRIM. DE ANGATUBA,,SAJ,Eletrônico,0,2025-04-16,2026-01-08
00003507020258260629,TJSP,G1,Cumprimento de sentença,156,Serviços Hospitalares,1,01 CUMULATIVA DE TIETE,,SAJ,Eletrônico,0,2025-04-16,2025-08-15
00004892820248260315,TJSP,G1,Requisição de Pequeno Valor,1266,Fornecimento de medicamentos,1,01 CUMULATIVA DE LARANJAL PAULISTA,,SAJ,Eletrônico,0,2025-04-16,2026-04-28
00025030520258260006,TJSP,G1,Cumprimento de sentença,156,Tratamento médico-hospitalar,1,02 CIVEL DE PENHA,,SAJ,Eletrônico,0,2025-04-16,2026-06-03
00027787120258260161,TJSP,G1,Cumprimento de sentença,156,Fornecimento de medicamentos,1,FAZENDA PUBLICA DE DIADEMA,,SAJ,Eletrônico,0,2025-04-16,2026-02-06
00018549020258260248,TJSP,G1,Cumprimento Provisório de Sentença,157,Fornecimento de medicamentos,1,03 CIVEL DE INDAIATUBA,,SAJ,Eletrônico,0,2025-04-16,2026-06-02
00017164420258260048,TJSP,G1,Cumprimento de sentença,156,Tratamento médico-hospitalar,1,02 CIVEL DE ATIBAIA,,SAJ,Eletrônico,0,2025-04-16,2025-08-15
00043193120258260003,TJSP,G1,Cumprimento Provisório de Sentença,157,Tratamento médico-hospitalar,1,04 CIVEL DE JABAQUARA,,SAJ,Eletrônico,0,2025-04-16,2026-06-03
00019881920258260604,TJSP,G1,Cumprimento de sentença,156,Fornecimento de medicamentos,1,VARA JUIZADO ESP. CIVEL CRIM. DE SUMARE,,SAJ,Eletrônico,0,2025-04-17,2026-06-03
00000952320258260691,TJSP,G1,Cumprimento de sentença,156,Fornecimento de medicamentos,1,VARA UNICA DE BURI,,SAJ,Eletrônico,0,2025-04-17,2026-06-03
00018440620258260132,TJSP,G1,Cumprimento de sentença,156,Tratamento médico-hospitalar,1,02 CIVEL DE CATANDUVA,,SAJ,Eletrônico,0,2025-04-17,2026-04-14
00018467320258260132,TJSP,G1,Cumprimento de sentença,156,Fornecimento de medicamentos,1,02 CIVEL DE CATANDUVA,,SAJ,Eletrônico,0,2025-04-17,2026-06-02
00006237020248260213,TJSP,G1,Requisição de Pequeno Valor,1266,Fornecimento de medicamentos,1,01 CUMULATIVA DE GUARA,,SAJ,Eletrônico,0,2025-04-19,2026-04-15
00013162720248260125,TJSP,G1,Requisição de Pequeno Valor,1266,Tratamento médico-hospitalar,1,02 CUMULATIVA DE CAPIVARI,,SAJ,Eletrônico,0,2025-04-21,2025-08-15
00023503020258260019,TJSP,G1,Procedimento do Juizado Especial da Fazenda Pública,14695,Fornecimento de medicamentos,1,VARA JUIZADO ESPECIAL CIVEL DE AMERICANA,,SAJ,Eletrônico,0,2025-04-22,2026-04-28
00008623920258260278,TJSP,G1,Requisição de Pequeno Valor,1266,Fornecimento de medicamentos,1,02 CRIMINAL DE ITAQUAQUECETUBA,,SAJ,Eletrônico,0,2025-04-22,2026-03-17
00022023920258260077,TJSP,G1,Cumprimento de Sentença contra a Fazenda Pública,12078,Tratamento Domiciliar (Home Care),1,03 CIVEL DE BIRIGUI,,SAJ,Eletrônico,0,2025-04-22,2026-06-02
00035459120258260361,TJSP,G1,Cumprimento Provisório de Sentença,157,Fornecimento de medicamentos,1,FAZENDA PUBLICA DE MOGI DAS CRUZES,,SAJ,Eletrônico,0,2025-04-22,2025-08-14
00027601520258260302,TJSP,G1,Cumprimento de Sentença contra a Fazenda Pública,12078,Fornecimento de medicamentos,1,VARA JUIZADO ESP. CIVEL CRIM. DE JAU,,SAJ,Eletrônico,0,2025-04-22,2026-04-15
00035901920258260451,TJSP,G1,Cumprimento de sentença,156,Tratamento médico-hospitalar,1,02 CIVEL DE PIRACICABA,,SAJ,Eletrônico,0,2025-04-22,2026-06-03
00008078020258260022,TJSP,G1,Cumprimento Provisório de Sentença,157,Tratamento Domiciliar (Home Care),1,02 CUMULATIVA DE AMPARO,,SAJ,Eletrônico,0,2025-04-23,2026-06-02
00006634820258260106,TJSP,G1,Cumprimento de sentença,156,Fornecimento de medicamentos,1,02 CUMULATIVA DE CAIEIRAS,,SAJ,Eletrônico,0,2025-04-23,2026-02-05
00025772820258260566,TJSP,G1,Cumprimento de sentença,156,Fornecimento de medicamentos,1,FAZENDA PUBLICA DE SAO CARLOS,,SAJ,Eletrônico,0,2025-04-23,2026-06-01
00041954520258260004,TJSP,G1,Exibição de Documento ou Coisa Cível,228,Tratamento médico-hospitalar,1,03 CIVEL DE LAPA,,SAJ,Eletrônico,0,2025-04-23,2026-04-15
00028303820258260009,TJSP,G1,Cumprimento de sentença,156,Tratamento médico-hospitalar,1,03 CIVEL DE VILA PRUDENTE,,SAJ,Eletrônico,0,2025-04-23,2026-03-17
00020234120258260066,TJSP,G1,Cumprimento de sentença,156,Fornecimento de medicamentos,1,01 CIVEL DE BARRETOS,,SAJ,Eletrônico,0,2025-04-23,2026-02-06
00019475220258260604,TJSP,G1,Cumprimento de sentença,156,Tratamento médico-hospitalar,1,01 CIVEL DE SUMARE,,SAJ,Eletrônico,0,2025-04-23,2026-06-03
00037564720258260032,TJSP,G1,Cumprimento de Sentença contra a Fazenda Pública,12078,Fornecimento de medicamentos,1,FAZENDA PUBLICA DE ARACATUBA,,SAJ,Eletrônico,0,2025-04-23,2026-07-24
00018164020258260099,TJSP,G1,Cumprimento Provisório de Sentença,157,Tratamento médico-hospitalar,1,03 CIVEL DE BRAGANCA PAULISTA,,SAJ,Eletrônico,0,2025-04-23,2026-06-02
00008051920258260505,TJSP,G1,Cumprimento de sentença,156,Tratamento Domiciliar (Home Care),1,01 CUMULATIVA DE RIBEIRAO PIRES,,SAJ,Eletrônico,0,2025-04-23,2026-06-01
00010029820258260108,TJSP,G1,Cumprimento Provisório de Decisão,10980,Tratamento médico-hospitalar,1,02 CUMULATIVA DE CAJAMAR,,SAJ,Eletrônico,0,2025-04-24,2026-06-02
00011231920258260176,TJSP,G1,Cumprimento de sentença,156,Tratamento médico-hospitalar,1,02 CUMULATIVA DE EMBU DAS ARTES,,SAJ,Eletrônico,0,2025-04-24,2025-08-15
00044269320258260482,TJSP,G1,Cumprimento de Sentença contra a Fazenda Pública,12078,Fornecimento de medicamentos,1,FAZENDA PUBLICA DE PRESIDENTE PRUDENTE,,SAJ,Eletrônico,0,2025-04-24,2025-08-14
00003321220258260512,TJSP,G1,Cumprimento de sentença,156,Serviços Hospitalares,1,VARA UNICA DE RIO GRANDE DA SERRA,,SAJ,Eletrônico,0,2025-04-24,2026-06-01
00019665820258260604,TJSP,G1,Cumprimento de sentença,156,Tratamento médico-hospitalar,1,02 CIVEL DE SUMARE,,SAJ,Eletrônico,0,2025-04-24,2026-06-03
00019596620258260604,TJSP,G1,Cumprimento de sentença,156,Fornecimento de medicamentos,1,02 CIVEL DE SUMARE,,SAJ,Eletrônico,0,2025-04-24,2025-07-09
00015147920258260529,TJSP,G1,Cumprimento de sentença,156,Tratamento médico-hospitalar,1,3VARA JUDICIAL DE SANTANA DE PARNAÍBA,,SAJ,Eletrônico,0,2025-04-24,2026-06-03
00015838620258260408,TJSP,G1,Cumprimento de Sentença contra a Fazenda Pública,12078,Fornecimento de medicamentos,1,01 CIVEL DE OURINHOS,,SAJ,Eletrônico,0,2025-04-25,2026-06-02
00027965720258260011,TJSP,G1,Cumprimento de sentença,156,Tratamento Domiciliar (Home Care),1,01 CIVEL DE PINHEIROS,,SAJ,Eletrônico,0,2025-04-25,2026-04-15
00003993520258260137,TJSP,G1,Cumprimento de sentença,156,Tratamento médico-hospitalar,1,VARA UNICA DE CERQUILHO,,SAJ,Eletrônico,0,2025-04-25,2026-06-03
00032413520258260477,TJSP,G1,Cumprimento de sentença,156,Tratamento médico-hospitalar,1,02 CIVEL DE PRAIA GRANDE,,SAJ,Eletrônico,0,2025-04-25,2026-06-02
00041841620258260004,TJSP,G1,Cumprimento de sentença,156,Serviços Hospitalares,1,03 CIVEL DE LAPA,,SAJ,Eletrônico,0,2025-04-25,2026-06-03
00027054820258260566,TJSP,G1,Cumprimento de sentença,156,Fornecimento de medicamentos,1,02 CRIMINAL DE SAO CARLOS,,SAJ,Eletrônico,0,2025-04-27,2025-07-09
00029574320258260019,TJSP,G1,Cumprimento Provisório de Decisão,10980,Fornecimento de medicamentos,1,01 CIVEL DE AMERICANA,,SAJ,Eletrônico,0,2025-04-27,2026-06-03
00037918720258260361,TJSP,G1,Cumprimento de sentença,156,Tratamento médico-hospitalar,1,03 CIVEL DE MOGI DAS CRUZES,,SAJ,Eletrônico,0,2025-04-28,2026-06-01
00028251020258260302,TJSP,G1,Cumprimento de Sentença contra a Fazenda Pública,12078,Fornecimento de medicamentos,1,VARA JUIZADO ESP. CIVEL CRIM. DE JAU,,SAJ,Eletrônico,0,2025-04-28,2026-06-02
00019349020258260624,TJSP,G1,Cumprimento de Sentença contra a Fazenda Pública,12078,Fornecimento de medicamentos,1,VARA JUIZADO ESP. CIVEL CRIM. DE TATUI,,SAJ,Eletrônico,0,2025-04-28,2026-06-03
00014791720258260272,TJSP,G1,Cumprimento de Sentença contra a Fazenda Pública,12078,Fornecimento de medicamentos,1,JUIZADO ESPECIAL CIVEL CRIM. DE ITAPIRA,,SAJ,Eletrônico,0,2025-04-28,2026-05-08
00005322420258260575,TJSP,G1,Cumprimento de Sentença contra a Fazenda Pública,12078,Custeio de Assistência Médica,1,JUIZADO ESPECIAL CIVEL DE SAO JOSE DO RIO PARDO,,SAJ,Eletrônico,0,2025-04-28,2025-11-05
00030738220258260590,TJSP,G1,Cumprimento de Sentença contra a Fazenda Pública,12078,Fornecimento de medicamentos,1,FAZENDA PUBLICA DE SAO VICENTE,,SAJ,Eletrônico,0,2025-04-28,2026-06-02
00016188320258260428,TJSP,G1,Cumprimento Provisório de Sentença,157,Tratamento médico-hospitalar,1,02 CUMULATIVA DE PAULINIA,,SAJ,Eletrônico,0,2025-04-29,2026-04-28
00025564420258260019,TJSP,G1,Cumprimento Provisório de Sentença,157,Tratamento médico-hospitalar,1,03 CIVEL DE AMERICANA,,SAJ,Eletrônico,0,2025-04-29,2026-05-08
00019521420258260624,TJSP,G1,Procedimento do Juizado Especial da Fazenda Pública,14695,Fornecimento de medicamentos,1,VARA JUIZADO ESP. CIVEL CRIM. DE TATUI,,SAJ,Eletrônico,0,2025-04-29,2026-05-08
00022013920258260664,TJSP,G1,Procedimento do Juizado Especial da Fazenda Pública,14695,Fornecimento de medicamentos,1,VARA JUIZADO ESP. CIVEL CRIM. - JIT -  ANEXO UNIFEV - VOTUPORANGA,,SAJ,Eletrônico,0,2025-04-29,2026-04-15
00038007020258260451,TJSP,G1,Cumprimento Provisório de Sentença,157,Fornecimento de medicamentos,1,FAZENDA PUBLICA DE PIRACICABA,,SAJ,Eletrônico,0,2025-04-29,2026-06-03
00011892320258260168,TJSP,G1,Procedimento do Juizado Especial da Fazenda Pública,14695,Fornecimento de medicamentos,1,JUIZADO ESPECIAL CIVEL CRIM. DE DRACENA,,SAJ,Eletrônico,0,2025-04-29,2026-01-08
00020384620258260248,TJSP,G1,Cumprimento de sentença,156,Fornecimento de medicamentos,1,VARA JUIZADO ESPECIAL CIVEL DE INDAIATUBA,,SAJ,Eletrônico,0,2025-04-30,2026-04-28
00032557820258260037,TJSP,G1,Cumprimento de sentença,156,Fornecimento de medicamentos,1,FAZENDA PUBLICA DE ARARAQUARA,,SAJ,Eletrônico,0,2025-04-30,2026-06-01
00028214520258260278,TJSP,G1,Cumprimento de sentença,156,Tratamento médico-hospitalar,1,03 CIVEL DE ITAQUAQUECETUBA,,SAJ,Eletrônico,0,2025-04-30,2026-05-08
00012892320258260347,TJSP,G1,Cumprimento Provisório de Sentença,157,Fornecimento de medicamentos,1,CRIMINAL DE MATAO,,SAJ,Eletrônico,0,2025-04-30,2026-04-14
00019722620258260132,TJSP,G1,Cumprimento de Sentença contra a Fazenda Pública,12078,Fornecimento de medicamentos,1,02 CIVEL DE CATANDUVA,,SAJ,Eletrônico,0,2025-05-02,2026-05-08
00033008220258260037,TJSP,G1,Cumprimento de sentença,156,Tratamento médico-hospitalar,1,04 CIVEL DE ARARAQUARA,,SAJ,Eletrônico,0,2025-05-02,2025-08-14
00017874720258260565,TJSP,G1,Cumprimento de sentença,156,Tratamento médico-hospitalar,1,05 CIVEL DE SAO CAETANO DO SUL,,SAJ,Eletrônico,0,2025-05-02,2026-06-03
00029178520258260011,TJSP,G1,Cumprimento de sentença,156,Tratamento médico-hospitalar,1,02 CIVEL DE PINHEIROS,,SAJ,Eletrônico,0,2025-05-04,2026-06-03
00011079420258260619,TJSP,G1,Cumprimento de sentença,156,Fornecimento de medicamentos,2,03 CUMULATIVA DE TAQUARITINGA,,SAJ,Eletrônico,0,2025-05-05,2026-05-08
00043073120258260451,TJSP,G1,Cumprimento de sentença,156,Tratamento médico-hospitalar,1,01 CIVEL DE PIRACICABA,,SAJ,Eletrônico,0,2025-05-05,2026-04-28
00028483720258260566,TJSP,G1,Cumprimento de sentença,156,Custeio de Assistência Médica,1,FAZENDA PUBLICA DE SAO CARLOS,,SAJ,Eletrônico,0,2025-05-05,2026-06-01
00024878520258260609,TJSP,G1,Cumprimento de sentença,156,Tratamento médico-hospitalar,1,01 CIVEL DE TABOAO DA SERRA,,SAJ,Eletrônico,0,2025-05-05,2026-06-03
00019911120258260624,TJSP,G1,Cumprimento de Sentença contra a Fazenda Pública,12078,Fornecimento de medicamentos,1,VARA JUIZADO ESP. CIVEL CRIM. DE TATUI,,SAJ,Eletrônico,0,2025-05-05,2026-06-03
00004543520258260153,TJSP,G1,Cumprimento de sentença,156,Fornecimento de medicamentos,1,02 CUMULATIVA DE CRAVINHOS,,SAJ,Eletrônico,0,2025-05-05,2026-06-02
00024895520258260609,TJSP,G1,Cumprimento de sentença,156,Tratamento médico-hospitalar,1,01 CIVEL DE TABOAO DA SERRA,,SAJ,Eletrônico,0,2025-05-05,2026-05-12
00042589420248260266,TJSP,G1,Requisição de Pequeno Valor,1266,Custeio de Assistência Médica,1,VARA JUIZADO ESP. CIVEL CRIM. DE ITANHAEM,,SAJ,Eletrônico,0,2025-05-05,2025-07-09
00004201220258260654,TJSP,G1,Cumprimento de sentença,156,Tratamento médico-hospitalar,1,VARA UNICA DE VARGEM GRANDE PAULISTA,,SAJ,Eletrônico,0,2025-05-05,2026-02-09
00009718920238260030,TJSP,G1,Requisição de Pequeno Valor,1266,Fornecimento de medicamentos,1,VARA UNICA DE APIAI,,SAJ,Eletrônico,0,2025-05-05,2026-06-03
00022503120258260066,TJSP,G1,Cumprimento de sentença,156,Fornecimento de medicamentos,1,01 CIVEL DE BARRETOS,,SAJ,Eletrônico,0,2025-05-05,2026-02-06
00020745320258260292,TJSP,G1,Cumprimento de sentença,156,Fornecimento de medicamentos,1,03 CIVEL DE JACAREI,,SAJ,Eletrônico,0,2025-05-06,2026-02-05
00030131220258260008,TJSP,G1,Cumprimento de sentença,156,Tratamento médico-hospitalar,1,05 CIVEL DE TATUAPE,,SAJ,Eletrônico,0,2025-05-06,2026-06-03
00020197620258260624,TJSP,G1,Cumprimento de Sentença contra a Fazenda Pública,12078,Fornecimento de medicamentos,1,VARA JUIZADO ESP. CIVEL CRIM. DE TATUI,,SAJ,Eletrônico,0,2025-05-06,2026-05-08
00008848920258260022,TJSP,G1,Cumprimento de sentença,156,Tratamento médico-hospitalar,1,01 CUMULATIVA DE AMPARO,,SAJ,Eletrônico,0,2025-05-06,2026-02-05
00032567920258260161,TJSP,G1,Cumprimento de sentença,156,Tratamento médico-hospitalar,1,03 CIVEL DE DIADEMA,,SAJ,Eletrônico,0,2025-05-06,2026-04-28
00009656420258260272,TJSP,G1,Cumprimento de sentença,156,Fornecimento de medicamentos,1,JUIZADO ESPECIAL CIVEL CRIM. DE ITAPIRA,,SAJ,Eletrônico,0,2025-05-06,2026-06-02
00014116020258260533,TJSP,G1,Cumprimento de Sentença contra a Fazenda Pública,12078,Fornecimento de medicamentos,1,VARA JUIZADO ESP. CIVEL CRIM. DE SANTA BARBARA D OESTE,,SAJ,Eletrônico,0,2025-05-06,2026-06-03
00004771220258260369,TJSP,G1,Cumprimento de sentença,156,Tratamento médico-hospitalar,1,02 CUMULATIVA DE MONTE APRAZIVEL,,SAJ,Eletrônico,0,2025-05-06,2025-08-15
00032498720258260161,TJSP,G1,Liquidação por Arbitramento,151,Tratamento médico-hospitalar,1,03 CIVEL DE DIADEMA,,SAJ,Eletrônico,0,2025-05-06,2026-02-06
00004545820258260210,TJSP,G1,Procedimento do Juizado Especial da Fazenda Pública,14695,Fornecimento de medicamentos,1,JUIZADO ESPECIAL CIVEL CRIM. DE GUAIRA,,SAJ,Eletrônico,0,2025-05-06,2026-06-02
00020735420258260038,TJSP,G1,Cumprimento de sentença,156,Fornecimento de medicamentos,1,VARA JUIZADO ESP. CIVEL CRIM. DE ARARAS,,SAJ,Eletrônico,0,2025-05-07,2026-05-08
00036259520258260477,TJSP,G1,Cumprimento de Sentença contra a Fazenda Pública,12078,Custeio de Assistência Médica,1,FAZENDA PUBLICA DE PRAIA GRANDE,,SAJ,Eletrônico,0,2025-05-07,2026-06-02
00008855620258260222,TJSP,G1,Cumprimento Provisório de Sentença,157,Fornecimento de medicamentos,1,01 CUMULATIVA DE GUARIBA,,SAJ,Eletrônico,0,2025-05-07,2026-05-08
00006782020258260493,TJSP,G1,Cumprimento Provisório de Sentença,157,Tratamento médico-hospitalar,1,VARA UNICA DE REGENTE FEIJO,,SAJ,Eletrônico,0,2025-05-07,2026-05-08
00025345920258260609,TJSP,G1,Cumprimento de sentença,156,Fornecimento de medicamentos,1,01 CIVEL DE TABOAO DA SERRA,,SAJ,Eletrônico,0,2025-05-08,2026-04-15
00022607520258260066,TJSP,G1,Cumprimento de sentença,156,Fornecimento de medicamentos,1,01 CIVEL DE BARRETOS,,SAJ,Eletrônico,0,2025-05-08,2026-02-06
00006537020258260278,TJSP,G1,Requisição de Pequeno Valor,1266,Fornecimento de medicamentos,1,02 CRIMINAL DE ITAQUAQUECETUBA,,SAJ,Eletrônico,0,2025-05-08,2026-02-06
00040343120258260361,TJSP,G1,Cumprimento Provisório de Sentença,157,Fornecimento de medicamentos,1,03 CIVEL DE MOGI DAS CRUZES,,SAJ,Eletrônico,0,2025-05-08,2026-06-01
00026941120258260019,TJSP,G1,Procedimento do Juizado Especial da Fazenda Pública,14695,Fornecimento de medicamentos,1,VARA JUIZADO ESPECIAL CIVEL DE AMERICANA,,SAJ,Eletrônico,0,2025-05-08,2025-08-15
00014827920258260010,TJSP,G1,Cumprimento Provisório de Sentença,157,Tratamento médico-hospitalar,1,01 CIVEL DE IPIRANGA,,SAJ,Eletrônico,0,2025-05-08,2026-06-03
00026976320258260019,TJSP,G1,Procedimento do Juizado Especial da Fazenda Pública,14695,Fornecimento de medicamentos,1,VARA JUIZADO ESPECIAL CIVEL DE AMERICANA,,SAJ,Eletrônico,0,2025-05-08,2026-06-03
00008615220258260505,TJSP,G1,Cumprimento Provisório de Sentença,157,Tratamento médico-hospitalar,1,02 CUMULATIVA DE RIBEIRAO PIRES,,SAJ,Eletrônico,0,2025-05-08,2026-06-01
00032036320258260011,TJSP,G1,Cumprimento de sentença,156,Tratamento médico-hospitalar,1,04 CIVEL DE PINHEIROS,,SAJ,Eletrônico,0,2025-05-09,2026-06-03
00006196120258260063,TJSP,G1,Cumprimento de sentença,156,Serviços Hospitalares,1,02 CUMULATIVA DE BARRA BONITA,,SAJ,Eletrônico,0,2025-05-09,2026-04-15
00003129420258260035,TJSP,G1,Procedimento do Juizado Especial da Fazenda Pública,14695,Fornecimento de medicamentos,1,JUIZADO ESPECIAL CIVEL CRIM. DE AGUAS DE LINDOIA,,SAJ,Eletrônico,0,2025-05-09,2026-02-05
00029235020258260510,TJSP,G1,Cumprimento de sentença,156,Tratamento médico-hospitalar,1,02 CIVEL DE RIO CLARO,,SAJ,Eletrônico,0,2025-05-09,2026-06-03
00010023320258260356,TJSP,G1,Cumprimento Provisório de Sentença,157,Fornecimento de medicamentos,1,02 CUMULATIVA DE MIRANDOPOLIS,,SAJ,Eletrônico,0,2025-05-12,2026-04-15
00014748520258260533,TJSP,G1,Cumprimento de Sentença contra a Fazenda Pública,12078,Fornecimento de medicamentos,1,VARA JUIZADO ESP. CIVEL CRIM. DE SANTA BARBARA D OESTE,,SAJ,Eletrônico,0,2025-05-12,2026-06-03
00034118220258260161,TJSP,G1,Cumprimento de sentença,156,Tratamento médico-hospitalar,1,03 CIVEL DE DIADEMA,,SAJ,Eletrônico,0,2025-05-12,2026-06-03
00007113520258260323,TJSP,G1,Cumprimento Provisório de Sentença,157,Custeio de Assistência Médica,1,01 CIVEL DE LORENA,,SAJ,Eletrônico,0,2025-05-12,2026-02-05
00027911120258260019,TJSP,G1,Cumprimento de sentença,156,Tratamento médico-hospitalar,1,04 CIVEL DE AMERICANA,,SAJ,Eletrônico,0,2025-05-12,2026-05-08
00005048620258260274,TJSP,G1,Cumprimento de sentença,156,Serviços Hospitalares,1,01 CUMULATIVA DE ITAPOLIS,,SAJ,Eletrônico,0,2025-05-12,2026-05-08
00003150920258260695,TJSP,G1,Cumprimento de sentença,156,Tratamento médico-hospitalar,1,VARA UNICA DE NAZARE PAULISTA,,SAJ,Eletrônico,0,2025-05-12,2026-05-07
00011265220258260441,TJSP,G1,Procedimento do Juizado Especial da Fazenda Pública,14695,Assistência Médico-Hospitalar,1,JUIZADO ESPECIAL CIVEL CRIM. DE PERUIBE,,SAJ,Eletrônico,0,2025-05-13,2026-04-28
00039210620258260223,TJSP,G1,Cumprimento de sentença,156,Tratamento médico-hospitalar,1,02 CIVEL DE GUARUJA,,SAJ,Eletrônico,0,2025-05-13,2026-06-02
00044025720258260032,TJSP,G1,Cumprimento de Sentença contra a Fazenda Pública,12078,Fornecimento de medicamentos,1,FAZENDA PUBLICA DE ARACATUBA,,SAJ,Eletrônico,0,2025-05-13,2026-07-24
00038329420258260477,TJSP,G1,Cumprimento de sentença,156,Tratamento médico-hospitalar,1,03 CIVEL DE PRAIA GRANDE,,SAJ,Eletrônico,0,2025-05-14,2026-06-02
00009221520258260568,TJSP,G1,Cumprimento de sentença,156,Fornecimento de medicamentos,1,01 CIVEL DE SAO JOAO DA BOA VISTA,,SAJ,Eletrônico,0,2025-05-14,2025-08-15
00011455820258260441,TJSP,G1,Procedimento do Juizado Especial da Fazenda Pública,14695,Fornecimento de medicamentos,1,JUIZADO ESPECIAL CIVEL CRIM. DE PERUIBE,,SAJ,Eletrônico,0,2025-05-15,2026-06-02
00006606220258260278,TJSP,G1,Requisição de Pequeno Valor,1266,Fornecimento de medicamentos,1,02 CRIMINAL DE ITAQUAQUECETUBA,,SAJ,Eletrônico,0,2025-05-15,2026-02-06
00013596920228260533,TJSP,G1,Requisição de Pequeno Valor,1266,Tratamento médico-hospitalar,1,01 CIVEL DE SANTA BARBARA D OESTE,,SAJ,Eletrônico,0,2025-05-15,2026-06-03
00021435920258260624,TJSP,G1,Cumprimento de Sentença contra a Fazenda Pública,12078,Fornecimento de medicamentos,1,VARA JUIZADO ESP. CIVEL CRIM. DE TATUI,,SAJ,Eletrônico,0,2025-05-15,2026-06-03
00022489620258260604,TJSP,G1,Cumprimento de Sentença contra a Fazenda Pública,12078,Fornecimento de medicamentos,1,04 CIVEL DE SUMARÉ,,SAJ,Eletrônico,0,2025-05-15,2026-06-03
00017145020258260541,TJSP,G1,Cumprimento de sentença,156,Fornecimento de medicamentos,1,JUIZADO ESPECIAL CIVEL DE SANTA FE DO SUL,,SAJ,Eletrônico,0,2025-05-15,2025-07-09
00021591320258260624,TJSP,G1,Procedimento do Juizado Especial da Fazenda Pública,14695,Fornecimento de medicamentos,1,VARA JUIZADO ESP. CIVEL CRIM. DE TATUI,,SAJ,Eletrônico,0,2025-05-16,2025-07-09
00005445520258260246,TJSP,G1,Procedimento do Juizado Especial Cível,436,Fornecimento de medicamentos,1,JUIZADO ESPECIAL CIVEL CRIM. DE ILHA SOLTEIRA,,SAJ,Eletrônico,0,2025-05-16,2026-04-28
00010471620258260072,TJSP,G1,Cumprimento de sentença,156,Fornecimento de medicamentos,1,01 CUMULATIVA DE BEBEDOURO,,SAJ,Eletrônico,0,2025-05-16,2026-05-08
00033015420258260009,TJSP,G1,Cumprimento de sentença,156,Tratamento médico-hospitalar,1,03 CIVEL DE VILA PRUDENTE,,SAJ,Eletrônico,0,2025-05-16,2026-04-15
00031897920258260011,TJSP,G1,Cumprimento Provisório de Sentença,157,Fornecimento de medicamentos,1,Juízo Titular I - 1ª Vara Cível - Regional XI - Pinheiros,3550308.0,Projudi,Eletrônico,0,2025-05-16,2026-06-04
00043330820258260361,TJSP,G1,Cumprimento de sentença,156,Tratamento Domiciliar (Home Care),1,01 CIVEL DE MOGI DAS CRUZES,,SAJ,Eletrônico,0,2025-05-16,2026-06-01
00009675220258260363,TJSP,G1,Procedimento do Juizado Especial da Fazenda Pública,14695,Fornecimento de medicamentos,1,VARA JUIZADO ESP. CIVEL CRIM. DE MOJI MIRIM,,SAJ,Eletrônico,0,2025-05-19,2026-06-02
00012974220258260236,TJSP,G1,Cumprimento Provisório de Sentença,157,Fornecimento de medicamentos,1,01 CIVEL DE IBITINGA,,SAJ,Eletrônico,0,2025-05-19,2026-06-01
00009571820258260101,TJSP,G1,Cumprimento de sentença,156,Tratamento médico-hospitalar,1,01 CIVEL DE CACAPAVA,,SAJ,Eletrônico,0,2025-05-19,2025-11-05
00003333020258260695,TJSP,G1,Cumprimento de sentença,156,Tratamento médico-hospitalar,1,VARA UNICA DE NAZARE PAULISTA,,SAJ,Eletrônico,0,2025-05-19,2026-06-01
00033015720258260590,TJSP,G1,Cumprimento de sentença,156,Fornecimento de medicamentos,1,05 CIVEL DE SAO VICENTE,,SAJ,Eletrônico,0,2025-05-19,2026-03-17
10015380720258260201,TJSP,G1,Procedimento do Juizado Especial da Fazenda Pública,14695,Custeio de Assistência Médica,2,JUIZADO ESPECIAL CIVEL CRIM. DE GARCA,,SAJ,Eletrônico,0,2025-05-19,2025-08-15
00017509220258260541,TJSP,G1,Cumprimento de Sentença contra a Fazenda Pública,12078,Fornecimento de medicamentos,1,JUIZADO ESPECIAL CIVEL DE SANTA FE DO SUL,,SAJ,Eletrônico,0,2025-05-19,2025-11-05
00033932620258260302,TJSP,G1,Cumprimento de Sentença contra a Fazenda Pública,12078,Fornecimento de medicamentos,1,VARA JUIZADO ESP. CIVEL CRIM. DE JAU,,SAJ,Eletrônico,0,2025-05-20,2026-04-15
00038767920258260068,TJSP,G1,Cumprimento Provisório de Sentença,157,Fornecimento de medicamentos,1,06 CIVEL DE BARUERI,,SAJ,Eletrônico,0,2025-05-20,2026-02-05
00020886220258260704,TJSP,G1,Cumprimento de sentença,156,Tratamento médico-hospitalar,1,Juízo Titular I - 1ª Vara Cível - Regional XV - Butantã,3550308.0,Projudi,Eletrônico,0,2025-05-20,2026-07-04
00011733920258260663,TJSP,G1,Cumprimento Provisório de Sentença,157,Fornecimento de medicamentos,1,01 CIVEL DE VOTORANTIM,,SAJ,Eletrônico,0,2025-05-20,2026-01-08
00022083620258260048,TJSP,G1,Cumprimento Provisório de Sentença,157,Tratamento médico-hospitalar,1,04 CIVEL DE ATIBAIA,,SAJ,Eletrônico,0,2025-05-20,2025-08-15
00010126520258260457,TJSP,G1,Cumprimento Provisório de Decisão,10980,Fornecimento de medicamentos,1,03 CUMULATIVA DE PIRASSUNUNGA,,SAJ,Eletrônico,0,2025-05-20,2025-08-15
00007924920258260075,TJSP,G1,Cumprimento Provisório de Sentença,157,Fornecimento de medicamentos,1,02 CUMULATIVA DE BERTIOGA,,SAJ,Eletrônico,0,2025-05-20,2026-07-16
00014693920258260347,TJSP,G1,Procedimento do Juizado Especial da Fazenda Pública,14695,Fornecimento de medicamentos,1,VARA JUIZADO ESP. CIVEL CRIM. DE MATAO,,SAJ,Eletrônico,0,2025-05-20,2026-06-01
00023225320258260604,TJSP,G1,Cumprimento Provisório de Decisão,10980,Tratamento médico-hospitalar,1,04 CIVEL DE SUMARÉ,,SAJ,Eletrônico,0,2025-05-21,2026-02-07
00009325420258260505,TJSP,G1,Cumprimento de sentença,156,Fornecimento de medicamentos,1,02 CUMULATIVA DE RIBEIRAO PIRES,,SAJ,Eletrônico,0,2025-05-21,2026-06-01
00037537720258260037,TJSP,G1,Cumprimento de sentença,156,Fornecimento de medicamentos,1,FAZENDA PUBLICA DE ARARAQUARA,,SAJ,Eletrônico,0,2025-05-21,2026-01-08
00022240820258260624,TJSP,G1,Cumprimento de Sentença contra a Fazenda Pública,12078,Fornecimento de medicamentos,1,VARA JUIZADO ESP. CIVEL CRIM. DE TATUI,,SAJ,Eletrônico,0,2025-05-21,2026-05-08
00002288320258260588,TJSP,G1,Procedimento do Juizado Especial da Fazenda Pública,14695,Fornecimento de medicamentos,1,JUIZADO ESPECIAL CIVEL CRIM. DE SAO SEBASTIAO DA GRAMA,,SAJ,Eletrônico,0,2025-05-21,2026-06-02
00008063220258260431,TJSP,G1,Procedimento do Juizado Especial da Fazenda Pública,14695,Fornecimento de medicamentos,1,JUIZADO ESPECIAL CIVEL  CRIM. DE PEDERNEIRAS,,SAJ,Eletrônico,0,2025-05-21,2026-04-15
00031807520258260510,TJSP,G1,Cumprimento Provisório de Decisão,10980,Tratamento médico-hospitalar,1,02 CIVEL DE RIO CLARO,,SAJ,Eletrônico,0,2025-05-22,2026-02-07
00004016520258260699,TJSP,G1,Cumprimento Provisório de Decisão,10980,Tratamento médico-hospitalar,1,VARA UNICA DE SALTO DE PIRAPORA,,SAJ,Eletrônico,0,2025-05-22,2026-04-28
00004042020258260699,TJSP,G1,Cumprimento de sentença,156,Fornecimento de medicamentos,1,VARA UNICA DE SALTO DE PIRAPORA,,SAJ,Eletrônico,0,2025-05-22,2026-04-28
00010304720258260082,TJSP,G1,Cumprimento de sentença,156,Tratamento médico-hospitalar,1,01 CUMULATIVA DE BOITUVA,,SAJ,Eletrônico,0,2025-05-22,2026-07-16
00044977020258260361,TJSP,G1,Cumprimento Provisório de Decisão,10980,Tratamento médico-hospitalar,1,04 CIVEL DE MOGI DAS CRUZES,,SAJ,Eletrônico,0,2025-05-23,2026-03-17
00008005620258260453,TJSP,G1,Procedimento do Juizado Especial da Fazenda Pública,14695,Fornecimento de medicamentos,1,JUIZADO ESPECIAL CIVEL CRIM. DE PIRAJUI,,SAJ,Eletrônico,0,2025-05-23,2026-07-24
00005853920258260596,TJSP,G1,Procedimento do Juizado Especial da Fazenda Pública,14695,Fornecimento de medicamentos,1,JUIZADO ESPECIAL CIVEL CRIM. DE SERRANA,,SAJ,Eletrônico,0,2025-05-23,2026-06-02
00020420620258260597,TJSP,G1,Procedimento do Juizado Especial da Fazenda Pública,14695,Fornecimento de medicamentos,1,VARA JUIZADO ESP. CIVEL CRIM. DE SERTAOZINHO,,SAJ,Eletrônico,0,2025-05-23,2026-05-09
00033682220258260590,TJSP,G1,Cumprimento de sentença,156,Tratamento médico-hospitalar,1,01 CIVEL DE SAO VICENTE,,SAJ,Eletrônico,0,2025-05-23,2025-08-15
00001799420258260312,TJSP,G1,Procedimento do Juizado Especial da Fazenda Pública,14695,Fornecimento de medicamentos,1,JUIZADO ESPECIAL CIVEL CRIM. DE JUQUIA,,SAJ,Eletrônico,0,2025-05-23,2025-08-14
00016841220258260445,TJSP,G1,Cumprimento de sentença,156,Tratamento médico-hospitalar,1,03 CIVEL DE PINDAMONHANGABA,,SAJ,Eletrônico,0,2025-05-24,2026-03-17
00034574520258260008,TJSP,G1,Cumprimento Provisório de Sentença,157,Tratamento médico-hospitalar,1,03 CIVEL DE TATUAPE,,SAJ,Eletrônico,0,2025-05-24,2026-03-17
00025708120258260066,TJSP,G1,Cumprimento Provisório de Decisão,10980,Fornecimento de medicamentos,1,01 CIVEL DE BARRETOS,,SAJ,Eletrônico,0,2025-05-26,2025-11-05
00023340720258260624,TJSP,G1,Cumprimento de Sentença contra a Fazenda Pública,12078,Fornecimento de medicamentos,1,VARA JUIZADO ESP. CIVEL CRIM. DE TATUI,,SAJ,Eletrônico,0,2025-05-26,2026-06-03
00023805620258260604,TJSP,G1,Cumprimento de Sentença contra a Fazenda Pública,12078,Fornecimento de medicamentos,1,01 CIVEL DE SUMARE,,SAJ,Eletrônico,0,2025-05-26,2026-04-28
00037998220258260161,TJSP,G1,Cumprimento Provisório de Decisão,10980,Tratamento médico-hospitalar,1,03 CIVEL DE DIADEMA,,SAJ,Eletrônico,0,2025-05-26,2026-05-08
00025465420258260292,TJSP,G1,Cumprimento de sentença,156,Tratamento médico-hospitalar,1,03 CIVEL DE JACAREI,,SAJ,Eletrônico,0,2025-05-27,2026-06-02
00029237220258260438,TJSP,G1,Cumprimento de sentença,156,Fornecimento de medicamentos,1,VARA JUIZADO ESP. CIVEL CRIM. DE PENAPOLIS,,SAJ,Eletrônico,0,2025-05-27,2026-06-02
00004450520258260111,TJSP,G1,Procedimento do Juizado Especial da Fazenda Pública,14695,Fornecimento de medicamentos,1,JUIZADO ESPECIAL CIVEL CRIM. DE CAJURU,,SAJ,Eletrônico,0,2025-05-27,2025-07-08
00010245220258260272,TJSP,G1,Cumprimento de sentença,156,Fornecimento de medicamentos,1,02 CUMULATIVA DE ITAPIRA,,SAJ,Eletrônico,0,2025-05-27,2026-06-02
00026573820258260292,TJSP,G1,Incidente de Desconsideração de Personalidade Jurídica,12119,Tratamento médico-hospitalar,1,Juízo Titular I - 2ª Vara Cível da Comarca de Jacareí,3524402.0,Projudi,Eletrônico,0,2025-05-28,2026-07-03
00036522120258260302,TJSP,G1,Cumprimento de Sentença contra a Fazenda Pública,12078,Fornecimento de medicamentos,1,VARA JUIZADO ESP. CIVEL CRIM. DE JAU,,SAJ,Eletrônico,0,2025-05-28,2026-05-09
00012002220258260663,TJSP,G1,Cumprimento de sentença,156,Tratamento médico-hospitalar,1,02 CIVEL DE VOTORANTIM,,SAJ,Eletrônico,0,2025-05-28,2026-05-08
00033400320258260510,TJSP,G1,Cumprimento Provisório de Sentença,157,Fornecimento de medicamentos,1,FAZENDA PUBLICA DE RIO CLARO,,SAJ,Eletrônico,0,2025-05-29,2026-02-07
00014343120258260266,TJSP,G1,Cumprimento de Sentença contra a Fazenda Pública,12078,Fornecimento de medicamentos,1,VARA JUIZADO ESP. CIVEL CRIM. DE ITANHAEM,,SAJ,Eletrônico,0,2025-05-29,2025-08-15
00026435320258260066,TJSP,G1,Cumprimento de sentença,156,Fornecimento de medicamentos,1,02 CIVEL DE BARRETOS,,SAJ,Eletrônico,0,2025-05-29,2026-02-06
00008253820258260431,TJSP,G1,Procedimento do Juizado Especial da Fazenda Pública,14695,Fornecimento de medicamentos,1,JUIZADO ESPECIAL CIVEL  CRIM. DE PEDERNEIRAS,,SAJ,Eletrônico,0,2025-05-29,2026-07-24
00019276720258260408,TJSP,G1,Cumprimento Provisório de Sentença,157,Tratamento médico-hospitalar,1,01 CIVEL DE OURINHOS,,SAJ,Eletrônico,0,2025-05-30,2026-04-15
00027863820258260229,TJSP,G1,Cumprimento Provisório de Sentença,157,Fornecimento de medicamentos,1,01 CUMULATIVA DE HORTOLANDIA,,SAJ,Eletrônico,0,2025-05-30,2026-06-03
00023179120258260099,TJSP,G1,Procedimento do Juizado Especial da Fazenda Pública,14695,Fornecimento de medicamentos,1,VARA JUIZADO ESP. CIVEL CRIM. DE BRAGANCA PAULISTA,,SAJ,Eletrônico,0,2025-05-30,2026-06-02
00016481420258260010,TJSP,G1,Cumprimento de sentença,156,Tratamento médico-hospitalar,1,01 CIVEL DE IPIRANGA,,SAJ,Eletrônico,0,2025-05-30,2026-06-03
00010140820258260272,TJSP,G1,Cumprimento de Sentença contra a Fazenda Pública,12078,Fornecimento de medicamentos,1,JUIZADO ESPECIAL CIVEL CRIM. DE ITAPIRA,,SAJ,Eletrônico,0,2025-05-30,2026-06-02
00016525120258260010,TJSP,G1,Cumprimento Provisório de Sentença,157,Tratamento médico-hospitalar,1,02 CIVEL DE IPIRANGA,,SAJ,Eletrônico,0,2025-05-30,2026-06-03
00021119820258260286,TJSP,G1,Cumprimento de Sentença contra a Fazenda Pública,12078,Fornecimento de medicamentos,1,02 CIVEL DE ITU,,SAJ,Eletrônico,0,2025-05-30,2026-06-02
00033229720258260019,TJSP,G1,Procedimento do Juizado Especial da Fazenda Pública,14695,Fornecimento de medicamentos,1,VARA JUIZADO ESPECIAL CIVEL DE AMERICANA,,SAJ,Eletrônico,0,2025-06-02,2025-11-05
00006191420258260596,TJSP,G1,Cumprimento de Sentença contra a Fazenda Pública,12078,Fornecimento de medicamentos,1,JUIZADO ESPECIAL CIVEL CRIM. DE SERRANA,,SAJ,Eletrônico,0,2025-06-02,2026-05-09
00008196420258260323,TJSP,G1,Cumprimento de sentença,156,Fornecimento de medicamentos,1,02 CIVEL DE LORENA,,SAJ,Eletrônico,0,2025-06-02,2026-03-17
00041001320258260037,TJSP,G1,Cumprimento de Sentença contra a Fazenda Pública,12078,Fornecimento de medicamentos,1,FAZENDA PUBLICA DE ARARAQUARA,,SAJ,Eletrônico,0,2025-06-02,2026-05-08
00027643320258260664,TJSP,G1,Cumprimento de sentença,156,Fornecimento de medicamentos,1,03 CUMULATIVA DE VOTUPORANGA,,SAJ,Eletrônico,0,2025-06-03,2026-06-02
00043373720258260590,TJSP,G1,Cumprimento de Sentença contra a Fazenda Pública,12078,Custeio de Assistência Médica,1,FAZENDA PUBLICA DE SAO VICENTE,,SAJ,Eletrônico,0,2025-06-04,2026-06-02
00041738220258260037,TJSP,G1,Cumprimento de sentença,156,Fornecimento de medicamentos,1,04 CIVEL DE ARARAQUARA,,SAJ,Eletrônico,0,2025-06-04,2025-08-15
00010130920258260115,TJSP,G1,Cumprimento de sentença,156,Tratamento médico-hospitalar,1,01 CUMULATIVA DE CAMPO LIMPO PAULISTA,,SAJ,Eletrônico,0,2025-06-04,2026-05-08
00039242420258260590,TJSP,G1,Cumprimento de Sentença contra a Fazenda Pública,12078,Fornecimento de medicamentos,1,FAZENDA PUBLICA DE SAO VICENTE,,SAJ,Eletrônico,0,2025-06-04,2026-06-02
00012194020258260659,TJSP,G1,Cumprimento de sentença,156,Tratamento médico-hospitalar,1,02 CUMULATIVA DE VINHEDO,,SAJ,Eletrônico,0,2025-06-04,2026-06-03
00027266920258260066,TJSP,G1,Cumprimento Provisório de Sentença,157,Fornecimento de medicamentos,1,01 CIVEL DE BARRETOS,,SAJ,Eletrônico,0,2025-06-04,2026-06-02
00015287920258260168,TJSP,G1,Procedimento do Juizado Especial da Fazenda Pública,14695,Fornecimento de medicamentos,1,JUIZADO ESPECIAL CIVEL CRIM. DE DRACENA,,SAJ,Eletrônico,0,2025-06-04,2026-05-08
00006386220258260097,TJSP,G1,Cumprimento de sentença,156,Tratamento médico-hospitalar,1,01 CUMULATIVA DE BURITAMA,,SAJ,Eletrônico,0,2025-06-05,2026-07-24
00019023420258260156,TJSP,G1,Cumprimento de sentença,156,Tratamento médico-hospitalar,1,01 CIVEL DE CRUZEIRO,,SAJ,Eletrônico,0,2025-06-05,2026-05-08
00037666620258260008,TJSP,G1,Cumprimento Provisório de Decisão,10980,Tratamento Domiciliar (Home Care),1,03 CIVEL DE TATUAPE,,SAJ,Eletrônico,0,2025-06-05,2026-03-17
00006493220258260634,TJSP,G1,Cumprimento Provisório de Sentença,157,Fornecimento de medicamentos,1,02 CUMULATIVA DE TREMEMBE,,SAJ,Eletrônico,0,2025-06-05,2026-06-02
00007270920258260575,TJSP,G1,Procedimento do Juizado Especial da Fazenda Pública,14695,Fornecimento de medicamentos,1,JUIZADO ESPECIAL CIVEL DE SAO JOSE DO RIO PARDO,,SAJ,Eletrônico,0,2025-06-06,2026-06-02
00024036220258260099,TJSP,G1,Cumprimento de sentença,156,Fornecimento de medicamentos,1,VARA JUIZADO ESP. CIVEL CRIM. DE BRAGANCA PAULISTA,,SAJ,Eletrônico,0,2025-06-06,2026-06-02
00030674620258260438,TJSP,G1,Cumprimento de Sentença contra a Fazenda Pública,12078,Fornecimento de medicamentos,1,VARA JUIZADO ESP. CIVEL CRIM. DE PENAPOLIS,,SAJ,Eletrônico,0,2025-06-06,2026-07-24
00017243820258260010,TJSP,G1,Cumprimento Provisório de Decisão,10980,Tratamento médico-hospitalar,1,03 CIVEL DE IPIRANGA,,SAJ,Eletrônico,0,2025-06-06,2026-06-03
00006801820258260128,TJSP,G1,Cumprimento de Sentença contra a Fazenda Pública,12078,Fornecimento de medicamentos,1,JUIZADO ESPECIAL CIVEL CRIM. DE CARDOSO,,SAJ,Eletrônico,0,2025-06-06,2026-07-16
00005129420258260102,TJSP,G1,Cumprimento de Sentença contra a Fazenda Pública,12078,Fornecimento de medicamentos,1,JUIZADO ESPECIAL CIVEL CRIM. DE CACHOEIRA PAULISTA,,SAJ,Eletrônico,0,2025-06-06,2026-03-17
00019058620258260156,TJSP,G1,Procedimento do Juizado Especial da Fazenda Pública,14695,Fornecimento de medicamentos,1,JUIZADO ESPECIAL CIVEL CRIM. DE CRUZEIRO,,SAJ,Eletrônico,0,2025-06-06,2026-07-16
00003388120258260168,TJSP,G1,Requisição de Pequeno Valor,1266,Tratamento Domiciliar (Home Care),1,01 CUMULATIVA DE DRACENA,,SAJ,Eletrônico,0,2025-06-06,2026-02-09
00012093220258260356,TJSP,G1,Cumprimento de Sentença contra a Fazenda Pública,12078,Tratamento Domiciliar (Home Care),1,02 CUMULATIVA DE MIRANDOPOLIS,,SAJ,Eletrônico,0,2025-06-06,2026-07-24
00044198220258260068,TJSP,G1,Cumprimento Provisório de Decisão,10980,Tratamento médico-hospitalar,1,06 CIVEL DE BARUERI,,SAJ,Eletrônico,0,2025-06-06,2026-06-03
00015181120258260176,TJSP,G1,Cumprimento de sentença,156,Fornecimento de medicamentos,1,01 CUMULATIVA DE EMBU DAS ARTES,,SAJ,Eletrônico,0,2025-06-08,2026-03-16
00039103120258260302,TJSP,G1,Cumprimento Provisório de Decisão,10980,Fornecimento de medicamentos,1,VARA JUIZADO ESP. CIVEL CRIM. DE JAU,,SAJ,Eletrônico,0,2025-06-09,2026-03-17
00031831520258260127,TJSP,G1,Cumprimento Provisório de Decisão,10980,Tratamento médico-hospitalar,1,Juízo Titular I - 4ª Vara Cível da Comarca de Carapicuíba,3510609.0,Projudi,Eletrônico,0,2025-06-09,2026-07-02
00039372320258260590,TJSP,G1,Cumprimento de Sentença contra a Fazenda Pública,12078,Fornecimento de medicamentos,1,FAZENDA PUBLICA DE SAO VICENTE,,SAJ,Eletrônico,0,2025-06-09,2026-04-15
00039009320258260008,TJSP,G1,Cumprimento de sentença,156,Tratamento médico-hospitalar,1,05 CIVEL DE TATUAPE,,SAJ,Eletrônico,0,2025-06-09,2026-04-15
00012178520258260363,TJSP,G1,Liquidação Provisória por Arbitramento,153,Fornecimento de medicamentos,1,04 CUMULATIVA DE MOGI MIRIM,,SAJ,Eletrônico,0,2025-06-10,2026-04-28
00007131720258260028,TJSP,G1,Cumprimento de Sentença contra a Fazenda Pública,12078,Assistência Médico-Hospitalar,1,JUIZADO ESPECIAL CIVEL CRIM. DE APARECIDA,,SAJ,Eletrônico,0,2025-06-10,2026-07-26
00034730520258260006,TJSP,G1,Cumprimento de sentença,156,Tratamento médico-hospitalar,1,01 CIVEL DE PENHA,,SAJ,Eletrônico,0,2025-06-10,2026-06-03
00002132520258260165,TJSP,G1,Procedimento do Juizado Especial da Fazenda Pública,14695,Fornecimento de medicamentos,1,JUIZADO ESPECIAL CIVEL CRIM. DE DOIS CORREGOS,,SAJ,Eletrônico,0,2025-06-10,2025-07-09
00000991020258260449,TJSP,G1,Procedimento do Juizado Especial da Fazenda Pública,14695,Fornecimento de medicamentos,1,JUIZADO ESPECIAL CIVEL E CRIMINAL DE PIQUETE,,SAJ,Eletrônico,0,2025-06-10,2026-06-02
00013689220258260220,TJSP,G1,Cumprimento de sentença,156,Tratamento médico-hospitalar,1,01 CUMULATIVA DE GUARATINGUETA,,SAJ,Eletrônico,0,2025-06-10,2026-06-02
00038210820258260011,TJSP,G1,Cumprimento de sentença,156,Tratamento médico-hospitalar,1,04 CIVEL DE PINHEIROS,,SAJ,Eletrônico,0,2025-06-11,2026-02-05
00013468420258260462,TJSP,G1,Cumprimento de sentença,156,Fornecimento de medicamentos,1,01 CIVEL DE POA,,SAJ,Eletrônico,0,2025-06-11,2026-06-01
00034918420258260019,TJSP,G1,Procedimento do Juizado Especial da Fazenda Pública,14695,Fornecimento de medicamentos,1,VARA JUIZADO ESPECIAL CIVEL DE AMERICANA,,SAJ,Eletrônico,0,2025-06-11,2025-11-05
00006230920258260416,TJSP,G1,Procedimento do Juizado Especial da Fazenda Pública,14695,Fornecimento de medicamentos,1,JUIZADO ESPECIAL CIVEL CRIM. DE PANORAMA,,SAJ,Eletrônico,0,2025-06-11,2026-06-03
00029313020258260606,TJSP,G1,Cumprimento de sentença,156,Tratamento médico-hospitalar,1,03 CIVEL DE SUZANO,,SAJ,Eletrônico,0,2025-06-12,2026-01-08
00028305520248260047,TJSP,G1,Requisição de Pequeno Valor,1266,Fornecimento de medicamentos,1,SEF DE ASSIS,,SAJ,Eletrônico,0,2025-06-12,2026-06-02
00025722620258260624,TJSP,G1,Procedimento do Juizado Especial da Fazenda Pública,14695,Fornecimento de medicamentos,1,VARA JUIZADO ESP. CIVEL CRIM. DE TATUI,,SAJ,Eletrônico,0,2025-06-12,2025-08-15
00014843920258260272,TJSP,G1,Cumprimento de Sentença contra a Fazenda Pública,12078,Assistência Médico-Hospitalar,1,JUIZADO ESPECIAL CIVEL CRIM. DE ITAPIRA,,SAJ,Eletrônico,0,2025-06-12,2026-05-08
00008224420258260347,TJSP,G1,Requisição de Pequeno Valor,1266,Fornecimento de medicamentos,1,VARA JUIZADO ESP. CIVEL CRIM. DE MATAO,,SAJ,Eletrônico,0,2025-06-12,2026-02-05
00029748420258260664,TJSP,G1,Procedimento do Juizado Especial da Fazenda Pública,14695,Fornecimento de medicamentos,1,VARA JUIZADO ESP. CIVEL CRIM. - JIT -  ANEXO UNIFEV - VOTUPORANGA,,SAJ,Eletrônico,0,2025-06-12,2026-06-02
00039934720258260302,TJSP,G1,Cumprimento de sentença,156,Fornecimento de medicamentos,1,VARA JUIZADO ESP. CIVEL CRIM. DE JAU,,SAJ,Eletrônico,0,2025-06-13,2026-04-15
00015837920258260281,TJSP,G1,Cumprimento Provisório de Sentença,157,Tratamento Domiciliar (Home Care),1,02 CIVEL DE ITATIBA,,SAJ,Eletrônico,0,2025-06-13,2026-06-02
00032008820258260438,TJSP,G1,Cumprimento de Sentença contra a Fazenda Pública,12078,Fornecimento de medicamentos,1,VARA JUIZADO ESP. CIVEL CRIM. DE PENAPOLIS,,SAJ,Eletrônico,0,2025-06-13,2026-07-24
00012533020258260072,TJSP,G1,Cumprimento de Sentença contra a Fazenda Pública,12078,Fornecimento de medicamentos,1,03 CUMULATIVA DE BEBEDOURO,,SAJ,Eletrônico,0,2025-06-16,2026-07-16
00003791020258260213,TJSP,G1,Procedimento do Juizado Especial da Fazenda Pública,14695,Fornecimento de medicamentos,1,JUIZADO ESPECIAL CIVEL CRIM. DE GUARA,,SAJ,Eletrônico,0,2025-06-16,2026-07-16
00026225220258260624,TJSP,G1,Procedimento do Juizado Especial da Fazenda Pública,14695,Fornecimento de medicamentos,1,VARA JUIZADO ESP. CIVEL CRIM. DE TATUI,,SAJ,Eletrônico,0,2025-06-16,2026-06-03
00021619020258260362,TJSP,G1,Procedimento do Juizado Especial da Fazenda Pública,14695,Fornecimento de medicamentos,1,VARA JUIZADO ESPECIAL CIVEL DE MOJI GUACU,,SAJ,Eletrônico,0,2025-06-16,2026-02-05
00037741020258260019,TJSP,G1,Cumprimento de sentença,156,Tratamento médico-hospitalar,1,01 CIVEL DE AMERICANA,,SAJ,Eletrônico,0,2025-06-17,2026-04-28
00020699620258260529,TJSP,G1,Cumprimento de sentença,156,Tratamento médico-hospitalar,1,Juízo Titular I - 1ª Vara Cível da Comarca de Santana de Parnaíba,3547304.0,Projudi,Eletrônico,0,2025-06-17,2026-07-08
00040844020258260302,TJSP,G1,Cumprimento de Sentença contra a Fazenda Pública,12078,Fornecimento de medicamentos,1,VARA JUIZADO ESP. CIVEL CRIM. DE JAU,,SAJ,Eletrônico,0,2025-06-17,2026-04-15
00038912620258260625,TJSP,G1,Cumprimento Provisório de Sentença,157,Tratamento médico-hospitalar,1,02 CIVEL DE TAUBATE,,SAJ,Eletrônico,0,2025-06-17,2026-06-03
00007105320258260128,TJSP,G1,Procedimento do Juizado Especial da Fazenda Pública,14695,Fornecimento de medicamentos,1,JUIZADO ESPECIAL CIVEL CRIM. DE CARDOSO,,SAJ,Eletrônico,0,2025-06-17,2026-07-16
00044241920258260161,TJSP,G1,Cumprimento de sentença,156,Tratamento médico-hospitalar,1,04 CIVEL DE DIADEMA,,SAJ,Eletrônico,0,2025-06-18,2026-07-16
00024895420258260189,TJSP,G1,Cumprimento Provisório de Sentença,157,Serviços Hospitalares,1,03 CIVEL DE FERNANDOPOLIS,,SAJ,Eletrônico,0,2025-06-18,2026-07-16
00005057820258260498,TJSP,G1,Cumprimento de sentença,156,Tratamento médico-hospitalar,1,VARA UNICA DE RIBEIRAO BONITO,,SAJ,Eletrônico,0,2025-06-18,2026-06-01
00027316620258260624,TJSP,G1,Cumprimento de Sentença contra a Fazenda Pública,12078,Fornecimento de medicamentos,1,VARA JUIZADO ESP. CIVEL CRIM. DE TATUI,,SAJ,Eletrônico,0,2025-06-18,2026-05-08
00032356420258260077,TJSP,G1,Cumprimento Provisório de Sentença,157,Fornecimento de medicamentos,1,03 CIVEL DE BIRIGUI,,SAJ,Eletrônico,0,2025-06-20,2026-06-02
00026435120258260099,TJSP,G1,Cumprimento de sentença,156,Tratamento médico-hospitalar,1,04 CIVEL DE BRAGANCA PAULISTA,,SAJ,Eletrônico,0,2025-06-20,2026-06-02
00041399720258260008,TJSP,G1,Cumprimento de sentença,156,Tratamento médico-hospitalar,1,04 CIVEL DE TATUAPE,,SAJ,Eletrônico,0,2025-06-23,2025-07-09
00014271220258260663,TJSP,G1,Cumprimento Provisório de Decisão,10980,Tratamento médico-hospitalar,1,01 CIVEL DE VOTORANTIM,,SAJ,Eletrônico,0,2025-06-23,2026-04-28
00040047720258260625,TJSP,G1,Cumprimento Provisório de Sentença,157,Tratamento médico-hospitalar,1,01 CIVEL DE TAUBATE,,SAJ,Eletrônico,0,2025-06-23,2026-06-03
00019376820248260272,TJSP,G1,Requisição de Pequeno Valor,1266,Fornecimento de medicamentos,1,JUIZADO ESPECIAL CIVEL CRIM. DE ITAPIRA,,SAJ,Eletrônico,0,2025-06-23,2026-06-02
00028829320258260248,TJSP,G1,Procedimento Comum Cível,7,Fornecimento de medicamentos,1,04 CIVEL DE INDAIATUVA,,SAJ,Eletrônico,0,2025-06-23,2026-04-28
00024258120258260597,TJSP,G1,Procedimento do Juizado Especial da Fazenda Pública,14695,Fornecimento de medicamentos,1,VARA JUIZADO ESP. CIVEL CRIM. DE SERTAOZINHO,,SAJ,Eletrônico,0,2025-06-24,2026-06-02
00014725120258260619,TJSP,G1,Cumprimento Provisório de Sentença,157,Fornecimento de medicamentos,1,01 CUMULATIVA DE TAQUARITINGA,,SAJ,Eletrônico,0,2025-06-24,2026-06-01
00021711320258260564,TJSP,G1,Requisição de Pequeno Valor,1266,Fornecimento de medicamentos,1,INFANCIA JUVENTUDE DE SAO BERNARDO DO CAMPO,,SAJ,Eletrônico,0,2025-06-24,2026-05-08
00046018720258260482,TJSP,G1,Requisição de Pequeno Valor,1266,Fornecimento de medicamentos,1,FAZENDA PUBLICA DE PRESIDENTE PRUDENTE,,SAJ,Eletrônico,0,2025-06-24,2026-02-09
00039510420258260009,TJSP,G1,Cumprimento de sentença,156,Fornecimento de medicamentos,1,01 CIVEL DE VILA PRUDENTE,,SAJ,Eletrônico,0,2025-06-24,2026-03-17
00040532120258260625,TJSP,G1,Cumprimento de Sentença contra a Fazenda Pública,12078,Fornecimento de medicamentos,1,FAZENDA PUBLICA DE TAUBATE,,SAJ,Eletrônico,0,2025-06-25,2026-06-03
00009788720258260070,TJSP,G1,Procedimento do Juizado Especial da Fazenda Pública,14695,Fornecimento de medicamentos,1,VARA JUIZADO ESP. CIVEL CRIM. DE BATATAIS,,SAJ,Eletrônico,0,2025-06-25,2026-07-16
00039692520258260009,TJSP,G1,Cumprimento de sentença,156,Tratamento médico-hospitalar,1,02 CIVEL DE VILA PRUDENTE,,SAJ,Eletrônico,0,2025-06-25,2026-06-03
00011033120258260272,TJSP,G1,Cumprimento de Sentença contra a Fazenda Pública,12078,Fornecimento de medicamentos,1,JUIZADO ESPECIAL CIVEL CRIM. DE ITAPIRA,,SAJ,Eletrônico,0,2025-06-25,2026-06-02
00029529420258260609,TJSP,G1,Cumprimento Provisório de Decisão,10980,Tratamento médico-hospitalar,1,01 CIVEL DE TABOAO DA SERRA,,SAJ,Eletrônico,0,2025-06-25,2026-05-12
00040956920258260011,TJSP,G1,Cumprimento de sentença,156,Serviços Hospitalares,1,04 CIVEL DE PINHEIROS,,SAJ,Eletrônico,0,2025-06-26,2026-01-08
00042515720258260302,TJSP,G1,Cumprimento de Sentença contra a Fazenda Pública,12078,Fornecimento de medicamentos,1,VARA JUIZADO ESP. CIVEL CRIM. DE JAU,,SAJ,Eletrônico,0,2025-06-26,2026-03-17
00045463220258260161,TJSP,G1,Cumprimento Provisório de Decisão,10980,Tratamento médico-hospitalar,1,02 CIVEL DE DIADEMA,,SAJ,Eletrônico,0,2025-06-26,2026-07-16
00040394520258260590,TJSP,G1,Cumprimento de sentença,156,Tratamento médico-hospitalar,1,03 CIVEL DE SAO VICENTE,,SAJ,Eletrônico,0,2025-06-27,2026-06-02
00006459520258260439,TJSP,G1,Cumprimento de sentença,156,Tratamento médico-hospitalar,1,02 CUMULATIVA DE PEREIRA BARRETO,,SAJ,Eletrônico,0,2025-06-27,2026-01-08
00030981820258260066,TJSP,G1,Cumprimento de sentença,156,Fornecimento de medicamentos,1,02 CIVEL DE BARRETOS,,SAJ,Eletrônico,0,2025-06-27,2026-02-06
00040897120258260590,TJSP,G1,Cumprimento de sentença,156,Fornecimento de medicamentos,1,05 CIVEL DE SAO VICENTE,,SAJ,Eletrônico,0,2025-06-28,2026-05-08
00012404120258260101,TJSP,G1,Cumprimento Provisório de Sentença,157,Tratamento médico-hospitalar,1,01 CIVEL DE CACAPAVA,,SAJ,Eletrônico,0,2025-06-30,2026-07-16
00011873220258260272,TJSP,G1,Cumprimento de sentença,156,Fornecimento de medicamentos,1,JUIZADO ESPECIAL CIVEL CRIM. DE ITAPIRA,,SAJ,Eletrônico,0,2025-06-30,2026-05-08
00000885120258260070,TJSP,G1,Requisição de Pequeno Valor,1266,Fornecimento de medicamentos,1,VARA JUIZADO ESP. CIVEL CRIM. DE BATATAIS,,SAJ,Eletrônico,0,2025-06-30,2026-04-28
00006396220258260480,TJSP,G1,Cumprimento de sentença,156,Fornecimento de medicamentos,1,VARA UNICA DE PRESIDENTE BERNARDES,,SAJ,Eletrônico,0,2025-06-30,2026-02-09
00018288620258260347,TJSP,G1,Cumprimento de sentença,156,Fornecimento de medicamentos,1,02 CIVEL DE MATAO,,SAJ,Eletrônico,0,2025-06-30,2026-02-05
00043217420258260302,TJSP,G1,Cumprimento Provisório de Sentença,157,Fornecimento de medicamentos,1,VARA JUIZADO ESP. CIVEL CRIM. DE JAU,,SAJ,Eletrônico,0,2025-07-01,2026-03-17
00040608820258260309,TJSP,G1,Requisição de Pequeno Valor,1266,Fornecimento de medicamentos,1,FAZENDA PUBLICA DE JUNDIAI,,SAJ,Eletrônico,0,2025-07-01,2026-04-28
00025650420248260322,TJSP,G1,Requisição de Pequeno Valor,1266,Fornecimento de medicamentos,1,03 CIVEL DE LINS,,SAJ,Eletrônico,0,2025-07-01,2026-05-08
00032146820258260019,TJSP,G1,Requisição de Pequeno Valor,1266,Fornecimento de medicamentos,1,JURI/EXEC./INF.JUV. DE AMERICANA,,SAJ,Eletrônico,0,2025-07-01,2026-01-08
00032710920258260077,TJSP,G1,Cumprimento Provisório de Sentença,157,Tratamento médico-hospitalar,1,02 CIVEL DE BIRIGUI,,SAJ,Eletrônico,0,2025-07-01,2026-07-24
00019712320258260526,TJSP,G1,Cumprimento de sentença,156,Tratamento médico-hospitalar,1,02 CUMULATIVA DE SALTO,,SAJ,Eletrônico,0,2025-07-02,2025-08-15
00019739020258260526,TJSP,G1,Cumprimento de Sentença contra a Fazenda Pública,12078,Tratamento Domiciliar (Home Care),1,01 CUMULATIVA DE SALTO,,SAJ,Eletrônico,0,2025-07-02,2026-06-02
00011597320258260366,TJSP,G1,Cumprimento de sentença,156,Tratamento médico-hospitalar,1,01 CUMULATIVA DE MONGAGUA,,SAJ,Eletrônico,0,2025-07-02,2026-05-08
00037874820258260006,TJSP,G1,Cumprimento Provisório de Sentença,157,Tratamento médico-hospitalar,1,01 CIVEL DE PENHA,,SAJ,Eletrônico,0,2025-07-02,2026-02-05
00042503120258260348,TJSP,G1,Cumprimento de sentença,156,Fornecimento de medicamentos,1,05 CIVEL DE MAUA,,SAJ,Eletrônico,0,2025-07-02,2026-07-16
00006543220258260415,TJSP,G1,Cumprimento de sentença,156,Fornecimento de medicamentos,1,JUIZADO ESPECIAL CIVEL DE PALMITAL,,SAJ,Eletrônico,0,2025-07-03,2026-06-03
00026155220258260271,TJSP,G1,Cumprimento de sentença,156,Fornecimento de medicamentos,1,01 CIVEL DE ITAPEVI,,SAJ,Eletrônico,0,2025-07-03,2026-04-15
00006917820258260150,TJSP,G1,Procedimento do Juizado Especial da Fazenda Pública,14695,Fornecimento de medicamentos,1,JUIZADO ESPECIAL CIVEL DE COSMÓPOLIS,,SAJ,Eletrônico,0,2025-07-04,2026-05-08
00006551720258260415,TJSP,G1,Cumprimento de sentença,156,Fornecimento de medicamentos,1,JUIZADO ESPECIAL CIVEL DE PALMITAL,,SAJ,Eletrônico,0,2025-07-04,2026-05-08
00006897420258260129,TJSP,G1,Cumprimento de sentença,156,Tratamento médico-hospitalar,1,01 CUMULATIVA DE CASA BRANCA,,SAJ,Eletrônico,0,2025-07-04,2026-06-03
00044109720258260302,TJSP,G1,Cumprimento de Sentença contra a Fazenda Pública,12078,Fornecimento de medicamentos,1,VARA JUIZADO ESP. CIVEL CRIM. DE JAU,,SAJ,Eletrônico,0,2025-07-04,2026-03-17
00004110420258260637,TJSP,G1,Requisição de Pequeno Valor,1266,Fornecimento de medicamentos,1,EXECUCOES CRIMINAIS DE TUPA,,SAJ,Eletrônico,0,2025-07-04,2026-06-03
00003353220258260264,TJSP,G1,Cumprimento de Sentença contra a Fazenda Pública,12078,Tratamento médico-hospitalar,1,JUIZADO ESPECIAL CÍVEL E CRIMINAL DE ITAJOBI,,SAJ,Eletrônico,0,2025-07-04,2026-07-16
00010445220258260075,TJSP,G1,Cumprimento Provisório de Decisão,10980,Tratamento médico-hospitalar,1,02 CUMULATIVA DE BERTIOGA,,SAJ,Eletrônico,0,2025-07-04,2026-07-16
00007910220258260128,TJSP,G1,Cumprimento de Sentença contra a Fazenda Pública,12078,Fornecimento de medicamentos,1,JUIZADO ESPECIAL CIVEL CRIM. DE CARDOSO,,SAJ,Eletrônico,0,2025-07-07,2026-05-08
00044221420258260302,TJSP,G1,Cumprimento de sentença,156,Fornecimento de medicamentos,1,VARA JUIZADO ESP. CIVEL CRIM. DE JAU,,SAJ,Eletrônico,0,2025-07-07,2026-03-17
00007368520258260634,TJSP,G1,Cumprimento Provisório de Sentença,157,Tratamento médico-hospitalar,1,Juízo Titular I - 1ª Vara da Comarca de Tremembé,3554805.0,Projudi,Eletrônico,0,2025-07-07,2026-07-04
00013166520258260101,TJSP,G1,Cumprimento Provisório de Sentença,157,Tratamento médico-hospitalar,1,01 CIVEL DE CACAPAVA,,SAJ,Eletrônico,0,2025-07-08,2026-06-02
00041516020258260510,TJSP,G1,Cumprimento Provisório de Sentença,157,Custeio de Assistência Médica,1,FAZENDA PUBLICA DE RIO CLARO,,SAJ,Eletrônico,0,2025-07-08,2026-02-07
00043563420258260011,TJSP,G1,Cumprimento de sentença,156,Tratamento médico-hospitalar,1,Juízo Titular II - 3ª Vara Cível - Regional XI - Pinheiros,3550308.0,Projudi,Eletrônico,0,2025-07-08,2026-07-08
00025759520258260198,TJSP,G1,Cumprimento de sentença,156,Tratamento médico-hospitalar,1,02 CIVEL DE FRANCO DA ROCHA,,SAJ,Eletrônico,0,2025-07-08,2026-06-02
00016733520258260266,TJSP,G1,Cumprimento de sentença,156,Tratamento médico-hospitalar,1,01 CUMULATIVA DE ITANHAEM,,SAJ,Eletrônico,0,2025-07-10,2025-08-15
00008831820258260471,TJSP,G1,Procedimento do Juizado Especial da Fazenda Pública,14695,Fornecimento de medicamentos,1,JUIZADO ESPECIAL CIVEL CRIM. DE PORTO FELIZ,,SAJ,Eletrônico,0,2025-07-10,2026-06-02
00013547620258260457,TJSP,G1,Cumprimento Provisório de Sentença,157,Tratamento médico-hospitalar,1,03 CUMULATIVA DE PIRASSUNUNGA,,SAJ,Eletrônico,0,2025-07-10,2026-02-05
00005438520258260629,TJSP,G1,Cumprimento de sentença,156,Tratamento médico-hospitalar,1,01 CUMULATIVA DE TIETE,,SAJ,Eletrônico,0,2025-07-11,2026-04-28
00010661720258260106,TJSP,G1,Cumprimento Provisório de Sentença,157,Tratamento médico-hospitalar,1,01 CUMULATIVA DE CAIEIRAS,,SAJ,Eletrônico,0,2025-07-11,2025-08-15
00043130620258260009,TJSP,G1,Cumprimento Provisório de Sentença,157,Tratamento médico-hospitalar,1,01 CIVEL DE VILA PRUDENTE,,SAJ,Eletrônico,0,2025-07-14,2026-06-03
00044611120258260011,TJSP,G1,Cumprimento Provisório de Decisão,10980,Tratamento médico-hospitalar,1,Juízo Titular II - 2ª Vara Cível - Regional XI - Pinheiros,3550308.0,Projudi,Eletrônico,0,2025-07-14,2026-05-12
00037474720258260077,TJSP,G1,Cumprimento de Sentença contra a Fazenda Pública,12078,Custeio de Assistência Médica,1,VARA JUIZADO ESP. CIVEL CRIM. DE BIRIGUI,,SAJ,Eletrônico,0,2025-07-14,2026-07-24
00030363220258260048,TJSP,G1,Cumprimento de sentença,156,Serviços Hospitalares,1,02 CIVEL DE ATIBAIA,,SAJ,Eletrônico,0,2025-07-14,2026-02-05
00021297420258260010,TJSP,G1,Cumprimento de sentença,156,Fornecimento de medicamentos,1,01 CIVEL DE IPIRANGA,,SAJ,Eletrônico,0,2025-07-15,2026-06-03
00007733320258260337,TJSP,G1,Cumprimento de sentença,156,Fornecimento de medicamentos,1,02 CUMULATIVA DE MAIRINQUE,,SAJ,Eletrônico,0,2025-07-15,2026-06-02
00024570220258260625,TJSP,G1,Requisição de Pequeno Valor,1266,Fornecimento de medicamentos,1,JURI/INFANCIA JUVENTUDE DE TAUBATE,,SAJ,Eletrônico,0,2025-07-15,2026-05-09
00037521620258260127,TJSP,G1,Cumprimento de sentença,156,Tratamento médico-hospitalar,1,Juízo Titular I - 4ª Vara Cível da Comarca de Carapicuíba,3510609.0,Projudi,Eletrônico,0,2025-07-15,2026-07-08
00036167220258260077,TJSP,G1,Cumprimento de sentença,156,Fornecimento de medicamentos,1,VARA JUIZADO ESP. CIVEL CRIM. DE BIRIGUI,,SAJ,Eletrônico,0,2025-07-15,2026-07-24
00012434520258260505,TJSP,G1,Cumprimento de sentença,156,Tratamento médico-hospitalar,1,01 CUMULATIVA DE RIBEIRAO PIRES,,SAJ,Eletrônico,0,2025-07-15,2026-03-17
00004744020258260213,TJSP,G1,Cumprimento de Sentença contra a Fazenda Pública,12078,Fornecimento de medicamentos,1,JUIZADO ESPECIAL CIVEL CRIM. DE GUARA,,SAJ,Eletrônico,0,2025-07-16,2026-06-03
00007635220258260025,TJSP,G1,Procedimento do Juizado Especial da Fazenda Pública,14695,Fornecimento de medicamentos,1,JUIZADO ESPECIAL CIVEL CRIM. DE ANGATUBA,,SAJ,Eletrônico,0,2025-07-16,2026-07-16
00014273620258260073,TJSP,G1,Requisição de Pequeno Valor,1266,Fornecimento de medicamentos,1,01 CIVEL DE AVARE,,SAJ,Eletrônico,0,2025-07-17,2026-04-28
00026271620258260126,TJSP,G1,Incidente de Impedimento Cível,12080,Serviços Hospitalares,1,01 CIVEL DE CARAGUATATUBA,,SAJ,Eletrônico,0,2025-07-17,2026-07-16
00006646920258260482,TJSP,G1,Requisição de Pequeno Valor,1266,Fornecimento de medicamentos,1,FAZENDA PUBLICA DE PRESIDENTE PRUDENTE,,SAJ,Eletrônico,0,2025-07-17,2026-02-09
00013698920258260022,TJSP,G1,Procedimento do Juizado Especial da Fazenda Pública,14695,Fornecimento de medicamentos,1,JUIZADO ESPECIAL CIVEL CRIM. DE AMPARO,,SAJ,Eletrônico,0,2025-07-17,2026-06-02
00002115620258260488,TJSP,G1,Procedimento do Juizado Especial da Fazenda Pública,14695,Fornecimento de medicamentos,1,JUIZADO ESPECIAL CIVEL E CRIMINAL DE QUELUZ,,SAJ,Eletrônico,0,2025-07-17,2026-05-09
00007410720258260247,TJSP,G1,Cumprimento de sentença,156,Fornecimento de medicamentos,1,01 CUMULATIVA DE ILHABELA,,SAJ,Eletrônico,0,2025-07-17,2026-06-03
00021565720258260010,TJSP,G1,Cumprimento de sentença,156,Serviços Hospitalares,1,01 CIVEL DE IPIRANGA,,SAJ,Eletrônico,0,2025-07-18,2026-04-15
00021821320258260024,TJSP,G1,Procedimento do Juizado Especial da Fazenda Pública,14695,Fornecimento de medicamentos,1,VARA JUIZADO ESP. CIVEL CRIM. DE ANDRADINA,,SAJ,Eletrônico,0,2025-07-18,2026-05-08
00021069220258260604,TJSP,G1,Requisição de Pequeno Valor,1266,Fornecimento de medicamentos,1,VARA JUIZADO ESP. CIVEL CRIM. DE SUMARE,,SAJ,Eletrônico,0,2025-07-18,2026-06-03
00021745020258260084,TJSP,G1,Cumprimento de sentença,156,Tratamento médico-hospitalar,1,03 CUMULATIVA DE VILA MIMOSA,,SAJ,Eletrônico,0,2025-07-18,2026-04-28
00031090420258260048,TJSP,G1,Cumprimento Provisório de Decisão,10980,Tratamento médico-hospitalar,1,04 CIVEL DE ATIBAIA,,SAJ,Eletrônico,0,2025-07-20,2026-06-02
00005447320258260434,TJSP,G1,Procedimento do Juizado Especial da Fazenda Pública,14695,Fornecimento de medicamentos,1,JUIZADO ESPECIAL CIVEL CRIM. DE PEDREGULHO,,SAJ,Eletrônico,0,2025-07-21,2026-06-02
00012617420258260664,TJSP,G1,Requisição de Pequeno Valor,1266,Fornecimento de medicamentos,1,04 CUMULATIVA DE VOTUPORANGA,,SAJ,Eletrônico,0,2025-07-21,2026-04-15
00007756620258260025,TJSP,G1,Procedimento do Juizado Especial da Fazenda Pública,14695,Fornecimento de medicamentos,1,JUIZADO ESPECIAL CIVEL CRIM. DE ANGATUBA,,SAJ,Eletrônico,0,2025-07-21,2026-06-03
00015113720258260655,TJSP,G1,Cumprimento de sentença,156,Fornecimento de medicamentos,1,JUIZADO ESPECIAL CIVEL CRIM. DE VARZEA PAULISTA,,SAJ,Eletrônico,0,2025-07-21,2026-04-28
00039534520258260438,TJSP,G1,Procedimento do Juizado Especial da Fazenda Pública,14695,Fornecimento de medicamentos,1,VARA JUIZADO ESP. CIVEL CRIM. DE PENAPOLIS,,SAJ,Eletrônico,0,2025-07-22,2026-03-13
00012853220258260655,TJSP,G1,Cumprimento Provisório de Sentença,157,Fornecimento de medicamentos,1,JUIZADO ESPECIAL CIVEL CRIM. DE VARZEA PAULISTA,,SAJ,Eletrônico,0,2025-07-22,2026-04-28
00024423020258260529,TJSP,G1,Cumprimento Provisório de Decisão,10980,Tratamento médico-hospitalar,1,3VARA JUDICIAL DE SANTANA DE PARNAÍBA,,SAJ,Eletrônico,0,2025-07-23,2026-06-03
00044716120258260009,TJSP,G1,Cumprimento Provisório de Sentença,157,Tratamento médico-hospitalar,1,03 CIVEL DE VILA PRUDENTE,,SAJ,Eletrônico,0,2025-07-23,2026-04-15
00004522220258260426,TJSP,G1,Cumprimento Provisório de Sentença,157,Fornecimento de medicamentos,1,VARA UNICA DE PATROCINIO PAULISTA,,SAJ,Eletrônico,0,2025-07-23,2026-06-02
00004152320258260352,TJSP,G1,Procedimento do Juizado Especial da Fazenda Pública,14695,Fornecimento de medicamentos,1,JUIZADO ESPECIAL CIVEL CRIM. DE MIGUELOPOLIS,,SAJ,Eletrônico,0,2025-07-24,2026-03-17
00022962820258260322,TJSP,G1,Cumprimento de Sentença contra a Fazenda Pública,12078,Fornecimento de medicamentos,1,03 CIVEL DE LINS,,SAJ,Eletrônico,0,2025-07-24,2026-04-15
00023406020258260156,TJSP,G1,Procedimento do Juizado Especial da Fazenda Pública,14695,Fornecimento de medicamentos,1,JUIZADO ESPECIAL CIVEL CRIM. DE CRUZEIRO,,SAJ,Eletrônico,0,2025-07-24,2026-04-28
00045589220258260566,TJSP,G1,Cumprimento de Sentença contra a Fazenda Pública,12078,Fornecimento de medicamentos,1,FAZENDA PUBLICA DE SAO CARLOS,,SAJ,Eletrônico,0,2025-07-24,2026-02-05
00045070620258260009,TJSP,G1,Cumprimento de sentença,156,Fornecimento de medicamentos,1,01 CIVEL DE VILA PRUDENTE,,SAJ,Eletrônico,0,2025-07-24,2026-03-17
00014132720248260416,TJSP,G1,Requisição de Pequeno Valor,1266,Fornecimento de medicamentos,1,02 CUMULATIVA DE PANORAMA,,SAJ,Eletrônico,0,2025-07-24,2026-06-03
00034141820258260038,TJSP,G1,Cumprimento de sentença,156,Fornecimento de medicamentos,1,VARA JUIZADO ESP. CIVEL CRIM. DE ARARAS,,SAJ,Eletrônico,0,2025-07-24,2026-05-08
00032783020258260132,TJSP,G1,Cumprimento de sentença,156,Tratamento médico-hospitalar,1,01 CIVEL DE CATANDUVA,,SAJ,Eletrônico,0,2025-07-25,2026-07-16
00027398220258260126,TJSP,G1,Cumprimento de Sentença contra a Fazenda Pública,12078,Fornecimento de medicamentos,1,VARA JUIZADO ESP. CIVEL CRIM. DE CARAGUATATUBA,,SAJ,Eletrônico,0,2025-07-25,2026-05-08
00040330920258260438,TJSP,G1,Cumprimento de Sentença contra a Fazenda Pública,12078,Fornecimento de medicamentos,1,01 CUMULATIVA DE PENAPOLIS,,SAJ,Eletrônico,0,2025-07-25,2026-03-13
00023795720258260156,TJSP,G1,Procedimento do Juizado Especial da Fazenda Pública,14695,Fornecimento de medicamentos,1,JUIZADO ESPECIAL CIVEL CRIM. DE CRUZEIRO,,SAJ,Eletrônico,0,2025-07-25,2026-05-08
00035563520258260066,TJSP,G1,Cumprimento de sentença,156,Fornecimento de medicamentos,1,VARA JUIZADO ESP. CIVEL CRIM. DE BARRETOS,,SAJ,Eletrônico,0,2025-07-25,2026-01-08
00036208820258260278,TJSP,G1,Cumprimento de sentença,156,Fornecimento de medicamentos,1,02 CIVEL DE ITAQUAQUECETUBA,,SAJ,Eletrônico,0,2025-07-28,2026-07-16
00007256720258260210,TJSP,G1,Cumprimento de sentença,156,Fornecimento de medicamentos,1,02 CUMULATIVA DE GUAIRA,,SAJ,Eletrônico,0,2025-07-28,2026-07-16
00043950720258260019,TJSP,G1,Procedimento do Juizado Especial da Fazenda Pública,14695,Fornecimento de medicamentos,1,VARA JUIZADO ESPECIAL CIVEL DE AMERICANA,,SAJ,Eletrônico,0,2025-07-29,2026-04-28
00019265720258260481,TJSP,G1,Cumprimento Provisório de Decisão,10980,Fornecimento de medicamentos,1,01 CUMULATIVA DE PRESIDENTE EPITACIO,,SAJ,Eletrônico,0,2025-07-29,2026-02-09
00041560720258260438,TJSP,G1,Cumprimento de sentença,156,Fornecimento de medicamentos,1,04 CUMULATIVA DE PENAPOLIS,,SAJ,Eletrônico,0,2025-07-29,2026-01-08
00005126120258260695,TJSP,G1,Cumprimento de sentença,156,Fornecimento de medicamentos,1,JUIZADO ESPECIAL CIVEL CRIM. DE NAZARE PAULISTA,,SAJ,Eletrônico,0,2025-07-29,2025-08-15
00010056820258260394,TJSP,G1,Cumprimento Provisório de Decisão,10980,Tratamento médico-hospitalar,1,01 CUMULATIVA DE NOVA ODESSA,,SAJ,Eletrônico,0,2025-07-30,2026-02-07
00024185420258260156,TJSP,G1,Procedimento do Juizado Especial da Fazenda Pública,14695,Fornecimento de medicamentos,1,JUIZADO ESPECIAL CIVEL CRIM. DE CRUZEIRO,,SAJ,Eletrônico,0,2025-07-30,2026-02-05
00035688520258260248,TJSP,G1,Cumprimento de sentença,156,Fornecimento de medicamentos,1,VARA JUIZADO ESPECIAL CIVEL DE INDAIATUBA,,SAJ,Eletrônico,0,2025-07-30,2026-07-16
00005485520258260614,TJSP,G1,Cumprimento de sentença,156,Tratamento médico-hospitalar,1,VARA UNICA DE TAMBAU,,SAJ,Eletrônico,0,2025-07-30,2026-03-17
00029038920258260597,TJSP,G1,Cumprimento de Sentença contra a Fazenda Pública,12078,Fornecimento de medicamentos,1,01 CIVEL DE SERTAOZINHO,,SAJ,Eletrônico,0,2025-07-31,2026-06-02
00009893820258260581,TJSP,G1,Cumprimento de sentença,156,Fornecimento de medicamentos,1,JUIZADO ESPECIAL CIVEL CRIM. DE SAO MANUEL,,SAJ,Eletrônico,0,2025-07-31,2026-07-24
00002370620258260698,TJSP,G1,Cumprimento de sentença,156,Fornecimento de medicamentos,1,JUIZADO ESPECIAL CIVEL DE PIRANGI,,SAJ,Eletrônico,0,2025-07-31,2026-03-17
00030188020258260704,TJSP,G1,Cumprimento de sentença,156,Tratamento médico-hospitalar,1,Juízo Titular I - 2ª Vara Cível - Regional XV - Butantã,3550308.0,Projudi,Eletrônico,0,2025-07-31,2026-07-07
00002955620258260262,TJSP,G1,Procedimento do Juizado Especial da Fazenda Pública,14695,Fornecimento de medicamentos,1,JUIZADO ESPECIAL CIVEL CRIM. DE ITABERA,,SAJ,Eletrônico,0,2025-07-31,2026-06-02
00014187420258260655,TJSP,G1,Cumprimento Provisório de Sentença,157,Fornecimento de medicamentos,1,02 CUMULATIVA DE VARZEA PAULISTA,,SAJ,Eletrônico,0,2025-07-31,2026-06-03
00024116820258260445,TJSP,G1,Cumprimento de sentença,156,Tratamento médico-hospitalar,1,01 CIVEL DE PINDAMONHANGABA,,SAJ,Eletrônico,0,2025-07-31,2026-06-02
00004396620218260263,TJSP,G1,Requisição de Pequeno Valor,1266,Planos de Saúde,1,VARA UNICA DE ITAI,,SAJ,Eletrônico,0,2025-07-31,2026-07-24
00007358220258260058,TJSP,G1,Procedimento do Juizado Especial da Fazenda Pública,14695,Fornecimento de medicamentos,1,JUIZADO ESPECIAL CIVEL CRIM. DE AGUDOS,,SAJ,Eletrônico,0,2025-08-01,2026-05-08
00037994320258260077,TJSP,G1,Cumprimento Provisório de Decisão,10980,Fornecimento de medicamentos,1,VARA JUIZADO ESP. CIVEL CRIM. DE BIRIGUI,,SAJ,Eletrônico,0,2025-08-01,2026-07-24
00007140420258260480,TJSP,G1,Procedimento do Juizado Especial da Fazenda Pública,14695,Fornecimento de medicamentos,1,JUIZADO ESPECIAL CIVEL CRIM. DE PRESIDENTE BERNARDES,,SAJ,Eletrônico,0,2025-08-01,2026-06-03
00003991520258260370,TJSP,G1,Cumprimento de Sentença contra a Fazenda Pública,12078,Fornecimento de medicamentos,1,JUIZADO ESPECIAL CIVEL CRIM. DE MONTE AZUL PAULISTA,,SAJ,Eletrônico,0,2025-08-01,2026-05-08
00037090420258260152,TJSP,G1,Cumprimento de sentença,156,Tratamento médico-hospitalar,1,01 CIVEL DE COTIA,,SAJ,Eletrônico,0,2025-08-01,2026-04-15
00016644620258260081,TJSP,G1,Procedimento do Juizado Especial da Fazenda Pública,14695,Fornecimento de medicamentos,1,JUIZADO ESPECIAL CIVEL CRIM. DE ADAMANTINA,,SAJ,Eletrônico,0,2025-08-04,2026-04-28
00030325720258260286,TJSP,G1,Cumprimento de sentença,156,Tratamento médico-hospitalar,1,02 CIVEL DE ITU,,SAJ,Eletrônico,0,2025-08-04,2026-06-02
00036958420258260066,TJSP,G1,Cumprimento de sentença,156,Fornecimento de medicamentos,1,01 CIVEL DE BARRETOS,,SAJ,Eletrônico,0,2025-08-04,2026-02-06
00003291220258260042,TJSP,G1,Requisição de Pequeno Valor,1266,Fornecimento de medicamentos,1,VARA UNICA DE ALTINOPOLIS,,SAJ,Eletrônico,0,2025-08-04,2026-07-16
00017166920258260072,TJSP,G1,Cumprimento de Sentença contra a Fazenda Pública,12078,Fornecimento de medicamentos,1,02 CUMULATIVA DE BEBEDOURO,,SAJ,Eletrônico,0,2025-08-04,2026-07-16
00008241020258260025,TJSP,G1,Procedimento do Juizado Especial da Fazenda Pública,14695,Fornecimento de medicamentos,1,JUIZADO ESPECIAL CIVEL CRIM. DE ANGATUBA,,SAJ,Eletrônico,0,2025-08-04,2026-05-08
00015264520258260642,TJSP,G1,Cumprimento de sentença,156,Tratamento médico-hospitalar,1,02 CUMULATIVA DE UBATUBA,,SAJ,Eletrônico,0,2025-08-05,2026-06-03
00012851220258260306,TJSP,G1,Cumprimento Provisório de Decisão,10980,Tratamento médico-hospitalar,1,01 CUMULATIVA DE JOSE BONIFACIO,,SAJ,Eletrônico,0,2025-08-05,2026-06-02
00006243920258260498,TJSP,G1,Cumprimento de sentença,156,Tratamento médico-hospitalar,1,VARA UNICA DE RIBEIRAO BONITO,,SAJ,Eletrônico,0,2025-08-06,2026-06-01
00007504620258260480,TJSP,G1,Cumprimento Provisório de Sentença,157,Tratamento médico-hospitalar,1,VARA UNICA DE PRESIDENTE BERNARDES,,SAJ,Eletrônico,0,2025-08-07,2026-06-03
00038331820258260077,TJSP,G1,Cumprimento de Sentença contra a Fazenda Pública,12078,Fornecimento de medicamentos,1,VARA JUIZADO ESP. CIVEL CRIM. DE BIRIGUI,,SAJ,Eletrônico,0,2025-08-07,2026-07-24
00029576320258260271,TJSP,G1,Cumprimento de sentença,156,Tratamento médico-hospitalar,1,01 CIVEL DE ITAPEVI,,SAJ,Eletrônico,0,2025-08-07,2026-04-15
00016282020258260108,TJSP,G1,Cumprimento de sentença,156,Tratamento médico-hospitalar,1,02 CUMULATIVA DE CAJAMAR,,SAJ,Eletrônico,0,2025-08-08,2026-06-02
00016308720258260108,TJSP,G1,Cumprimento Provisório de Decisão,10980,Tratamento médico-hospitalar,1,02 CUMULATIVA DE CAJAMAR,,SAJ,Eletrônico,0,2025-08-08,2026-02-05
00015060320258260659,TJSP,G1,Cumprimento de sentença,156,Tratamento médico-hospitalar,1,01 CUMULATIVA DE VINHEDO,,SAJ,Eletrônico,0,2025-08-08,2026-06-03
00007192620258260383,TJSP,G1,Procedimento do Juizado Especial da Fazenda Pública,14695,Fornecimento de medicamentos,1,JUIZADO ESPECIAL CIVEL CRIM. DE NHANDEARA,,SAJ,Eletrônico,0,2025-08-11,2026-05-08
00039185720258260609,TJSP,G1,Cumprimento de sentença,156,Tratamento médico-hospitalar,1,02 CIVEL DE TABOAO DA SERRA,,SAJ,Eletrônico,0,2025-08-11,2026-05-12
00015152720258260024,TJSP,G1,Requisição de Pequeno Valor,1266,Custeio de Assistência Médica,1,02 CUMULATIVA DE ANDRADINA,,SAJ,Eletrônico,0,2025-08-11,2026-06-03
00037372320258260038,TJSP,G1,Cumprimento de Sentença contra a Fazenda Pública,12078,Fornecimento de medicamentos,1,01 CIVEL DE ARARAS,,SAJ,Eletrônico,0,2025-08-11,2026-04-28
00031547720258260704,TJSP,G1,Cumprimento Provisório de Sentença,157,Tratamento médico-hospitalar,1,02 CIVEL DE BUTANTA,,SAJ,Eletrônico,0,2025-08-11,2026-06-01
00013553420258260272,TJSP,G1,Cumprimento de Sentença contra a Fazenda Pública,12078,Fornecimento de medicamentos,1,JUIZADO ESPECIAL CIVEL CRIM. DE ITAPIRA,,SAJ,Eletrônico,0,2025-08-11,2026-05-08
00021492420258260347,TJSP,G1,Cumprimento de sentença,156,Fornecimento de medicamentos,1,VARA JUIZADO ESP. CIVEL CRIM. DE MATAO,,SAJ,Eletrônico,0,2025-08-11,2026-06-01
00033987520258260099,TJSP,G1,Cumprimento de sentença,156,Fornecimento de medicamentos,1,VARA JUIZADO ESP. CIVEL CRIM. DE BRAGANCA PAULISTA,,SAJ,Eletrônico,0,2025-08-12,2026-04-28
00012966620258260136,TJSP,G1,Procedimento do Juizado Especial da Fazenda Pública,14695,Fornecimento de medicamentos,1,JUIZADO ESPECIAL CIVEL CRIM. DE CERQUEIRA CESAR,,SAJ,Eletrônico,0,2025-08-12,2026-06-02
00022292320258260400,TJSP,G1,Procedimento do Juizado Especial da Fazenda Pública,14695,Fornecimento de medicamentos,1,VARA JUIZADO ESP. CIVEL CRIM. DE OLIMPIA,,SAJ,Eletrônico,0,2025-08-12,2026-05-08
00013631120258260272,TJSP,G1,Cumprimento de Sentença contra a Fazenda Pública,12078,Fornecimento de medicamentos,1,JUIZADO ESPECIAL CIVEL CRIM. DE ITAPIRA,,SAJ,Eletrônico,0,2025-08-12,2026-06-02
00014261620258260505,TJSP,G1,Cumprimento Provisório de Sentença,157,Tratamento Domiciliar (Home Care),1,02 CUMULATIVA DE RIBEIRAO PIRES,,SAJ,Eletrônico,0,2025-08-12,2026-05-08
00034383420258260624,TJSP,G1,Procedimento do Juizado Especial da Fazenda Pública,14695,Fornecimento de medicamentos,1,VARA JUIZADO ESP. CIVEL CRIM. DE TATUI,,SAJ,Eletrônico,0,2025-08-12,2026-04-28
00020848120258260168,TJSP,G1,Procedimento do Juizado Especial Cível,436,Fornecimento de medicamentos,1,JUIZADO ESPECIAL CIVEL CRIM. DE DRACENA,,SAJ,Eletrônico,0,2025-08-13,2026-06-02
00041613020258260664,TJSP,G1,Procedimento do Juizado Especial da Fazenda Pública,14695,Fornecimento de medicamentos,1,VARA JUIZADO ESP. CIVEL CRIM. - JIT -  ANEXO UNIFEV - VOTUPORANGA,,SAJ,Eletrônico,0,2025-08-13,2026-04-15
00024129720258260010,TJSP,G1,Cumprimento de sentença,156,Tratamento médico-hospitalar,1,01 CIVEL DE IPIRANGA,,SAJ,Eletrônico,0,2025-08-13,2026-02-05
00017018920258260108,TJSP,G1,Cumprimento Provisório de Sentença,157,Tratamento médico-hospitalar,1,01 CUMULATIVA DE CAJAMAR,,SAJ,Eletrônico,0,2025-08-13,2026-06-02
00040271220258260079,TJSP,G1,Cumprimento de Sentença contra a Fazenda Pública,12078,Fornecimento de medicamentos,1,VARA JUIZADO ESP. CIVEL CRIM. DE BOTUCATU,,SAJ,Eletrônico,0,2025-08-13,2026-07-24
00003750920258260589,TJSP,G1,Cumprimento de sentença,156,Fornecimento de medicamentos,1,VARA UNICA DE SAO SIMAO,,SAJ,Eletrônico,0,2025-08-13,2026-06-02
00045228120258260006,TJSP,G1,Cumprimento de sentença,156,Tratamento médico-hospitalar,1,01 CIVEL DE PENHA,,SAJ,Eletrônico,0,2025-08-13,2026-03-17
00034825320258260624,TJSP,G1,Cumprimento de sentença,156,Tratamento médico-hospitalar,1,02 CIVEL DE TATUI,,SAJ,Eletrônico,0,2025-08-13,2026-06-03
00038641020258260248,TJSP,G1,Cumprimento de sentença,156,Fornecimento de medicamentos,1,VARA JUIZADO ESPECIAL CIVEL DE INDAIATUBA,,SAJ,Eletrônico,0,2025-08-14,2026-07-16
00036172820258260604,TJSP,G1,Cumprimento de sentença,156,Fornecimento de medicamentos,1,02 CIVEL DE SUMARE,,SAJ,Eletrônico,0,2025-08-14,2026-04-28
00023570320248260457,TJSP,G1,Requisição de Pequeno Valor,1266,Fornecimento de medicamentos,1,03 CUMULATIVA DE PIRASSUNUNGA,,SAJ,Eletrônico,0,2025-08-14,2026-04-28
00021224520258260281,TJSP,G1,Cumprimento de sentença,156,Fornecimento de medicamentos,1,01 CIVEL DE ITATIBA,,SAJ,Eletrônico,0,2025-08-14,2026-06-02
00025513220258260533,TJSP,G1,Procedimento do Juizado Especial da Fazenda Pública,14695,Fornecimento de medicamentos,1,VARA JUIZADO ESP. CIVEL CRIM. DE SANTA BARBARA D OESTE,,SAJ,Eletrônico,0,2025-08-14,2026-06-03
00025936820258260408,TJSP,G1,Cumprimento de Sentença contra a Fazenda Pública,12078,Fornecimento de medicamentos,1,VARA JUIZADO ESPECIAL CIVEL DE OURINHOS,,SAJ,Eletrônico,0,2025-08-15,2026-06-02
00039879820258260606,TJSP,G1,Cumprimento Provisório de Sentença,157,Fornecimento de medicamentos,1,01 CIVEL DE SUZANO,,SAJ,Eletrônico,0,2025-08-15,2026-06-01
00035164520248260565,TJSP,G1,Requisição de Pequeno Valor,1266,Tratamento médico-hospitalar,1,01 CIVEL DE SAO CAETANO DO SUL,,SAJ,Eletrônico,0,2025-08-15,2026-03-18
00036480920258260132,TJSP,G1,Procedimento do Juizado Especial da Fazenda Pública,14695,Fornecimento de medicamentos,1,VARA JUIZADO ESPECIAL CIVEL DE CATANDUVA,,SAJ,Eletrônico,0,2025-08-15,2026-02-06
00004284420248260356,TJSP,G1,Requisição de Pequeno Valor,1266,Fornecimento de medicamentos,1,02 CUMULATIVA DE MIRANDOPOLIS,,SAJ,Eletrônico,0,2025-08-15,2026-07-24
00032620920258260704,TJSP,G1,Cumprimento de sentença,156,Serviços Hospitalares,1,02 CIVEL DE BUTANTA,,SAJ,Eletrônico,0,2025-08-18,2026-05-07
00034032320248260038,TJSP,G1,Requisição de Pequeno Valor,1266,Fornecimento de medicamentos,1,VARA JUIZADO ESP. CIVEL CRIM. DE ARARAS,,SAJ,Eletrônico,0,2025-08-18,2026-02-07
00005385720258260146,TJSP,G1,Cumprimento de sentença,156,Serviços Hospitalares,1,VARA UNICA DE CORDEIROPOLIS,,SAJ,Eletrônico,0,2025-08-18,2026-04-28
00036245720258260624,TJSP,G1,Procedimento do Juizado Especial da Fazenda Pública,14695,Fornecimento de medicamentos,1,VARA JUIZADO ESP. CIVEL CRIM. DE TATUI,,SAJ,Eletrônico,0,2025-08-19,2026-04-28
00014539620258260505,TJSP,G1,Cumprimento Provisório de Sentença,157,Tratamento médico-hospitalar,1,02 CUMULATIVA DE RIBEIRAO PIRES,,SAJ,Eletrônico,0,2025-08-19,2026-06-01
00008648920258260025,TJSP,G1,Procedimento do Juizado Especial da Fazenda Pública,14695,Fornecimento de medicamentos,1,JUIZADO ESPECIAL CIVEL CRIM. DE ANGATUBA,,SAJ,Eletrônico,0,2025-08-19,2026-02-06
00024712220258260322,TJSP,G1,Cumprimento de sentença,156,Fornecimento de medicamentos,1,02 CIVEL DE LINS,,SAJ,Eletrônico,0,2025-08-19,2026-06-02
00039868420258260066,TJSP,G1,Cumprimento de sentença,156,Fornecimento de medicamentos,1,02 CRIMINAL DE BARRETOS,,SAJ,Eletrônico,0,2025-08-19,2026-07-16
00027376720258260529,TJSP,G1,Cumprimento de sentença,156,Tratamento médico-hospitalar,1,2VARA JUDICIAL DE SANTANA DE PARNAÍBA,,SAJ,Eletrônico,0,2025-08-19,2026-06-03
00041050620258260079,TJSP,G1,Cumprimento de Sentença contra a Fazenda Pública,12078,Custeio de Assistência Médica,1,VARA JUIZADO ESP. CIVEL CRIM. DE BOTUCATU,,SAJ,Eletrônico,0,2025-08-20,2026-07-24
00005197920258260169,TJSP,G1,Procedimento do Juizado Especial da Fazenda Pública,14695,Fornecimento de medicamentos,1,JUIZADO ESPECIAL CIVEL DE DUARTINA,,SAJ,Eletrônico,0,2025-08-21,2026-04-15
00005614520258260035,TJSP,G1,Procedimento do Juizado Especial da Fazenda Pública,14695,Fornecimento de medicamentos,1,JUIZADO ESPECIAL CIVEL CRIM. DE AGUAS DE LINDOIA,,SAJ,Eletrônico,0,2025-08-21,2026-05-08
00040742620258260292,TJSP,G1,Cumprimento de sentença,156,Tratamento médico-hospitalar,1,Juízo Titular I - 1ª Vara Cível da Comarca de Jacareí,3524402.0,Projudi,Eletrônico,0,2025-08-21,2026-07-04
00003753220258260646,TJSP,G1,Cumprimento de sentença,156,Tratamento médico-hospitalar,1,VARA UNICA DE URANIA,,SAJ,Eletrônico,0,2025-08-21,2026-07-24
00005146220258260426,TJSP,G1,Cumprimento de Sentença contra a Fazenda Pública,12078,Fornecimento de medicamentos,1,JUIZADO ESPECIAL CIVEL DE PATROCINIO PAULISTA,,SAJ,Eletrônico,0,2025-08-21,2026-06-02
00016503720258260348,TJSP,G1,Requisição de Pequeno Valor,1266,Fornecimento de medicamentos,1,04 CIVEL DE MAUA,,SAJ,Eletrônico,0,2025-08-21,2026-07-16
00037806620258260132,TJSP,G1,Cumprimento de sentença,156,Fornecimento de medicamentos,1,02 CIVEL DE CATANDUVA,,SAJ,Eletrônico,0,2025-08-22,2026-06-02
00041256520258260606,TJSP,G1,Cumprimento de sentença,156,Fornecimento de medicamentos,1,01 CIVEL DE SUZANO,,SAJ,Eletrônico,0,2025-08-22,2026-06-01
00015742520258260344,TJSP,G1,Requisição de Pequeno Valor,1266,Fornecimento de medicamentos,1,FAZENDA PUBLICA DE MARILIA,,SAJ,Eletrônico,0,2025-08-22,2026-06-03
00040104820258260152,TJSP,G1,Cumprimento de sentença,156,Serviços Hospitalares,1,Juízo Titular I - 1ª Vara Cível da Comarca de Cotia,3513009.0,Projudi,Eletrônico,0,2025-08-22,2026-07-08
00026229820258260156,TJSP,G1,Cumprimento de sentença,156,Tratamento médico-hospitalar,1,JUIZADO ESPECIAL CIVEL CRIM. DE CRUZEIRO,,SAJ,Eletrônico,0,2025-08-22,2026-07-16
00008127920258260450,TJSP,G1,Cumprimento de sentença,156,Tratamento médico-hospitalar,1,02 CUMULATIVA DE PIRACAIA,,SAJ,Eletrônico,0,2025-08-22,2026-02-05
00027791920258260529,TJSP,G1,Cumprimento de sentença,156,Serviços Hospitalares,1,2VARA JUDICIAL DE SANTANA DE PARNAÍBA,,SAJ,Eletrônico,0,2025-08-22,2026-04-15
00010021020258260396,TJSP,G1,Cumprimento de sentença,156,Tratamento Domiciliar (Home Care),1,01 CUMULATIVA DE NOVO HORIZONTE,,SAJ,Eletrônico,0,2025-08-22,2026-05-08
00006964920258260070,TJSP,G1,Requisição de Pequeno Valor,1266,Fornecimento de medicamentos,1,VARA JUIZADO ESP. CIVEL CRIM. DE BATATAIS,,SAJ,Eletrônico,0,2025-08-25,2026-03-17
00033643120258260704,TJSP,G1,Cumprimento Provisório de Decisão,10980,Tratamento médico-hospitalar,1,01 CIVEL DE BUTANTA,,SAJ,Eletrônico,0,2025-08-25,2026-06-01
00038276420258260609,TJSP,G1,Cumprimento de sentença,156,Tratamento médico-hospitalar,1,Juízo Titular I - 2ª Vara Cível da Comarca de Taboão da Serra,3552809.0,Projudi,Eletrônico,0,2025-08-26,2026-06-11
00008822620258260247,TJSP,G1,Cumprimento Provisório de Decisão,10980,Tratamento médico-hospitalar,1,01 CUMULATIVA DE ILHABELA,,SAJ,Eletrônico,0,2025-08-26,2026-04-28
00037714620258260604,TJSP,G1,Cumprimento de Sentença contra a Fazenda Pública,12078,Fornecimento de medicamentos,1,01 CIVEL DE SUMARE,,SAJ,Eletrônico,0,2025-08-26,2026-06-03
00013843620258260482,TJSP,G1,Requisição de Pequeno Valor,1266,Fornecimento de medicamentos,1,FAZENDA PUBLICA DE PRESIDENTE PRUDENTE,,SAJ,Eletrônico,0,2025-08-27,2026-02-09
00028294520258260529,TJSP,G1,Cumprimento de sentença,156,Tratamento médico-hospitalar,1,2VARA JUDICIAL DE SANTANA DE PARNAÍBA,,SAJ,Eletrônico,0,2025-08-27,2026-04-15
00008615620258260439,TJSP,G1,Cumprimento de sentença,156,Tratamento médico-hospitalar,1,01 CUMULATIVA DE PEREIRA BARRETO,,SAJ,Eletrônico,0,2025-08-27,2026-07-24
00039761520258260624,TJSP,G1,Cumprimento de sentença,156,Fornecimento de medicamentos,1,VARA JUIZADO ESP. CIVEL CRIM. DE TATUI,,SAJ,Eletrônico,0,2025-08-27,2026-06-03
00044762020258260127,TJSP,G1,Cumprimento de Sentença contra a Fazenda Pública,12078,Fornecimento de medicamentos,1,01 CIVEL DE CARAPICUIBA,,SAJ,Eletrônico,0,2025-08-27,2026-06-02
00026897120258260024,TJSP,G1,Cumprimento de sentença,156,Tratamento médico-hospitalar,1,03 CUMULATIVA DE ANDRADINA,,SAJ,Eletrônico,0,2025-08-27,2026-07-24
00031954820258260541,TJSP,G1,Cumprimento de sentença,156,Custeio de Assistência Médica,1,02 CUMULATIVA DE SANTA FE DO SUL,,SAJ,Eletrônico,0,2025-08-27,2026-07-24
00010243720258260180,TJSP,G1,Cumprimento de sentença,156,Tratamento médico-hospitalar,1,02 CUMULATIVA DE ESPIRITO SANTO DO PINHAL,,SAJ,Eletrônico,0,2025-08-27,2026-06-02
00044770520258260127,TJSP,G1,Cumprimento de Sentença contra a Fazenda Pública,12078,Fornecimento de medicamentos,1,01 CIVEL DE CARAPICUIBA,,SAJ,Eletrônico,0,2025-08-27,2026-06-02
00001401420258260081,TJSP,G1,Requisição de Pequeno Valor,1266,Fornecimento de medicamentos,1,JUIZADO ESPECIAL CIVEL CRIM. DE ADAMANTINA,,SAJ,Eletrônico,0,2025-08-28,2026-05-08
00016782720258260082,TJSP,G1,Cumprimento de sentença,156,Fornecimento de medicamentos,1,02 CUMULATIVA DE BOITUVA,,SAJ,Eletrônico,0,2025-08-28,2025-11-05
00025661820258260010,TJSP,G1,Cumprimento de sentença,156,Tratamento médico-hospitalar,1,03 CIVEL DE IPIRANGA,,SAJ,Eletrônico,0,2025-08-28,2026-06-03
00009143120258260150,TJSP,G1,Cumprimento de Sentença contra a Fazenda Pública,12078,Fornecimento de medicamentos,1,JUIZADO ESPECIAL CIVEL DE COSMÓPOLIS,,SAJ,Eletrônico,0,2025-08-28,2026-05-08
00009694720258260484,TJSP,G1,Cumprimento Provisório de Sentença,157,Tratamento médico-hospitalar,1,01 CUMULATIVA DE PROMISSAO,,SAJ,Eletrônico,0,2025-08-29,2026-02-05
00032721220258260362,TJSP,G1,Cumprimento de Sentença contra a Fazenda Pública,12078,Fornecimento de medicamentos,1,02 CIVEL DE MOJI GUACU,,SAJ,Eletrônico,0,2025-08-29,2026-04-28
00022562320258260168,TJSP,G1,Procedimento do Juizado Especial da Fazenda Pública,14695,Fornecimento de medicamentos,1,JUIZADO ESPECIAL CIVEL CRIM. DE DRACENA,,SAJ,Eletrônico,0,2025-08-29,2026-06-02
00032927320258260565,TJSP,G1,Cumprimento de sentença,156,Tratamento médico-hospitalar,1,06 CIVEL DE SAO CAETANO DO SUL,,SAJ,Eletrônico,0,2025-08-29,2026-04-15
00041608920258260229,TJSP,G1,Cumprimento Provisório de Sentença,157,Tratamento médico-hospitalar,1,01 CUMULATIVA DE HORTOLANDIA,,SAJ,Eletrônico,0,2025-08-29,2026-06-03
00021906820258260483,TJSP,G1,Cumprimento de Sentença contra a Fazenda Pública,12078,Fornecimento de medicamentos,1,02 CUMULATIVA DE PRESIDENTE VENCESLAU,,SAJ,Eletrônico,0,2025-08-29,2026-06-03
00006823920258260111,TJSP,G1,Procedimento do Juizado Especial da Fazenda Pública,14695,Fornecimento de medicamentos,1,JUIZADO ESPECIAL CIVEL CRIM. DE CAJURU,,SAJ,Eletrônico,0,2025-09-01,2026-06-03
00018067820258260201,TJSP,G1,Procedimento do Juizado Especial da Fazenda Pública,14695,Fornecimento de medicamentos,1,JUIZADO ESPECIAL CIVEL CRIM. DE GARCA,,SAJ,Eletrônico,0,2025-09-01,2026-06-03
00041265720258260248,TJSP,G1,Cumprimento de sentença,156,Fornecimento de medicamentos,1,04 CIVEL DE INDAIATUVA,,SAJ,Eletrônico,0,2025-09-01,2026-04-28
00017905820258260417,TJSP,G1,Cumprimento de sentença,156,Fornecimento de medicamentos,1,03 CUMULATIVA DE PARAGUACU PAULISTA,,SAJ,Eletrônico,0,2025-09-01,2026-05-08
00040850720258260405,TJSP,G1,Requisição de Pequeno Valor,1266,Fornecimento de medicamentos,1,INFANCIA JUVENTUDE DE OSASCO,,SAJ,Eletrônico,0,2025-09-01,2026-03-16
00041643320258260066,TJSP,G1,Cumprimento Provisório de Decisão,10980,Fornecimento de medicamentos,1,VARA JUIZADO ESP. CIVEL CRIM. DE BARRETOS,,SAJ,Eletrônico,0,2025-09-02,2026-02-06
00006670920258260584,TJSP,G1,Procedimento do Juizado Especial da Fazenda Pública,14695,Fornecimento de medicamentos,1,JUIZADO ESPECIAL CIVEL CRIM. DE SAO PEDRO,,SAJ,Eletrônico,0,2025-09-02,2026-06-03
00005455520258260144,TJSP,G1,Procedimento do Juizado Especial da Fazenda Pública,14695,Fornecimento de medicamentos,1,JUIZADO ESPECIAL CIVEL DE CONCHAL,,SAJ,Eletrônico,0,2025-09-02,2026-05-08
00042901520258260606,TJSP,G1,Cumprimento de sentença,156,Tratamento médico-hospitalar,1,05 CIVEL DE SUZANO,,SAJ,Eletrônico,0,2025-09-02,2026-06-01
00035833720258260286,TJSP,G1,Cumprimento de sentença,156,Fornecimento de medicamentos,1,Juízo Titular I - 1ª Vara Cível da Comarca de Itu,3523909.0,Projudi,Eletrônico,0,2025-09-02,2026-07-09
00042974220258260077,TJSP,G1,Cumprimento de sentença,156,Fornecimento de medicamentos,1,03 CIVEL DE BIRIGUI,,SAJ,Eletrônico,0,2025-09-03,2026-07-24
00009468520258260651,TJSP,G1,Cumprimento Provisório de Sentença,157,Fornecimento de medicamentos,1,01 CUMULATIVA DE VALPARAISO,,SAJ,Eletrônico,0,2025-09-03,2026-03-17
00037925920258260624,TJSP,G1,Cumprimento de Sentença contra a Fazenda Pública,12078,Fornecimento de medicamentos,1,VARA JUIZADO ESP. CIVEL CRIM. DE TATUI,,SAJ,Eletrônico,0,2025-09-03,2026-06-03
00027687520258260533,TJSP,G1,Cumprimento de sentença,156,Fornecimento de medicamentos,1,01 CIVEL DE SANTA BARBARA D OESTE,,SAJ,Eletrônico,0,2025-09-04,2026-04-28
00006876120258260111,TJSP,G1,Procedimento do Juizado Especial da Fazenda Pública,14695,Fornecimento de medicamentos,1,JUIZADO ESPECIAL CIVEL CRIM. DE CAJURU,,SAJ,Eletrônico,0,2025-09-04,2026-07-16
00002847720258260698,TJSP,G1,Procedimento do Juizado Especial da Fazenda Pública,14695,Fornecimento de medicamentos,1,JUIZADO ESPECIAL CIVEL DE PIRANGI,,SAJ,Eletrônico,0,2025-09-04,2026-05-09
00021534120258260483,TJSP,G1,Procedimento do Juizado Especial da Fazenda Pública,14695,Fornecimento de medicamentos,1,JUIZADO ESPECIAL CIVEL DE PRESIDENTE VENCESLAU,,SAJ,Eletrônico,0,2025-09-04,2026-04-28
00000105320258260427,TJSP,G1,Procedimento Comum Cível,7,Fornecimento de medicamentos,1,NUCLEO ESPECIALIZADO DE JUSTIÇA 4.0 - PEDIDO DE MEDICAMENTOS - SUS,,SAJ,Eletrônico,0,2025-09-05,2026-06-02
00005146820258260424,TJSP,G1,Cumprimento de sentença,156,Tratamento médico-hospitalar,1,VARA UNICA DE PARIQUERA ACU,,SAJ,Eletrônico,0,2025-09-05,2026-06-02
00017663420258260157,TJSP,G1,Cumprimento de sentença,156,Serviços Hospitalares,1,04 CUMULATIVA DE CUBATAO,,SAJ,Eletrônico,0,2025-09-05,2026-01-08
00027322220258260084,TJSP,G1,Cumprimento de sentença,156,Tratamento médico-hospitalar,1,,,SAJ,Eletrônico,0,2025-09-05,2026-06-03
00005723020258260470,TJSP,G1,Cumprimento de sentença,156,Fornecimento de medicamentos,1,VARA UNICA DE PORANGABA,,SAJ,Eletrônico,0,2025-09-08,2026-04-28
00017109320258260482,TJSP,G1,Requisição de Pequeno Valor,1266,Fornecimento de medicamentos,1,FAZENDA PUBLICA DE PRESIDENTE PRUDENTE,,SAJ,Eletrônico,0,2025-09-08,2026-04-28
00043407620258260077,TJSP,G1,Procedimento do Juizado Especial da Fazenda Pública,14695,Fornecimento de medicamentos,1,VARA JUIZADO ESP. CIVEL CRIM. DE BIRIGUI,,SAJ,Eletrônico,0,2025-09-08,2026-07-24
00009845620248260094,TJSP,G1,Requisição de Pequeno Valor,1266,Tratamento médico-hospitalar,1,VARA UNICA DE BRODOSQUI,,SAJ,Eletrônico,0,2025-09-08,2026-01-08
00015465420258260539,TJSP,G1,Cumprimento Provisório de Sentença,157,Tratamento médico-hospitalar,1,01 CIVEL DE SANTA CRUZ DO RIO PARDO,,SAJ,Eletrônico,0,2025-09-09,2026-07-24
00039032520258260048,TJSP,G1,Cumprimento de sentença,156,Tratamento médico-hospitalar,1,Juízo Titular I - 3ª Vara Civel da Comarca de Atibaia,3504107.0,Projudi,Eletrônico,0,2025-09-09,2026-07-03
00039888920258260604,TJSP,G1,Cumprimento de Sentença contra a Fazenda Pública,12078,Fornecimento de medicamentos,1,03 CIVEL DE SUMARE,,SAJ,Eletrônico,0,2025-09-09,2026-06-03
00004580720258260498,TJSP,G1,Requisição de Pequeno Valor,1266,Fornecimento de medicamentos,1,VARA UNICA DE RIBEIRAO BONITO,,SAJ,Eletrônico,0,2025-09-09,2026-05-08
00021648320258260220,TJSP,G1,Cumprimento de Sentença contra a Fazenda Pública,12078,Tratamento médico-hospitalar,1,04 CUMULATIVA DE GUARATINGUETA,,SAJ,Eletrônico,0,2025-09-10,2026-05-08
00027094120258260322,TJSP,G1,Cumprimento Provisório de Sentença,157,Tratamento médico-hospitalar,1,02 CIVEL DE LINS,,SAJ,Eletrônico,0,2025-09-10,2026-07-24
00019660520258260072,TJSP,G1,Cumprimento de sentença,156,Fornecimento de medicamentos,1,03 CUMULATIVA DE BEBEDOURO,,SAJ,Eletrônico,0,2025-09-10,2026-07-16
00005500720258260426,TJSP,G1,Procedimento do Juizado Especial da Fazenda Pública,14695,Fornecimento de medicamentos,1,JUIZADO ESPECIAL CIVEL DE PATROCINIO PAULISTA,,SAJ,Eletrônico,0,2025-09-10,2026-06-02
00007991920248260514,TJSP,G1,Requisição de Pequeno Valor,1266,Fornecimento de medicamentos,1,VARA UNICA DE ITUPEVA,,SAJ,Eletrônico,0,2025-09-10,2026-06-02
00009547820258260581,TJSP,G1,Requisição de Pequeno Valor,1266,Fornecimento de medicamentos,1,02 CUMULATIVA DE SAO MANUEL,,SAJ,Eletrônico,0,2025-09-10,2026-04-15
00008214820258260480,TJSP,G1,Procedimento do Juizado Especial da Fazenda Pública,14695,Fornecimento de medicamentos,1,JUIZADO ESPECIAL CIVEL CRIM. DE PRESIDENTE BERNARDES,,SAJ,Eletrônico,0,2025-09-10,2026-06-03
00002933920258260698,TJSP,G1,Cumprimento de sentença,156,Assistência Médico-Hospitalar,1,JUIZADO ESPECIAL CIVEL DE PIRANGI,,SAJ,Eletrônico,0,2025-09-10,2026-06-03
00037566120258260189,TJSP,G1,Procedimento do Juizado Especial da Fazenda Pública,14695,Fornecimento de medicamentos,1,VARA JUIZADO ESP. CIVEL CRIM. DE FERNANDOPOLIS,,SAJ,Eletrônico,0,2025-09-11,2026-06-02
00007925720258260137,TJSP,G1,Cumprimento Provisório de Decisão,10980,Tratamento médico-hospitalar,1,VARA UNICA DE CERQUILHO,,SAJ,Eletrônico,0,2025-09-11,2026-05-08
00007347120258260584,TJSP,G1,Cumprimento Provisório de Decisão,10980,Tratamento médico-hospitalar,1,Juízo Titular I - 1ª Vara Civel da Comarca de Limeira,3526902.0,Projudi,Eletrônico,0,2025-09-11,2026-05-12
00028030820258260445,TJSP,G1,Procedimento do Juizado Especial da Fazenda Pública,14695,Fornecimento de medicamentos,1,VARA JUIZADO ESP. CIVEL CRIM. DE PINDAMONHANGABA,,SAJ,Eletrônico,0,2025-09-11,2026-03-17
00005122020258260547,TJSP,G1,Requisição de Pequeno Valor,1266,Assistência Médico-Hospitalar,1,JUIZADO ESPECIAL CIVEL CRIM. DE SANTA RITA DO PASSA QUATRO,,SAJ,Eletrônico,0,2025-09-11,2026-06-03
00044178520258260077,TJSP,G1,Cumprimento de sentença,156,Fornecimento de medicamentos,1,03 CIVEL DE BIRIGUI,,SAJ,Eletrônico,0,2025-09-11,2026-07-24
00043721720258260066,TJSP,G1,Cumprimento Provisório de Sentença,157,Fornecimento de medicamentos,1,02 CIVEL DE BARRETOS,,SAJ,Eletrônico,0,2025-09-11,2026-02-06
00021471420258260619,TJSP,G1,Cumprimento de Sentença contra a Fazenda Pública,12078,Fornecimento de medicamentos,1,01 CUMULATIVA DE TAQUARITINGA,,SAJ,Eletrônico,0,2025-09-12,2026-06-01
00018030920258260045,TJSP,G1,Cumprimento de sentença,156,Fornecimento de medicamentos,1,Juízo Titular I - 2ª Vara da Comarca de Arujá,3503901.0,Projudi,Eletrônico,0,2025-09-12,2026-07-03
00043505220258260229,TJSP,G1,Procedimento do Juizado Especial da Fazenda Pública,14695,Fornecimento de medicamentos,1,VARA JUIZADO ESP. CIVEL CRIM. DE HORTOLANDIA,,SAJ,Eletrônico,0,2025-09-12,2026-06-03
00017331720258260457,TJSP,G1,Cumprimento de sentença,156,Custeio de Assistência Médica,1,JUIZADO ESPECIAL CIVEL CRIM.  DE PIRASSUNUNGA,,SAJ,Eletrônico,0,2025-09-12,2026-04-28
00031206220248260664,TJSP,G1,Requisição de Pequeno Valor,1266,Tratamento médico-hospitalar,1,04 CUMULATIVA DE VOTUPORANGA,,SAJ,Eletrônico,0,2025-09-12,2026-06-02
00023675620258260281,TJSP,G1,Cumprimento Provisório de Sentença,157,Fornecimento de medicamentos,1,02 CIVEL DE ITATIBA,,SAJ,Eletrônico,0,2025-09-13,2026-06-02
00005633720258260060,TJSP,G1,Cumprimento de sentença,156,Tratamento médico-hospitalar,1,VARA UNICA DE AURIFLAMA,,SAJ,Eletrônico,0,2025-09-15,2026-05-08
00004400420258260589,TJSP,G1,Cumprimento de sentença,156,Tratamento médico-hospitalar,1,VARA UNICA DE SAO SIMAO,,SAJ,Eletrônico,0,2025-09-15,2026-06-02
00039478520258260099,TJSP,G1,Cumprimento Provisório de Sentença,157,Fornecimento de medicamentos,1,04 CIVEL DE BRAGANCA PAULISTA,,SAJ,Eletrônico,0,2025-09-16,2026-02-05
00016816420258260572,TJSP,G1,Cumprimento de Sentença contra a Fazenda Pública,12078,Fornecimento de medicamentos,1,01 CUMULATIVA DE SAO JOAQUIM DA BARRA,,SAJ,Eletrônico,0,2025-09-16,2026-06-02
00005630620258260426,TJSP,G1,Cumprimento de Sentença contra a Fazenda Pública,12078,Fornecimento de medicamentos,1,JUIZADO ESPECIAL CIVEL DE PATROCINIO PAULISTA,,SAJ,Eletrônico,0,2025-09-16,2026-04-15
00044115020258260248,TJSP,G1,Cumprimento de sentença,156,Fornecimento de medicamentos,1,01 CIVEL DE INDAIATUBA,,SAJ,Eletrônico,0,2025-09-18,2026-06-02
00011298220258260028,TJSP,G1,Cumprimento de sentença,156,Fornecimento de medicamentos,1,01 CUMULATIVA DE APARECIDA,,SAJ,Eletrônico,0,2025-09-18,2026-02-05
00035594520258260565,TJSP,G1,Cumprimento de Sentença contra a Fazenda Pública,12078,Fornecimento de medicamentos,1,02 CIVEL DE SAO CAETANO DO SUL,,SAJ,Eletrônico,0,2025-09-18,2026-06-03
00029485820258260156,TJSP,G1,Cumprimento de sentença,156,Fornecimento de medicamentos,1,JUIZADO ESPECIAL CIVEL CRIM. DE CRUZEIRO,,SAJ,Eletrônico,0,2025-09-19,2026-07-16
00006431320258260638,TJSP,G1,Requisição de Pequeno Valor,1266,Fornecimento de medicamentos,1,02 CUMULATIVA DE TUPI PAULISTA,,SAJ,Eletrônico,0,2025-09-20,2026-06-03
00014420320258260106,TJSP,G1,Cumprimento de sentença,156,Tratamento médico-hospitalar,1,02 CUMULATIVA DE CAIEIRAS,,SAJ,Eletrônico,0,2025-09-22,2026-05-08
00026830320258260400,TJSP,G1,Cumprimento Provisório de Sentença,157,Fornecimento de medicamentos,1,03 CIVEL DE OLIMPIA,,SAJ,Eletrônico,0,2025-09-22,2026-06-02
00028632520258260010,TJSP,G1,Cumprimento de sentença,156,Tratamento médico-hospitalar,1,01 CIVEL DE IPIRANGA,,SAJ,Eletrônico,0,2025-09-22,2026-06-03
00024567920258260281,TJSP,G1,Cumprimento de Sentença contra a Fazenda Pública,12078,Fornecimento de medicamentos,1,VARA JUIZADO ESP. CIVEL CRIM. DE ITATIBA,,SAJ,Eletrônico,0,2025-09-23,2026-02-05
00005169120258260083,TJSP,G1,Requisição de Pequeno Valor,1266,Fornecimento de medicamentos,1,JUIZADO ESPECIAL CIVEL CRIM. DE AGUAI,,SAJ,Eletrônico,0,2025-09-23,2026-06-02
00010148620258260634,TJSP,G1,Cumprimento de sentença,156,Serviços Hospitalares,1,02 CUMULATIVA DE TREMEMBE,,SAJ,Eletrônico,0,2025-09-23,2026-06-02
00037619020258260704,TJSP,G1,Cumprimento de sentença,156,Tratamento médico-hospitalar,1,02 CIVEL DE BUTANTA,,SAJ,Eletrônico,0,2025-09-23,2026-06-01
00043097620258260038,TJSP,G1,Cumprimento de Sentença contra a Fazenda Pública,12078,Fornecimento de medicamentos,1,VARA JUIZADO ESP. CIVEL CRIM. DE ARARAS,,SAJ,Eletrônico,0,2025-09-23,2026-05-08
00036356920258260565,TJSP,G1,Cumprimento de sentença,156,Fornecimento de medicamentos,1,06 CIVEL DE SAO CAETANO DO SUL,,SAJ,Eletrônico,0,2025-09-23,2026-04-28
00002567520258260095,TJSP,G1,Requisição de Pequeno Valor,1266,Tratamento médico-hospitalar,1,JUIZADO ESPECIAL CIVEL CRIM. DE BROTAS,,SAJ,Eletrônico,0,2025-09-24,2026-06-03
00007925020258260301,TJSP,G1,Cumprimento Provisório de Decisão,10980,Tratamento médico-hospitalar,1,VARA UNICA DE JARINU,,SAJ,Eletrônico,0,2025-09-24,2026-02-05
00040783720258260624,TJSP,G1,Procedimento do Juizado Especial da Fazenda Pública,14695,Fornecimento de medicamentos,1,VARA JUIZADO ESP. CIVEL CRIM. DE TATUI,,SAJ,Eletrônico,0,2025-09-24,2026-06-03
00013422620258260372,TJSP,G1,Cumprimento de sentença,156,Tratamento médico-hospitalar,1,01 CUMULATIVA DE MONTE MOR,,SAJ,Eletrônico,0,2025-09-25,2026-05-08
00044717020258260297,TJSP,G1,Cumprimento de Sentença contra a Fazenda Pública,12078,Fornecimento de medicamentos,1,VARA JUIZADO ESP. CIVEL CRIM. DE JALES,,SAJ,Eletrônico,0,2025-09-26,2026-06-02
00023878520258260236,TJSP,G1,Cumprimento de Sentença contra a Fazenda Pública,12078,Fornecimento de medicamentos,1,JUIZADO ESPECIAL CIVEL DE IBITINGA,,SAJ,Eletrônico,0,2025-09-26,2026-06-01
00041173420258260624,TJSP,G1,Procedimento do Juizado Especial da Fazenda Pública,14695,Fornecimento de medicamentos,1,VARA JUIZADO ESP. CIVEL CRIM. DE TATUI,,SAJ,Eletrônico,0,2025-09-26,2026-05-08
00024745120258260168,TJSP,G1,Procedimento do Juizado Especial da Fazenda Pública,14695,Fornecimento de medicamentos,1,JUIZADO ESPECIAL CIVEL CRIM. DE DRACENA,,SAJ,Eletrônico,0,2025-09-26,2026-05-08
00044751020258260297,TJSP,G1,Cumprimento de Sentença contra a Fazenda Pública,12078,Tratamento médico-hospitalar,1,VARA JUIZADO ESP. CIVEL CRIM. DE JALES,,SAJ,Eletrônico,0,2025-09-26,2026-06-02
00035488820258260541,TJSP,G1,Cumprimento de Sentença contra a Fazenda Pública,12078,Fornecimento de medicamentos,1,JUIZADO ESPECIAL CIVEL DE SANTA FE DO SUL,,SAJ,Eletrônico,0,2025-09-26,2026-07-24
00011198420258260627,TJSP,G1,Cumprimento de Sentença contra a Fazenda Pública,12078,Fornecimento de medicamentos,1,VARA UNICA DE TEODORO SAMPAIO,,SAJ,Eletrônico,0,2025-09-28,2026-05-08
00020671020248260191,TJSP,G1,Requisição de Pequeno Valor,1266,Fornecimento de medicamentos,1,VARA JUIZADO ESP. CIVEL CRIM. DE FERRAZ DE VASCONCELOS,,SAJ,Eletrônico,0,2025-09-29,2026-07-16
00009124620258260543,TJSP,G1,Cumprimento Provisório de Sentença,157,Tratamento médico-hospitalar,1,01 CUMULATIVA DE SANTA ISABEL,,SAJ,Eletrônico,0,2025-09-29,2026-06-03
00005856420258260426,TJSP,G1,Cumprimento de sentença,156,Fornecimento de medicamentos,1,JUIZADO ESPECIAL CIVEL DE PATROCINIO PAULISTA,,SAJ,Eletrônico,0,2025-09-29,2026-06-02
00041338520258260624,TJSP,G1,Procedimento do Juizado Especial da Fazenda Pública,14695,Fornecimento de medicamentos,1,VARA JUIZADO ESP. CIVEL CRIM. DE TATUI,,SAJ,Eletrônico,0,2025-09-29,2026-06-03
00033014420258260271,TJSP,G1,Cumprimento de sentença,156,Tratamento médico-hospitalar,1,02 CIVEL DE ITAPEVI,,SAJ,Eletrônico,0,2025-09-29,2026-04-15
00033936920258260126,TJSP,G1,Cumprimento de sentença,156,Fornecimento de medicamentos,1,03 CIVEL DE CARAGUATATUBA,,SAJ,Eletrônico,0,2025-09-29,2026-04-28
00042895520258260048,TJSP,G1,Cumprimento de sentença,156,Tratamento médico-hospitalar,1,04 CIVEL DE ATIBAIA,,SAJ,Eletrônico,0,2025-09-30,2026-05-08
00022700420258260266,TJSP,G1,Cumprimento Provisório de Decisão,10980,Tratamento médico-hospitalar,1,Juízo Titular I - 2ª Vara da Comarca de Itanhaém,3522109.0,Projudi,Eletrônico,0,2025-09-30,2026-07-08
00006148120258260146,TJSP,G1,Procedimento do Juizado Especial da Fazenda Pública,14695,Fornecimento de medicamentos,1,JUIZADO ESPECIAL CIVEL CRIM. DE CORDEIROPOLIS,,SAJ,Eletrônico,0,2025-09-30,2026-05-08
00008423820258260346,TJSP,G1,Procedimento do Juizado Especial da Fazenda Pública,14695,Fornecimento de medicamentos,1,JUIZADO ESPECIAL CIVEL CRIM. DE MARTINOPOLIS,,SAJ,Eletrônico,0,2025-09-30,2026-03-17
00041261920258260099,TJSP,G1,Procedimento do Juizado Especial da Fazenda Pública,14695,,1,VARA JUIZADO ESP. CIVEL CRIM. DE BRAGANCA PAULISTA,,SAJ,Eletrônico,0,2025-09-30,2026-05-08
00012973620258260238,TJSP,G1,Cumprimento de sentença,156,Tratamento médico-hospitalar,1,01 CUMULATIVA DE IBIUNA,,SAJ,Eletrônico,0,2025-10-01,2026-04-28
00002388720248260160,TJSP,G1,Requisição de Pequeno Valor,1266,Fornecimento de medicamentos,1,01 CUMULATIVA DE DESCALVADO,,SAJ,Eletrônico,0,2025-10-01,2026-04-28
00015798520258260299,TJSP,G1,Cumprimento de sentença,156,Tratamento médico-hospitalar,1,Juízo Titular I - 1ª Vara da Comarca de Jandira,3525003.0,Projudi,Eletrônico,0,2025-10-01,2026-07-09
00041875120258260624,TJSP,G1,Procedimento do Juizado Especial da Fazenda Pública,14695,Fornecimento de medicamentos,1,VARA JUIZADO ESP. CIVEL CRIM. DE TATUI,,SAJ,Eletrônico,0,2025-10-02,2026-06-03
00007261320258260514,TJSP,G1,Cumprimento de sentença,156,Tratamento médico-hospitalar,1,VARA UNICA DE ITUPEVA,,SAJ,Eletrônico,0,2025-10-02,2026-06-03
00033475120258260362,TJSP,G1,Procedimento do Juizado Especial da Fazenda Pública,14695,Assistência Médico-Hospitalar,1,VARA JUIZADO ESPECIAL CIVEL DE MOJI GUACU,,SAJ,Eletrônico,0,2025-10-02,2026-06-02
00018046920258260505,TJSP,G1,Cumprimento de sentença,156,Tratamento médico-hospitalar,1,02 CUMULATIVA DE RIBEIRAO PIRES,,SAJ,Eletrônico,0,2025-10-03,2026-06-01
00012240620258260128,TJSP,G1,Cumprimento de Sentença contra a Fazenda Pública,12078,Custeio de Assistência Médica,1,VARA UNICA DE CARDOSO,,SAJ,Eletrônico,0,2025-10-03,2026-06-02
00042013520258260624,TJSP,G1,Cumprimento de Sentença contra a Fazenda Pública,12078,Fornecimento de medicamentos,1,VARA JUIZADO ESP. CIVEL CRIM. DE TATUI,,SAJ,Eletrônico,0,2025-10-03,2026-06-03
00040216320258260286,TJSP,G1,Cumprimento Provisório de Sentença,157,Tratamento médico-hospitalar,1,Juízo Titular I - 1ª Vara Cível da Comarca de Itu,3523909.0,Projudi,Eletrônico,0,2025-10-03,2026-07-15
00007937320258260062,TJSP,G1,Cumprimento de sentença,156,Fornecimento de medicamentos,1,02 CUMULATIVA DE BARIRI,,SAJ,Eletrônico,0,2025-10-04,2026-06-02
00017319720258260505,TJSP,G1,Cumprimento de sentença,156,Tratamento médico-hospitalar,1,03 CUMULATIVA DE RIBEIRAO PIRES,,SAJ,Eletrônico,0,2025-10-04,2026-06-01
00003110320258260232,TJSP,G1,Cumprimento de sentença,156,Tratamento médico-hospitalar,1,VARA ÚNICA DE CESÁRIO LANGE,,SAJ,Eletrônico,0,2025-10-06,2026-01-08
00030552720258260084,TJSP,G1,Cumprimento de sentença,156,Tratamento médico-hospitalar,1,04 CUMULATIVA DE VILA MIMOSA,,SAJ,Eletrônico,0,2025-10-06,2026-06-03
00043779320258260048,TJSP,G1,Incidente de Desconsideração de Personalidade Jurídica,12119,Tratamento médico-hospitalar,1,01 CIVEL DE ATIBAIA,,SAJ,Eletrônico,0,2025-10-06,2026-06-02
00006312120188260128,TJSP,G1,Requisição de Pequeno Valor,1266,Fornecimento de medicamentos,1,JUIZADO ESPECIAL CIVEL CRIM. DE CARDOSO,,SAJ,Eletrônico,0,2025-10-06,2026-07-16
00016169620258260272,TJSP,G1,Cumprimento de Sentença contra a Fazenda Pública,12078,Fornecimento de medicamentos,1,JUIZADO ESPECIAL CIVEL CRIM. DE ITAPIRA,,SAJ,Eletrônico,0,2025-10-07,2026-06-02
00009582320258260450,TJSP,G1,Cumprimento de sentença,156,Tratamento médico-hospitalar,1,01 CUMULATIVA DE PIRACAIA,,SAJ,Eletrônico,0,2025-10-07,2026-04-28
00021289820258260201,TJSP,G1,Procedimento do Juizado Especial da Fazenda Pública,14695,Fornecimento de medicamentos,1,JUIZADO ESPECIAL CIVEL CRIM. DE GARCA,,SAJ,Eletrônico,0,2025-10-07,2026-06-03
00017390620258260366,TJSP,G1,Cumprimento Provisório de Sentença,157,Tratamento médico-hospitalar,1,02 CUMULATIVA DE MONGAGUA,,SAJ,Eletrônico,0,2025-10-07,2026-06-02
00031122320258260156,TJSP,G1,Procedimento do Juizado Especial da Fazenda Pública,14695,Fornecimento de medicamentos,1,JUIZADO ESPECIAL CIVEL CRIM. DE CRUZEIRO,,SAJ,Eletrônico,0,2025-10-08,2026-07-16
00033846820258260624,TJSP,G1,Precatório,1265,Fornecimento de medicamentos,1,01 CIVEL DE TATUI,,SAJ,Eletrônico,0,2025-10-08,2026-05-08
00004074220258260418,TJSP,G1,Procedimento do Juizado Especial da Fazenda Pública,14695,Fornecimento de medicamentos,1,JUIZADO ESPECIAL CIVEL CRIM. DE PARAIBUNA,,SAJ,Eletrônico,0,2025-10-08,2026-06-02
00006112720258260470,TJSP,G1,Procedimento do Juizado Especial da Fazenda Pública,14695,Tratamento médico-hospitalar,2,JUIZADO ESPECIAL CIVEL CRIM. DE PORANGABA,,SAJ,Eletrônico,0,2025-10-08,2026-06-02
00021798120258260081,TJSP,G1,Cumprimento de sentença,156,Tratamento médico-hospitalar,1,02 CUMULATIVA DE ADAMANTINA,,SAJ,Eletrônico,0,2025-10-08,2026-06-02
00014098320248260482,TJSP,G1,Requisição de Pequeno Valor,1266,Fornecimento de medicamentos,1,FAZENDA PUBLICA DE PRESIDENTE PRUDENTE,,SAJ,Eletrônico,0,2025-10-08,2026-06-03
00033457520258260073,TJSP,G1,Cumprimento de Sentença contra a Fazenda Pública,12078,Tratamento médico-hospitalar,1,01 CIVEL DE AVARE,,SAJ,Eletrônico,0,2025-10-09,2026-07-16
00012449220258260452,TJSP,G1,Cumprimento de Sentença contra a Fazenda Pública,12078,Fornecimento de medicamentos,1,02 CUMULATIVA DE PIRAJU,,SAJ,Eletrônico,0,2025-10-09,2026-04-15
00038703620258260565,TJSP,G1,Cumprimento de sentença,156,Tratamento médico-hospitalar,1,04 CIVEL DE SAO CAETANO DO SUL,,SAJ,Eletrônico,0,2025-10-09,2026-02-05
00042740720258260624,TJSP,G1,Procedimento do Juizado Especial da Fazenda Pública,14695,Fornecimento de medicamentos,1,VARA JUIZADO ESP. CIVEL CRIM. DE TATUI,,SAJ,Eletrônico,0,2025-10-09,2026-05-08
00022378420258260663,TJSP,G1,Cumprimento de sentença,156,Fornecimento de medicamentos,1,01 CIVEL DE VOTORANTIM,,SAJ,Eletrônico,0,2025-10-09,2026-05-08
00025877820258260176,TJSP,G1,Cumprimento de sentença,156,Tratamento médico-hospitalar,1,02 CUMULATIVA DE EMBU DAS ARTES,,SAJ,Eletrônico,0,2025-10-10,2026-06-02
00006271620258260426,TJSP,G1,Procedimento do Juizado Especial da Fazenda Pública,14695,Fornecimento de medicamentos,1,JUIZADO ESPECIAL CIVEL DE PATROCINIO PAULISTA,,SAJ,Eletrônico,0,2025-10-10,2026-05-09
00040416120258260704,TJSP,G1,Cumprimento de sentença,156,Tratamento médico-hospitalar,1,02 CIVEL DE BUTANTA,,SAJ,Eletrônico,0,2025-10-12,2026-02-09
00032275220258260024,TJSP,G1,Cumprimento de sentença,156,Tratamento médico-hospitalar,1,01 CUMULATIVA DE ANDRADINA,,SAJ,Eletrônico,0,2025-10-13,2026-05-08
00037445820258260541,TJSP,G1,Cumprimento de Sentença contra a Fazenda Pública,12078,Fornecimento de medicamentos,1,JUIZADO ESPECIAL CIVEL DE SANTA FE DO SUL,,SAJ,Eletrônico,0,2025-10-13,2026-04-15
00037341420258260541,TJSP,G1,Cumprimento de Sentença contra a Fazenda Pública,12078,Fornecimento de medicamentos,1,JUIZADO ESPECIAL CIVEL DE SANTA FE DO SUL,,SAJ,Eletrônico,0,2025-10-13,2026-07-24
00010788420258260153,TJSP,G1,Cumprimento Provisório de Sentença,157,Fornecimento de medicamentos,1,01 CUMULATIVA DE CRAVINHOS,,SAJ,Eletrônico,0,2025-10-13,2026-07-16
00022071120258260417,TJSP,G1,Cumprimento de sentença,156,Tratamento médico-hospitalar,1,02 CUMULATIVA DE PARAGUACU PAULISTA,,SAJ,Eletrônico,0,2025-10-14,2026-06-03
00010788020258260025,TJSP,G1,Cumprimento de sentença,156,Fornecimento de medicamentos,1,JUIZADO ESPECIAL CIVEL CRIM. DE ANGATUBA,,SAJ,Eletrônico,0,2025-10-14,2026-06-03
00019168520258260457,TJSP,G1,Cumprimento de sentença,156,Fornecimento de medicamentos,1,03 CUMULATIVA DE PIRASSUNUNGA,,SAJ,Eletrônico,0,2025-10-14,2026-02-05
00005094120258260264,TJSP,G1,Procedimento do Juizado Especial da Fazenda Pública,14695,Fornecimento de medicamentos,1,JUIZADO ESPECIAL CÍVEL E CRIMINAL DE ITAJOBI,,SAJ,Eletrônico,0,2025-10-15,2026-07-16
00039206220258260565,TJSP,G1,Cumprimento de sentença,156,Tratamento médico-hospitalar,1,05 CIVEL DE SAO CAETANO DO SUL,,SAJ,Eletrônico,0,2025-10-15,2026-03-18
00036299620258260198,TJSP,G1,Cumprimento de sentença,156,Fornecimento de medicamentos,1,02 CIVEL DE FRANCO DA ROCHA,,SAJ,Eletrônico,0,2025-10-15,2026-06-02
00026451920258260132,TJSP,G1,Requisição de Pequeno Valor,1266,Fornecimento de medicamentos,1,02 CIVEL DE CATANDUVA,,SAJ,Eletrônico,0,2025-10-15,2026-02-06
00012547620258260472,TJSP,G1,Procedimento do Juizado Especial da Fazenda Pública,14695,Fornecimento de medicamentos,1,JUIZADO ESPECIAL CIVEL CRIM. DE PORTO FERREIRA,,SAJ,Eletrônico,0,2025-10-15,2026-05-08
00017738520258260299,TJSP,G1,Cumprimento de sentença,156,Tratamento médico-hospitalar,1,02 CUMULATIVA DE JANDIRA,,SAJ,Eletrônico,0,2025-10-16,2026-06-02
00010946120258260404,TJSP,G1,Cumprimento de Sentença contra a Fazenda Pública,12078,Assistência Médico-Hospitalar,1,02 CUMULATIVA DE ORLANDIA,,SAJ,Eletrônico,0,2025-10-16,2026-06-02
00017694820258260299,TJSP,G1,Cumprimento de sentença,156,Tratamento médico-hospitalar,1,02 CUMULATIVA DE JANDIRA,,SAJ,Eletrônico,0,2025-10-16,2026-06-02
00017806420258260659,TJSP,G1,Procedimento do Juizado Especial da Fazenda Pública,14695,Custeio de Assistência Médica,1,VARA JUIZADO ESP. CIVEL CRIM. DE VINHEDO,,SAJ,Eletrônico,0,2025-10-16,2026-02-05
00012218920258260180,TJSP,G1,Cumprimento de sentença,156,Tratamento médico-hospitalar,1,02 CUMULATIVA DE ESPIRITO SANTO DO PINHAL,,SAJ,Eletrônico,0,2025-10-16,2026-02-05
00008473920258260062,TJSP,G1,Cumprimento Provisório de Decisão,10980,Tratamento Domiciliar (Home Care),1,01 CUMULATIVA DE BARIRI,,SAJ,Eletrônico,0,2025-10-16,2026-06-02
00012676720258260022,TJSP,G1,Requisição de Pequeno Valor,1266,Fornecimento de medicamentos,1,01 CUMULATIVA DE AMPARO,,SAJ,Eletrônico,0,2025-10-16,2026-06-02
00002610220258260159,TJSP,G1,Cumprimento de sentença,156,Fornecimento de medicamentos,1,VARA UNICA DE CUNHA,,SAJ,Eletrônico,0,2025-10-17,2026-05-08
00006384520258260426,TJSP,G1,Cumprimento de sentença,156,Fornecimento de medicamentos,1,JUIZADO ESPECIAL CIVEL DE PATROCINIO PAULISTA,,SAJ,Eletrônico,0,2025-10-17,2026-05-09
00027174020258260347,TJSP,G1,Procedimento do Juizado Especial da Fazenda Pública,14695,Fornecimento de medicamentos,1,VARA JUIZADO ESP. CIVEL CRIM. DE MATAO,,SAJ,Eletrônico,0,2025-10-17,2026-05-08
00041239220258260704,TJSP,G1,Cumprimento de sentença,156,Tratamento médico-hospitalar,1,01 CIVEL DE BUTANTA,,SAJ,Eletrônico,0,2025-10-17,2026-06-01
00045528720258260048,TJSP,G1,Cumprimento de sentença,156,Tratamento médico-hospitalar,1,02 CIVEL DE ATIBAIA,,SAJ,Eletrônico,0,2025-10-20,2026-02-05
00045476520258260048,TJSP,G1,Cumprimento de sentença,156,Tratamento médico-hospitalar,1,Juízo Titular I - 4ª Vara Civel da Comarca de Atibaia,3504107.0,Projudi,Eletrônico,0,2025-10-20,2026-07-01
00011464320258260150,TJSP,G1,Cumprimento de sentença,156,Tratamento médico-hospitalar,1,02 CUMULATIVA DE COSMOPOLIS,,SAJ,Eletrônico,0,2025-10-20,2026-05-08
00000731820258260447,TJSP,G1,Precatório,1265,Fornecimento de medicamentos,1,VARA UNICA DE PINHALZINHO,,SAJ,Eletrônico,0,2025-10-21,2026-06-02
00011135320258260150,TJSP,G1,Procedimento do Juizado Especial da Fazenda Pública,14695,Fornecimento de medicamentos,1,JUIZADO ESPECIAL CIVEL DE COSMÓPOLIS,,SAJ,Eletrônico,0,2025-10-21,2026-04-28
00005642420258260415,TJSP,G1,Requisição de Pequeno Valor,1266,Tratamento médico-hospitalar,1,02 CUMULATIVA DE PALMITAL,,SAJ,Eletrônico,0,2025-10-22,2026-06-03
00045276320258260278,TJSP,G1,Cumprimento Provisório de Decisão,10980,Tratamento médico-hospitalar,1,01 CIVEL DE ITAQUAQUECETUBA,,SAJ,Eletrônico,0,2025-10-22,2026-07-16
00045304720258260624,TJSP,G1,Procedimento do Juizado Especial da Fazenda Pública,14695,Fornecimento de medicamentos,1,VARA JUIZADO ESP. CIVEL CRIM. DE TATUI,,SAJ,Eletrônico,0,2025-10-22,2026-06-03
00024797020258260266,TJSP,G1,Cumprimento Provisório de Sentença,157,Tratamento médico-hospitalar,1,03 CUMULATIVA DE ITANHAEM,,SAJ,Eletrônico,0,2025-10-23,2026-04-28
00030789820258260010,TJSP,G1,Cumprimento de sentença,156,Fornecimento de medicamentos,1,03 CIVEL DE IPIRANGA,,SAJ,Eletrônico,0,2025-10-23,2026-03-17
00026217420258260266,TJSP,G1,Cumprimento de sentença,156,Fornecimento de medicamentos,1,03 CUMULATIVA DE ITANHAEM,,SAJ,Eletrônico,0,2025-10-23,2026-06-02
00034548620258260268,TJSP,G1,Cumprimento de sentença,156,Serviços Hospitalares,1,03 CUMULATIVA DE ITAPECERICA DA SERRA,,SAJ,Eletrônico,0,2025-10-24,2026-05-12
00005189520258260589,TJSP,G1,Cumprimento de sentença,156,Fornecimento de medicamentos,1,VARA UNICA DE SAO SIMAO,,SAJ,Eletrônico,0,2025-10-24,2026-06-02
00033838420258260268,TJSP,G1,Cumprimento de sentença,156,Tratamento médico-hospitalar,1,04 CUMULATIVA DE ITAPECERICA DA SERRA,,SAJ,Eletrônico,0,2025-10-24,2026-06-02
00024892520258260619,TJSP,G1,Cumprimento Provisório de Sentença,157,Fornecimento de medicamentos,1,03 CUMULATIVA DE TAQUARITINGA,,SAJ,Eletrônico,0,2025-10-24,2026-05-08
00006283720258260414,TJSP,G1,Requisição de Pequeno Valor,1266,Tratamento médico-hospitalar,1,VARA UNICA DE PALMEIRA D OESTE,,SAJ,Eletrônico,0,2025-10-25,2026-07-24
00024840320258260619,TJSP,G1,Cumprimento de Sentença contra a Fazenda Pública,12078,Fornecimento de medicamentos,1,JUIZADO ESPECIAL CIVEL CRIM. DE TAQUARITINGA,,SAJ,Eletrônico,0,2025-10-25,2026-06-01
00015349520258260553,TJSP,G1,Cumprimento de sentença,156,Custeio de Assistência Médica,1,VARA UNICA DE SANTO ANASTACIO,,SAJ,Eletrônico,0,2025-10-27,2026-06-03
00012200320248260128,TJSP,G1,Requisição de Pequeno Valor,1266,Fornecimento de medicamentos,1,VARA UNICA DE CARDOSO,,SAJ,Eletrônico,0,2025-10-27,2026-06-02
00042425320258260704,TJSP,G1,Cumprimento de sentença,156,Tratamento médico-hospitalar,1,02 CIVEL DE BUTANTA,,SAJ,Eletrônico,0,2025-10-27,2026-06-01
00045780620258260624,TJSP,G1,Cumprimento de Sentença contra a Fazenda Pública,12078,Fornecimento de medicamentos,1,VARA JUIZADO ESP. CIVEL CRIM. DE TATUI,,SAJ,Eletrônico,0,2025-10-28,2026-04-28
00016885820258260539,TJSP,G1,Procedimento do Juizado Especial da Fazenda Pública,14695,Fornecimento de medicamentos,1,JUIZADO ESPECIAL CIVEL DE SANTA CRUZ DO RIO PARDO,,SAJ,Eletrônico,0,2025-10-28,2026-07-24
00008466820258260025,TJSP,G1,Requisição de Pequeno Valor,1266,Custeio de Assistência Médica,1,VARA UNICA DE ANGATUBA,,SAJ,Eletrônico,0,2025-10-28,2026-05-08
00007980320248260104,TJSP,G1,Requisição de Pequeno Valor,1266,Serviços Hospitalares,1,VARA UNICA DE CAFELANDIA,,SAJ,Eletrônico,0,2025-10-28,2026-05-08
00023169120258260201,TJSP,G1,Procedimento do Juizado Especial da Fazenda Pública,14695,Fornecimento de medicamentos,1,JUIZADO ESPECIAL CIVEL CRIM. DE GARCA,,SAJ,Eletrônico,0,2025-10-28,2026-06-03
00029212220258260400,TJSP,G1,Procedimento do Juizado Especial da Fazenda Pública,14695,Fornecimento de medicamentos,1,VARA JUIZADO ESP. CIVEL CRIM. DE OLIMPIA,,SAJ,Eletrônico,0,2025-10-28,2026-06-02
00008774720258260653,TJSP,G1,Cumprimento de sentença,156,Tratamento médico-hospitalar,1,01 CUMULATIVA DE VARGEM GRANDE DO SUL,,SAJ,Eletrônico,0,2025-10-29,2026-06-03
00008766220258260653,TJSP,G1,Cumprimento de sentença,156,Tratamento médico-hospitalar,1,01 CUMULATIVA DE VARGEM GRANDE DO SUL,,SAJ,Eletrônico,0,2025-10-29,2026-05-08
00023169020258260072,TJSP,G1,Procedimento do Juizado Especial da Fazenda Pública,14695,Fornecimento de medicamentos,1,VARA JUIZADO ESP. CIVEL CRIM. DE BEBEDOURO,,SAJ,Eletrônico,0,2025-10-29,2026-02-06
00012354420258260028,TJSP,G1,Cumprimento de Sentença contra a Fazenda Pública,12078,Fornecimento de medicamentos,1,02 CUMULATIVA DE APARECIDA,,SAJ,Eletrônico,0,2025-10-29,2026-06-02
00036071520258260529,TJSP,G1,Cumprimento Provisório de Decisão,10980,Tratamento médico-hospitalar,1,3VARA JUDICIAL DE SANTANA DE PARNAÍBA,,SAJ,Eletrônico,0,2025-10-30,2026-06-03
00031334920258260010,TJSP,G1,Cumprimento de sentença,156,Fornecimento de medicamentos,1,03 CIVEL DE IPIRANGA,,SAJ,Eletrônico,0,2025-10-30,2026-06-03
00027602620258260266,TJSP,G1,Cumprimento de sentença,156,Tratamento médico-hospitalar,1,03 CUMULATIVA DE ITANHAEM,,SAJ,Eletrônico,0,2025-10-30,2026-04-28
00029446520258260400,TJSP,G1,Procedimento Comum Cível,7,Fornecimento de medicamentos,1,01 CIVEL DE OLIMPIA,,SAJ,Eletrônico,0,2025-10-31,2026-06-02
00016457320258260070,TJSP,G1,Procedimento do Juizado Especial da Fazenda Pública,14695,Fornecimento de medicamentos,1,VARA JUIZADO ESP. CIVEL CRIM. DE BATATAIS,,SAJ,Eletrônico,0,2025-10-31,2026-03-17
00034363520258260084,TJSP,G1,Cumprimento de sentença,156,Tratamento médico-hospitalar,1,03 CUMULATIVA DE VILA MIMOSA,,SAJ,Eletrônico,0,2025-11-02,2026-04-28
00028932320258260281,TJSP,G1,Cumprimento de sentença,156,Tratamento médico-hospitalar,1,01 CIVEL DE ITATIBA,,SAJ,Eletrônico,0,2025-11-02,2026-02-05
00037233120258260073,TJSP,G1,Cumprimento de Sentença contra a Fazenda Pública,12078,Tratamento médico-hospitalar,1,01 CIVEL DE AVARE,,SAJ,Eletrônico,0,2025-11-03,2026-06-03
00019123020258260366,TJSP,G1,Cumprimento de sentença,156,Fornecimento de medicamentos,1,JUIZADO ESPECIAL CIVEL CRIM. DE MONGAGUA,,SAJ,Eletrônico,0,2025-11-04,2026-06-02
00029070720258260281,TJSP,G1,Cumprimento de sentença,156,Fornecimento de medicamentos,1,01 CIVEL DE ITATIBA,,SAJ,Eletrônico,0,2025-11-04,2026-06-02
00010735620258260058,TJSP,G1,Procedimento do Juizado Especial da Fazenda Pública,14695,Fornecimento de medicamentos,1,JUIZADO ESPECIAL CIVEL CRIM. DE AGUDOS,,SAJ,Eletrônico,0,2025-11-05,2026-07-24
00037212620258260408,TJSP,G1,Cumprimento de sentença,156,Fornecimento de medicamentos,1,01 CIVEL DE OURINHOS,,SAJ,Eletrônico,0,2025-11-05,2026-07-24
00011376820258260025,TJSP,G1,Cumprimento de sentença,156,Serviços Hospitalares,1,VARA UNICA DE ANGATUBA,,SAJ,Eletrônico,0,2025-11-06,2026-05-08
00009199320258260072,TJSP,G1,Requisição de Pequeno Valor,1266,Custeio de Assistência Médica,1,01 CUMULATIVA DE BEBEDOURO,,SAJ,Eletrônico,0,2025-11-06,2026-06-02
00018174420258260222,TJSP,G1,Cumprimento Provisório de Sentença,157,Fornecimento de medicamentos,1,02 CUMULATIVA DE GUARIBA,,SAJ,Eletrônico,0,2025-11-06,2026-06-02
00007859020238260022,TJSP,G1,Requisição de Pequeno Valor,1266,Tratamento médico-hospitalar,1,02 CUMULATIVA DE AMPARO,,SAJ,Eletrônico,0,2025-11-06,2026-06-02
00037631320258260073,TJSP,G1,Cumprimento Provisório de Decisão,10980,Fornecimento de medicamentos,1,01 CIVEL DE AVARE,,SAJ,Eletrônico,0,2025-11-06,2026-06-03
00028691920258260176,TJSP,G1,Cumprimento de sentença,156,Tratamento médico-hospitalar,1,01 CUMULATIVA DE EMBU DAS ARTES,,SAJ,Eletrônico,0,2025-11-06,2026-06-02
00031958920258260010,TJSP,G1,Cumprimento de sentença,156,Serviços Hospitalares,1,03 CIVEL DE IPIRANGA,,SAJ,Eletrônico,0,2025-11-07,2026-06-03
00033552420258260428,TJSP,G1,Cumprimento de sentença,156,Fornecimento de medicamentos,1,01 CUMULATIVA DE PAULINIA,,SAJ,Eletrônico,0,2025-11-07,2026-06-03
00017739720258260586,TJSP,G1,Cumprimento de sentença,156,Tratamento médico-hospitalar,1,02 CIVEL DE SAO ROQUE,,SAJ,Eletrônico,0,2025-11-07,2026-01-08
00015276420258260372,TJSP,G1,Cumprimento de sentença,156,Tratamento médico-hospitalar,1,01 CUMULATIVA DE MONTE MOR,,SAJ,Eletrônico,0,2025-11-07,2026-06-03
00033998320258260156,TJSP,G1,Cumprimento de sentença,156,Fornecimento de medicamentos,1,JUIZADO ESPECIAL CIVEL CRIM. DE CRUZEIRO,,SAJ,Eletrônico,0,2025-11-10,2026-07-16
00018567120258260115,TJSP,G1,Cumprimento de sentença,156,Fornecimento de medicamentos,1,01 CUMULATIVA DE CAMPO LIMPO PAULISTA,,SAJ,Eletrônico,0,2025-11-10,2026-06-02
00019718620258260505,TJSP,G1,Cumprimento de sentença,156,Fornecimento de medicamentos,1,03 CUMULATIVA DE RIBEIRAO PIRES,,SAJ,Eletrônico,0,2025-11-10,2026-06-01
00015872820258260666,TJSP,G1,Cumprimento de sentença,156,Fornecimento de medicamentos,1,02 CUMULATIVA DE ARTUR NOGUEIRA,,SAJ,Eletrônico,0,2025-11-11,2026-06-03
00014727820258260125,TJSP,G1,Cumprimento Provisório de Sentença,157,Tratamento médico-hospitalar,1,02 CUMULATIVA DE CAPIVARI,,SAJ,Eletrônico,0,2025-11-11,2026-06-03
00034093020258260156,TJSP,G1,Procedimento do Juizado Especial da Fazenda Pública,14695,Fornecimento de medicamentos,1,JUIZADO ESPECIAL CIVEL CRIM. DE CRUZEIRO,,SAJ,Eletrônico,0,2025-11-11,2026-07-16
00024132120258260483,TJSP,G1,Requisição de Pequeno Valor,1266,Custeio de Assistência Médica,1,03 CUMULATIVA DE PRESIDENTE VENCESLAU,,SAJ,Eletrônico,0,2025-11-11,2026-06-03
00008716120258260549,TJSP,G1,Cumprimento Provisório de Sentença,157,Tratamento médico-hospitalar,1,VARA UNICA DE SANTA ROSA DE VITERBO,,SAJ,Eletrônico,0,2025-11-12,2026-06-02
00032365620258260010,TJSP,G1,Cumprimento de sentença,156,Tratamento médico-hospitalar,1,03 CIVEL DE IPIRANGA,,SAJ,Eletrônico,0,2025-11-12,2026-04-15
00026382020258260296,TJSP,G1,Cumprimento de Sentença contra a Fazenda Pública,12078,Fornecimento de medicamentos,1,01 CUMULATIVA DE JAGUARIUNA,,SAJ,Eletrônico,0,2025-11-12,2026-06-02
00012999720258260337,TJSP,G1,Cumprimento de sentença,156,Tratamento médico-hospitalar,1,02 CUMULATIVA DE MAIRINQUE,,SAJ,Eletrônico,0,2025-11-13,2026-04-28
00011730420258260416,TJSP,G1,Procedimento do Juizado Especial da Fazenda Pública,14695,Fornecimento de medicamentos,1,JUIZADO ESPECIAL CIVEL CRIM. DE PANORAMA,,SAJ,Eletrônico,0,2025-11-13,2026-06-03
00019894520258260655,TJSP,G1,Cumprimento de sentença,156,Fornecimento de medicamentos,1,01 CUMULATIVA DE VARZEA PAULISTA,,SAJ,Eletrônico,0,2025-11-13,2026-04-28
00010992120258260069,TJSP,G1,Procedimento do Juizado Especial da Fazenda Pública,14695,Fornecimento de medicamentos,1,JUIZADO ESPECIAL CIVEL CRIM. DE BASTOS,,SAJ,Eletrônico,0,2025-11-13,2026-05-08
00007027720258260451,TJSP,G1,Requisição de Pequeno Valor,1266,Custeio de Assistência Médica,1,02 FAZENDA PUBLICA DE PIRACICABA,,SAJ,Eletrônico,0,2025-11-13,2026-06-03
00033165420258260322,TJSP,G1,Cumprimento de sentença,156,Fornecimento de medicamentos,1,02 CIVEL DE LINS,,SAJ,Eletrônico,0,2025-11-13,2026-07-24
00010414620258260383,TJSP,G1,Procedimento do Juizado Especial da Fazenda Pública,14695,Fornecimento de medicamentos,1,JUIZADO ESPECIAL CIVEL CRIM. DE NHANDEARA,,SAJ,Eletrônico,0,2025-11-13,2026-05-08
00037431220258260529,TJSP,G1,Cumprimento Provisório de Sentença,157,Tratamento médico-hospitalar,1,3VARA JUDICIAL DE SANTANA DE PARNAÍBA,,SAJ,Eletrônico,0,2025-11-13,2026-06-03
00015282920258260411,TJSP,G1,Cumprimento de sentença,156,Custeio de Assistência Médica,1,JUIZADO ESPECIAL CIVEL CRIM. DE PACAEMBU,,SAJ,Eletrônico,0,2025-11-14,2026-04-28
00005994420258260104,TJSP,G1,Cumprimento de sentença,156,Fornecimento de medicamentos,1,VARA UNICA DE CAFELANDIA,,SAJ,Eletrônico,0,2025-11-14,2026-06-02
00019278720258260272,TJSP,G1,Cumprimento de sentença,156,Assistência Médico-Hospitalar,1,JUIZADO ESPECIAL CIVEL CRIM. DE ITAPIRA,,SAJ,Eletrônico,0,2025-11-14,2026-04-28
00036364020258260408,TJSP,G1,Procedimento do Juizado Especial da Fazenda Pública,14695,Fornecimento de medicamentos,1,VARA JUIZADO ESPECIAL CIVEL DE OURINHOS,,SAJ,Eletrônico,0,2025-11-14,2026-07-24
00030006720258260281,TJSP,G1,Cumprimento de sentença,156,Tratamento médico-hospitalar,1,02 CIVEL DE ITATIBA,,SAJ,Eletrônico,0,2025-11-14,2026-06-02
00023577820258260356,TJSP,G1,Cumprimento de sentença,156,Tratamento médico-hospitalar,1,02 CUMULATIVA DE MIRANDOPOLIS,,SAJ,Eletrônico,0,2025-11-17,2026-07-24
00007260820258260160,TJSP,G1,Requisição de Pequeno Valor,1266,Tratamento médico-hospitalar,1,02 CUMULATIVA DE DESCALVADO,,SAJ,Eletrônico,0,2025-11-17,2026-05-08
00023586320258260356,TJSP,G1,Cumprimento de sentença,156,Tratamento médico-hospitalar,1,02 CUMULATIVA DE MIRANDOPOLIS,,SAJ,Eletrônico,0,2025-11-17,2026-07-24
00017089820258260070,TJSP,G1,Procedimento do Juizado Especial da Fazenda Pública,14695,Fornecimento de medicamentos,1,VARA JUIZADO ESP. CIVEL CRIM. DE BATATAIS,,SAJ,Eletrônico,0,2025-11-18,2026-05-09
00026300920258260663,TJSP,G1,Cumprimento de sentença,156,Tratamento médico-hospitalar,1,02 CIVEL DE VOTORANTIM,,SAJ,Eletrônico,0,2025-11-18,2026-06-03
00009154820258260301,TJSP,G1,Procedimento do Juizado Especial da Fazenda Pública,14695,Fornecimento de medicamentos,1,JUIZADO ESPECIAL CIVEL DE JARINU,,SAJ,Eletrônico,0,2025-11-18,2026-06-02
00046004720258260565,TJSP,G1,Cumprimento Provisório de Decisão,10980,Tratamento médico-hospitalar,1,06 CIVEL DE SAO CAETANO DO SUL,,SAJ,Eletrônico,0,2025-11-18,2026-06-03
00014276320258260452,TJSP,G1,Cumprimento de sentença,156,Fornecimento de medicamentos,1,02 CUMULATIVA DE PIRAJU,,SAJ,Eletrônico,0,2025-11-18,2026-04-15
00007284120268260451,TJSP,G1,Cumprimento de sentença,156,Fornecimento de medicamentos,1,03 CIVEL DE PIRACICABA,,SAJ,Eletrônico,0,2025-11-19,2026-06-03
00029268920258260191,TJSP,G1,Cumprimento de sentença,156,Tratamento médico-hospitalar,1,03 CUMULATIVA DE FERRAZ DE VASCONCELOS,,SAJ,Eletrônico,0,2025-11-19,2026-06-01
00010483820258260383,TJSP,G1,Procedimento do Juizado Especial da Fazenda Pública,14695,Fornecimento de medicamentos,1,JUIZADO ESPECIAL CIVEL CRIM. DE NHANDEARA,,SAJ,Eletrônico,0,2025-11-19,2026-06-02
00007658220178260128,TJSP,G1,Requisição de Pequeno Valor,1266,Fornecimento de medicamentos,1,JUIZADO ESPECIAL CIVEL CRIM. DE CARDOSO,,SAJ,Eletrônico,0,2025-11-19,2026-07-16
00036891920258260344,TJSP,G1,Requisição de Pequeno Valor,1266,Fornecimento de medicamentos,1,FAZENDA PUBLICA DE MARILIA,,SAJ,Eletrônico,0,2025-11-21,2026-06-03
00021363020258260022,TJSP,G1,Cumprimento Provisório de Sentença,157,Tratamento médico-hospitalar,1,02 CUMULATIVA DE AMPARO,,SAJ,Eletrônico,0,2025-11-21,2026-04-28
00008038020268260451,TJSP,G1,Cumprimento Provisório de Sentença,157,Tratamento médico-hospitalar,1,05 CIVEL DE PIRACICABA,,SAJ,Eletrônico,0,2025-11-24,2026-06-03
00034262320258260526,TJSP,G1,Liquidação de Sentença pelo Procedimento Comum,152,Tratamento médico-hospitalar,1,03 CUMULATIVA DE SALTO,,SAJ,Eletrônico,0,2025-11-24,2026-06-02
00024739120258260483,TJSP,G1,Requisição de Pequeno Valor,1266,Fornecimento de medicamentos,1,03 CUMULATIVA DE PRESIDENTE VENCESLAU,,SAJ,Eletrônico,0,2025-11-24,2026-06-03
00033621320258260526,TJSP,G1,Cumprimento de sentença,156,Tratamento médico-hospitalar,1,03 CUMULATIVA DE SALTO,,SAJ,Eletrônico,0,2025-11-24,2026-04-28
00011894320258260129,TJSP,G1,Cumprimento Provisório de Sentença,157,Fornecimento de medicamentos,1,01 CUMULATIVA DE CASA BRANCA,,SAJ,Eletrônico,0,2025-11-24,2026-07-16
00031564120258260318,TJSP,G1,Cumprimento de sentença,156,Tratamento médico-hospitalar,1,01 CIVEL DE LEME,,SAJ,Eletrônico,0,2025-11-25,2026-06-02
00033006620258260010,TJSP,G1,Cumprimento de sentença,156,Fornecimento de medicamentos,1,02 CIVEL DE IPIRANGA,,SAJ,Eletrônico,0,2025-11-25,2026-03-17
00004486920258260301,TJSP,G1,Requisição de Pequeno Valor,1266,Tratamento médico-hospitalar,1,VARA UNICA DE JARINU,,SAJ,Eletrônico,0,2025-11-27,2026-04-28
00010024220258260062,TJSP,G1,Cumprimento de Sentença contra a Fazenda Pública,12078,Fornecimento de medicamentos,1,02 CUMULATIVA DE BARIRI,,SAJ,Eletrônico,0,2025-11-27,2026-05-08
00017479520258260070,TJSP,G1,Procedimento do Juizado Especial da Fazenda Pública,14695,Fornecimento de medicamentos,1,VARA JUIZADO ESP. CIVEL CRIM. DE BATATAIS,,SAJ,Eletrônico,0,2025-11-27,2026-07-16
00020031720258260659,TJSP,G1,Cumprimento de sentença,156,Fornecimento de medicamentos,1,03 CUMULATIVA DE VINHEDO,,SAJ,Eletrônico,0,2025-11-27,2026-06-03
00010734520258260094,TJSP,G1,Cumprimento de sentença,156,Tratamento médico-hospitalar,1,VARA UNICA DE BRODOSQUI,,SAJ,Eletrônico,0,2025-11-28,2026-07-16
00010458320258260480,TJSP,G1,Cumprimento de Sentença contra a Fazenda Pública,12078,Fornecimento de medicamentos,1,JUIZADO ESPECIAL CIVEL CRIM. DE PRESIDENTE BERNARDES,,SAJ,Eletrônico,0,2025-11-28,2026-06-03
00016108520258260338,TJSP,G1,Cumprimento de sentença,156,Fornecimento de medicamentos,1,02 CUMULATIVA DE MAIRIPORA,,SAJ,Eletrônico,0,2025-11-28,2026-05-12
00019970720258260272,TJSP,G1,Cumprimento de Sentença contra a Fazenda Pública,12078,Fornecimento de medicamentos,1,JUIZADO ESPECIAL CIVEL CRIM. DE ITAPIRA,,SAJ,Eletrônico,0,2025-12-01,2026-05-08
00001059720248260660,TJSP,G1,Requisição de Pequeno Valor,1266,Tratamento médico-hospitalar,1,VARA UNICA DE VIRADOURO,,SAJ,Eletrônico,0,2025-12-01,2026-04-15
00015958220258260123,TJSP,G1,Cumprimento de Sentença contra a Fazenda Pública,12078,Assistência Médico-Hospitalar,1,JUIZADO ESPECIAL CIVEL CRIM. DE CAPAO BONITO,,SAJ,Eletrônico,0,2025-12-02,2026-07-16
00036807220258260533,TJSP,G1,Procedimento do Juizado Especial da Fazenda Pública,14695,Fornecimento de medicamentos,1,VARA JUIZADO ESP. CIVEL CRIM. DE SANTA BARBARA D OESTE,,SAJ,Eletrônico,0,2025-12-02,2026-06-03
00022366320258260481,TJSP,G1,Procedimento do Juizado Especial da Fazenda Pública,14695,Fornecimento de medicamentos,1,JUIZADO ESPECIAL CIVEL CRIM. DE PRESIDENTE EPITACIO,,SAJ,Eletrônico,0,2025-12-02,2026-06-03
00027750320258260619,TJSP,G1,Cumprimento de Sentença contra a Fazenda Pública,12078,Fornecimento de medicamentos,1,01 CUMULATIVA DE TAQUARITINGA,,SAJ,Eletrônico,0,2025-12-02,2026-06-01
00017497820248260562,TJSP,G1,Requisição de Pequeno Valor,1266,Fornecimento de medicamentos,1,03 FAZENDA PUBLICA DE SANTOS,,SAJ,Eletrônico,0,2025-12-03,2026-03-17
00005654720258260176,TJSP,G1,Requisição de Pequeno Valor,1266,Fornecimento de medicamentos,1,02 CUMULATIVA DE EMBU DAS ARTES,,SAJ,Eletrônico,0,2025-12-03,2026-06-02
00005129120268260609,TJSP,G1,Cumprimento de sentença,156,Tratamento médico-hospitalar,1,03 CIVEL DE TABOAO DA SERRA,,SAJ,Eletrônico,0,2025-12-03,2026-06-03
00035657520258260428,TJSP,G1,Cumprimento de sentença,156,Tratamento médico-hospitalar,1,01 CUMULATIVA DE PAULINIA,,SAJ,Eletrônico,0,2025-12-03,2026-04-28
00012798520258260150,TJSP,G1,Procedimento do Juizado Especial da Fazenda Pública,14695,Fornecimento de medicamentos,1,JUIZADO ESPECIAL CIVEL DE COSMÓPOLIS,,SAJ,Eletrônico,0,2025-12-03,2026-06-03
00003199720268260602,TJSP,G1,Cumprimento Provisório de Sentença,157,Tratamento médico-hospitalar,1,08 CIVEL DE SOROCABA,,SAJ,Eletrônico,0,2025-12-04,2026-06-03
00031954820258260347,TJSP,G1,Cumprimento de sentença,156,Fornecimento de medicamentos,1,01 CIVEL DE MATAO,,SAJ,Eletrônico,0,2025-12-04,2026-06-01
00025992920258260197,TJSP,G1,Cumprimento de Sentença contra a Fazenda Pública,12078,Custeio de Assistência Médica,1,02 CUMULATIVA DE FRANCISCO MORATO,,SAJ,Eletrônico,0,2025-12-04,2026-06-03
00029188420258260168,TJSP,G1,Procedimento do Juizado Especial da Fazenda Pública,14695,Fornecimento de medicamentos,1,JUIZADO ESPECIAL CIVEL CRIM. DE DRACENA,,SAJ,Eletrônico,0,2025-12-04,2026-06-02
00031494220258260191,TJSP,G1,Cumprimento Provisório de Sentença,157,Tratamento médico-hospitalar,1,02 CUMULATIVA DE FERRAZ DE VASCONCELOS,,SAJ,Eletrônico,0,2025-12-04,2026-05-08
00023151820258260101,TJSP,G1,Cumprimento de sentença,156,Tratamento médico-hospitalar,1,02 CIVEL DE CACAPAVA,,SAJ,Eletrônico,0,2025-12-05,2026-04-28
00007475920258260426,TJSP,G1,Cumprimento de sentença,156,Fornecimento de medicamentos,1,JUIZADO ESPECIAL CIVEL DE PATROCINIO PAULISTA,,SAJ,Eletrônico,0,2025-12-05,2026-05-09
00007123020258260352,TJSP,G1,Cumprimento de sentença,156,Tratamento médico-hospitalar,1,01 CUMULATIVA DE MIGUELOPOLIS,,SAJ,Eletrônico,0,2025-12-09,2026-06-02
00023551120258260453,TJSP,G1,Cumprimento Provisório de Sentença,157,Fornecimento de medicamentos,1,JUIZADO ESPECIAL CIVEL CRIM. DE PIRAJUI,,SAJ,Eletrônico,0,2025-12-09,2026-07-24
00011585920258260311,TJSP,G1,Cumprimento de sentença,156,Fornecimento de medicamentos,1,VARA UNICA DE JUNQUEIROPOLIS,,SAJ,Eletrônico,0,2025-12-09,2026-06-03
00006787120258260282,TJSP,G1,Cumprimento de sentença,156,Tratamento médico-hospitalar,1,VARA UNICA DE ITATINGA,,SAJ,Eletrônico,0,2025-12-09,2026-07-24
00008762420258260213,TJSP,G1,Procedimento do Juizado Especial da Fazenda Pública,14695,Fornecimento de medicamentos,1,JUIZADO ESPECIAL CIVEL CRIM. DE GUARA,,SAJ,Eletrônico,0,2025-12-10,2026-06-03
00000973220268260602,TJSP,G1,Cumprimento de sentença,156,Fornecimento de medicamentos,1,02 VARA JUIZADO ESPECIAL CIVEL - JIT - ANEXO FADI DE SOROCABA,,SAJ,Eletrônico,0,2025-12-10,2026-04-28
00006118220268260602,TJSP,G1,Cumprimento de sentença,156,Tratamento médico-hospitalar,1,05 CIVEL DE SOROCABA,,SAJ,Eletrônico,0,2025-12-10,2026-06-03
00002881720248260095,TJSP,G1,Requisição de Pequeno Valor,1266,Fornecimento de medicamentos,1,01 CUMULATIVA DE BROTAS,,SAJ,Eletrônico,0,2025-12-11,2026-04-28
00037187320258260084,TJSP,G1,Cumprimento de sentença,156,Tratamento Domiciliar (Home Care),1,03 CUMULATIVA DE VILA MIMOSA,,SAJ,Eletrônico,0,2025-12-11,2026-05-08
00024685320238260220,TJSP,G1,Requisição de Pequeno Valor,1266,Tratamento médico-hospitalar,1,04 CUMULATIVA DE GUARATINGUETA,,SAJ,Eletrônico,0,2025-12-11,2026-07-16
00014887220268260068,TJSP,G1,Cumprimento de sentença,156,Tratamento médico-hospitalar,2,Juízo Titular I - 3ª Vara Cível da Comarca de Barueri,3505708.0,Projudi,Eletrônico,0,2025-12-12,2026-07-15
00014317420258260493,TJSP,G1,Cumprimento de sentença,156,Fornecimento de medicamentos,1,VARA UNICA DE REGENTE FEIJO,,SAJ,Eletrônico,0,2025-12-12,2026-02-09
00000917120258260210,TJSP,G1,Requisição de Pequeno Valor,1266,Fornecimento de medicamentos,1,01 CUMULATIVA DE GUAIRA,,SAJ,Eletrônico,0,2025-12-12,2026-05-08
00013098520258260097,TJSP,G1,Procedimento Comum Cível,7,Fornecimento de medicamentos,1,01 CUMULATIVA DE BURITAMA,,SAJ,Eletrônico,0,2025-12-12,2026-07-24
00015228120258260456,TJSP,G1,Cumprimento de sentença,156,Tratamento médico-hospitalar,1,01 CUMULATIVA DE PIRAPOZINHO,,SAJ,Eletrônico,0,2025-12-12,2026-05-08
00008483220248260491,TJSP,G1,Requisição de Pequeno Valor,1266,Fornecimento de medicamentos,1,JUIZADO ESPECIAL CIVEL CRIM. DE RANCHARIA,,SAJ,Eletrônico,0,2025-12-14,2026-05-08
00000544020268260394,TJSP,G1,Cumprimento Provisório de Sentença,157,Tratamento médico-hospitalar,1,02 CUMULATIVA DE NOVA ODESSA,,SAJ,Eletrônico,0,2025-12-15,2026-06-03
00025666220258260157,TJSP,G1,Cumprimento Provisório de Sentença,157,Tratamento médico-hospitalar,1,01 CUMULATIVA DE CUBATAO,,SAJ,Eletrônico,0,2025-12-16,2026-07-16
00015414220238260526,TJSP,G1,Requisição de Pequeno Valor,1266,Tratamento médico-hospitalar,1,01 CUMULATIVA DE SALTO,,SAJ,Eletrônico,0,2025-12-17,2026-06-02
00011064120258260480,TJSP,G1,Procedimento do Juizado Especial da Fazenda Pública,14695,Fornecimento de medicamentos,1,JUIZADO ESPECIAL CIVEL CRIM. DE PRESIDENTE BERNARDES,,SAJ,Eletrônico,0,2025-12-17,2026-06-03
00022835520258260572,TJSP,G1,Procedimento do Juizado Especial da Fazenda Pública,14695,Fornecimento de medicamentos,1,JUIZADO ESPECIAL CIVEL CRIM. DE SAO JOAQUIM DA BARRA,,SAJ,Eletrônico,0,2025-12-17,2026-06-02
00015135820258260347,TJSP,G1,Requisição de Pequeno Valor,1266,Fornecimento de medicamentos,1,03 CIVEL DE MATAO,,SAJ,Eletrônico,0,2025-12-17,2026-06-01
00003819120268260100,TJSP,G1,Cumprimento de sentença,156,Fornecimento de medicamentos,1,04 CIVEL DE CENTRAL,,SAJ,Eletrônico,0,2025-12-18,2026-04-28
00036294820258260408,TJSP,G1,Requisição de Pequeno Valor,1266,Fornecimento de medicamentos,1,01 CIVEL DE OURINHOS,,SAJ,Eletrônico,0,2025-12-18,2026-04-15
00022904720258260572,TJSP,G1,Procedimento do Juizado Especial da Fazenda Pública,14695,Fornecimento de medicamentos,1,JUIZADO ESPECIAL CIVEL CRIM. DE SAO JOAQUIM DA BARRA,,SAJ,Eletrônico,0,2025-12-18,2026-06-02
00011102520258260627,TJSP,G1,Requisição de Pequeno Valor,1266,Fornecimento de medicamentos,1,VARA UNICA DE TEODORO SAMPAIO,,SAJ,Eletrônico,0,2025-12-18,2026-06-03
00000674720268260650,TJSP,G1,Cumprimento de sentença,156,Tratamento médico-hospitalar,1,02 CUMULATIVA DE VALINHOS,,SAJ,Eletrônico,0,2025-12-18,2026-06-03
00005663220268260100,TJSP,G1,Cumprimento de sentença,156,Tratamento médico-hospitalar,1,02 CIVEL DE CENTRAL,,SAJ,Eletrônico,0,2025-12-19,2026-06-02
00001020820268260100,TJSP,G1,Cumprimento de sentença,156,Tratamento médico-hospitalar,1,10 CIVEL DE CENTRAL,,SAJ,Eletrônico,0,2025-12-19,2026-04-28
00000214420268260008,TJSP,G1,Cumprimento Provisório de Sentença,157,Tratamento médico-hospitalar,1,Juízo Titular I - 1ª Vara Cível - Regional VIII - Tatuapé,3550308.0,Projudi,Eletrônico,0,2025-12-19,2026-07-02
00006174320268260100,TJSP,G1,Cumprimento de sentença,156,Tratamento médico-hospitalar,1,Juízo Titular II - 1ª Vara Cível - Foro Central Cível,3550308.0,Projudi,Eletrônico,0,2025-12-19,2026-07-08
00002042420268260005,TJSP,G1,Cumprimento de sentença,156,Fornecimento de medicamentos,1,Juízo Titular II - 3ª Vara Cível - Regional V - São Miguel Paulista,3550308.0,Projudi,Eletrônico,0,2025-12-19,2026-07-08
00000173820268260224,TJSP,G1,Cumprimento de sentença,156,Tratamento médico-hospitalar,1,01 CIVEL DE GUARULHOS,,SAJ,Eletrônico,0,2025-12-19,2026-05-12
00006273320268260506,TJSP,G1,Cumprimento de sentença,156,Fornecimento de medicamentos,1,08 CIVEL DE RIBEIRAO PRETO,,SAJ,Eletrônico,0,2025-12-19,2026-06-02
00000605620268260100,TJSP,G1,Cumprimento de sentença,156,Tratamento médico-hospitalar,1,07 CIVEL DE CENTRAL,,SAJ,Eletrônico,0,2025-12-22,2026-06-02
00001333120268260002,TJSP,G1,Cumprimento de sentença,156,Tratamento médico-hospitalar,1,10 CIVEL DE SANTO AMARO,,SAJ,Eletrônico,0,2025-12-22,2026-06-03
00000075720268260009,TJSP,G1,Cumprimento de sentença,156,Tratamento médico-hospitalar,1,01 CIVEL DE VILA PRUDENTE,,SAJ,Eletrônico,0,2025-12-22,2026-04-15
00000433120268260161,TJSP,G1,Cumprimento de sentença,156,Tratamento médico-hospitalar,1,02 CIVEL DE DIADEMA,,SAJ,Eletrônico,0,2025-12-22,2026-07-16
00012927220258260542,TJSP,G1,Carta Precatória Cível,261,Tratamento Domiciliar (Home Care),1,VARA PLANTÃO DA 04ª C J - OSASCO,,SAJ,Eletrônico,0,2025-12-24,2026-02-09
00038840420258260344,TJSP,G1,Requisição de Pequeno Valor,1266,Fornecimento de medicamentos,1,FAZENDA PUBLICA DE MARILIA,,SAJ,Eletrônico,0,2025-12-26,2026-06-03
00000172520268260002,TJSP,G1,Cumprimento de sentença,156,Tratamento médico-hospitalar,1,Juízo Titular I - 1ª Vara Cível - Regional II - Santo Amaro,3550308.0,Projudi,Eletrônico,0,2025-12-26,2026-06-04
00001133720268260100,TJSP,G1,Cumprimento de sentença,156,Tratamento médico-hospitalar,1,Juízo Titular I - 14ª Vara Cível - Foro Central Cível,3550308.0,Projudi,Eletrônico,0,2025-12-29,2026-06-04
00000148720268260352,TJSP,G1,Cumprimento de Sentença contra a Fazenda Pública,12078,Serviços Hospitalares,1,01 CUMULATIVA DE MIGUELOPOLIS,,SAJ,Eletrônico,0,2025-12-29,2026-03-17
00000482720268260008,TJSP,G1,Cumprimento de sentença,156,Tratamento médico-hospitalar,1,05 CIVEL DE TATUAPE,,SAJ,Eletrônico,0,2025-12-30,2026-06-03
00000220220268260405,TJSP,G1,Cumprimento de sentença,156,Tratamento médico-hospitalar,1,05 CIVEL DE OSASCO,,SAJ,Eletrônico,0,2025-12-30,2026-06-03
00002043320268260002,TJSP,G1,Cumprimento de sentença,156,Fornecimento de medicamentos,1,11 CIVEL DE SANTO AMARO,,SAJ,Eletrônico,0,2025-12-31,2026-05-08
