processo,cd_acordao,classe,assunto,relator,comarca,orgao_julgador,camara,secao,data_julgamento,data_publicacao,valor_indenizacao,tem_dano_moral,houve_majoracao,n_palavras_ementa,ementa
1000988-83.2024.8.26.0609,20817088,Apelação Cível,Tratamento médico-hospitalar,Márcio Boscaro,Taboão da Serra,10ª Câmara de Direito Privado,10,Direito Privado,07/08/2026,07/08/2026,10000.0,True,False,152,"APELAÇÕES CÍVEIS. PLANO DE SAÚDE . OBRIGAÇÃO DE FAZER, CUMULADA COM INDENIZAÇÃO POR DANOS MORAIS. NEGATIVA DE COBERTURA DE PROCEDIMENTO CIRÚRGICO E MATERIAIS PRESCRITOS. PROCEDÊNCIA. Preliminares de nulidade da sentença e cerceamento de defesa afastadas. ADI nº 7.265 do STF que não impõe consulta obrigatória ao NAT-Jus, ou produção de prova pericial em toda demanda envolvendo procedimento extra rol. Conjunto probatório suficiente para o julgamento antecipado. Negativa abusiva diante da urgência do quadro clínico e da expressa indicação médica. Dano moral configurado pelas circunstâncias concretas do caso e não apenas in re ipsa. Indenização mantida em R$ 10.000,00 por atender aos princípios da razoabilidade e proporcionalidade. Honorários sucumbenciais que devem incidir sobre o efetivo proveito econômico obtido, abrangendo o valor da obrigação de fazer, a ser apurado em liquidação, somado ao valor atualizado da condenação por danos morais. Sentença reformada nesse ponto. RECURSO DA RÉ DESPROVIDO E RECURSO DA AUTORA PARCIALMENTE PROVIDO."
1095916-64.2025.8.26.0100,20817704,Apelação Cível,Tratamento médico-hospitalar,Vito Guglielmi,São Paulo,6ª Câmara de Direito Privado,6,Direito Privado,05/08/2026,07/08/2026,,False,False,110,"SEGURO. PLANO DE SAÚDE . AÇÃO DE OBRIGAÇÃO DE FAZER. NEGATIVA DE COBERTURA . PEDIDO DE AUTORIZAÇÃO E CUSTEIO DE TRATAMENTO DE REABILITAÇÃO NEUROFUNCIONAL INTERDISCIPLINAR. JURISPRUDÊNCIA QUE VEM SE ORIENTANDO PELO RECONHECIMENTO DA ABUSIVIDADE DAS CLÁUSULAS DE EXCLUSÃO DE COBERTURA EM TAIS CASOS. COBERTURA, EM SI, QUE ERA MESMO DEVIDA. ATENDIMENTO QUE DEVE SE DAR NA REDE CREDENCIADA DA RÉ OU, SE FOR O CASO, MEDIANTE REEMBOLSO, NOS TERMOS DO CONTRATO. RÉ, ORA AGRAVANTE, DEVE INDICAR CLÍNICAS ESPECIALIZADAS NO TRATAMENTO PRESCRITO EM SUA REDE CREDENCIADA OU, NA AUSÊNCIA, DEVE CUSTEAR TRATAMENTO INTEGRAL EM CLÍNICA FORA DE SUA REDE. SENTENÇA REFORMADA EM PARTE. RECURSO DO AUTOR PROVIDO. RECURSO DA RÉ IMPROVIDO."
1018603-71.2023.8.26.0011,20817702,Apelação Cível,Tratamento Domiciliar (Home Care),Vito Guglielmi,São Paulo,6ª Câmara de Direito Privado,6,Direito Privado,05/08/2026,07/08/2026,,False,False,227,"SEGURO. PLANO DE SAÚDE . PRETENDIDA OBRIGAÇÃO DE CUSTEIO DE ATENDIMENTO 'HOME CARE'. DESCABIMENTO. EXISTÊNCIA, É CERTO, DE ENTENDIMENTO JURISPRUDENCIAL QUANTO À ABUSIVIDADE DE EVENTUAIS DISPOSIÇÕES CONTRATUAIS RESTRITIVAS. INTELIGÊNCIA, ADEMAIS, DA SÚMULA 90 DESTE TRIBUNAL. CONTRATO CELEBRADO PELAS PARTES QUE, A RIGOR, CONTEMPLA, EM ABSTRATO, A POSSIBILIDADE DE PRESTAÇÃO DE COBERTURA A TRATAMENTOS DOMICILIARES. PERÍCIA, TODAVIA, QUE CONCLUIU, NO CASO CONCRETO, PELA DESNECESSIDADE DE ENFERMAGEM CONTINUADA PARA SUPORTE COM ATIVIDADES DA VIDA DIÁRIA E DE FORNECIMENTO PELA RÉ DE INSUMOS DE HIGIENIZAÇÃO E MEDICAMENTOS DE USO NÃO HOSPITALAR, MAS APENAS DE TRATAMENTO COM 2 SESSÕES SEMANAIS DE FISIOTERAPIA MOTORA E RESPIRATÓRIA, 2 SESSÕES SEMANAIS DE FONOTERAPIA, 2 SESSÕES SEMANAIS DE TERAPIA OCUPACIONAL, VISITA MENSAL DE NUTRICIONISTA E CHEFIA DE ENFERMAGEM, NOS TERMOS DA PRESCRIÇÃO MÉDICA. LAUDO DE PROVA TÉCNICA QUE ASSINALOU, DE MANEIRA PEREMPTÓRIA, QUE A AUTORA PODE SER PERFEITAMENTE AMPARADO PELO MERO SUPORTE DE FAMILIAR OU CUIDADOR. ADEMAIS, PRETENDIDO FORNECIMENTO DE MEDICAMENTO E EXAMES NECESSÁRIOS RECLAMADO PELA AUTORA. COBERTURA NEGADA PELA REQUERIDA. JURISPRUDÊNCIA QUE VEM SE ORIENTANDO FIRMEMENTE NO SENTIDO DO RECONHECIMENTO DO CARÁTER ABUSIVO DAS CLÁUSULAS DE EXCLUSÃO. PRECEDENTES DO STJ E SÚMULA 102 DO TJSP, QUE REPUTA ABUSIVA A NEGATIVA FUNDADA NA NATUREZA SUPOSTAMENTE EXPERIMENTAL DO TRATAMENTO OU, BEM, NA AUSÊNCIA DE SUA PREVISÃO NO ROL DA ANS. RECUSA INDEVIDA EVIDENCIADA. CONDENAÇÃO DA REQUERIDA A FORNECER O TRATAMENTO À AUTORA. SENTENÇA MANTIDA. RECURSO IMPROVIDO."
1015738-12.2022.8.26.0011,20817400,Apelação Cível,Tratamento médico-hospitalar,Emerson Sumariva Júnior,São Paulo,5ª Câmara de Direito Privado,5,Direito Privado,07/08/2026,07/08/2026,10000.0,True,False,341,"DIREITO CIVIL. APELAÇÃO. OBRIGAÇÃO DE FAZER COM PEDIDO DE REPARAÇÃO DE DANOS MORAIS. PLANO DE SAÚDE . RECURSO NÃO PROVIDO.
I. CASO EM EXAME. Ação de obrigação de fazer com pedido de indenização por danos materiais e morais que visa ao custeio de internação psiquiátrica de emergência em hospital credenciado, bem como ao ressarcimento de valores pagos de forma particular em razão de recusa indevida de cobertura e reparação por danos morais. Sentença de parcial procedência.
II. QUESTÃO EM DISCUSSÃO. A questão em discussão consiste em verificar a abusividade da negativa de cobertura (internação psiquiátrica de emergência) sob a alegação de carência contratual, analisar o dever de ressarcimento integral de despesas médico-hospitalares pagas de forma particular em hospital credenciado por força da recusa indevida e avaliar a configuração e o valor da indenização por danos morais.
III. RAZÕES DE DECIDIR. Tratando-se de internação de emergência decorrente de tentativa de suicídio, com presença de risco imediato de morte atestado por perícia médica judicial, a operadora de plano de saúde está obrigada à cobertura do atendimento, limitando-se o prazo de carência ao máximo de 24 horas, nos termos do artigo 12, inciso V, alínea c, e artigo 35-C, inciso I, da Lei 9.656/1998. Abusividade da recusa configurada. Reembolso de despesas efetuadas em hospital credenciado devido. A recusa indevida de cobertura de tratamento de emergência em situação de grave quadro psíquico e risco de morte ultrapassa o mero inadimplemento contratual e gera dano moral in re ipsa. Valor indenizatório mantido em R$ 10.000,00, em observância aos princípios da razoabilidade e da proporcionalidade. 
IV. DISPOSITIVO E TESE. A operadora de plano de saúde é responsável pelo custeio de internação psiquiátrica de emergência, limitando-se o prazo de carência ao máximo de 24 horas. O reembolso de despesas médico-hospitalares em hospital credenciado deve ser integral se o pagamento particular foi imposto pela recusa indevida da operadora. A recusa indevida de cobertura em situação de emergência gera dano moral indenizável. Sentença de primeiro grau mantida pelos próprios fundamentos, nos termos do artigo 252 do RITJSP.
Recurso não provido."
1010469-84.2025.8.26.0011,20817615,Apelação Cível,Planos de saúde,Emerson Sumariva Júnior,São Paulo,5ª Câmara de Direito Privado,5,Direito Privado,07/08/2026,07/08/2026,10000.0,True,False,420,"APELAÇÃO CÍVEL. PLANO DE SAÚDE . NEGATIVA DE COBERTURA . INTERNAÇÃO EM UTI. URGÊNCIA E EMERGÊNCIA. INFLUENZA A (H1N1). COBERTURA PARCIAL TEMPORÁRIA (CPT). DOENÇA PREEXISTENTE. INAPLICABILIDADE. DANOS MORAIS CONFIGURADOS. RECURSO DA RÉ DESPROVIDO. RECURSO DOS AUTORES PROVIDO. 
I. CASO EM EXAME. Ação declaratória de inexistência de débito cumulada com indenização por danos morais movida pelo espólio do beneficiário e por sua viúva em face de operadora de plano de saúde , em razão de negativa de cobertura de internação de urgência em unidade de terapia intensiva (UTI) para tratamento de infecção respiratória aguda por Influenza A (H1N1). Sentença de parcial procedência que determinou o custeio das despesas hospitalares, mas afastou a condenação por danos morais. 
II. QUESTÃO EM DISCUSSÃO. A questão em discussão consiste em verificar (I) a legalidade da negativa de cobertura de internação hospitalar de urgência sob a justificativa de cumprimento de Cobertura Parcial Temporária (CPT) por doença preexistente (enfisema pulmonar); e (II) a configuração de danos morais decorrentes da recusa indevida de cobertura em situação de extrema gravidade clínica que culminou no óbito do paciente. 
III. RAZÕES DE DECIDIR. A recusa de cobertura de internação de urgência/emergência sob o pretexto de carência contratual ou Cobertura Parcial Temporária (CPT) é abusiva quando ultrapassado o prazo de 24 horas da contratação, nos termos do artigo 35-C, inciso I, e artigo 12, inciso V, alínea ""c"", da Lei nº 9.656/98. No caso concreto, o paciente foi internado em estado grave decorrente de infecção viral aguda por Influenza A (H1N1), patologia sem relação de causa e efeito com o enfisema pulmonar preexistente. Ausência de prova de que a internação decorreu exclusivamente da doença preexistente, ônus que incumbia à operadora de saúde. A recusa injustificada de cobertura de tratamento de urgência em momento de extrema vulnerabilidade clínica, que culminou no óbito do segurado, extrapola o mero inadimplemento contratual e enseja reparação por danos morais, diante do evidente sofrimento, angústia e aflição psicológica infligidos aos familiares. Indenização fixada em R$ 10.000,00, em observância aos princípios da razoabilidade e proporcionalidade. 
IV. DISPOSITIVO E TESE. 1. É abusiva a negativa de cobertura de internação hospitalar de urgência ou emergência após o prazo de carência de 24 horas da contratação do plano de saúde , sendo inaplicável a Cobertura Parcial Temporária (CPT) por doença preexistente quando a internação decorre de causa diversa e aguda. 2. A recusa indevida de cobertura de tratamento emergencial em situação de risco de vida gera dano moral indenizável. Sentença parcialmente reformada. 
Recurso da ré não provido e recurso dos autores provido."
1505983-73.2024.8.26.0127,20817621,Apelação Cível,Fornecimento de medicamentos,Emerson Sumariva Júnior,Carapicuíba,5ª Câmara de Direito Privado,5,Direito Privado,07/08/2026,07/08/2026,10000.0,True,False,389,"JUÍZO DE RETRATAÇÃO – APELAÇÃO – PLANO DE SAÚDE – FORNECIMENTO DE MEDICAMENTO USTEQUINUMABE (STELARA) PARA DOENÇA DE CROHN – DANOS MORAIS – TEMA 1.365 DO STJ – AFASTAMENTO. 
I. Caso em exame: Ação de obrigação de fazer cumulada com indenização por danos morais em razão de recusa de cobertura do medicamento Ustequinumabe (Stelara) para tratamento de Doença de Crohn. A sentença julgou os pedidos procedentes, condenando a operadora de saúde ao fornecimento do fármaco e ao pagamento de indenização por danos morais de R$ 10.000,00. O acórdão desta Câmara negou provimento ao recurso de apelação da ré, mantendo integralmente a sentença. 
II. Questão em discussão: A questão consiste em reapreciar a condenação da operadora de saúde ao pagamento de indenização por danos morais, em juízo de retratação, à luz da tese vinculante firmada pelo Superior Tribunal de Justiça no Tema 1.365, segundo a qual a recusa indevida de cobertura médico-assistencial não gera, por si só, dano moral presumido.
III. Razões de decidir: O STJ, no julgamento do Tema repetitivo 1.365, consolidou o entendimento de que a simples recusa indevida de cobertura por operadora de plano de saúde não configura dano moral in re ipsa, sendo imprescindível a demonstração de outros elementos que permitam constatar alteração anímica da vítima em grau suficiente para ultrapassar o mero aborrecimento. No caso concreto, a negativa de cobertura fundou-se em divergência técnica razoável quanto à interpretação do rol da ANS e das Diretrizes de Utilização, sem que tenha havido agravamento do quadro clínico da autora ou comprovação de sofrimento excepcional que ultrapassasse o mero dissabor inerente à discussão contratual. A tutela de urgência foi deferida prontamente e o tratamento foi garantido, não havendo nos autos prova de lesão concreta aos direitos da personalidade da beneficiária.
IV. Dispositivo e tese: Juízo de retratação exercido para dar parcial provimento ao recurso de apelação da ré, reformando em parte o acórdão anterior para afastar a condenação ao pagamento de indenização por danos morais, com redistribuição da sucumbência, mantendo-se os demais termos da sentença. Tese de julgamento: A simples recusa indevida de cobertura médico-assistencial por operadora de plano de saúde não gera, por si só, dano moral presumido, sendo imprescindível a presença de outros elementos que permitam constatar a alteração anímica da vítima em grau suficiente para ultrapassar o mero aborrecimento ou dissabor.
Juízo de retratação positivo."
1000087-71.2021.8.26.0108,20818168,Apelação Cível,Tratamento médico-hospitalar,Carlos Castilho Aguiar França,Cajamar,4ª Câmara de Direito Privado,4,Direito Privado,07/08/2026,07/08/2026,8712.9,False,False,260,"DIREITO CIVIL. APELAÇÃO. COBRANÇA. PEDIDO JULGADO PROCEDENTE. RECURSO NÃO PROVIDO.
I. Caso em Exame
Notre Dame Intermédica Saúde S/A. ajuizou ação de cobrança contra Benedito Sabino, alegando que a paciente Maria de Lourdes Paulo Vidal foi internada em hospital da autora, com despesas não cobertas pelo plano de saúde , resultando em atendimento particular. O réu assinou termo de responsabilidade pelo pagamento, mas não quitou a nota fiscal no valor de R$ 8.712,90, atualizado para R$ 12.611,81.
II. Questão em Discussão
2. A questão em discussão consiste em (i) nulidade da sentença por cerceamento de defesa e (ii) validade do termo de responsabilidade e suficiência da prova documental.
III. Razões de Decidir
3. A preliminar de nulidade da sentença por cerceamento de defesa foi rejeitada, pois a contestação foi intempestiva e não houve cerceamento de defesa por inércia processual.
4. No mérito, a prova documental e a presunção de veracidade pela revelia foram suficientes para comprovar a prestação do serviço e a responsabilidade do réu. A alegação de defeito da manifestação de vontade por estado de perigo não foi comprovada.
IV. Dispositivo e Tese
5. Recurso desprovido.
Tese de julgamento: 1. A intempestividade da contestação não configura cerceamento de defesa. 2. A presunção de veracidade pela revelia é suficiente para comprovar a responsabilidade do réu.
Legislação Citada:
Código de Processo Civil, arts. 335, 344, 345, 1.009, § 1º, 1.015, 85, § 11.
Código Civil, art. 178, II.
Código de Defesa do Consumidor, art. 51.
Jurisprudência Citada:
STJ, REsp n. 1.578.474/SP, Rel. Min. Nancy Andrighi, Terceira Turma, j. 11/12/2018, DJe 13/12/2018."
1024373-98.2025.8.26.0100,20817401,Apelação Cível,Fornecimento de medicamentos,Emerson Sumariva Júnior,São Paulo,5ª Câmara de Direito Privado,5,Direito Privado,07/08/2026,07/08/2026,,True,False,355,"APELAÇÃO. PLANO DE SAÚDE . OBRIGAÇÃO DE FAZER. FORNECIMENTO DE MEDICAMENTO. DUPILUMABE. ESOFAGITE EOSINOFÍLICA. RECUSA DE COBERTURA. RECURSO PROVIDO EM PARTE.
I. CASO EM EXAME. Recurso de apelação interposto pela autora contra a r. sentença que julgou improcedente a ação de obrigação de fazer cumulada com indenização por danos morais, revogando a tutela de urgência anteriormente concedida para o fornecimento do medicamento Dupilumabe (Dupixent) para o tratamento de esofagite eosinofílica (CID K20).
II. QUESTÃO EM DISCUSSÃO. As questões em discussão consistem na obrigatoriedade de cobertura do medicamento Dupilumabe para tratamento de esofagite eosinofílica diante de parecer desfavorável do NAT-JUS, no preenchimento dos requisitos cumulativos da ADI 7.265/DF pelo STF, e na caracterização de danos morais decorrentes da recusa de cobertura.
III. RAZÕES DE DECIDIR. A relação jurídica entre as partes é de consumo, aplicando-se as normas do Código de Defesa do Consumidor (Súmula 608 do STJ). É abusiva a recusa de cobertura de medicamento de alto custo registrado na Anvisa e expressamente prescrito por médico assistente para o tratamento de patologia coberta. A comprovação de refratariedade da autora a múltiplas terapias convencionais afasta a conclusão da nota técnica desfavorável do NAT-JUS. Todos os critérios cumulativos estabelecidos pelo STF na ADI 7.265/DF foram preenchidos, sendo devida a cobertura excepcional. Contudo, a recusa de cobertura fundada em divergência técnica amparada em parecer do NAT-JUS e em dúvida interpretativa razoável não gera dano moral presumido, ausente comprovação de sofrimento extraordinário que supere o mero aborrecimento contratual.
IV. DISPOSITIVO E TESE. Preenchidos os requisitos cumulativos fixados pelo STF na ADI 7.265/DF e comprovada a refratariedade às terapias usuais, é devida a cobertura de medicamento prescrito por profissional assistente para tratamento de doença coberta. A simples recusa indevida de cobertura médico-assistencial por operadora de plano de saúde não gera, por si só, dano moral presumido (in re ipsa), sendo imprescindível a presença de outros elementos que permitam constatar a alteração anímica da vítima em grau suficiente para ultrapassar o mero aborrecimento ou dissabor (Tema 1365/STJ). Sentença reformada para julgar parcialmente procedente a ação, confirmando a obrigação de fazer e afastando o pedido de indenização por danos morais.
Recurso parcialmente provido."
1027237-70.2024.8.26.0577,20816742,Apelação Cível,Tratamento Domiciliar (Home Care),Carlos Castilho Aguiar França,São José dos Campos,4ª Câmara de Direito Privado,4,Direito Privado,07/08/2026,07/08/2026,,False,False,226,"Direito Civil. Apelação. Plano de Saúde . Obrigação de Fazer. Negado Provimento.
I. Caso em Exame
1. L. W. S. R., menor impúbere, representado por sua genitora, busca condenação da Unimed São José dos Campos ao custeio integral de tratamento domiciliar em regime de home care devido à Atrofia Muscular Espinhal tipo 1, com necessidade de assistência contínua e fornecimento de equipamentos de suporte à vida.
II. Questão em Discussão
2. A questão em discussão consiste em (i) a adequação do valor atribuído à causa e (ii) a possibilidade de recusa do custeio de tratamento domiciliar prescrito com urgência, sob alegação de carência contratual e ausência de cobertura.
III. Razões de Decidir
3. O valor da causa está conforme o art. 292, § 2º, do CPC, não havendo indicação de valor alternativo pela apelante.
4. A Lei nº 9.656/1998 prevê carência de 24 horas para urgências, aplicável ao caso, conforme laudo pericial e prescrição médica.
IV. Dispositivo e Tese
5. Recurso desprovido.
Tese de julgamento: 1. A cláusula de exclusão de home care é abusiva quando há indicação médica expressa. 2. O custeio de insumos e equipamentos indispensáveis ao tratamento domiciliar é obrigatório.
Jurisprudência Citada:
AgInt no REsp n. 1.911.756/SC, rel. Min. Raul Araújo, Quarta Turma, j. 09.10.2023, DJe 16.10.2023.
ProAfR no REsp n. 2.190.339/RN, rel. Min. Antonio Carlos Ferreira, Segunda Seção, j. 25.02.2025, DJEN 10.03.2025."
1001022-28.2025.8.26.0543,20817308,Apelação Cível,Tratamento médico-hospitalar,Thomaz Carvalhaes Ferreira,Santa Isabel,Núcleo 4.0-T. VIII (DP1),,,07/08/2026,07/08/2026,9000.0,False,True,446,"APELAÇÕES. PLANO DE SAÚDE . OBRIGAÇÃO DE FAZER. CUSTEIO DE PROCEDIMENTOS CIRÚRGICOS NEGADOS POR JUNTA MÉDICA. CERCEAMENTO DE DEFESA. JULGAMENTO ANTECIPADO DA LIDE. DIVERGÊNCIA TÉCNICA QUALIFICADA. NECESSIDADE DE PERÍCIA MÉDICA. SENTENÇA ANULADA. RECURSO DA RÉ PROVIDO. PREJUDICADO O RECURSO DO AUTOR.
I. CASO EM EXAME.
Trata-se de apelação interposta pela operadora de plano de saúde contra sentença que julgou parcialmente procedente o pedido inicial, condenando-a ao reembolso de R$ 9.000,00 por despesas com cirurgia de varizes realizada em âmbito particular e ao pagamento de indenização por danos morais de R$ 5.000,00. A controvérsia decorre da recusa parcial de cobertura de dois procedimentos cirúrgicos (fulguração de telangiectasias e restauração venosa com pontes), com amparo em parecer desfavorável de junta médica desempatadora. A operadora alegou cerceamento de defesa pelo julgamento antecipado sem a realização de perícia médica judicial. Recorreu o autor visando majoração indenizatória por danos morais.
II. QUESTÃO EM DISCUSSÃO.
Consiste em verificar se o julgamento antecipado da lide, com dispensa da prova pericial médica expressamente requerida pela operadora, configura cerceamento de defesa, diante da divergência técnica qualificada instaurada por junta médica regulamentar.
III. RAZÕES DE DECIDIR.
A ré instaurou regularmente o procedimento de junta médica, nos termos da Resolução Normativa nº 424/2017 da ANS, obtendo parecer técnico desfavorável da médica desempatadora independente quanto à indicação clínica dos procedimentos recusados. Diante de divergência técnica qualificada entre o médico assistente e a junta médica, a controvérsia sobre a real necessidade clínica dos procedimentos não pode ser dirimida por mera presunção jurídica ou interpretação contratual favorável ao consumidor. A produção de prova pericial médica judicial, sob o crivo do contraditório, era indispensável para o adequado esclarecimento dos fatos. O julgamento antecipado da lide, dispensando a prova técnica requerida, configurou cerceamento de defesa e acarreta a nulidade da sentença.


IV. DISPOSITIVO E TESE.
Recurso da ré provido para anular a sentença, determinando-se o retorno dos autos ao juízo de origem para a realização de perícia médica judicial, prejudicado o recurso do autor.
Tese de julgamento: Havendo divergência técnica qualificada sobre a indicação de procedimentos cirúrgicos, dirimida por junta médica regularmente constituída nos termos da RN nº 424/2017 da ANS, o julgamento antecipado da lide sem a realização de perícia médica judicial expressamente requerida configura cerceamento de defesa, ensejando a nulidade da sentença.
Legislação Citada:
CF/1988, art. 5º, LV; CPC, arts. 355, I, 370 e 373, II; RN ANS nº 424/2017.
Jurisprudência Citada:
STJ, Súmula nº 608;
TJSP, Apelação Cível 1010859-11.2023.8.26.0048, Rel. Enéas Costa Garcia, 1ª Câmara de Direito Privado, j. 27/03/2025; TJSP, Apelação Cível 1016556-80.2025.8.26.0100, Rel. Alexandre Marcondes, 1ª Câmara de Direito Privado, j. 19/02/2026;
TJSP, Apelação Cível 1022361-45.2024.8.26.0004, Rel. Enéas Costa Garcia, 1ª Câmara de Direito Privado, j. 20/02/2026."
1009012-38.2025.8.26.0004,20817188,Apelação Cível,Cancelamento de vôo,Ernani Desco Filho,São Paulo,18ª Câmara de Direito Privado,18,Direito Privado,07/08/2026,07/08/2026,,True,False,404,"APELAÇÃO. ""Ação indenizatória por danos morais e materiais"". Irresignação da companhia aérea contra a r. sentença de procedência. Parcial admissibilidade do reclamo na fração conhecida.

AFASTAMENTO DA PREFACIAL DE FALTA DE INTERESSE DE AGIR. Desnecessidade – neste caso concreto – de requerimento extrajudicial para resolução do impasse. Oposição da empresa ré aos pedidos condenatórios alojados na petição inicial. Inequívoca caracterização da pretensão resistida. Preliminar inócua para a extinção anômala.

PLEITO DE SUSPENSÃO PELO TEMA 1417 DA SUPREMA CORTE E ALEGAÇÃO DE CERCEAMENTO DE DEFESA. CONTESTAÇÃO E RAZÕES RECURSAIS QUE NÃO ADENTRARAM O MOTIVO DO CANCELAMENTO DE VOO. MANIFESTA AFRONTA AO PRINCÍPIO DA DIALETICIDADE. IMPOSSIBILIDADE DE CONHECIMENTO DOS ALUDIDOS PLEITOS. MANIFESTAÇÃO PELO JULGAMENTO ANTECIPADO DA LIDE QUE COLIDE COM TESE DE CERCEAMENTO DE DEFESA. Apelante que se limita a invocar, de forma vaga e imprecisa, a necessidade de dilação probatória. Ausência de delimitação fática que teria ocasionado o cancelamento do voo. Conduta que ofende a boa-fé e a lealdade processual. Nemo potest venire contra factum proprium. Manifestação pelo julgamento antecipado da lide. Inadmissível alegar cerceamento em sede recursal. Impossibilidade de conhecimento do recurso nestes pontos. Inexistência de margem para confronto do caso concreto à ordem de suspensão no ARE 1.560.244/RS. Ofensa ao art. 1.010, inciso III, do Código de Processo Civil.

CANCELAMENTO DE VOO NACIONAL (SÃO PAULO/SP A CURITIBA/PR). UTILIZAÇÃO DE TRANSPORTE TERRESTRE (ÔNIBUS RODOVIÁRIO). CHEGADA AO DESTINO COM DELAY DE OITO HORAS. Ausência de prova de fato extraordinário que cause lesão a direito da personalidade. Mera alegação de atraso. Enunciado 159 do Conselho da Justiça Federal: ""o dano moral, assim compreendido todo dano extrapatrimonial, não se caracteriza quando há mero aborrecimento inerente a prejuízo material"". Aplicação da legislação consumerista que não significa o automático e irrestrito acolhimento dos pleitos autorais. Precedentes.

DANOS MORAIS NÃO CONFIGURADOS. PREJUÍZOS QUE NÃO SÃO PRESUMIDOS. AUTORES QUE DEIXARAM DE COMPROVAR PERDA DE COMPROMISSO OU OUTRA CIRCUNSTÂNCIA EXCEPCIONAL. INCOGITÁVEL A INTERPRETAÇÃO DE DANOS MORAIS IN RE IPSA. Necessidade de comprovação de situação que realmente destoe do padrão ordinário e que ocasione prejuízos subjetivos e passíveis de compensação. Alegação de ""perda de tempo útil"" e ""desvio produtivo"" que são inócuas para configurar sofrimento e real abalo psicológico. Inúmeros precedentes desta Colenda Câmara. Jurisprudência do Colendo Superior Tribunal de Justiça no mesmo sentido. Mantida a condenação quanto aos danos materiais (valor da passagem não utilizada).

SENTENÇA REFORMADA. RECURSO PROVIDO PARA AFASTAR A COMPENSAÇÃO POR DANOS MORAIS E INVERTER OS ÔNUS DA SUCUMBÊNCIA."
1011696-48.2023.8.26.0248,20816148,Apelação Cível,Tratamento médico-hospitalar,Augusto Rezende,Indaiatuba,1ª Câmara de Direito Privado,1,Direito Privado,07/08/2026,07/08/2026,,False,False,191,"DIREITO CIVIL. APELAÇÃO. OBRIGAÇÃO DE FAZER. RECURSO DESPROVIDO.
I. Caso em Exame
1. Autor, portador de Transtorno do Espectro Autista, busca tratamento multidisciplinar especializado, prescrito por médico, com 15 horas semanais. Sentença condena ré a custear tratamento no município de Indaiatuba/SP ou, na ausência de clínica credenciada, em clínica particular indicada pelo autor.
II. Questão em Discussão
2. A questão em discussão consiste em determinar se a operadora de plano de saúde deve custear tratamento em clínica não credenciada localizada no município de residência do autor, considerando a insuficiência da rede credenciada e a necessidade de evitar deslocamentos excessivos.
III. Razões de Decidir
3. A Resolução 259 da ANS permite que procedimentos sejam oferecidos em município limítrofe, mas, para crianças com necessidades especiais, deslocamentos frequentes podem inviabilizar terapias.
4. Exigir deslocamento de 80 km por dia para tratamento em Campinas/SP é excessivamente oneroso e inviabiliza o tratamento. 
5. Quanto aos honorários advocatícios, a fixação em 10% sobre o valor do proveito econômico obtido é adequada, conforme art. 85, § 2º, do CPC, não cabendo redução por equidade, conforme entendimento do STJ no RESp 1.850.512/PB (Tema 1076).
IV. Dispositivo 
6. Recurso desprovido."
1022665-13.2025.8.26.0100,20816303,Apelação Cível,Tratamento médico-hospitalar,Augusto Rezende,São Paulo,1ª Câmara de Direito Privado,1,Direito Privado,07/08/2026,07/08/2026,,False,False,168,"DIREITO CIVIL. APELAÇÃO. PLANO DE SAÚDE . PROCEDIMENTO MÉDICO. PARCIAL PROVIMENTO.
I. Caso em Exame
1. Autor busca compelir a ré a custear sessões de estimulação magnética transcraniana (EMT) para tratamento de doença de Parkinson, conforme prescrição médica. A ré negou cobertura por não estar o procedimento no rol da ANS.
II. Questão em Discussão
2. A questão em discussão consiste em determinar se a operadora de saúde deve custear o tratamento de EMT, mesmo não estando previsto no rol da ANS, considerando a prescrição médica e a urgência clínica.
III. Razões de Decidir
3. A jurisprudência pacífica permite que planos de saúde limitem doenças cobertas, mas não tratamentos prescritos por médicos.
4. A Lei nº 14.454/2022 e a decisão do STF na ADI 7265 permitem cobertura de tratamentos fora do rol da ANS, desde que cumpridos requisitos técnicos e jurídicos. Relatórios médicos confirmam a necessidade e eficácia do tratamento.
IV. Dispositivo 
5. Recurso parcialmente provido para ajustar o termo inicial dos juros moratórios à data da citação."
1019565-83.2021.8.26.0005,20816117,Apelação Cível,Tratamento médico-hospitalar,Augusto Rezende,São Paulo,1ª Câmara de Direito Privado,1,Direito Privado,07/08/2026,07/08/2026,,True,False,263,"DIREITO CIVIL. APELAÇÃO. PLANO DE SAÚDE . OBRIGAÇÃO DE CUSTEAR TRATAMENTO CIRÚRGICO. PARCIAL PROCEDÊNCIA.
I. Caso em Exame
1. Autor busca compelir operadora de plano de saúde a cobrir despesas de procedimento cirúrgico indicado por médico assistente para tratamento de condropatia patelar, gonartrose bilateral e tendinopatia em ambos os joelhos. Operadora negou autorização com base em parecer de junta médica que questionou a necessidade do procedimento.
II. Questão em Discussão
2. A questão em discussão consiste em (i) determinar se a operadora de plano de saúde deve custear o tratamento cirúrgico indicado pelo médico assistente do autor, apesar de parecer contrário da junta médica e laudo pericial; (ii) verificar a ocorrência de dano moral indenizável pela negativa de cobertura ; (iii) definir a base de cálculo dos honorários advocatícios.
III. Razões de Decidir
3. O plano de saúde não pode limitar o tipo de tratamento a ser utilizado para a cura de doenças cobertas, salvo indicação fraudulenta.
4. A discordância entre especialistas não indica inadequação do tratamento, sendo legítimo que diferentes profissionais adotem protocolos distintos. A indicação do médico assistente deve prevalecer, dada sua relação direta e prolongada com o paciente.
5. A negativa de cobertura , embora reconhecida como abusiva, não configura dano moral indenizável, pois não houve prova de agravamento significativo do estado de saúde do autor ou perda funcional relevante. A recusa foi baseada em controvérsia médica razoável, não sendo manifestamente infundada.
IV. Dispositivo 
6. Recurso do autor parcialmente provido para revisar a base de cálculo dos honorários advocatícios, fixando-os em 12% do valor da condenação. Recurso da ré desprovido."
1000280-68.2024.8.26.0565,20816507,Apelação Cível,Tratamento médico-hospitalar,Antonio Carlos Santoro Filho,São Caetano do Sul,1ª Câmara de Direito Privado,1,Direito Privado,07/08/2026,07/08/2026,,False,False,373,"DIREITO CIVIL. APELAÇÃO CÍVEL. PLANO DE SAÚDE . RECURSO DESPROVIDO.
I. Caso em Exame
1. Recurso de apelação interposto por Notre Dame Intermédica Saúde S.A. contra sentença que julgou parcialmente procedente ação de obrigação de fazer cumulada com indenização por danos morais, determinando cobertura integral de tratamento multidisciplinar para autor com Transtorno do Espectro Autista (TEA), sem limitação de sessões, em clínica até 10 km de sua residência, com custeio integral em caso de inaptidão da rede credenciada.
II. Questão em Discussão
2. A questão em discussão consiste em definir (i) se a operadora está obrigada a custear o tratamento multidisciplinar prescrito ao beneficiário com Transtorno do Espectro Autista (TEA), à luz da legislação e da regulamentação da ANS; e (ii) se é válida a determinação de custeio de tratamento em clínica não credenciada diante da insuficiência da rede credenciada.
III. Razões de Decidir
3. A cobertura do tratamento multidisciplinar prescrito ao paciente com TEA é obrigatória, incumbindo ao médico assistente definir a terapêutica adequada, sendo incabível a recusa fundada em interpretação restritiva do Rol da ANS.
4. A determinação de custeio de tratamento em clínica não credenciada não confere livre escolha ao beneficiário, sendo cabível apenas quando demonstrada a inaptidão da rede credenciada para prestar integralmente as terapias prescritas, em consonância com a Resolução Normativa nº 566/2022 da ANS. 5. O pedido de limitação de eventual reembolso não prospera, porquanto a sentença não determinou reembolso de despesas, mas o custeio integral do tratamento apenas na hipótese de inaptidão da rede credenciada
IV. Dispositivo e Tese
6. Recurso desprovido.
Tese de julgamento: 1. A cobertura de tratamentos prescritos por médico assistente é obrigatória, mesmo que não listados no Rol da ANS. 2. O custeio de clínica não credenciada é permitido na ausência de prestadores credenciados aptos.
Legislação Citada:
Lei nº 9.656/98, art. 10, §12; Lei nº 14.454/2022; Resolução Normativa nº 566/2022 da ANS.
Jurisprudência Citada:
EREsp n. 1.886.929/SP, Rel. Min. Luis Felipe Salomão, Segunda Seção, j. 8/6/2022, DJe de 3/8/2022.
TJSP, Apelação Cível 1021159-23.2022.8.26.0224, Rel. Claudio Godoy, 1ª Câmara de Direito Privado, j. 06/10/2025.
TJSP, Apelação Cível 1004075-81.2024.8.26.0048, Rel. Alberto Gosson, 1ª Câmara de Direito Privado, j. 03/02/2025.
TJSP, Apelação Cível 1002351-07.2024.8.26.0286, Rel. Enéas Costa Garcia, 1ª Câmara de Direito Privado, j. 12/09/2025."
1000174-03.2024.8.26.0567,20815068,Apelação Cível,Tratamento médico-hospitalar,Márcio Boscaro,Sorocaba,10ª Câmara de Direito Privado,10,Direito Privado,07/08/2026,07/08/2026,,False,False,235,"APELAÇÃO CÍVEL. PLANO DE SAÚDE . TRANSTORNO DO ESPECTRO AUTISTA (TEA). AÇÃO DE OBRIGAÇÃO DE FAZER, CUMULADA COM INDENIZAÇÃO POR DANOS MORAIS. PARCIAL PROCEDÊNCIA. Menor portadora de TEA nível 3. Prescrição de tratamento multidisciplinar intensivo. Manutenção do custeio na Clínica Áurica. Excepcionalidade do caso concreto. Vínculo terapêutico consolidado há anos. Risco de regressão clínica e comportamental comprovado por relatórios médicos. Migração entre operadoras integrantes do Sistema Unimed motivada pela continuidade do tratamento. Incidência dos princípios da boa-fé objetiva e da proteção da confiança legítima. Existência de rede credenciada que, nas circunstâncias do caso, não afasta o dever de custeio da clínica em que já desenvolvido o tratamento. Psicopedagogia. Cobertura mantida quando integrante do projeto terapêutico multidisciplinar e prestada em ambiente clínico. Exclusão apenas do acompanhamento terapêutico em ambiente domiciliar, escolar ou em outros ambientes naturais de convivência, por extrapolar a cobertura assistencial típica do contrato. Musicoterapia e equoterapia mantidas na forma estabelecida na sentença. ADI nº 7.265/STF. Inexistência de impedimento à cobertura dos tratamentos prescritos no caso concreto. Danos morais configurados pelas peculiaridades da hipótese. Recusa administrativa que colocou em risco a continuidade de tratamento essencial de criança com deficiência grave. Tema nº 1.365 do STJ. Indenização mantida por decorrer das circunstâncias concretamente demonstradas nos autos, e não de presunção automática. Sentença parcialmente reformada, apenas para delimitar que o tratamento multidisciplinar permanece coberto desde que integralmente prestado em ambiente clínico ou ambulatorial. RECURSO PARCIALMENTE PROVIDO."
1000036-98.2022.8.26.0569,20815003,Apelação Cível,Tratamento médico-hospitalar,Márcio Boscaro,Itu,10ª Câmara de Direito Privado,10,Direito Privado,07/08/2026,07/08/2026,,False,False,125,"APELAÇÃO CÍVEL. PLANO DE SAÚDE . MENOR PORTADOR DE TRANSTORNO DO ESPECTRO AUTISTA (TEA) E TRANSTORNO DO DÉFICIT DE ATENÇÃO E HIPERATIVIDADE (TDAH). COBERTURA DE TRATAMENTO MULTIDISCIPLINAR. Terapias prescritas pelo médico assistente e ratificadas por perícia judicial. Negativa de cobertura . Abusividade. Lei nº 14.454/22. Rol da ANS que constitui referência básica de cobertura. Reembolso integral cabível na ausência de demonstração de rede apta a fornecer o tratamento prescrito. Sentença mantida no mérito. Honorários advocatícios. Obrigação de fazer de trato sucessivo e proveito econômico inestimável no momento da prolação da sentença. Incidência do artigo 85, § 2º, do CPC, à luz do tema nº 1.076 do C. STJ. Base de cálculo que deve corresponder ao valor atualizado da causa. Sentença pontualmente reformada. RECURSO PARCIALMENTE PROVIDO."
1001800-28.2020.8.26.0428,20815453,Apelação Cível,Tratamento médico-hospitalar,James Siano,Paulínia,5ª Câmara de Direito Privado,5,Direito Privado,07/08/2026,07/08/2026,,False,False,118,"DIREITO CIVIL. APELAÇÃO. PLANO DE SAÚDE . CIRURGIA REPARADORA. DANOS MORAIS. RECURSO IMPROVIDO.
Reexame da decisão anterior, por determinação da Egrégia Presidência da Seção de Direito Privado.
Inconforma-se a apelante com a condenação destinada a autorizar procedimento cirúrgico e a pagar indenização por danos morais à apelada.
II. Questão em Discussão.
A questão em discussão consiste em determinar a obrigatoriedade de cobertura das cirurgias reparadoras pós-bariátrica e a existência de danos morais decorrentes da negativa de cobertura .
III. Razões de Decidir A cirurgia reparadora é obrigatória, conforme o STJ, para pacientes pós-bariátrica. A negativa de cobertura causou sofrimento físico e comprometimento da qualidade de vida da autora, justificando a indenização por danos morais. Sentença mantida.
Recurso improvido."
1012016-80.2024.8.26.0566,20815452,Embargos de Declaração Cível,Tratamento médico-hospitalar,James Siano,São Carlos,5ª Câmara de Direito Privado,5,Direito Privado,07/08/2026,07/08/2026,,False,False,196,"DIREITO CIVIL. EMBARGOS DE DECLARAÇÃO. PLANO DE SAÚDE . EMBARGOS ACOLHIDOS. 
I. Caso em Exame
Embargos de declaração opostos contra acórdão que deu provimento ao recurso de apelação da autora. A embargante alega omissão no julgado quanto à especificação dos procedimentos cirúrgicos abrangidos pela condenação, o que pode gerar dúvidas na fase de cumprimento de sentença.
II. Questão em Discussão
A questão em discussão consiste em determinar se há omissão no acórdão quanto à especificação dos procedimentos cirúrgicos abrangidos pela condenação.
III. Razões de Decidir
Nos termos do art. 1.022, II, do CPC, cabem embargos de declaração para suprir omissão de ponto ou questão sobre o qual devia se pronunciar o juiz.
O acórdão embargado reconheceu o caráter reparador e funcional das cirurgias prescritas e a abusividade da negativa de cobertura , mas omitiu a discriminação objetiva das cirurgias deferidas e seus insumos.
Tese de julgamento: 1. Embargos de declaração são cabíveis para suprir omissão de ponto ou questão sobre o qual devia se pronunciar o juiz. 2. A especificação dos procedimentos cirúrgicos e insumos é necessária para evitar incertezas na fase de cumprimento de sentença. Acolhimento dos embargos com efeito integrativo.
Embargos de declaração acolhidos."
1000632-63.2025.8.26.0606,20815440,Apelação Cível,Tratamento médico-hospitalar,Viviani Nicolau,Suzano,3ª Câmara de Direito Privado,3,Direito Privado,07/08/2026,07/08/2026,2070.0,True,False,298,"""DIREITO CIVIL. APELAÇÃO. PLANO DE SAÚDE . OBRIGAÇÃO DE FAZER, DANOS MATERIAIS E MORAIS. NEGATIVA DE COBERTURA DE CIRURGIA PARA TRATAMENTO DE ANEURISMA DE AORTA ABDOMINAL. RECURSO DESPROVIDO.
I. CASO EM EXAME.
1. Apelação interposta pela operadora de saúde contra sentença que julgou procedentes os pedidos para condená-la a autorizar e/ou custear o tratamento médico indicado, bem como ao pagamento de indenização por danos materiais, no valor de R$ 2.070,00, e por danos morais, no valor de R$ 8.000,00.
II. QUESTÃO EM DISCUSSÃO.
2. A questão em discussão consiste em verificar: (i) a regularidade da conduta da operadora quanto ao procedimento cirúrgico indicado; (ii) a existência do dever de indenização por danos materiais; (iii) a configuração de danos morais e a adequação do valor da indenização fixada.
III. RAZÕES DE DECIDIR.
3. A Nota Técnica do NATJUS/SP, corroborada pelos relatórios médicos, confirmou a pertinência da cirurgia prescrita para tratamento de aneurisma de aorta abdominal, não sendo a alegada divergência técnica suficiente para justificar a negativa de cobertura .
4. As despesas realizadas pelo autor com exames complementares/preparatórios não decorreram de livre escolha, justificando o ressarcimento integral.
5. Embora o Superior Tribunal de Justiça, no julgamento do Tema Repetitivo nº 1.365, tenha firmado entendimento de que a simples negativa indevida de cobertura médico-assistencial não gera dano moral 'in re ipsa', as circunstâncias concretas evidenciaram efetivo abalo extrapatrimonial passível de indenização.
6. O valor da indenização por danos morais, fixado em R$ 8.000,00, observa os princípios da razoabilidade e da proporcionalidade, não comportando redução.
7. Sentença preservada.
IV. DISPOSITIVO.
8. NEGADO PROVIMENTO AO RECURSO.
Jurisprudência Citada: TJSP, Apelação Cível 1004353-86.2024.8.26.0564, Rel. Fatima Cristina Ruppert Mazzo, 4ª Câmara de Direito Privado, j. 02.12.2024. TJSP, Apelação Cível 1150740-41.2023.8.26.0100, Rel. Jair de Souza, 10ª Câmara de Direito Privado, j. 02.10.2024.
(VOTO nº 51977)."
1029292-72.2020.8.26.0564,20573129,Apelação Cível,Tratamento médico-hospitalar,Marcia Tessitore,São Bernardo do Campo,Núcleo 4.0-T. II (DP1),,,29/05/2026,29/05/2026,,False,False,70,APELAÇÃO CÍVEL. DIREITO CIVIL E PROCESSUAL CIVIL. PLANO DE SAÚDE . REEMBOLSO DE DESPESAS MÉDICAS. PROCEDIMENTO REALIZADO FORA DA REDE CREDENCIADA POR LIVRE ESCOLHA DO BENEFICIÁRIO. CLÁUSULA CONTRATUAL EXPRESSA DE LIMITAÇÃO DE REEMBOLSO. VALIDADE. AUSÊNCIA DE NEGATIVA DE COBERTURA OU INDISPONIBILIDADE DA REDE ASSISTENCIAL. INEXISTÊNCIA DE DIREITO AO REEMBOLSO INTEGRAL. OBSERVÂNCIA DOS PARÂMETROS CONTRATUAIS (UNIDADE DE SERVIÇO – US). PRECEDENTES DO TJSP. REFORMA DA SENTENÇA. DISPOSITIVO: RECURSO PROVIDO EM PARTE.
1010382-07.2025.8.26.0019,20572988,Apelação Cível,Tratamento médico-hospitalar,Alcides Leopoldo,Americana,4ª Câmara de Direito Privado,4,Direito Privado,29/05/2026,29/05/2026,,True,False,204,"DIREITO CIVIL. APELAÇÃO. PLANO DE SAÚDE . OBRIGAÇÃO DE FAZER E INDENIZAÇÃO POR DANO MORAL. RECURSO DESPROVIDO.
I. Caso em Exame
Autor menor, beneficiário de plano de saúde , teve internação negada por carência contratual, apesar de quadro emergencial de pneumonia com derrame pleural. Requereu custeio integral do tratamento e indenização por danos morais.
II. Questão em Discussão
2. A questão em discussão consiste em (i) se a negativa de cobertura por carência contratual é válida em casos de emergência médica; (ii) se há direito à indenização por danos morais devido à recusa de cobertura.
III. Razões de Decidir
3. A Lei n. 9.656/98 obriga cobertura em casos de emergência, prevalecendo sobre prazos de carência.
4. A recusa de cobertura em situação emergencial é abusiva, conforme jurisprudência do STJ e súmulas do TJSP e STJ.
IV. Dispositivo e Tese
5. Recurso desprovido.
Tese de julgamento: 1. A negativa de cobertura em casos de emergência é abusiva, mesmo com carência contratual. 2. A recusa injusta de cobertura gera direito à indenização por danos morais.
Legislação Citada: Lei n. 9.656/98, art. 35-C; Lei n. 8.078/90. Jurisprudência Citada: STJ, AgRg no REsp 1254952/SC, Rel. Min. Sidnei Beneti, Terceira Turma, j. 15.09.2011; STJ, Súmula 597; TJSP, Súmula 103."
1005852-18.2024.8.26.0011,20573610,Embargos de Declaração Cível,Tratamento médico-hospitalar,Marcia Tessitore,São Paulo,Núcleo 4.0-T. II (DP1),,,29/05/2026,29/05/2026,,False,False,79,"PLANO DE SAÚDE . EMBARGOS DE DECLARAÇÃO OPOSTOS CONTRA ACÓRDÃO QUE NEGOU PROVIMENTO AO RECURSO INTERPOSTO PELA ORA EMBARGANTE. ALEGAÇÃO DE OMISSÃO, POIS NÃO ANALISADA A TESE RECURSAL PARA APLICAÇÃO DO ART. 4º, VII, DA LEI 9.661/00. NÃO SE VISLUMBRA OMISSÃO NO ACÓRDÃO, MAS SIM INCONFORMISMO DA EMBARGANTE COM A DECISÃO DESFAVORÁVEL. OS EMBARGOS DE DECLARAÇÃO NÃO SÃO MEIO HÁBIL PARA REEXAME DA MATÉRIA JÁ DECIDIDA, MAS APENAS PARA SANAR OMISSÃO, OBSCURIDADE OU CONTRADIÇÃO. DISPOSITIVO: EMBARGOS DE DECLARAÇÃO REJEITADOS."
1008402-07.2024.8.26.0004,20573330,Apelação Cível,Tratamento médico-hospitalar,Marcia Tessitore,São Paulo,Núcleo 4.0-T. II (DP1),,,29/05/2026,29/05/2026,8000.0,True,True,73,"PLANO DE SAÚDE . AÇÃO DE OBRIGAÇÃO DE FAZER C.C. DANOS MORAIS. Negativa de cobertura à internação de emergência em razão do período de carência. Procedência. Danos morais. Ocorrência. A recusa indevida configura ilícito contratual e enseja dano moral, sobretudo em se tratando de pessoa em situação de vulnerabilidade. O valor fixado de R$ 8.000,00 atende aos princípios da razoabilidade e da proporcionalidade. Impossibilidade de redução ou majoração. Sentença mantida. DISPOSITIVO: RECURSOS DESPROVIDOS."
1010626-18.2023.8.26.0079,20573091,Apelação Cível,Tratamento médico-hospitalar,Marcia Tessitore,Botucatu,Núcleo 4.0-T. II (DP1),,,29/05/2026,29/05/2026,5000.0,False,False,135,"PLANO DE SAÚDE . AÇÃO DE INDENIZAÇÃO POR DANOS MATERIAIS E MORAIS. Pretensão de reembolso de valor utilizado para pagamento de cirurgia plástica reparadora. Parcial procedência. Negativa de cobertura em razão do procedimento cirúrgico não constar no rol da ANS. Impossibilidade de sobreposição à prescrição médica do profissional que atende o paciente, que pode indicar o tratamento adequado e os materiais necessários para a realização do procedimento cirúrgico. Escolha de equipe médica pelo autor. Reembolso total permitido em razão da injustificada recusa. A negativa de cobertura compromete a finalidade do contrato e coloca em risco a integridade física do beneficiário, justificando a condenação por danos morais. Fixação no montante de R$ 5.000,00 que atende aos critérios de adequação e razoabilidade. Sentença parcialmente modificada. DISPOSITIVO: RECURSO DO AUTOR PARCIALMENTE PROVIDO E DESPROVIDO O RECURSO DA REQUERIDA."
1001874-03.2023.8.26.0097,20573319,Apelação Cível,Tratamento Domiciliar (Home Care),Marcia Tessitore,Buritama,Núcleo 4.0-T. II (DP1),,,29/05/2026,29/05/2026,,False,False,243,"DIREITO DO CONSUMIDOR E SAÚDE SUPLEMENTAR. APELAÇÃO CÍVEL. PLANO DE SAÚDE . NEGATIVA DE COBERTURA . TRATAMENTO DOMICILIAR (HOME CARE). PRESCRIÇÃO MÉDICA EXPRESSA. ABUSIVIDADE DE CLÁUSULA EXCLUDENTE. DESNECESSIDADE DE PROVA PERICIAL. SÚMULA 90 DO TJSP. ROL DA ANS. COBERTURA MÍNIMA. A controvérsia recursal gira em torno da obrigação da operadora de plano de saúde em fornecer tratamento domiciliar integral (home care) a beneficiário de 90 anos, diagnosticada com Alzheimer, conforme prescrição médica detalhada e fundamentada. A sentença julgou procedente o pedido para ratificar a tutela antecipada e condenar a ré à cobertura do tratamento, afastando cláusula contratual restritiva. A preliminar de cerceamento de defesa foi corretamente rejeitada, pois a controvérsia é eminentemente jurídica e a prova documental foi suficiente para o julgamento, sendo desnecessária a produção de prova pericial. A recusa da cobertura com base na ausência de previsão contratual ou na limitação do rol da ANS revela-se abusiva, uma vez que a patologia está coberta e o tratamento indicado é substitutivo da internação hospitalar, nos moldes da Súmula 90 do TJSP. O relatório médico apontou dependência funcional total e necessidade de cuidados contínuos. A distinção entre assistência e internação domiciliar, bem como a invocação do Score NEAD ou do Parecer Técnico ANS 05/2021, não são aptas a afastar o dever de cobertura quando há indicação clínica precisa e necessidade assistencial evidente. O STJ e este Tribunal reconhecem o home care como desdobramento da internação hospitalar contratualmente prevista. Sentença mantida. DISPOSITIVO: RECURSO DESPROVIDO."
1016147-47.2024.8.26.0001,20573047,Apelação Cível,Tratamento médico-hospitalar,Marcia Tessitore,São Paulo,Núcleo 4.0-T. II (DP1),,,29/05/2026,29/05/2026,,True,False,187,"DIREITO CIVIL E DO CONSUMIDOR. APELAÇÃO. PLANO DE SAÚDE . NEGATIVA DE COBERTURA DE PROCEDIMENTO CIRÚRGICO. DANOS MORAIS NÃO CONFIGURADOS. MANUTENÇÃO DA SENTENÇA. A controvérsia recursal cinge-se à verificação da existência de dano moral indenizável decorrente da negativa administrativa de cobertura securitária, tendo a sentença julgado parcialmente procedente a demanda para confirmar a obrigação de fazer, consistente na cobertura dos procedimentos indicados, afastando, contudo, a pretensão indenizatória. A apelante sustenta que a recusa agravou seu sofrimento psicológico e configuraria dano moral in re ipsa. No entanto, não restou comprovada violação efetiva a direito da personalidade, tampouco agravamento do quadro clínico apto a justificar a reparação extrapatrimonial. A recusa, embora posteriormente considerada indevida, ocorreu em contexto de controvérsia jurídica relevante acerca da obrigatoriedade de cobertura de cirurgias pós-bariátricas, posteriormente uniformizada pelo Superior Tribunal de Justiça (Tema 1069), afastando a caracterização de conduta ilícita apta a ensejar dano moral. Aplicação dos arts. 186 e 927 do Código Civil e art. 14 do Código de Defesa do Consumidor. Possibilidade de adoção dos fundamentos da sentença, nos termos do art. 252 do Regimento Interno do Tribunal de Justiça. DISPOSITIVO: RECURSO DESPROVIDO."
1027760-16.2024.8.26.0405,20573596,Apelação Cível,Tratamento médico-hospitalar,Marcia Tessitore,Osasco,Núcleo 4.0-T. II (DP1),,,29/05/2026,29/05/2026,,False,False,66,APELAÇÃO CÍVEL. DIREITO DO CONSUMIDOR E DIREITO À SAÚDE. PLANO DE SAÚDE . NEGATIVA DE COBERTURA DE PROCEDIMENTO CIRÚRGICO E FORNECIMENTO DE OPME. PRESCRIÇÃO MÉDICA FUNDAMENTADA. INGERÊNCIA INDEVIDA DA OPERADORA NO ATO MÉDICO. ROL DA ANS. NATUREZA TAXATIVA MITIGADA (TEMA 990/STJ). AUSÊNCIA DE SUBSTITUTO TERAPÊUTICO EFICAZ. ABUSIVIDADE DA RECUSA. VIOLAÇÃO DA FINALIDADE DO CONTRATO E DA BOA-FÉ OBJETIVA. DANOS MORAIS CONFIGURADOS. INDENIZAÇÃO MANTIDA. DISPOSITIVO: RECURSO DESPROVIDO.
1003309-83.2022.8.26.0020,20573108,Apelação Cível,Tratamento médico-hospitalar,Marcia Tessitore,São Paulo,Núcleo 4.0-T. II (DP1),,,29/05/2026,29/05/2026,,False,False,85,"PLANO DE SAÚDE . AÇÃO DE OBRIGAÇÃO DE FAZER. Pretensão para realização de cirurgia (Artrosplastia para Articulação Temporo-mandibular - TUSS 3.02.08.017 x2) e fornecimento dos equipamentos necessários para sua realização. Procedência. Negativa de cobertura com base em laudo apresentado por junta médica. Impossibilidade de sobreposição à prescrição médica do profissional que atende o paciente, que pode indicar o tratamento adequado e os materiais necessários para a realização do procedimento cirúrgico. Necessidade da realização de cirurgia constatada em laudo pericial judicial. Sentença mantida. DISPOSITIVO: RECURSO DESPROVIDO."
1027230-57.2024.8.26.0002,20573172,Apelação Cível,Tratamento médico-hospitalar,Marcia Tessitore,São Paulo,Núcleo 4.0-T. II (DP1),,,29/05/2026,29/05/2026,,False,False,78,APELAÇÃO CÍVEL. DIREITO DO CONSUMIDOR. PLANO DE SAÚDE . CIRURGIAS PLÁSTICAS PÓS-BARIÁTRICA. DISTINÇÃO ENTRE PROCEDIMENTOS REPARADORES/FUNCIONAIS E ESTÉTICOS. NECESSIDADE DE COMPROVAÇÃO DE REPERCUSSÃO CLÍNICA OU FUNCIONAL. PROVA PERICIAL JUDICIAL PRODUZIDA SOB O CRIVO DO CONTRADITÓRIO. CONCLUSÃO TÉCNICA PELA AUSÊNCIA DE INDICAÇÃO TERAPÊUTICA. APLICAÇÃO DO TEMA 1.069 DO STJ. ROL DA ANS E DIRETRIZES DO SUS COMO PARÂMETROS AUXILIARES. LEGITIMIDADE DA NEGATIVA DE COBERTURA . INEXISTÊNCIA DE ATO ILÍCITO. DANOS MORAIS NÃO CONFIGURADOS. MANUTENÇÃO DA SENTENÇA. DISPOSITIVO: RECURSO DESPROVIDO.
1059774-61.2025.8.26.0100,20573115,Apelação Cível,Tratamento médico-hospitalar,Marcia Tessitore,São Paulo,Núcleo 4.0-T. II (DP1),,,29/05/2026,29/05/2026,8000.0,True,True,72,"PLANO DE SAÚDE . AÇÃO DE OBRIGAÇÃO DE FAZER C.C. DANOS MORAIS. Negativa de cobertura à emergência obstétrica em razão do período de carência. Procedência. Danos morais. Ocorrência. A recusa indevida configura ilícito contratual e enseja dano moral, sobretudo em se tratando de pessoa em situação de vulnerabilidade. O valor fixado de R$ 8.000,00 atende aos princípios da razoabilidade e da proporcionalidade. Impossibilidade de redução ou majoração. Sentença mantida. DISPOSITIVO: RECURSOS DESPROVIDOS."
2401720-29.2025.8.26.0000,20573098,Agravo de Instrumento,Tratamento médico-hospitalar,Marcia Tessitore,Carapicuíba,Núcleo 4.0-T. II (DP1),,,29/05/2026,29/05/2026,,False,False,231,"AGRAVO DE INSTRUMENTO. PLANO DE SAÚDE . TUTELA DE URGÊNCIA. TRATAMENTO MULTIDISCIPLINAR PARA TRANSTORNO DO ESPECTRO AUTISTA. PRIORIZAÇÃO DA REDE CREDENCIADA COM POSSIBILIDADE DE CUSTEIO FORA DA REDE. AUSÊNCIA DE ILEGALIDADE. Trata-se de agravo de instrumento interposto contra decisão que, em ação de obrigação de fazer, deferiu parcialmente a tutela de urgência para determinar que a operadora de plano de saúde indicasse profissionais ou clínicas credenciadas aptas ao atendimento, condicionando o custeio fora da rede à inexistência de prestadores adequados. O agravante sustenta risco de interrupção do tratamento, inexistência prática de rede apta e perigo de danos ao desenvolvimento, enquanto a operadora alega existência de rede credenciada suficiente e ausência de urgência. A controvérsia recursal cinge-se à possibilidade de imediata autorização de tratamento fora da rede. A decisão agravada observou os princípios da razoabilidade e proporcionalidade ao priorizar a rede credenciada, sem afastar o custeio externo caso comprovada sua inadequação, em consonância com o art. 14 do CDC e a sistemática dos contratos de assistência à saúde. Não se verifica negativa de cobertura , mas organização da prestação do serviço, assegurando-se o tratamento prescrito e impondo-se à operadora o dever de indicação de prestadores aptos. Ausente demonstração inequívoca de inadequação da rede credenciada neste momento de cognição sumária, não há fundamento para reforma da decisão, recomendando-se maior dilação probatória. Mantém-se a decisão por ausência de ilegalidade ou abusividade. DISPOSITIVO: RECURSO DESPROVIDO."
1014239-70.2024.8.26.0577,20573541,Apelação Cível,Tratamento médico-hospitalar,Maria do Carmo Honorio,São José dos Campos,6ª Câmara de Direito Privado,6,Direito Privado,29/05/2026,29/05/2026,,False,False,223,"APELAÇÃO CÍVEL. AÇÃO DE OBRIGAÇÃO DE FAZER C/C RESTITUIÇÃO DE VALORES. PLANO DE SAÚDE . PACIENTE DIAGNOSTICADO COM DEPRESSÃO GRAVE COM IDEAÇÃO SUICIDA. NEGATIVA DE COBERTURA DE MEDICAMENTO POR NÃO PREENCHIMENTO DE DUT DA ANS. INADMISSIBILIDADE. PACIENTE QUE NECESSITA DO TRATAMENTO PARA MELHORA DE SUA SAÚDE. PREENCHIMENTO DOS REQUISITOS DA LEI N° 9.656/98 COM A ALTERAÇÃO DADA PELA LEI N° 14.454/2022. OBRIGAÇÃO DE CUSTEIO E REEMBOLSO. PROVA DE PAGAMENTO. NOTA FISCAL DE SERVIÇO. VALIDADE. DANOS MORAIS. NÃO CONFIGURAÇÃO. MERO INADIMPLEMENTO CONTRATUAL, SEM REPERCUSSÃO RELEVANTE NO QUADRO CLÍNICO DO BENEFICIÁRIO. RECURSOS NÃO PROVIDOS.
1. Demonstrado que o tratamento indicado ao beneficiário (Spravato cloridrato de escetamina) possui eficácia à luz da ciência da saúde baseada em evidências científicas, não pode a operadora do plano de saúde negar a cobertura, ainda que não tenham sido preenchidos os requisitos da DUT da ANS.
2. Tendo o beneficiário apresentado os documentos hábeis a comprovar a realização e a quitação do tratamento médico, como a nota fiscal, não prospera a pretensão da operadora de compeli-lo à apresentação de comprovante de pagamento, como depósito, transferência e extrato de cartão de crédito.
3. A negativa de cobertura de tratamento não tem o condão de gerar indenização por danos morais quando não demonstrado fato do qual possa ser inferida efetiva ofensa aos direitos da personalidade do paciente. Precedentes desta C. 6ª Câmara."
1000047-04.2017.8.26.0505,20573843,Apelação Cível,Serviços de Saúde,Eduardo Francisco Marcondes,Ribeirão Pires,10ª Câmara de Direito Privado,10,Direito Privado,29/05/2026,29/05/2026,,False,False,202,"DIREITO CIVIL. APELAÇÃO. RESSARCIMENTO DE DANOS. RECURSO DESPROVIDO.
I. Caso em Exame
A autora contratou serviços médicos para cirurgia corretiva de miopia em ambos os olhos, mas alega que o procedimento foi realizado apenas no olho esquerdo. Requereu a restituição de metade do valor pago, além de gratuidade da justiça e inversão do ônus da prova.
II. Questão em Discussão
2. A questão em discussão consiste em (i) verificar a falha na prestação do serviço médico e (ii) a suposta cobrança indevida pela não realização da cirurgia no olho direito.
III. Razões de Decidir
3. A prova prática confirmou a realização de retinopexia profilática em ambos os olhos e LASIK apenas no olho esquerdo, sem danos ou sequelas.
4. A responsabilidade civil exige demonstração de defeito no serviço, dano e nexo causal, o que não foi comprovado.
IV. Dispositivo e Tese
5. Recurso desprovido.
Tese de julgamento: 1. A prova pericial prevalece na ausência de elementos que a desconstituam. 2. A inversão do ônus da prova não dispensa a necessidade de base probatória mínima.
Legislação Citada:
Lei n.º 8.078/1990, art. 6.º, inc. VIII; CPC, art. 85, § 8.º e § 11, art. 98, § 3.º.
Jurisprudência Citada:
Súmula n.º 95 do TJSP."
1011046-33.2025.8.26.0344,20573521,Apelação Cível,Fornecimento de medicamentos,Eduardo Francisco Marcondes,Marília,10ª Câmara de Direito Privado,10,Direito Privado,29/05/2026,29/05/2026,,False,False,313,"DIREITO CIVIL. APELAÇÃO. PLANO DE SAÚDE . NEGATIVA DE COBERTURA . RECURSO DESPROVIDO.
I. Caso em Exame
Recurso de apelação interposto pela Unimed de Marília contra sentença que julgou procedente a ação, condenando a fornecedora a custear o medicamento Spravato para tratamento de Transtorno Depressivo Recorrente, sob pena de multa diária. O autor, beneficiário do plano, teve a cobertura negada sob alegação de ausência de previsão no rol da ANS e de uso domiciliar do medicamento.
II. Questão em Discussão
2. A questão em discussão consiste em (i) a validade da negativa de cobertura do medicamento Spravato pelo plano de saúde , sob alegação de ausência de previsão no rol da ANS e de uso domiciliar, e (ii) a necessidade de produção de prova pericial para comprovar a eficácia do medicamento e a adequação ao quadro clínico do autor.
III. Razões de Decidir
3. A preliminar de nulidade da sentença por cerceamento de defesa foi rejeitada, pois a prova documental foi considerada suficiente para a solução da controvérsia, conforme art. 355, inciso I, do CPC.
4. No mérito, a negativa de cobertura foi considerada abusiva, uma vez que o rol da ANS possui taxatividade mitigada, permitindo a cobertura de tratamentos não expressamente previstos quando há prescrição médica fundamentada e ausência de alternativa terapêutica equivalente.
IV. Dispositivo e Tese
5. Recurso desprovido.
Tese de julgamento: 1. A negativa de cobertura de medicamento prescrito para doença coberta contratualmente é abusiva quando não demonstrada a existência de alternativa terapêutica equivalente. 2. O rol da ANS não constitui óbice absoluto à cobertura de tratamento indicado para doença contratualmente coberta.
Legislação Citada:
CF/1988, art. 1º, III e IV; CPC, art. 355, I; Lei n.º 9.656/1998, art. 10, § 13.
Jurisprudência Citada:
TJSP, Apelação Cível 1008617-07.2025.8.26.0114, Rel. Schmitt Corrêa, 3ª Câmara de Direito Privado, j. 26/01/2026.
TJSP, Apelação Cível 1024541-33.2024.8.26.0554, Rel. Valeria Longobardi, Núcleo 4.0-T. I (DP1), j. 25/02/2026."
1035092-06.2024.8.26.0576,20572720,Apelação Cível,Tratamento médico-hospitalar,James Siano,São José do Rio Preto,5ª Câmara de Direito Privado,5,Direito Privado,29/05/2026,29/05/2026,,False,False,152,"AÇÃO DE OBRIGAÇÃO DE FAZER CC. INDENIZAÇÃO POR DANOS MORAIS. DIREITO CIVIL. APELAÇÃO. RECURSO PROVIDO.
I. Caso em Exame
Apelação contra decisão que julgou improcedente ação de obrigação de fazer, negando cobertura a tratamento de saúde requerido por menor. Autora busca assegurar terapia pelo método Therasuit, essencial à sua reabilitação, alegando abusividade na negativa de cobertura .
II. Questão em Discussão: determinar se a negativa de cobertura para o tratamento pelo método Therasuit, não previsto no rol da ANS, é abusiva e se deve ser garantido à autora o tratamento prescrito.
III. Razões de Decidir
A negativa de cobertura é considerada abusiva nos termos do art. 51, IV, do CDC, pois impede o acesso a tratamento necessário, comprometendo o desenvolvimento da menor. A jurisprudência do STJ admite exceções à taxatividade do rol da ANS, permitindo cobertura em casos específicos, como o presente, no qual há prescrição médica e necessidade comprovada.
Recurso provido."
1093883-04.2025.8.26.0100,20572622,Apelação Cível,Tratamento médico-hospitalar,Elcio Trujillo,São Paulo,10ª Câmara de Direito Privado,10,Direito Privado,29/05/2026,29/05/2026,,False,False,285,"DIREITO CIVIL. APELAÇÃO. PLANO DE SAÚDE . NEGATIVA DE COBERTURA PARA INTERNAÇÃO. CARÊNCIA. EMERGÊNCIA CONFIGURADA. RECURSO NÃO PROVIDO.

I. Caso em Exame
1. Apelação contra sentença que julgou a ação parcialmente procedente para condenar a ré a custear tratamento de urgência e pagar indenização por danos morais.

II. Questão em Discussão
2. A questão em discussão consiste em apurar: (i) a abusividade da negativa de cobertura durante período de carência, (ii) o dever de ressarcimento por danos morais e (iii) o valor adequado da indenização.

III. Razões de Decidir
3. O caso era de emergência, pois o quadro de bronquiolite aguda representa riscos à saúde e à vida de um bebê, e os documentos médicos são expressos neste sentido.
4. A negativa de cobertura é considerada abusiva, pois ao atendimento de emergência aplica-se o prazo máximo de carência de 24 horas, sendo inadmissível a restrição do atendimento às 12 primeiras horas.
5. O ressarcimento por danos morais é devido porque a ré causou abalo emocional. 
6. O valor da indenização está proporcional à gravidade do fato, não comportando redução.

IV. Dispositivo
7. Recurso não provido. 
Tese de julgamento: 1. A negativa de cobertura em casos de emergência é abusiva após o decurso do prazo de 24 horas da contratação. 2. A negativa de cobertura em caso de emergência configura danos morais. 3. O valor da indenização fixado na sentença é proporcional à gravidade do fato e às condições das partes.

Legislação Citada
Lei nº 9.656/98, art. 12, inciso V, ""c"".

Jurisprudência Citada
STJ, AgInt no REsp nº 1.858.967/CE, Rel. Min. João Otávio de Noronha, Quarta Turma, j. 17.04.2023; 
STJ, AgInt nos EDcl no AREsp nº 1.802.795/PR, Rel. Min. Luis Felipe Salomão, Quarta Turma, j. 23.11.2021."
1008992-50.2025.8.26.0100,20572827,Apelação Cível,Tratamento médico-hospitalar,Elcio Trujillo,São Paulo,10ª Câmara de Direito Privado,10,Direito Privado,29/05/2026,29/05/2026,,False,False,150,"DIREITO CIVIL. APELAÇÃO. PLANO DE SAÚDE . MATERIAIS CIRÚRGICOS. COBERTURA DEVIDA. RECURSO NÃO PROVIDO.

I. Caso em Exame
1. Apelação contra sentença que julgou a ação procedente para condenar a ré a suportar integralmente todos os ônus pecuniários para o procedimento cirúrgico indicado.

II. Questão em Discussão
2. A questão em discussão consiste em apurar a ocorrência de cerceamento de defesa e a licitude da negativa de cobertura de materiais cirúrgicos.

III. Razões de Decidir
3. A prova pericial foi dispensada, pois os autos contêm elementos suficientes, com prescrição médica fundamentada, cuja pertinência não foi suficientemente afastada pela junta médica.
4. A negativa da ré foi considerada abusiva, pois a junta médica não apresentou justificativa técnica plausível para a recusa dos materiais solicitados.

IV. Dispositivo e Tese
5. Recurso não provido.
Tese de julgamento: 1. A negativa de cobertura sem justificativa técnica plausível é abusiva.

Legislação Citada:
CPC, art. 472."
1003727-83.2025.8.26.0127,20811418,Apelação Cível,Tratamento Domiciliar (Home Care),Alvaro Passos,Carapicuíba,2ª Câmara de Direito Privado,2,Direito Privado,06/08/2026,06/08/2026,,False,False,111,"JULGAMENTO ANTECIPADO DA LIDE – Existência de prova suficiente para a formação da convicção do juiz – Não caracterização de cerceamento de defesa, ainda que haja pedido expresso de dilação probatória – Preliminar rejeitada – Recurso improvido.

CONTRATO – Prestação de serviços – Plano de saúde – Incidência do Código de Defesa do Consumidor, bem como da legislação civil – ""Home care"" – Expressa indicação médica – Imposição dos custos do serviço à seguradora, com insumos e equipamentos a ele inerentes – Necessidade – Internação domiciliar que é extensão da hospitalar, onde o paciente teria acesso à terapia prescrita – Inteligência, ademais, da Súmula nº 90 desta Corte – Recurso improvido."
1017240-53.2024.8.26.0451,20811374,Apelação Cível,Fornecimento de medicamentos,Alvaro Passos,Piracicaba,2ª Câmara de Direito Privado,2,Direito Privado,06/08/2026,06/08/2026,,False,False,211,"DIREITO CIVIL. APELAÇÃO. PLANO DE SAÚDE . OBRIGAÇÃO DE FAZER. RECURSO DESPROVIDO.
I. Caso em Exame
Ação de obrigação de fazer em contrato de prestação de serviços de plano de saúde , onde a sentença condenou a ré a fornecer medicamentos e suplementos necessários ao tratamento de falência intestinal crônica secundária a megacólon congênito, conforme prescrição médica.
II. Questão em Discussão 2. A questão em discussão consiste em (i) verificar a legalidade da negativa de cobertura dos medicamentos e suplementos prescritos, não previstos no rol da ANS; (ii) avaliar a responsabilidade da operadora por não fornecer os insumos necessários ao tratamento do autor.
III. Razões de Decidir 3. A negativa de cobertura dos medicamentos e suplementos prescritos é considerada abusiva quando a doença está coberta pelo contrato, e a prescrição médica é fundamentada. 4. A recusa de cobertura de medicamentos e suplementos prescritos é abusiva e gera responsabilidade da operadora, conforme entendimento consolidado na jurisprudência.
IV. Dispositivo e Tese 5. Recurso desprovido. Tese de julgamento:
É abusiva a negativa de cobertura de medicamentos e suplementos prescritos quando a doença está coberta pelo contrato e o autor, menor, está em home care. A recusa de cobertura de medicamentos e suplementos prescritos gera responsabilidade da operadora por violar o direito fundamental à saúde."
1007357-96.2025.8.26.0047,20811391,Apelação Cível,Tratamento médico-hospitalar,Alvaro Passos,Assis,2ª Câmara de Direito Privado,2,Direito Privado,06/08/2026,06/08/2026,,False,False,215,"Direito Civil. Apelação. Contratos. RECURSO IMPROVIDO.
I. Caso em Exame
Recurso de apelação interposto contra sentença que julgou parcialmente procedente ação de obrigação de fazer em contrato de prestação de serviços de plano de saúde . A sentença declarou cabível a cobrança de coparticipação no tratamento da paciente, mas reconheceu como indevida a forma de cobrança pela requerida, determinando adequação e devolução de valores cobrados em excesso.
II. Questão em Discussão
2. A questão em discussão consiste em determinar a legitimidade da cobrança de coparticipação nos tratamentos multidisciplinares realizados pela apelada, conforme previsto no contrato, e a limitação dessa cobrança a 50% da mensalidade, conforme entendimento recente do STJ.
III. Razões de Decidir
3. A tese da apelante é afastada pelos Tribunais, pois ao abranger determinada moléstia no contrato, a seguradora não pode definir o meio de tratamento, devendo cobrir todas as medidas necessárias para minimizar ou eliminar a doença.
4. A cobrança de coparticipação afasta a fruição do contrato e se caracteriza como abusiva, sendo contrária à legislação consumerista. 
IV. Dispositivo e Tese
5. Recurso desprovido.
Tese de julgamento: 1. A cobrança de coparticipação deve respeitar os limites estabelecidos pela ANS e não pode inviabilizar o tratamento. 2. A cláusula contratual que prevê coparticipação deve ser aplicada de forma a não causar desequilíbrio contratual."
1005404-48.2024.8.26.0010,20812087,Apelação Cível,Tratamento médico-hospitalar,Eduardo Francisco Marcondes,São Paulo,10ª Câmara de Direito Privado,10,Direito Privado,06/08/2026,06/08/2026,,False,False,268,"Direito do Consumidor. Apelação. Obrigação de fazer. RECURSO DESPROVIDO.
I. Caso em Exame
Recurso de apelação interposto por N.I.S.S.A. contra sentença que julgou procedente a ação de obrigação de fazer ajuizada por T.Q.C., menor impúbere, para custeio de internação domiciliar com equipe multidisciplinar e fornecimento de medicamentos e insumos, conforme prescrição médica e prova pericial.
II. Questão em Discussão
2. A questão em discussão consiste em definir se a operadora está obrigada a custear a internação domiciliar prescrita ao autor, com enfermagem durante vinte e quatro horas, equipe multidisciplinar, medicamentos, equipamentos e insumos, ou se o quadro clínico comportaria mero atendimento domiciliar ou ambulatorial, com exclusão dos itens de uso domiciliar.
III. Razões de Decidir
3. A relação jurídica entre as partes é regida pelo Código de Defesa do Consumidor, aplicável aos contratos de plano de saúde , conforme Súmula n.º 608 do STJ.
4. A internação domiciliar substitutiva da hospitalar é modalidade de tratamento coberto, sendo abusiva a cláusula de exclusão, conforme Súmula n.º 90 deste Tribunal. A prova pericial confirmou a necessidade de internação domiciliar, com equipe habilitada e fornecimento dos itens prescritos.
IV. Dispositivo e Tese
5. Recurso desprovido. Sentença mantida.
Tese de julgamento: 1. A internação domiciliar substitutiva da hospitalar é modalidade de tratamento coberto, sendo abusiva a cláusula de exclusão. 2. A prova pericial confirmou a necessidade de internação domiciliar, com equipe habilitada e fornecimento dos itens prescritos.
Legislação Citada:
Código de Defesa do Consumidor; Lei n.º 9.656/98, art. 10, VI; Código de Processo Civil, arts. 371, 479, 85, § 11.
Jurisprudência Citada:
Súmula n.º 608 do STJ; Súmula n.º 90 deste Tribunal."
1004146-33.2025.8.26.0506,20812066,Apelação Cível,Planos de saúde,Alexandre Marcondes,Ribeirão Preto,1ª Câmara de Direito Privado,1,Direito Privado,06/08/2026,06/08/2026,,False,False,140,"DIREITO CIVIL. APELAÇÃO. PLANO DE SAÚDE . CANCELAMENTO IRREGULAR. RECURSO DESPROVIDO. 1.- Ação cominatória cumulada com indenização por danos morais julgada parcialmente procedente, declarado a nulidade do cancelamento do plano de saúde e determinada a manutenção do contrato. 2.- A questão em discussão consiste em determinar se o cancelamento do plano de saúde por inadimplência foi realizado de acordo com as disposições legais e contratuais. 3.- A rescisão do contrato não observou a notificação prévia exigida pelo art. 13, parágrafo único, II, da Lei nº 9.656/98, que determina a notificação do consumidor até o quinquagésimo dia de inadimplência. 4.- A ré não comprovou a notificação efetiva do autor sobre a inadimplência, ônus que lhe competia, conforme art. 373, II, do CPC. A continuidade do pagamento das mensalidades e a longa relação contratual evidenciam a boa-fé do autor. 5.- Recurso desprovido."
1002698-71.2022.8.26.0072,20812057,Apelação Cível,Planos de saúde,Alexandre Marcondes,Bebedouro,1ª Câmara de Direito Privado,1,Direito Privado,06/08/2026,06/08/2026,10000.0,False,False,209,"DIREITO CIVIL. APELAÇÃO. REEXAME. PLANO DE SAÚDE . HOME CARE. DANOS MORAIS. TEMA 1365 DO STJ. ACÓRDÃO MANTIDO. 1.- Ação julgada improcedente, com recurso da autora visando a condenação da operadora de plano de saúde na obrigação de dar cobertura ao atendimento domiciliar em sistema de home care, além de indenização por danos morais. Acórdão que deu parcial provimento ao recurso, determinado pelo E. STJ o reexame da matéria relativa aos danos morais indenizáveis. Acórdão que manteve a condenação da ré ao pagamento de danos morais. Novo reexame determinado à luz do Tema 1365 do STJ. 2.- A questão em discussão consiste em determinar se houve configuração de danos morais indenizáveis devido à negativa de cobertura de atendimento domiciliar pela operadora de plano de saúde , à luz do Tema 1365 do STJ. 3.- Comprovada a necessidade de atendimento domiciliar multiprofissional para a autora, conforme laudo pericial, não há dúvida razoável na interpretação do contrato pela operadora de saúde. 4.- A negativa de cobertura foi abusiva, tendo a autora ficado sem atendimento adequado por mais de um ano, contribuindo para o agravamento de seu estado geral e gerando risco de morte. Danos morais configurados, mantida a condenação da ré ao pagamento de indenização de R$ 10.000,00. 5.- Acórdão confirmado."
1012836-45.2022.8.26.0348,20811703,Apelação Cível,Tratamento médico-hospitalar,Benedito Antonio Okuno,Mauá,8ª Câmara de Direito Privado,8,Direito Privado,06/08/2026,06/08/2026,,False,False,196,"AÇÃO DE OBRIGAÇÃO DE FAZER CUMULADA COM INDENIZAÇÃO. CIRURGIA PÓS-BARIÁTRICA. Sentença de parcial procedência. Inconformismo da parte ré. Autora submetida à cirurgia bariátrica com perda ponderal expressiva, passando a apresentar excesso cutâneo em diversas regiões do corpo. Negativa de cobertura da operadora sob alegação de natureza estética do procedimento. Laudo pericial judicial que constatou, especificamente na região das coxas, flacidez cutânea associada a dermatite ativa e dermatite ocre, concluindo, de forma expressa, pela indicação de dermolipectomia com caráter reparador, em razão de processo inflamatório dermatológico decorrente do excesso de pele. Conclusão corroborada, inclusive, pelo assistente técnico da própria operadora. Tema 1.069 do C. STJ que estabelece a obrigatoriedade de cobertura das cirurgias plásticas pós-bariátricas quando presentes finalidade reparadora ou funcional. Hipótese dos autos que se enquadra na orientação vinculante. Inexistência de contradição ou insuficiência da prova técnica. Circunstância de não terem sido identificadas limitações motoras relevantes ou infecções recorrentes não afasta o caráter reparador do procedimento, diante da comprovação pericial de alterações dermatológicas diretamente relacionadas ao excesso cutâneo. Cobertura devida. Descabida a reabertura da instrução processual. Laudo pericial completo, fundamentado e conclusivo, inexistindo qualquer lacuna apta a justificar complementação da prova. Sentença mantida. RECURSO NÃO PROVIDO."
1000738-02.2025.8.26.0646,20811693,Apelação Cível,Tratamento Domiciliar (Home Care),Benedito Antonio Okuno,Urânia,8ª Câmara de Direito Privado,8,Direito Privado,06/08/2026,06/08/2026,8000.0,False,False,212,"APELAÇÃO CÍVEL. PLANO DE SAÚDE . AÇÃO DE OBRIGAÇÃO DE FAZER C.C. INDENIZAÇÃO POR DANOS MORAIS. HOME CARE. PACIENTE VÍTIMA DE GRAVE ACIDENTE DE TRÂNSITO, COM TRAUMATISMO CRANIOENCEFÁLICO GRAVE E ELEVADO GRAU DE DEPENDÊNCIA. SENTENÇA DE PROCEDÊNCIA. Pretensão da operadora de afastamento da obrigação de custeio integral do tratamento domiciliar prescrito, com limitação da cobertura de enfermagem, exclusão de insumos, dieta enteral, medicamentos e materiais correlatos, bem como afastamento da condenação por danos morais. Descabimento. Expressa indicação médica para manutenção do tratamento em regime de home care. Inadmissibilidade de substituição do critério médico por avaliação administrativa unilateral da operadora. Ausência de comprovação técnica da desnecessidade dos cuidados prescritos. Cobertura que deve abranger os insumos, materiais e terapias indispensáveis à efetiva execução do tratamento indicado. Aplicação das Súmulas 90, 95 e 96 do TJSP. Pedido subsidiário de produção de prova pericial. Inviabilidade. Apelante que, quando instada a especificar provas, expressamente informou não possuir outras provas a produzir e requereu o julgamento antecipado da lide. Inexistência de cerceamento de defesa. Danos morais configurados. Redução indevida de cobertura de tratamento essencial destinado a paciente em grave estado de saúde. Situação que extrapola o mero inadimplemento contratual. Indenização fixada em R$ 8.000,00. Valor compatível com os princípios da razoabilidade e proporcionalidade. Sentença mantida. RECURSO NÃO PROVIDO."
1024782-80.2025.8.26.0001,20811970,Apelação Cível,Fornecimento de medicamentos,Lucilia Alcione Prata,São Paulo,6ª Câmara de Direito Privado,6,Direito Privado,06/08/2026,06/08/2026,,True,False,160,"APELAÇÃO - PLANO DE SAÚDE - AÇÃO DE OBRIGAÇÃO DE FAZER CUMULADA COM INDENIZAÇÃO POR DANOS MORAIS - Insurgência da operadora - Alegação de uso off label do fármaco, ausência de previsão de cobertura obrigatória pela ANS, impossibilidade de intervenção judicial em matéria técnica regulatória e inexistência de dano moral indenizável - Negativa de cobertura indevida. - Aplicação do Código de Defesa do Consumidor aos contratos de assistência à saúde - Súmula 608 do STJ - Operadora que não pode substituir o médico assistente na escolha da terapêutica adequada ao paciente - Uso fora da bula que, por si só, não autoriza a recusa de tratamento prescrito para enfermidade coberta pelo contrato - Manutenção da obrigação de fornecimento do medicamento - Dano moral - Ausência de comprovação de agravamento do quadro clínico, interrupção do tratamento ou efetiva violação aos direitos da personalidade - Mero inadimplemento contratual que não enseja reparação extrapatrimonial automática - Sentença parcialmente reformada - RECURSO PARCIALMENTE PROVIDO"
1007387-33.2024.8.26.0576,20811939,Apelação Cível,Fornecimento de medicamentos,Lucilia Alcione Prata,São José do Rio Preto,6ª Câmara de Direito Privado,6,Direito Privado,06/08/2026,06/08/2026,,False,False,121,"APELAÇÃO – PLANO DE SAÚDE – AÇÃO DECLARATÓRIA C.C. OBRIGAÇÃO DE FAZER – BOMBA DE INFUSÃO DE INSULINA. PROCEDÊNCIA. Insurgência da operadora – Alegação de exclusão contratual e legal por se tratar de equipamento de uso domiciliar – Invocação do art. 10, VI e VII, da Lei nº 9.656/98, da revogação da Súmula 102 do TJSP e da ausência de comprovação da superioridade da tecnologia pleiteada – Descabimento – Tratamento prescrito pelo médico assistente e comprovadamente indispensável ao controle do Diabetes Mellitus Tipo 1 – Negativa de cobertura que inviabiliza o tratamento da doença coberta pelo contrato – Cláusulas restritivas que não podem esvaziar a finalidade da assistência médica – Abusividade da negativa de cobertura – Sentença mantida – RECURSO DESPROVIDO"
1001565-16.2025.8.26.0063,20811938,Apelação Cível,Fornecimento de insumos,Lucilia Alcione Prata,Barra Bonita,6ª Câmara de Direito Privado,6,Direito Privado,06/08/2026,06/08/2026,,False,False,109,"APELAÇÃO – PLANO DE SAÚDE – AÇÃO DE OBRIGAÇÃO DE FAZER – Insurgência da autora contra sentença de improcedência – Alegação de abusividade da negativa de cobertura para sensor de glicose – Sustentação de que o sensor constitui dispositivo médico indispensável ao tratamento do diabetes mellitus tipo I. Invocação do Tema Repetitivo nº 1.316 do STJ – Inaplicabilidade – Sensor de monitorização contínua de glicose que não se confunde com sistema de infusão contínua de insulina – Insumo de uso domiciliar – Incidência da exclusão prevista no art. 10, VI, da Lei nº 9.656/98 – Ausência de obrigação contratual e legal de custeio – Sentença mantida – RECURSO DESPROVIDO"
3006043-91.2026.8.26.0000,20810801,Agravo de Instrumento,Indenização por Dano Material,Eduardo Prataviera,São Paulo,5ª Câmara de Direito Público,5,Direito Público,06/08/2026,06/08/2026,,False,False,486,"AGRAVO DE INSTRUMENTO – ASSISTÊNCIA MÉDICO-HOSPITALAR – CBPM (AUTOGESTÃO) – DOR NEUROPÁTICA CRÔNICA – TUTELA DE URGÊNCIA PARA CUSTEIO DE TESTE DE NEUROESTIMULAÇÃO MEDULAR/DRG – MANUTENÇÃO – PRAZO EXÍGUO – DILAÇÃO – PARCIAL PROVIMENTO.
I. CASO EM EXAME 1. Agravo de instrumento interposto contra decisão que deferiu tutela de urgência para determinar que a Caixa Beneficente da Polícia Militar custeie, no prazo de 10 dias, teste de estimulação medular e/ou de gânglio da raiz dorsal (DRG), sob pena de multa diária. 
II. QUESTÃO EM DISCUSSÃO 2. Discute-se: (i) o conhecimento dos memoriais e documentos apresentados pelos agravados e a configuração de litigância de má-fé; (ii) a presença dos requisitos do art. 300 do CPC para manutenção da tutela de urgência; e (iii) a adequação do prazo fixado para cumprimento da obrigação. 
III. RAZÕES DE DECIDIR 3. Os agravados, após deixarem transcorrer o prazo para apresentação de contraminuta, apresentaram memoriais e documentos destinados à reiteração de controvérsia estranha aos limites objetivos deste recurso e já submetida ao Relator no Agravo de Instrumento nº 3008181-31.2026.8.26.0000. 4. A utilização de recurso com objeto distinto para provocar nova apreciação de questão anteriormente examinada, mediante apresentação seletiva de documento e omissão de elementos relevantes do contexto dos agravos. 5. A CBPM, embora estruturada sob regime de autogestão, submete-se, por analogia, às diretrizes técnicas da Lei nº 9.656/1998 e da ANS quanto à cobertura de procedimentos médicos.
6. Diretriz de Utilização nº 39 da ANS que prevê cobertura de neuroestimulação para dor crônica refratária, desde que preenchidos critérios clínicos. 7. Indicação médica fundamentada e compatível com o quadro clínico, devendo prevalecer sobre negativas administrativas genéricas, ausente demonstração de inadequação do tratamento. 8. Alegação de doença preexistente que, por si só, não afasta o dever de cobertura, ausente prova de má-fé ou exigência de exames prévios, nos termos da Súmula 609 do STJ. Presença, em princípio, da probabilidade do direito.
9. Periculum in mora configurado pela persistência de dor intensa e refratária, com impacto relevante na qualidade de vida, não obstante o caráter crônico da patologia. 11. Prazo de 10 dias para cumprimento da obrigação que se mostra exíguo. Necessidade de dilação do prazo para 30 dias, sem prejuízo da efetividade da medida.
IV. DISPOSITIVO E TESE 13. Memoriais e documentos não conhecidos. Agravados condenados, solidariamente, ao pagamento de multa por litigância de má-fé correspondente a 2% do valor corrigido da causa. Recurso parcialmente provido. Tese de julgamento: (i) A entidade de autogestão deve observar, como parâmetro técnico, as diretrizes da ANS quanto à cobertura de procedimentos; (ii) a indicação médica idônea prevalece sobre negativa administrativa genérica; (iii) a preexistência da patologia, sem prova de má-fé, não afasta o dever de cobertura; (iv) o prazo para cumprimento de tutela de urgência deve ser compatível com a complexidade da obrigação imposta.
Legislação citada: art. 300 do CPC; Lei nº 9.656/1998.
Jurisprudência citada: STJ, Súmula 609; TJSP, Apelação Cível 1024666-32.2023.8.26.0361; TJSP, Agravo de Instrumento 3005949-17.2024.8.26.0000."
1020224-86.2024.8.26.0361,20810850,Apelação Cível,Serviços Hospitalares,J.B. Paula Lima,Mogi das Cruzes,32ª Câmara de Direito Privado,32,Direito Privado,06/08/2026,06/08/2026,,False,False,112,"DIREITO DO CONSUMIDOR. APELAÇÃO. INEXIGIBILIDADE DE DÉBITO E INDENIZAÇÃO POR DANOS MORAIS. SENTENÇA DE PARCIAL PROCEDÊNCIA. RECURSO DESPROVIDO.
I. Caso em Exame
Apelação contra sentença de parcial procedência, declarando a inexigibilidade de valores cobrados indevidamente pela ré. A requerida alega a regularidade das cobranças, diante da contratação do serviço e da ciência da autora quanto à não cobertura de determinados procedimentos pelo plano de saúde .
II. Razões de Decidir
Relação jurídica consumerista, sujeita ao CDC. Cabe à ré demonstrar a relação jurídica entre as partes e a negativa de cobertura do plano de saúde em relação a determinados e serviços e procedimentos, o que não ocorreu. Jurisprudência.
III. Dispositivo
Recurso desprovido."
1020583-26.2023.8.26.0602,20811152,Apelação Cível,Tratamento médico-hospitalar,Débora Brandão,Sorocaba,6ª Câmara de Direito Privado,6,Direito Privado,05/08/2026,06/08/2026,15000.0,True,False,440,"Direito do Consumidor. Apelação cível. Plano de saúde . Negativa de cobertura de procedimento cardíaco (TAVI). Paciente idosa portadora de estenose aórtica grave. Recusa abusiva. Descumprimento prolongado de tutela de urgência. Danos morais configurados. Sentença mantida. Recurso desprovido. I. Caso em exame 1. Apelação interposta por operadora de plano de saúde contra sentença que confirmou tutela de urgência para custeio de procedimento TAVI indicado à autora, idosa acometida por estenose aórtica grave com risco de morte súbita, e a condenou ao pagamento de indenização por danos morais de R$ 15.000,00 e honorários advocatícios fixados em 10% sobre o valor da causa. II. Questão em discussão 2. Há três questões em discussão: (i) saber se a negativa de cobertura do procedimento era legítima à luz das normas da ANS e da legislação de saúde suplementar; (ii) saber se a conduta da operadora configura falha na prestação do serviço apta a justificar indenização por danos morais; e (iii) saber se os honorários advocatícios comportam redução. III. Razões de decidir 3. A relação contratual é regida pelo Código de Defesa do Consumidor, devendo prevalecer os princípios da boa-fé objetiva e da proteção da saúde do beneficiário. 4. A autora, com mais de 80 anos de idade, apresentava quadro grave, com expressa indicação médica para realização urgente do procedimento TAVI, indispensável à preservação de sua vida. 5. A negativa fundada exclusivamente em diretriz de utilização da ANS mostrou-se abusiva, sobretudo diante da comprovação da necessidade clínica do tratamento, de sua eficácia científica e da inexistência de alternativa terapêutica adequada ao caso concreto. 6. O descumprimento reiterado da tutela de urgência, por aproximadamente oito meses, mediante sucessivas justificativas administrativas, evidencia comportamento incompatível com a boa-fé contratual e agrava a ilicitude da conduta da operadora. 7. Os danos morais restaram configurados, pois a autora foi submetida a prolongada angústia e insegurança em contexto de grave risco à saúde, situação que ultrapassa o mero inadimplemento contratual. 8. A indenização fixada em R$ 15.000,00 atende aos critérios da razoabilidade e proporcionalidade. 9. Os honorários advocatícios arbitrados em 10% sobre o valor da causa observam os parâmetros do art. 85, § 2º, do CPC, inexistindo fundamento para redução ou fixação por equidade. IV. Dispositivo e tese 10. Recurso desprovido. Tese de julgamento: 1. É abusiva a negativa de cobertura de procedimento essencial à preservação da vida do beneficiário quando há expressa indicação médica e comprovação de sua necessidade e eficácia. 2. O descumprimento injustificado de tutela de urgência que determina a cobertura do tratamento reforça a falha na prestação do serviço e caracteriza dano moral indenizável. 3. Honorários advocatícios fixados dentro dos parâmetros legais não comportam redução por equidade."
1007466-82.2023.8.26.0176,20811166,Apelação Cível,Tratamento médico-hospitalar,Alexandre Lazzarini,Embu das Artes,9ª Câmara de Direito Privado,9,Direito Privado,06/08/2026,06/08/2026,,False,False,238,"DIREITO DO CONSUMIDOR. APELAÇÃO. PLANO DE SAÚDE . RESCISÃO UNILATERAL. ILEGITIMIDADE PASSIVA DA ADMINISTRADORA. TRATAMENTO. RECURSOS NÃO PROVIDOS.
I. Caso em Exame 1. A autora busca a manutenção de plano de saúde coletivo empresarial para si e sua filha, pois necessita de acompanhamento médico após cirurgia bariátrica. A requerida Hebrom não notificou o cancelamento do plano com a antecedência necessária.
II. Questão em Discussão 2. A questão em discussão consiste na licitude da rescisão unilateral do plano de saúde pelas requeridas e na obrigação de manter o plano ativo.
III. Razões de Decidir 3. A rescisão unilateral do plano de saúde sem notificação adequada é abusiva, violando o dever de informação e a boa-fé objetiva. 4. A continuidade do tratamento médico é garantida pelo Tema 1082 do STJ, que assegura assistência até a alta médica, desde que o titular arque com as mensalidades.
IV. Dispositivo e Tese 5. Recurso desprovido.
Legislação Citada: Código de Defesa do Consumidor, arts. 7º, parágrafo único, 14, caput, 25, § 1º; Lei 9.656/1998, art. 13, parágrafo único, II; Resolução CONSU nº 19, arts. 1º, 2º, 3º; Código de Processo Civil, art. 355, I, art. 487, I, art. 523, art. 85, § 2º.
Jurisprudência Citada: STJ, AgInt no AREsp n. 2.696.436/SP, Rel. Min. Raul Araújo, Quarta Turma, j. 9/12/2024; STJ, AgInt no AREsp n. 1.952.396/RJ, Rel. Min. Antonio Carlos Ferreira, Quarta Turma, j. 2/5/2022; TJSP, Apelação Cível 1007911-76.2024.8.26.0011, Rel. Daniela Cilento Morsello, j. 28/11/2024."
1028748-72.2021.8.26.0007,20811079,Apelação Cível,Planos de saúde,Alexandre Lazzarini,São Paulo,9ª Câmara de Direito Privado,9,Direito Privado,06/08/2026,06/08/2026,,True,False,209,"DIREITO DO CONSUMIDOR. APELAÇÃO. PLANO DE SAÚDE . NEGATIVA DE COBERTURA DE TRATAMENTO. DANOS MORAIS. DETERMINAÇÃO DE REAPRECIAÇÃO, NOS TERMOS DO ART. 1.030, II, DO CPC, À LUZ DO TEMA 1.365 DO C. STJ. LESÃO ANÍMICA SUPERIOR AO MERO DISSABOR INFERIDA DE OUTROS ELEMENTOS DOS AUTOS. RECURSO DO AUTOR PROVIDO.
I. Caso em Exame: 1. Determinação de reapreciação do pedido de indenização por danos morais, em caso de negativa indevida de cobertura médico-assistencial, à luz do decidido no Tema 1.365 do C. STJ, que afasta a possibilidade de condenação in re ipsa.
II. Questão em Discussão: 2. Consiste em verificar a adequação do julgamento anterior ao entendimento fixado no julgamento do Tema 1.365 do C. STJ.
III. Razões de Decidir: 3. O v. aresto recorrido não menciona o dano moral in re ipsa, destacando elementos (fatos) que permitem verificar a lesão anímica superior ao mero dissabor, justificando a condenação ao pagamento da indenização. 
4. Mantida a fundamentação da condenação ao pagamento de indenização por danos morais, com base na comprovação de lesão extrapatrimonial superior ao mero dissabor e do laudo pericial, em observância ao decidido pelo C. STJ.
IV. Dispositivo: 5. Em juízo de reapreciação, nos termos do art. 1.030, II, do CPC, dá-se provimento ao recurso do autor."
1000010-15.2025.8.26.0628,20810559,Apelação Cível,Fornecimento de medicamentos,Alvaro Passos,Cotia,2ª Câmara de Direito Privado,2,Direito Privado,06/08/2026,06/08/2026,5000.0,False,False,263,"DIREITO CIVIL. APELAÇÃO. PLANO DE SAÚDE . OBRIGAÇÃO DE FAZER. RECURSOS DESPROVIDOS.

I. Caso em Exame

Ação de obrigação de fazer em contrato de prestação de serviços de plano de saúde , onde a sentença julgou extinto o pedido de concessão de medicamento Clexane por perda superveniente do objeto e condenou a requerida ao pagamento de R$ 5.000,00 por danos morais.
II. Questão em Discussão 2. A questão em discussão consiste em (i) verificar a legalidade da negativa de cobertura do medicamento Clexane, não previsto no rol da ANS; (ii)a perda superveniente da ação; (iii) avaliar a responsabilidade da operadora por danos morais decorrentes da negativa de cobertura .

III. Razões de Decidir 3. A negativa de cobertura do medicamento Clexane é considerada abusiva quando a doença está coberta pelo contrato, e a prescrição médica é fundamentada. 4. A recusa de cobertura de medicamentos prescritos é abusiva e gera responsabilidade da operadora, conforme entendimento consolidado na jurisprudência. 

IV. Dispositivo e Tese 5. Recursos desprovidos. Tese de julgamento:

É abusiva a negativa de cobertura de medicamentos prescritos quando a doença está coberta pelo contrato.
A recusa de cobertura de medicamentos prescritos gera responsabilidade da operadora por danos morais.
Houve perda superveniente da ação, noticiada pela própria autora, antes da prolação da sentença.

Legislação Citada:

CF/1988, art. 196; CC, art. 421; CDC, arts. 6º e 51; Lei nº 9.656/98, art. 35-F; CPC, arts. 487, I, e 85, §§ 2º e 11.

Jurisprudência Citada:

STJ, Súmula 96; STJ, EREsp 1.886.929/SP; STJ, EREsp 1.889.704/SP; TJSP, Apelação Cível nº 1192697-85.2024.8.26.0100, Rel. Des. M.A. Barbosa de Freitas, j. 27.07.2025."
1006072-16.2023.8.26.0281,20810023,Apelação Cível,Serviços Hospitalares,Ana Luiza Villa Nova,Itatiba,25ª Câmara de Direito Privado,25,Direito Privado,06/08/2026,06/08/2026,,False,False,299,"APELAÇÃO – Ação de cobrança – Prestação de serviços hospitalares – Sentença de improcedência – Insurgência da autora – Preliminar de cerceamento de defesa afastada – Julgamento antecipado da lide – Prova testemunhal requerida para demonstrar supostos contatos telefônicos mantidos com familiares da paciente – Controvérsia suficientemente esclarecida pela prova documental – Ausência de prejuízo – Relação de consumo configurada – Aplicação do Código de Defesa do Consumidor – Paciente destinatária final dos serviços hospitalares – Hipossuficiência técnica e informacional dos consumidores – Inversão do ônus da prova deferida, nos termos do art. 6º, inciso VIII, do CDC – Autora que não se desincumbiu do ônus previsto no art. 373, inciso I, do CPC – Internação, procedimento cirúrgico, utilização de materiais especiais (OPME) e negativa de cobertura pelo plano de saúde incontroversos – Controvérsia restrita à demonstração de que a paciente ou seus familiares receberam informação clara, adequada e prévia acerca da ausência de cobertura contratual e da responsabilidade pelo custeio particular dos materiais – Termo de responsabilidade com cláusula genérica acerca de despesas não cobertas pelo convênio – Ausência de termo específico de ciência da negativa de cobertura , orçamento prévio, autorização para aquisição dos materiais ou documento que demonstre anuência expressa da paciente ou de seus familiares – E-mails internos que apenas comprovam a negativa da operadora, sem demonstrar comunicação ao consumidor – Tentativa de produção de prova testemunhal que decorre da inexistência de documentação contemporânea apta a comprovar o cumprimento do dever de informação – Cumprimento do dever de informação previsto no art. 6º, III, do CDC não demonstrado – Exigibilidade da cobrança não demonstrada – Alegação de enriquecimento sem causa afastada – Eventual controvérsia acerca da cobertura contratual que deve ser discutida entre hospital e operadora em via própria – Sentença mantida – Recurso desprovido."
1085156-56.2025.8.26.0100,20810391,Apelação Cível,Planos de saúde,Léa Duarte,São Paulo,Núcleo 4.0-T. IV (DP1),,,06/08/2026,06/08/2026,560.0,False,False,464,"DIREITO DO CONSUMIDOR E DIREITO À SAÚDE. APELAÇÃO CÍVEL. PLANO DE SAÚDE . DESCREDENCIAMENTO DE REDE ASSISTENCIAL. AUSÊNCIA DE COMUNICAÇÃO PRÉVIA AO BENEFICIÁRIO. INOBSERVÂNCIA DO ART. 17 DA LEI Nº 9.656/98. FALTA DE COMPROVAÇÃO DA EQUIVALÊNCIA DOS PRESTADORES SUBSTITUTOS. RESTABELECIMENTO DA REDE CREDENCIADA. RESSARCIMENTO DE DANOS MATERIAIS. RECURSO PROVIDO.
I. CASO EM EXAME
1. Apelação cível contra sentença que julgou parcialmente procedente ação de obrigação de fazer cumulada com pedido condenatório, condenando a operadora apenas ao ressarcimento de R$ 560,00. O autor requer o restabelecimento da rede credenciada, alegando descredenciamento irregular de hospitais e laboratório.
II. QUESTÃO EM DISCUSSÃO
2. Há duas questões em discussão: (i) definir se o descredenciamento da rede observou os requisitos do art. 17 da Lei nº 9.656/98; e (ii) estabelecer se é cabível o restabelecimento da rede credenciada.
III. RAZÕES DE DECIDIR
3. A relação jurídica entre as partes possui natureza consumerista, incidindo as normas do Código de Defesa do Consumidor e os princípios da boa-fé objetiva, da transparência, da confiança legítima e do equilíbrio contratual.
4. O art. 17 da Lei nº 9.656/98 condiciona a substituição de prestadores integrantes da rede credenciada à comunicação prévia aos consumidores e à Agência Nacional de Saúde Suplementar, bem como à demonstração objetiva de equivalência entre os prestadores substituídos e os substitutos.
5. A operadora não impugna especificamente a alegação de descredenciamento dos Hospitais Samaritano, Alemão Oswaldo Cruz e do Laboratório A+, nem comprova a comunicação individual ao beneficiário, a indicação dos prestadores substitutos ou a equivalência técnica, assistencial, geográfica e qualitativa exigida pela legislação.
6. Incumbe à operadora comprovar fato impeditivo, modificativo ou extintivo do direito do autor, ônus do qual não se desincumbe, nos termos do art. 373, II, do CPC.
7. A mera alegação de readequação ou ampla capilaridade da rede assistencial não supre a exigência legal de manutenção de rede equivalente nem afasta o dever de informação adequada ao consumidor.
8. A ausência de prova da comunicação prévia e da equivalência dos prestadores torna inválido o descredenciamento, impondo o restabelecimento da cobertura anteriormente disponibilizada ao beneficiário, sem prejuízo do ressarcimento das despesas comprovadamente suportadas.
IV. DISPOSITIVO E TESE
9. Recurso provido para reformar parcialmente a sentença e julgar procedentes os pedidos iniciais, condenando a ré a restabelecer a rede credenciada anteriormente disponibilizada ao autor relativamente aos Hospitais Samaritano, Alemão Oswaldo Cruz e ao Laboratório A+.
Dispositivos relevantes citados: Lei nº 9.656/1998, art. 17 e § 4º; Código de Defesa do Consumidor, arts. 6º, III, e 46; Código de Processo Civil, arts. 341, 373, II, 85, § 2º, 86, parágrafo único, e 1.026, § 2º.
Jurisprudência relevante citada: STJ, Súmula 608; STJ, REsp 1.144.840/SP, Rel. Min. Nancy Andrighi, Terceira Turma, j. 20.03.2012; TJSP, Apelação Cível nº 1089875-18.2024.8.26.0100, 5ª Câmara de Direito Privado, Rel. Des. João Batista Vilhena, j. 10.12.2025."
1101879-87.2024.8.26.0100,20809806,Apelação Cível,Planos de saúde,Salles Rossi,São Paulo,8ª Câmara de Direito Privado,8,Direito Privado,06/08/2026,06/08/2026,,False,False,152,"VOTO DO RELATOR

EMENTA - PLANO DE SAÚDE – AÇÃO DE OBRIGAÇÃO DE FAZER – Demanda ajuizada pelo viúvo do segurado, buscando compelir a seguradora ré ao pagamento das despesas em aberto junto ao hospital credenciado – Decreto de parcial procedência – Insurgência de ambas as partes – Afastamento - Atendimento realizado em hospital integrante da rede credenciada da operadora – Cobrança posterior de despesas hospitalares e honorários médicos – Operadora não nega a realização do tratamento e internações em nosocômio credenciado – Despesas hospitalares relativas à internação, medicamentos, materiais e exames vinculados ao tratamento da enfermidade coberta que devem ser suportadas pela seguradora – Responsabilidade decorrente da própria cobertura contratada – Ausência de prova de contratação particular quanto às despesas hospitalares – Reembolso dos honorários médicos que, no entanto, deve observar os limites previstos no contrato – Elementos trazidos aos autos indicativos de contratação particular – Sentença mantida - Recursos improvidos."
1011701-16.2025.8.26.0405,20809724,Apelação Cível,Planos de saúde,Ricardo Hoffmann,Osasco,Núcleo 4.0-T. IV (DP1),,,06/08/2026,06/08/2026,,False,False,252,"DIREITO CIVIL. APELAÇÃO. AÇÃO DE COBRANÇA. DESPESAS MÉDICO-HOSPITALARES. DENUNCIAÇÃO DA LIDE. OPERADORA DE PLANO DE SAÚDE . COBERTURA DEVIDA. RECURSO NÃO PROVIDO.
I. Caso em Exame
1.Ação de cobrança ajuizada pelo Hospital e Maternidade São Luiz Osasco visando o pagamento de despesas médico-hospitalares não cobertas pela operadora VIVEST. Não controvertida a exigibilidade dos valores, o pedido principal foi julgado procedente, juntamente com a denunciação da lide, para reconhecer a obrigação de ressarcimento da operadora.
II. Questão em Discussão
2. A questão em discussão consiste em verificar se há dever de cobertura dos materiais pela operadora VIVEST.
III. Razões de Decidir
3. A negativa de cobertura pela VIVEST foi considerada abusiva, porque realizada após o procedimento de emergência, cuja cobertura tinha previsão contratual, não podendo a operadora substituir o médico na escolha do melhor tratamento ao paciente.
IV. Dispositivo e Tese
5. Recurso não provido.
Tese de julgamento: 1. A operadora de saúde deve cobrir os materiais utilizados em procedimentos médicos de emergência, cuja cobertura tenha previsão no contrato. 2. É abusiva a negativa de cobertura realizada após a realização do procedimento com base unicamente na ausência de previsão no rol da ANS. 
Legislação Citada: Código de Processo Civil, art. 487, I; art. 85, §11. Lei nº 9.656/1998, art. 35-C, art. 12. Resolução Normativa nº 465/2021 da ANS.
Jurisprudência Citada: TJSP, Apelação Cível 1034827-45.2022.8.26.0100, Rel. Angela Moreno Pacheco de Rezende Lopes, 10ª Câmara de Direito Privado, j. 28.11.2023. TJSP, Apelação Cível 1001951-43.2025.8.26.0161, Rel. Cesar Mecchi Morales, 6ª Câmara de Direito Privado, j. 08.06.2026."
1009324-67.2024.8.26.0127,20809830,Apelação Cível,Tratamento Domiciliar (Home Care),Ricardo Hoffmann,Carapicuíba,Núcleo 4.0-T. IV (DP1),,,06/08/2026,06/08/2026,,False,False,330,"DIREITO CIVIL. RECURSOS DE APELAÇÃO. PLANO DE SAÚDE . ASSISTÊNCIA DOMICILIAR. RECURSOS DESPROVIDOS.
I. Caso em Exame
1. Recursos de apelação interpostos por ambas as partes contra sentença que julgou parcialmente procedente o pedido da autora para determinar que a ré forneça atendimento domiciliar multiprofissional, conforme proposta extrajudicial da ré e conclusão do laudo pericial, afastando os pedidos de serviço de enfermagem 24h e danos morais.
II. Questão em Discussão
2. A questão em discussão consiste em verificar (i) a exigibilidade do custeio do atendimento domiciliar pelo plano de saúde ; (ii) a exigibilidade das astreintes e (iii) a condenação a danos morais.
III. Razões de Decidir
3. A relação entre as partes é regida pelo Código de Defesa do Consumidor, aplicável aos contratos de plano de saúde .
4. A perícia médica concluiu pela necessidade de atendimento domiciliar multiprofissional, mas não de internação domiciliar com enfermagem 24 horas. 
5. A operadora já havia autorizado o PAD por liberalidade própria, que ratifica o direito da autora. 
6. Afastada a cobertura de enfermagem 24 horas, posto que não reconhecida a necessidade pela perícia técnica. 
7. Ausente recusa indevida pelo plano de saúde , não é cabível a fixação de indenização por danos morais. 
8. O fato gerador das astreintes é o descumprimento da ordem judicial e sua exigibilidade deve ser confirmada na sentença. 
IV. Dispositivo e Tese
8. Recursos desprovidos.
Tese de julgamento: 1. A cobertura do plano de assistência domiciliar foi autorizada e implementada por liberalidade do plano de saúde e deve observar a extensão da cobertura apurada no laudo pericial e confirmada pela sentença. 
Legislação Citada: Código de Processo Civil, art. 487, I; art. 85, § 11; art. 98, §§ 2º e 3º; art. 489, § 1º, IV; art. 1.025. Código de Defesa do Consumidor.
Jurisprudência Citada: STJ. Súmula 608. STJ. RECURSO ESPECIAL Nº 2169203 – MG. MINISTRO RICARDO VILLAS BÔAS CUEVA. TERCEIRA TURMA. J. 05/02/2025. STJ, AgInt no AREsp 2.633.848/SP, Rel. Min. Humberto Martins, Terceira Turma, j. 18.11.2024."
1015160-85.2023.8.26.0020,20809577,Apelação Cível,Tratamento Domiciliar (Home Care),Ricardo Hoffmann,São Paulo,Núcleo 4.0-T. IV (DP1),,,06/08/2026,06/08/2026,5000.0,True,False,610,"DIREITO DO CONSUMIDOR E PROCESSUAL CIVIL. REAPRECIAÇÃO EM JUÍZO DE RETRATAÇÃO. ART. 1.030, II, DO CPC. PLANO DE SAÚDE . HOME CARE. REDUÇÃO UNILATERAL DA ASSISTÊNCIA DOMICILIAR. DANOS MORAIS. TEMA 1.365 DO STJ. DISTINGUISHING. MANUTENÇÃO DO ACÓRDÃO.
I. CASO EM EXAME
Reapreciação, em juízo de retratação, nos termos do art. 1.030, II, do CPC, de acórdão que negou provimento à apelação interposta por operadora de plano de saúde em ação de obrigação de fazer cumulada com indenização por danos morais. A autora postulou a manutenção integral do tratamento em regime de home care e reparação moral em razão da redução unilateral da assistência domiciliar. A sentença julgou parcialmente procedentes os pedidos, determinando a manutenção do tratamento conforme prescrição médica e condenando a ré ao pagamento de indenização por danos morais de R$ 5.000,00. Após a afetação e julgamento do Tema 1.365 pelo STJ, os autos retornaram para verificação da necessidade de retratação quanto à condenação por danos morais.
II. QUESTÃO EM DISCUSSÃO
Há duas questões em discussão: (i) definir se o acórdão recorrido permanece compatível com a tese firmada pelo Superior Tribunal de Justiça no Tema 1.365 acerca da inexistência de dano moral in re ipsa em hipóteses de recusa indevida de cobertura médico-assistencial; e (ii) estabelecer se as circunstâncias específicas do caso concreto justificam a manutenção da condenação por danos morais mediante aplicação da técnica do distinguishing.
III. RAZÕES DE DECIDIR
1. O Tema 1.365 do STJ afasta a presunção automática de dano moral nas hipóteses de simples recusa indevida de cobertura médico-assistencial, exigindo a demonstração de elementos concretos capazes de evidenciar alteração anímica que ultrapasse o mero dissabor.
2. O caso concreto não se limita à simples negativa de cobertura , pois a operadora promove sucessivas reduções da assistência domiciliar, restringe profissionais e carga horária e insiste reiteradamente na obtenção de assinatura eletrônica da beneficiária para formalizar a redução do tratamento.
3. A prova médica demonstra que a autora sofreu AVC, apresenta grave comprometimento funcional e necessita de acompanhamento multiprofissional contínuo, circunstância agravada pela progressiva piora do quadro clínico, o que exigiu a concessão de tutelas de urgência para assegurar a manutenção do home care.
4. A falha na prestação do serviço ocorre em contexto de extrema vulnerabilidade da paciente, comprometendo sua segurança, sua integridade física e sua estabilidade emocional, circunstâncias que evidenciam efetivo abalo moral e afastam a caracterização de mero inadimplemento contratual.
5. As particularidades fáticas do caso enquadram-se precisamente na ressalva prevista na tese repetitiva do STJ, autorizando a distinção (distinguishing) e preservando a compatibilidade do acórdão recorrido com o precedente vinculante.
IV. DISPOSITIVO E TESE
Acórdão mantido. Juízo de retratação não exercido.
Tese de julgamento:
1. A tese firmada no Tema 1.365 do STJ não impede o reconhecimento de dano moral quando a recusa ou restrição de cobertura estiver acompanhada de circunstâncias concretas que demonstrem efetivo abalo à esfera extrapatrimonial do beneficiário.
2. A redução progressiva e injustificada da assistência em home care, em contexto de agravamento do estado de saúde e de extrema vulnerabilidade do paciente, configura elemento apto a caracterizar dano moral indenizável.
3. A técnica do distinguishing é aplicável quando as peculiaridades fáticas do caso afastam a incidência da hipótese normativa examinada no precedente repetitivo.
Dispositivos relevantes citados: CPC, arts. 369, 1.009, § 1º, e 1.030, II.
Jurisprudência relevante citada: STJ, Tema Repetitivo 1.365 – Tese: ""A simples recusa indevida de cobertura médico-assistencial por operadora de plano de saúde não gera, por si só, dano moral presumido (in re ipsa), sendo imprescindível a presença de outros elementos que permitam constatar a alteração anímica da vítima em grau suficiente para ultrapassar o mero aborrecimento ou dissabor."" Rel. Min. Ricardo Villas Bôas Cueva."
1000600-22.2022.8.26.0361,20809552,Apelação Cível,Planos de saúde,Ricardo Hoffmann,Mogi das Cruzes,Núcleo 4.0-T. IV (DP1),,,06/08/2026,06/08/2026,,False,False,259,"DIREITO CIVIL. RECURSO DE APELAÇÃO. AÇÃO MONITÓRIA. PLANO DE SAÚDE . ACOLHIDA A DENUNCIAÇÃO DA LIDE. RECONHECIDA A ILEGALIDADE DA NEGATIVA DE COBERTURA DO PARTO EM REGIME DE URGÊNCIA. CONDENAÇÃO DA DENUNCIADA AO PAGAMENTO DO DÉBITO. INVERSÃO DA SUCUMBÊNCIA. RECURSO PROVIDO.
I. Caso em Exame
1. Recurso de apelação contra sentença que reconheceu a exigibilidade dos valores cobrados, acolheu a denunciação da lide, condenou a denunciante ao pagamento dos valores ao autor e a denunciada ao reembolso destes valores. 
II. Questão em Discussão
2. A questão em discussão consiste em analisar a possibilidade de condenar a operadora a realizar o pagamento diretamente ao hospital, bem como a inversão da sucumbência. 
III. Razões de Decidir
3. A relação entre as partes é regida pelo Código de Defesa do Consumidor, aplicável aos contratos de plano de saúde , conforme Súmula nº 608 do STJ.
4. A negativa de cobertura pelo plano de saúde foi considerada ilegal, devendo a denunciada ser condenada ao pagamento dos valores diretamente ao hospital, pois era dela o dever de custeio desde a origem.
5. Acolhida a denunciação da lide, são devidos honorários aos patronos do denunciante. 
IV. Dispositivo e Tese
5. Recurso provido.
Tese de julgamento: 1. Reconhecido o dever de cobertura do plano de saúde ao atendimento prestado à embargante, o pagamento deverá ser realizado pela operadora ao hospital credenciado. 2. Acolhida a denunciação da lide, são devidos honorários aos patronos do denunciante.
Legislação Citada: CDC, art. 47; Lei nº 9.656/95, art. 35-C, I e II, art. 12; CPC, art. 85, §2º, art. 98, §3º."
1008684-22.2024.8.26.0529,20809545,Apelação Cível,Planos de saúde,Ricardo Hoffmann,Santana de Parnaíba,Núcleo 4.0-T. IV (DP1),,,06/08/2026,06/08/2026,11930.38,False,False,836,"DIREITO DO CONSUMIDOR E DIREITO DA SAÚDE. APELAÇÕES CÍVEIS. PLANO DE SAÚDE . ATENDIMENTO DE URGÊNCIA EM HOSPITAL DA REDE CREDENCIADA. COBRANÇA DIRETA AO PACIENTE. TERMO DE RESPONSABILIDADE FINANCEIRA. AUSÊNCIA DE INFORMAÇÃO ADEQUADA SOBRE NEGATIVA DE COBERTURA . INEXIGIBILIDADE DE DÉBITO. CUSTEIO INTEGRAL PELA OPERADORA. RESPONSABILIDADE SOLIDÁRIA DO HOSPITAL. RECURSOS DESPROVIDOS.
I. CASO EM EXAME
Apelações cíveis interpostas por Bradesco Saúde S.A. e Sociedade Beneficente Israelita Brasileira Hospital Albert Einstein contra sentença que julgou procedente ação declaratória de inexigibilidade de débito ajuizada por beneficiários de plano de saúde , declarando inexigíveis cobranças de R$ 11.930,38 e R$ 21.000,00 decorrentes de atendimento hospitalar e acompanhamento médico prestados em contexto de urgência, bem como condenando a operadora ao pagamento dos valores diretamente aos prestadores dos serviços. A operadora sustenta ausência de autorização administrativa e limitação contratual ao reembolso, enquanto o hospital defende a validade da cobrança fundada em termo de responsabilidade financeira assinado pela paciente.
II. QUESTÃO EM DISCUSSÃO
Há 4 questões em discussão: (i) definir se a operadora de plano de saúde pode eximir-se do custeio de atendimento de urgência realizado em hospital integrante de sua rede credenciada sob alegação de ausência de autorização administrativa prévia; (ii) estabelecer se o hospital pode cobrar diretamente da paciente despesas médico-hospitalares e honorários médicos sem comprovação de ciência prévia acerca da negativa de cobertura ; (iii) determinar a validade do termo de responsabilidade financeira firmado pela paciente em contexto de urgência e vulnerabilidade; e (iv) verificar a aplicabilidade de limites contratuais de reembolso em atendimento realizado na rede credenciada da operadora.
III. RAZÕES DE DECIDIR
1. O atendimento foi realizado em situação de urgência, hipótese em que a cobertura é obrigatória nos termos do art. 35-C da Lei nº 9.656/98, não podendo a ausência de formalização administrativa afastar a responsabilidade da operadora.
2. A operadora não comprova justificativa válida para a negativa de cobertura nem se desincumbe do ônus de demonstrar fato impeditivo, modificativo ou extintivo do direito dos autores.
3. O hospital não comprova ter informado previamente à paciente eventual negativa de cobertura ou pendência de autorização, tampouco demonstra consentimento válido e informado para a assunção das despesas cobradas.
4. O dever de informação constitui obrigação essencial dos fornecedores de serviços de saúde, cuja violação compromete a validade da cobrança e caracteriza falha na prestação do serviço.
5. A assinatura de termo de responsabilidade financeira em contexto de urgência, vulnerabilidade e risco à saúde impõe vantagem excessiva ao fornecedor e afronta a boa-fé objetiva, configurando prática abusiva.
6. O consumidor que busca atendimento em hospital integrante da rede credenciada possui legítima expectativa de cobertura pelo plano de saúde , não podendo suportar os riscos decorrentes de falhas de comunicação ou controvérsias administrativas entre operadora e prestador.
7. Hospital e operadora integram a mesma cadeia de fornecimento e respondem solidariamente perante o consumidor pelos danos decorrentes da deficiência na prestação do serviço e das informações fornecidas.
8. As regras contratuais de reembolso aplicam-se apenas às hipóteses de livre escolha de prestador não credenciado, sendo abusiva sua invocação para limitar o custeio de atendimento realizado em hospital integrante da rede referenciada.
9. Eventuais pendências documentais ou administrativas entre operadora e hospital não podem ser opostas ao consumidor para justificar a transferência do ônus financeiro decorrente do tratamento médico.
IV. DISPOSITIVO E TESE
Recursos desprovidos.
Tese de julgamento:
1. O atendimento de urgência realizado em hospital integrante da rede credenciada deve ser integralmente custeado pela operadora de plano de saúde , ainda que haja alegação de ausência de autorização administrativa prévia.
2. O hospital não pode cobrar diretamente do paciente despesas médico-hospitalares decorrentes de negativa de cobertura não previamente informada e adequadamente esclarecida.
3. O termo de responsabilidade financeira firmado em contexto de urgência e vulnerabilidade do paciente é abusivo quando não precedido de informação clara acerca da ausência de cobertura e dos custos envolvidos.
4. Operadora e hospital respondem solidariamente perante o consumidor pelas falhas de informação e pela transferência indevida do risco da atividade econômica ao paciente.
5. É inaplicável a limitação contratual de reembolso quando o atendimento ocorre em prestador integrante da rede credenciada da operadora.
Dispositivos relevantes citados: Lei nº 9.656/98, art. 35-C; CDC, arts. 6º, III e VIII, 14, 25, § 1º, 51, IV e XV, § 1º, III; CPC, arts. 373, II, 85, § 11, 489, § 1º, IV, e 1.025.
Jurisprudência relevante citada: TJSP, Apelação Cível nº 1006081-73.2024.8.26.0529, acórdão de fls. 465/471; TJSP, Apelação Cível nº 1008161-81.2025.8.26.0009, Rel. Des. Marcia Rezende Barbosa de Oliveira, j. 26.05.2026; TJSP, Apelação Cível nº 1022681-30.2025.8.26.0564, Rel. Des. Fabiana Calil Canfour de Almeida, j. 19.05.2026; TJSP, Apelação Cível nº 1182544-90.2024.8.26.0100, Rel. Des. Léa Duarte, j. 17.03.2026; TJSP, Apelação Cível nº 1000331-18.2025.8.26.0477, Rel. Des. Rosana Santiso, j. 31.10.2025; TJSP, Apelação Cível nº 1075608-07.2025.8.26.0100, Rel. Des. Swarai Cervone de Oliveira, j. 09.04.2026; TJSP, Apelação Cível nº 1072715-43.2025.8.26.0100, Rel. Des. Thomaz Carvalhaes Ferreira, j. 16.12.2025; TJSP, Apelação Cível nº 1003426-54.2025.8.26.0704, Rel. Des. Pastorelo Kfouri, j. 12.12.2025; STJ, AgInt nos EDcl no REsp 1.787.184/MG, Rel. Min. Paulo de Tarso Sanseverino, Terceira Turma, j. 23.08.2021."
1025693-16.2025.8.26.0576,20809777,Apelação Cível,Tratamento médico-hospitalar,Luiz Arcuri,São José do Rio Preto,Núcleo 4.0-T. VI (DP1),,,06/08/2026,06/08/2026,,False,False,146,"PLANO DE SAÚDE . PROSTATECTOMIA RADICAL. DISCUSSÃO SOBRE TECNOLOGIA NÃO CONSTANTE DO ROL DE COBERTURA OBRIGATÓRIA DA ANS. Exame do caso concreto. Necessidade de preenchimento dos requisitos previstos na Tese firmada no julgamento da ADI 7265 pelo STF. Ônus da prova da parte autora. Elementos trazidos aos autos que não comprovam superioridade clínica consistente da técnica robótica sobre a videolaparoscopia convencional. Sem demonstração de superioridade funcional e oncológica não pode ser acolhido pedido de reembolso de opção por técnica, realizada pelo paciente e seu médico. Ausência de elementos a demonstrar concretamente benefício clínico relevante com a utilização da técnica robótica, o que não se confunde com a simples superioridade tecnológica do método adotado. Pedido, nos termos em que formulado, improcedente. Sentença de parcial procedência reformada, para integral improcedência do pedido. Recurso do autor desprovido, sendo provido o da ré para julgar improcedentes os pedidos desta ação."
1004591-79.2025.8.26.0529,20809594,Apelação Cível,Fornecimento de medicamentos,Fernando Marcondes,Santana de Parnaíba,2ª Câmara de Direito Privado,2,Direito Privado,31/07/2026,06/08/2026,,False,False,475,"Direito do consumidor. Apelação. Plano de saúde . Fornecimento de medicamentos. Recusa injustificada. Reembolso. Recurso desprovido.

I. Caso em exame
1. Apelação interposta contra sentença que julgou procedente ação de obrigação de fazer, condenando operadora de saúde a fornecer os medicamentos Tocilizumabe e ENSPRYNG® (satralizumabe) para tratamento de Neuromielite Óptica a beneficiária, de uso contínuo e por prazo indeterminado, além de restituição de valor desembolsado por esta por aquisição de medicação. 

II. Questão em discussão
2. A questão em discussão consiste em: (i) verificar a alegada nulidade da sentença por suposta inobservância dos critérios estabelecidos pelo Supremo Tribunal Federal no julgamento da ADI nº 7.265 para cobertura de procedimento não previsto no rol da ANS; (ii) determinar a obrigatoriedade de cobertura do medicamento pelo plano de saúde , considerando sua exclusão contratual e a eficácia comprovada para o tratamento da doença do autor; e (iv) avaliar a restituição por valor desembolsado pela autora para aquisição e um dos medicamentos. 

III. Razões de decidir
3. Não se verifica nulidade da sentença, uma vez que a controvérsia foi apreciada à luz da prova documental produzida nos autos, com fundamentação suficiente e observância do dever de motivação previsto no artigo 489 do Código de Processo Civil.
4. Os medicamentos são essenciais para o tratamento da patologia a qual a apelada foi diagnosticada, conforme prescrição médica, e sua negativa de cobertura é abusiva, contrariando o direito do consumidor e o princípio da boa-fé objetiva. Precedentes. A jurisprudência do STJ e a Lei nº 14.454/2022 mitigam a taxatividade do rol da ANS, permitindo a cobertura de tratamentos não previstos, desde que haja comprovação de eficácia. A negativa de autorização e custeio do tratamento viola as expectativas legítimas do paciente.
5. O ressarcimento dos valores desembolsados decorre diretamente da recusa indevida da operadora.

IV. Dispositivo e tese
6. Recurso desprovido. 

Tese de julgamento: ""1. É abusiva a negativa de cobertura de medicamento prescrito por médico assistente, com registro na ANVISA, destinado ao tratamento de doença coberta pelo contrato, não constituindo o uso off label, por si só, fundamento idôneo para exclusão da cobertura. 2. Comprovada a necessidade clínica do tratamento e a recusa indevida da operadora, impõe-se o custeio da terapêutica indicada e o ressarcimento das despesas suportadas pelo beneficiário.""

Legislação citada: CF/1988, art. 5º, V, X, XXXVI, LXXVIII; CC, arts. 186, 187, 389, parágrafo único, 406, § 1º, § 3ºe 421; CDC, art. 51, IV; Lei nº 9.656/98, arts. 10, VI, 12, I, b e 35-F; Lei nº 14.307/22; Lei nº 14.454/22; CPC, arts. 292, VI, § 2º, 355, I, 85, § 11.

Jurisprudência citada: STJ, Súmula 608; AgInt no AREsp nº 1.683.820/SP, Rel. Ministro Paulo de Tarso Sanseverino, DJe de 10/03/2021; EREsp nº 1.886.929/SP, Rel. Ministro Luís Felipe Salomão, j. 08/06/2022; TJSP, Apelação Cível 1003863-70.2025.8.26.0001, Rel. Vitor Frederico Kümpel, j. 19/03/2026; Apelação Cível 1000445-31.2025.8.26.0032, Rel. Débora Brandão, j. 04/02/2026."
2070451-11.2026.8.26.0000,20809611,Agravo de Instrumento,Tratamento médico-hospitalar,Fernando Marcondes,São Paulo,2ª Câmara de Direito Privado,2,Direito Privado,31/07/2026,06/08/2026,,False,False,564,"DIREITO CIVIL E PROCESSUAL CIVIL. AGRAVO DE INSTRUMENTO. PLANO DE SAÚDE . TUTELA DE URGÊNCIA. COBERTURA DE PROCEDIMENTO CIRÚRGICO. INDICAÇÃO MÉDICA EXPRESSA. PROBABILIDADE DO DIREITO E PERIGO DE DANO DEMONSTRADOS. RISCO DE AGRAVAMENTO DO QUADRO CLÍNICO. MANUTENÇÃO DA DECISÃO. RECURSO DESPROVIDO.

I. CASO EM EXAME
1. Agravo de instrumento interposto contra decisão que deferiu tutela de urgência para determinar à operadora de plano de saúde a cobertura integral de procedimento cirúrgico prescrito ao agravado, conforme indicação médica, sob pena de multa.
2. A agravante sustenta a ausência dos requisitos para concessão da tutela de urgência, argumentando inexistirem probabilidade do direito e perigo de dano, bem como alegando ausência de recusa formal de cobertura e insuficiência probatória quanto aos fatos narrados pela parte autora.

II. QUESTÃO EM DISCUSSÃO
3. A questão em discussão consiste em saber se estão presentes os requisitos previstos no art. 300 do Código de Processo Civil para manutenção da tutela de urgência que determinou a cobertura do procedimento cirúrgico indicado ao agravado.

III. RAZÕES DE DECIDIR
4. Nesta fase recursal, cabe apenas a análise dos pressupostos da tutela de urgência, sendo inviável o exame aprofundado das questões de mérito ainda não apreciadas de forma exauriente pelo juízo de origem.
5. A probabilidade do direito encontra respaldo na documentação médica juntada aos autos, a qual evidencia a necessidade do procedimento cirúrgico e a progressão do quadro clínico do paciente após prolongado período de espera.
6. O relatório médico aponta agravamento da enfermidade, com intensificação dos sintomas, comprometimento neurológico progressivo e risco de sequelas permanentes, concluindo pela necessidade imediata da intervenção cirúrgica prescrita.
7. É prerrogativa do médico assistente definir o tratamento adequado à enfermidade coberta contratualmente, não competindo à operadora substituir o critério técnico do profissional responsável pelo acompanhamento do paciente.
8. A cobertura do procedimento indicado constitui consequência da própria cobertura da doença tratada, sendo abusiva a restrição de técnica ou método considerado necessário pelo profissional de saúde.
9. O perigo de dano também se encontra demonstrado, haja vista o risco concreto de agravamento irreversível do estado clínico do agravado em razão do retardamento do tratamento recomendado.
10. A demora na realização da cirurgia pode comprometer a efetividade da tutela jurisdicional e acarretar prejuízos permanentes à saúde do paciente, circunstância que justifica a manutenção da medida de urgência.
11. Eventual impacto patrimonial suportado pela operadora é passível de reversão futura, ao passo que os danos à saúde decorrentes da postergação do tratamento podem ser irreparáveis ou de difícil reparação.

IV. DISPOSITIVO E TESE
12. Recurso desprovido.

Tese de julgamento: ""1. A presença de relatório médico fundamentado evidenciando a necessidade do procedimento e o risco de agravamento do quadro clínico caracteriza a probabilidade do direito e o perigo de dano exigidos pelo art. 300 do CPC. 2. A escolha do tratamento adequado compete ao médico assistente, não à operadora de plano de saúde . 3. O risco de dano à saúde do paciente prevalece sobre eventual irreversibilidade econômica da medida.""



Dispositivos relevantes citados: CPC, art. 300; Lei nº 9.656/1998, art. 35-C; CF/1988, arts. 6º, 196 e 197.
Jurisprudência relevante citada: STJ, REsp nº 1.679.190/SP, j. 26.09.2017; STJ, AgInt no REsp nº 1.696.149/SP, Rel. Min. Maria Isabel Gallotti, 4ª Turma, j. 22.05.2018; STJ, AgInt no AREsp nº 1.198.799/SP, Rel. Min. Lázaro Guimarães, 4ª Turma, j. 17.05.2018; TJSP, Agravo de Instrumento nº 2187571-12.2025.8.26.0000, Rel. Des. Corrêa Patiño, 2ª Câmara de Direito Privado, j. 16.09.2025."
1001852-93.2025.8.26.0704,20809210,Apelação Cível,Tratamento médico-hospitalar,Ramon Mateo Júnior,São Paulo,6ª Câmara de Direito Privado,6,Direito Privado,05/08/2026,05/08/2026,,True,False,112,"APELAÇÃO. PLANO DE SAÚDE . AÇÃO DE OBRIGAÇÃO DE FAZER. EXAME PRÉ-OPERATÓRIO (ECOCARDIOGRAMA TRANSTORÁCICO TRIDIMENSIONAL). A ausência de procedimento no Rol da ANS não autoriza a negativa de cobertura , especialmente após a vigência da Lei nº 14.454/2022, quando demonstrada a eficácia técnica e a necessidade para a segurança do tratamento (gastroplastia bariátrica). Cabe ao médico assistente, e não à operadora, a definição da técnica diagnóstica indispensável para o sucesso do ato cirúrgico. A recusa de cobertura, fundada em interpretação divergente de cláusula contratual ou normas regulatórias, desprovida de risco iminente de agravamento à saúde da paciente, configura mero inadimplemento contratual, insuscetível de gerar dano moral indenizável. Sentença Mantida - Recursos Desprovidos."
1007252-91.2025.8.26.0606,20809173,Apelação Cível,Tratamento médico-hospitalar,Ramon Mateo Júnior,Suzano,6ª Câmara de Direito Privado,6,Direito Privado,05/08/2026,05/08/2026,,False,False,151,"APELAÇÃO CÍVEL - Plano de saúde - Ação de obrigação de fazer cumulada com indenização por danos morais - Negativa de cobertura de tratamento oncológico fundada em alegação de doença preexistente - Ausência de exames médicos admissionais ou de entrevista qualificada no momento da contratação - Ônus da operadora de provar de forma inequívoca o conhecimento prévio e a má-fé da segurada, nos termos da Lei nº 9.656/98 e da Súmula 609 do STJ - Realização de biópsia gástrica anterior à adesão que, isoladamente, não presume a ciência do diagnóstico oncológico pela paciente leiga, diante da terminologia técnica - Inexistência de prontuários ou relatórios clínicos que comprovem a ciência do resultado antes da contratação - Abusividade da recusa de cobertura evidenciada - Obrigação de custeio imediato do tratamento oncológico restabelecida - Danos morais afastados por se tratar de controvérsia contratual juridicamente plausível - Sentença reformada em parte - Recurso parcialmente provido."
1002424-49.2023.8.26.0177,20809170,Apelação Cível,Tratamento Domiciliar (Home Care),Ramon Mateo Júnior,Embu-Guaçu,6ª Câmara de Direito Privado,6,Direito Privado,05/08/2026,05/08/2026,,False,False,125,"APELAÇÃO CÍVEL. Plano de saúde . Direito da saúde. Ação de obrigação de fazer. Internação domiciliar (home care) de alta complexidade. Pacientes menores e incapazes. Portadores de amiotrofia espinhal tipo 1 (doença de Werdnig-Hoffmann). Laudo pericial judicial que atesta elegibilidade para tratamento domiciliar de alta complexidade com enfermagem 24 horas. Abusividade da recusa de cobertura. Incidência da Súmula 90 do TJSP e da Súmula 608 do STJ. Dever de cobertura dos tratamentos e insumos essenciais diretamente vinculados ao ato terapêutico, incluindo dieta enteral administrada por gastrostomia. Exclusão da obrigação de fornecer fraldas descartáveis e produtos de higiene pessoal. Itens de asseio diário e uso ordinário que devem ser suportados pela família. Orientação jurisprudencial consolidada deste Egrégio Tribunal. Sentença parcialmente reformada. RECURSO DE APELAÇÃO PARCIALMENTE PROVIDO."
2113401-35.2026.8.26.0000,20809192,Agravo de Instrumento,Planos de saúde,Ramon Mateo Júnior,Santos,6ª Câmara de Direito Privado,6,Direito Privado,05/08/2026,05/08/2026,5000.0,False,False,105,"Planos de saúde . Cumprimento de sentença. Tutela de urgência incidental deferida na origem. Determinação de fornecimento imediato do sistema de pressão negativa (PICO 7) e reembolso de valores adiantados. Insurgência da operadora. Paciente portador de lesão cervical severa e graves lesões por pressão (escaras). Risco iminente à vida e à integridade física. Inocorrência de mero impasse técnico. Resistência configurada pelo atraso na viabilização de insumo essencial. Multa diária fixada em R$ 5.000,00, limitada a 30 dias. Valor que se mostra compatível com o bem jurídico tutelado, a capacidade econômica da cooperativa e o grau de recusa. Natureza coercitiva e inibitória mantida. Recurso não provido."
1016919-53.2024.8.26.0019,20809025,Apelação Cível,Planos de saúde,Fernando Reverendo Vidal Akaoui,Americana,7ª Câmara de Direito Privado,7,Direito Privado,05/08/2026,05/08/2026,3000.0,False,False,210,"APELAÇÃO CÍVEL – Plano de saúde – Obrigação de fazer – Beneficiária em gestação de risco – Descredenciamento da maternidade onde realizava o pré-natal no oitavo mês de gestação – Pretensão ao custeio do parto até alta hospitalar da gestante e neonato no hospital descredenciado – Procedência do pedido – Irresignação da ré – Não acolhimento – Inobservância do art. 17, §1º, da Lei 9.656/98 – Prazo legal de 30 dias de antecedência para a comunicação da substituição do prestador não atendido – Ausência de comprovação de substituição por prestador equivalente – Custeio ou reembolso que deve ser integral e não limitado aos valores previstos em contrato – Precedente – Lei nº 11.634/2007 – Direito da gestante ao conhecimento e a vinculação à maternidade onde receberá assistência pelo SUS – Aplicação analógica – Insurgência da autora – Emenda à inicial após a citação sem a concordância da ré, que se opôs à ampliação objetiva da lide – Descabimento – Art. 329, CPC – Precedente – Honorários sucumbenciais – Causa de valor muito baixo – Fixação por apreciação equitativa em R$ 3.000,00 (três mil reais) – Tema 1076 do C. STJ – Sentença reformada apenas em relação à verba honorária – RECURSO DA RÉ DESPROVIDO. PARCIALMENTE PROVIDO O RECURSO DA AUTORA."
1020596-88.2024.8.26.0020,20808990,Apelação Cível,Tratamento médico-hospitalar,Fernando Reverendo Vidal Akaoui,São Paulo,7ª Câmara de Direito Privado,7,Direito Privado,05/08/2026,05/08/2026,,False,False,309,"APELAÇÃO CÍVEL – Plano de saúde – Obrigação de fazer cumulada com indenização por danos morais – Pretensão ao custeio de cirurgia de correção de deformidade da parede torácica anterior (pectus excavatum), junto a hospital indicado pelo médico assistente, que integra a rede assistencial da operadora – Recusa sob alegação de que o estabelecimento pleiteado não integra a rede de prestadores do plano categoria Executive contratado pelo autor – Procedência do pedido – Irresignação da ré – – Acolhimento parcial – Evidência nos autos de que o hospital prestador era credenciado ao plano de saúde e foi indicado pelo assistente por razões técnicas – Informação no site do prestador no sentido de que atende planos de saúde da operadora – Inversão do ônus da prova (art. 6º, VIII, CDC) – Verossimilhança das alegações do autor – Operadora que não logrou comprovar que o plano do autor, quando contratado anos antes da cirurgia, não contemplava o referido hospital, ou ainda que, embora contemplasse, teria havido a regular alteração da rede credenciada com o devido comunicado do descredenciamento e a substituição por prestador equivalente, ou mesmo que tivesse indicado outro hospital em sua rede credenciada apto a fazer a cirurgia, que possui certa complexidade e exige centro cirúrgico equipado adequadamente – Obrigação de custear a cirurgia no hospital Santa Catarina bem decretada – Danos morais, entretanto, não caracterizados – A recusa indevida de cobertura assistencial pela operadora não gera danos morais presumidos ou in re ipsa – Tema 1365 do C. STJ – Necessidade de demonstração da ocorrência do abalo psíquico, além do mero desgosto ou dissabor – Cirurgia eletiva – Ausência de urgência ou emergência médica (art. 35-C, da Lei nº 9.656/98) – Indenização, ademais, que não possui caráter meramente punitivo ante o comportamento reprovável da ré – Precedente – Sentença parcialmente reformada – Sucumbência recíproca – RECURSO PARCIALMENTE PROVIDO."
1011310-16.2024.8.26.0011,20809059,Apelação Cível,Serviços de Saúde,Fernando Reverendo Vidal Akaoui,São Paulo,7ª Câmara de Direito Privado,7,Direito Privado,05/08/2026,05/08/2026,,False,False,295,"APELAÇÃO CÍVEL – Responsabilidade civil – Erro médico – Indenização por danos morais – Recém-nascida que teria contraído meningite durante internação no hospital corréu – Imputação, ademais, de atraso no diagnóstico e falha na condução do tratamento no nosocômio corréu, que levou a paciente a ser internada em leito comum quando havia necessidade de cuidados intensivos, o que teria ocasionado piora do quadro – Paciente levada pelos seus genitores a outro hospital onde foi internada em UTI, vindo a se recuperar, posteriormente – Improcedência do pedido – Prova pericial que concluiu não ser possível atribuir correlação entre a internação anterior no nosocômio corréu e o quadro de meningite que acometeu a autora – Também concluiu o laudo pericial não ser possível afirmar que houve prejuízo decorrente de falha de tratamento – Irresignação da autora – Não acolhimento – Responsabilidade da operadora do plano de saúde da autora e do ente hospitalar integrante da rede assistencial que é fundada na existência de culpa na conduta técnica dos médicos prepostos vinculados ao hospital – Art. 14, §4º do CDC c/c arts. 932 e 933, do Código Civil – Precedentes – Para a caracterização da responsabilidade civil é indispensável a concorrência de três requisitos: dano patrimonial ou moral, nexo de causalidade e culpa – Precedente – Embora a concessão da alta hospitalar no primeiro atendimento tenha sido questionada pela perícia, o laudo é claro no sentido de que autora retornou ao hospital cerca de 7 horas após a alta hospitalar, sendo dado continuidade ao seu tratamento e a menor não deixou de receber a antibioticoterapia apropriada, uma vez que ao ser aberto o protocolo sepse, recebeu a dose equivalente para um dia de tratamento – Improcedência do pedido bem decretada no origem – Sentença mantida – RECURSO DESPROVIDO."
1000457-53.2023.8.26.0246,20808909,Apelação Cível,Tratamento médico-hospitalar,Fernando Reverendo Vidal Akaoui,Ilha Solteira,7ª Câmara de Direito Privado,7,Direito Privado,05/08/2026,05/08/2026,,True,False,172,"APELAÇÃO CÍVEL – Plano de Saúde – Cobertura assistencial – Obrigação de fazer cumulada com indenização por danos morais – Cirurgia pós-bariátrica – Improcedência do pedido – Inconformismo da autora – Acolhimento parcial – Prova pericial realizada após o cumprimento da tutela de urgência que reconheceu como reparadores, ao tempo da solicitação, os procedimentos de dermolipectomia abdominal, puboblastia e dermolipectomia crural com lipoaspiração complementar, qualificando-se todos os demais pleiteados como estéticos – Aplicação do Tema 1.069 do STJ – Danos morais – Não ocorrência – Ausência de ilicitude na conduta da operadora ao recusar as cirurgias que foram consideradas estéticas, conforme restou apurado ao cabo da instrução processual, cujo fornecimento não tem caráter obrigatório – Recusa, ademais, fundada em dúvida razoável sobre o alcance das obrigações contratuais, que afasta a ocorrência de danos morais – precedente do C. STJ – Ausência de dano moral presumido ou in re ipsa – Tema 1365 do C. STJ – Sentença parcialmente reformada – Sucumbência recíproca, porém em maior parte da autora – RECURSO PARCIALMENTE PROVIDO."
1053649-14.2024.8.26.0100,20808247,Apelação Cível,Tratamento Domiciliar (Home Care),Mariella Ferraz de Arruda Pollice Nogueira,São Paulo,2ª Câmara de Direito Privado,2,Direito Privado,05/08/2026,05/08/2026,,True,False,485,"DIREITO CIVIL. APELAÇÃO. PLANO DE SAÚDE DE AUTOGESTÃO. RECURSO PARCIALMENTE PROVIDO.

I. Caso em Exame
Apelação interposta por entidade de autogestão contra sentença que, em ação de obrigação de fazer cumulada com indenização, condenou a operadora ao fornecimento de assistência domiciliar conforme prescrição médica, ao pagamento de despesa hospitalar relativa ao período de 16/03/2024 a 31/03/2024 e ao pagamento de indenização por danos morais. A autora, idosa e portadora de Parkinson e Alzheimer, pleiteou cobertura de atendimento domiciliar com enfermagem por vinte e quatro horas.

II. Questão em Discussão
Há quatro questões em discussão: (i) definir a extensão da assistência domiciliar devida; (ii) verificar a responsabilidade da operadora pelo custeio da despesa hospitalar; (iii) examinar a configuração do dano moral; e (iv) estabelecer os efeitos da posterior migração dos beneficiários para outra operadora.

III. Razões de Decidir
1. A posterior migração dos beneficiários para outra operadora não afasta a legitimidade da requerida nem elimina sua responsabilidade por fatos ocorridos durante a vigência do vínculo contratual.
2. Tratando-se de plano de saúde administrado por entidade de autogestão, não se aplica o Código de Defesa do Consumidor, sem prejuízo da incidência das regras contratuais, da boa-fé objetiva e da prova produzida nos autos.
3. A perícia judicial, realizada por avaliação direta e posteriormente complementada, afastou a necessidade de internação domiciliar ou de enfermagem técnica em período integral, recomendando atendimento médico mensal, visita de enfermagem quinzenal, fisioterapia diária, fonoaudiologia três vezes por semana, acompanhamento nutricional bimestral e auxílio de enfermagem por duas horas diárias para o banho.
4. A documentação superveniente indica evolução clínica desfavorável, mas foi submetida à apreciação da perita, que manteve a conclusão de inexistência de procedimento técnico a exigir enfermagem contínua. A vulnerabilidade, a dependência para atividades ordinárias e a necessidade de supervisão não se confundem, automaticamente, com indicação de enfermagem por vinte e quatro horas.
5. A responsabilidade pela despesa hospitalar deve ser mantida, pois não foi comprovada alta médica efetiva anterior à saída hospitalar, disponibilização tempestiva de plano domiciliar compatível com o quadro clínico posterior à internação ou recusa da família a proposta concreta de desospitalização.
6. O dano moral não restou configurado, na medida em que havendo controvérsia quanto à extensão do atendimento devido em home care, superado apenas com a prova pericial, legítima o comportamento da ré de questionar o tratamento, sem que se caracterize violação aos direitos da personalidade. 

IV. Dispositivo e Tese
RECURSO PARCIALMENTE PROVIDO para delimitar a obrigação de fazer aos parâmetros fixados na perícia judicial e afastar o dano moral. 
Tese de julgamento: 1. A necessidade de auxílio permanente e de supervisão cotidiana não impõe, por si só, o custeio de enfermagem técnica em regime ininterrupto, quando a perícia judicial conclui pela suficiência de atendimento domiciliar multiprofissional e cuidador treinado. 2. A migração posterior de beneficiário para outra operadora não afasta a legitimidade da operadora anterior quanto a fatos ocorridos durante a vigência do vínculo contratual."
1020503-76.2020.8.26.0114,20808627,Apelação Cível,Tratamento médico-hospitalar,João Batista Vilhena,Campinas,5ª Câmara de Direito Privado,5,Direito Privado,05/08/2026,05/08/2026,,False,True,770,"Direito Civil e Direito do Consumidor. Apelação. Plano de saúde . Obrigação de fazer. Beneficiária menor portadora de transtorno específico misto do desenvolvimento associado à hipotonia global por mutação genética. Cobertura de tratamento multidisciplinar com métodos terapêuticos específicos. Reapreciação determinada pelo STJ à luz dos §§ 12 e 13 do art. 10 da Lei nº 9.656/98 e da ADI nº 7.265/DF. REANÁLISE FEITA. Recurso desprovido.
I. Caso em exame
1. Apelação interposta por operadora de plano de saúde contra sentença que julgou procedente ação de obrigação de fazer ajuizada por menor representada por sua genitora, para confirmar tutela antecipada e determinar o custeio de tratamento multidisciplinar prescrito, compreendendo fisioterapia, terapia ocupacional e fonoaudiologia especializada, bem como o reembolso de profissional que já acompanhava a paciente, nos limites contratuais. Em julgamento anterior, o recurso foi desprovido. Após parcial provimento de recurso especial, o Superior Tribunal de Justiça determinou o retorno dos autos para nova apreciação da matéria à luz dos §§ 12 e 13 do art. 10 da Lei nº 9.656/98 e do entendimento firmado pelo Supremo Tribunal Federal na ADI nº 7.265/DF.

II. Questão em discussão
2. Há duas questões em discussão: (i) saber se os tratamentos multidisciplinares prescritos à beneficiária, embora não expressamente previstos no rol da ANS vigente à época dos fatos, preenchem os requisitos legais para cobertura excepcional previstos nos §§ 12 e 13 do art. 10 da Lei nº 9.656/98; e (ii) saber se a operadora demonstrou a existência de alternativa terapêutica adequada, eficaz e equivalente apta a justificar a recusa de cobertura dos métodos indicados pelo médico assistente.

III. Razões de decidir
3. O rol de procedimentos e eventos em saúde da ANS constitui referência básica de cobertura obrigatória, admitindo-se, contudo, cobertura excepcional de tratamento não previsto, desde que observados os requisitos legais previstos no art. 10, § 13, da Lei nº 9.656/98, conforme reconhecido pelo Supremo Tribunal Federal na ADI nº 7.265/DF.
4. A prescrição do médico assistente, embora não seja suficiente, por si só, para impor a cobertura de procedimento não constante do rol da ANS, constitui relevante elemento probatório quando acompanhada de fundamentação clínica individualizada e vinculada às necessidades específicas do paciente.
5. No caso concreto, o laudo médico apontou a necessidade de tratamento multidisciplinar específico para menor portadora de transtornos do desenvolvimento associados à hipotonia global decorrente de mutação genética, indicando expressamente os métodos terapêuticos adequados ao seu quadro clínico e destacando os riscos decorrentes da interrupção do tratamento.
6. A operadora limitou-se a afirmar a disponibilidade de terapias convencionais abrangidas pelo rol da ANS, sem comprovar, mediante elementos técnicos idôneos, que tais procedimentos constituiriam alternativa adequada, segura e equivalente aos métodos prescritos para a condição específica da paciente.
7. Não há nos autos demonstração de rejeição expressa, pela ANS, das técnicas indicadas por ausência de eficácia ou segurança, tampouco elemento que infirme a pertinência clínica das terapias prescritas.
8. A evolução normativa da ANS, especialmente após a RN nº 539/2022, ao prestigiar a técnica ou método indicado pelo profissional assistente habilitado para pacientes com transtornos do desenvolvimento, embora não produza efeito retroativo, constitui importante elemento interpretativo acerca da adequação assistencial dos tratamentos discutidos.
9. A controvérsia não envolve medicamento experimental, produto sem registro sanitário ou tecnologia farmacológica inovadora, mas técnicas terapêuticas inseridas em especialidades tradicionalmente cobertas pelos contratos de assistência à saúde, circunstância que reforça a necessidade de análise voltada à adequação clínica concreta do tratamento.
10. Ausente demonstração de alternativa terapêutica equivalente por parte da operadora e evidenciada a relação entre os tratamentos prescritos e a enfermidade coberta pelo contrato, mostra-se ilegítima a negativa de cobertura .

IV. Dispositivo e tese
1. Recurso desprovido. Mantida a sentença. Majoração dos honorários advocatícios para 20% sobre o valor atualizado da causa, nos termos do art. 85, § 11, do Código de Processo Civil.

Tese de julgamento:
""1. A cobertura excepcional de tratamento não previsto expressamente no rol da ANS exige análise concreta dos requisitos estabelecidos nos §§ 12 e 13 do art. 10 da Lei nº 9.656/98, não sendo suficiente, por si só, a mera prescrição médica.
2. É abusiva a negativa de cobertura quando demonstrada a necessidade clínica individualizada do tratamento prescrito e a operadora não comprova a existência de alternativa terapêutica adequada, eficaz e equivalente.
3. A orientação normativa da ANS que prestigia a técnica indicada pelo profissional assistente constitui relevante elemento interpretativo para aferição da adequação assistencial do tratamento em pacientes com transtornos do desenvolvimento.""

Legislação citada: Lei nº 9.656/98, art. 10, §§ 12 e 13; Código de Processo Civil, arts. 85, § 11, e 1.030, inc. II.

Jurisprudência citada: STF, ADI nº 7.265/DF; STJ, AREsp nº 2.937.942/SP."
1007832-82.2025.8.26.0037,20808517,Apelação Cível,Tratamento médico-hospitalar,João Batista Vilhena,Araraquara,5ª Câmara de Direito Privado,5,Direito Privado,05/08/2026,05/08/2026,10000.0,True,False,601,"DIREITO CIVIL E PROCESSUAL CIVIL. APELAÇÃO. PLANO DE SAÚDE . OBRIGAÇÃO DE FAZER. TRATAMENTO DOMICILIAR (HOME CARE). COBERTURA. DANOS MORAIS. CONFIGURAÇÃO. LIMITES DA LIDE. JULGAMENTO EXTRA PETITA. OCORRÊNCIA. DECISÃO POSTERIOR À SENTENÇA QUE SE IDENTIFICA COMO INTERLOCUTÓRIA NÃO INTEGRATIVA DAQUELA. APELAÇÃO. DESCABIMENTO. RECURSO DA RÉ PARCIALMENTE PROVIDO E NÃO CONHECIDO O DO AUTOR.

I. Caso em exame
1. Trata-se de apelações interpostas contra (i) sentença que julgou parcialmente procedente ação de obrigação de fazer para condenar operadora de saúde ao custeio integral e contínuo de tratamento em regime de home care, com equipe multiprofissional, fornecimento de insumos, medicamentos, equipamentos e transporte para exames, além de indenização por danos morais de R$ 10.000,00; e (ii) decisão que indeferiu o cumprimento imediato do custeio de enfermagem domiciliar. A ré sustenta ausência de cobertura contratual e inaplicabilidade da Lei nº 9.656/98, bem como inexistência de dano moral. O autor, por sua vez, impugna a negativa de cumprimento imediato da sentença quanto à enfermagem.

II. Questão em discussão
2. Há cinco questões em discussão: (i) saber se, diante de contrato anterior à Lei nº 9.656/98, subsiste o dever de custeio de tratamento domiciliar com base no Código de Defesa do Consumidor; (ii) saber se há distinção relevante entre assistência domiciliar e internação domiciliar apta a afastar a obrigação da operadora; (iii) saber se a condenação ao custeio de transporte para exames configura julgamento extra petita; (iv) saber se a negativa de cobertura enseja danos morais e se o valor fixado comporta redução; (v) saber se é cabível apelação contra decisão que indeferiu o cumprimento imediato da sentença.

III. Razões de decidir
3. Delimitação da lide impõe a análise dos pedidos iniciais, dos quais não consta pretensão de custeio de transporte para exames.
4. Conjunto probatório demonstra que o autor, portador de doença grave (Esclerose Lateral Amiotrófica – ELA), necessita de acompanhamento multiprofissional contínuo, com suporte técnico especializado, o que torna imprescindível o tratamento domiciliar indicado.
5. Ainda que o contrato seja anterior à L. 9.656/98, subsiste a incidência do Código de Defesa do Consumidor, sendo inválidas cláusulas restritivas que esvaziem a finalidade do contrato de assistência à saúde diante da essencialidade do tratamento.
6. Tentativa de enquadrar a situação como mera assistência domiciliar não se sustenta, pois a prova evidencia necessidade de atuação técnica contínua, incompatível com cuidados leigos.
7. Condenação ao custeio do tratamento domiciliar com equipe multiprofissional, bem como ao fornecimento de equipamentos e insumos, mostra-se adequada, por corresponder ao pedido inicial e à prescrição médica.
8. Custeio de transporte para exames, contudo, não foi objeto de pedido nem consta da prescrição médica, configurando julgamento extra petita vedado pelo art. 492, do CPC.
9. Recusa de cobertura em contexto de doença grave caracteriza dano moral indenizável, não se tratando de mero inadimplemento contratual, sendo adequado o valor fixado. 
10. Recurso do autor não se dirige contra a sentença, mas contra decisão interlocutória que indeferiu o cumprimento imediato, carecendo de adequação recursal, o que impede seu conhecimento.

IV. Dispositivo e tese
11. Recurso da ré parcialmente provido. Apelo do autor não conhecido.
Tese de julgamento: ""1. É abusiva a negativa de cobertura de tratamento domiciliar essencial (home care), ainda que fundada em exclusões contratuais, quando imprescindível à preservação da saúde e da dignidade do paciente. 2. Configura julgamento extra petita a condenação por obrigação não requerida na inicial nem amparada por prescrição médica. 3. Recusa indevida de cobertura em caso de doença grave enseja dano moral indenizável. 4. Não é cabível apelação contra decisão interlocutória que disciplina os efeitos da sentença, por ausência de adequação recursal.""

Legislação citada: CDC; CPC, art. 492; L. 9.656/98."
1000607-19.2023.8.26.0348,20808424,Apelação Cível,Tratamento médico-hospitalar,João Batista Vilhena,Mauá,5ª Câmara de Direito Privado,5,Direito Privado,05/08/2026,05/08/2026,,True,False,316,"DIREITO CIVIL. APELAÇÃO. PLANO DE SAÚDE . NEGATIVA DE COBERTURA DE CIRURGIA REPARADORA. RECURSOS DESPROVIDOS.

I. Caso em Exame
1. Recursos de apelação interpostos contra sentença que julgou parcialmente procedente a ação para condenar a operadora ao custeio da dermolipectomia abdominal pós-bariátrica, reputada reparadora, afastando a cobertura dos demais procedimentos e a indenização por danos morais. A autora pretende a ampliação da cobertura e a condenação por danos morais; a ré busca a improcedência total ou, subsidiariamente, a limitação do custeio e a revisão da base de cálculo dos honorários.

II. Questão em Discussão
2. A questão em discussão consiste em definir: (i) se os procedimentos cirúrgicos pós-bariátricos não abrangidos pela sentença possuem natureza reparadora ou estética; (ii) se a negativa de cobertura enseja dano moral indenizável; e (iii) se subsiste a obrigação de custeio da dermolipectomia abdominal e a base de cálculo dos honorários sucumbenciais.

III. Razões de Decidir
3. O Superior Tribunal de Justiça reconhece cobertura obrigatória apenas para cirurgias plásticas pós-bariátricas de natureza reparadora ou funcional, não abrangendo procedimentos meramente estéticos.
4. O laudo pericial constatou indicação reparadora apenas para a dermolipectomia abdominal, em razão de excesso cutâneo associado a diástase dos retos abdominais e dermatite, atribuindo caráter estético às cirurgias de mamas, braços, coxas, dorso e flancos.
5. Ausente demonstração de lesão extrapatrimonial autônoma, a negativa de cobertura , no caso concreto, não configura dano moral indenizável. Mantida a distribuição da sucumbência e afastada a revisão pretendida quanto aos honorários.

IV. Dispositivo e Tese
6. Recursos desprovidos.
Tese de julgamento: 1. É obrigatória a cobertura de cirurgia plástica pós-bariátrica quando comprovado seu caráter reparador ou funcional. 2. Procedimentos sem demonstração de patologia secundária ou comprometimento funcional podem ser recusados quando evidenciada sua finalidade estética. 3. A negativa de cobertura , por si só, não gera dano moral indenizável.

Jurisprudência Citada:
STJ, REsp nº 1.870.834-SP, Rel. Min. Ricardo Vilas Boas Cuevas, j. 13.09.2023."
1035082-38.2023.8.26.0562,20808630,Apelação Cível,Planos de saúde,Inah de Lemos e Silva Machado,Santos,Núcleo 4.0-T. V (DP1),,,05/08/2026,05/08/2026,,True,False,81,"APELAÇÃO CÍVEL. RECURSO ESPECIAL. JUÍZO DE RETRATAÇÃO. PLANO DE SAÚDE . COBRANÇA DE MATERIAIS UTILIZADOS EM PROCEDIMENTO DURANTE INTERNAÇÃO. COBERTURA NEGADA. DANO MORAL.
Ação monitória ajuizada por nosocômio, com denunciação da lide. Insurgência da operadora denunciada, condenada ao pagamento de indenização por dano moral. Apelo parcialmente provido, afastando a condenação. Interposição de recurso especial. Reapreciação da matéria à luz do Tema 1365, do Superior Tribunal de Justiça. Negativa de cobertura não configura dano presumido. Não seria caso de retratação.
ACÓRDÃO MANTIDO."
1030321-21.2025.8.26.0100,20808591,Apelação Cível,Tratamento médico-hospitalar,Inah de Lemos e Silva Machado,São Paulo,Núcleo 4.0-T. V (DP1),,,05/08/2026,05/08/2026,,False,False,142,"APELAÇÃO CÍVEL. PLANO DE SAÚDE . OBRIGAÇÃO DE FAZER. COBERTURA DE PROCEDIMENTO CIRÚRGICO. CONTROVÉRSIA QUANTO AO FORNECIMENTO DE MATERIAIS ESPECÍFICOS INDICADOS PELO MÉDICO ASSISTENTE.
Sentença de procedência. Insurgência da operadora.
Cerceamento de defesa configurado.
Violação ao princípio da dialeticidade. Não configuração. Razões recursais atacando os fundamentos da sentença. Artigo 1.010 do Código de Processo Civil. Apelo conhecido.
Partes intimadas para especificação de provas. Requerimento expresso de produção de prova pericial pela ré. Controvérsia que não diz respeito à necessidade da cirurgia, mas à validade da recusa de fornecimento dos materiais indicados pelo médico assistente e à alegada suficiência técnica dos materiais disponibilizados pela operadora.
Questão eminentemente técnica a demandar conhecimento especializado. Julgamento antecipado da lide que impediu a adequada instrução do feito. Necessidade de realização de prova pericial.
Apelo acolhido, sentença afastada para a realização de prova pericial.
Recurso da ré provido."
1003434-73.2024.8.26.0281,20806833,Apelação Cível,Planos de saúde,Olavo Paula Leite Rocha,Itatiba,5ª Câmara de Direito Privado,5,Direito Privado,04/08/2026,05/08/2026,,True,False,439,"APELAÇÃO. PLANO DE SAÚDE . JUÍZO DE RETRATAÇÃO. NEGATIVA DE COBERTURA DE EXAME LABORATORIAL. DANO MORAL. TEMA REPETITIVO Nº 1.365 DO STJ.
I. Caso em exame
Apelação interposta por operadora de plano de saúde contra sentença que julgou procedente ação de indenização por danos materiais e morais decorrentes da recusa de cobertura do exame laboratorial Dímero-D, prescrito para investigação de trombose venosa profunda e embolia pulmonar em paciente idoso. Após o julgamento do Tema Repetitivo nº 1.365 pelo Superior Tribunal de Justiça, os autos retornaram para eventual juízo de retratação, nos termos do artigo 1.030, inciso II, do Código de Processo Civil.
II. Questão em discussão
(i) saber se a negativa de cobertura do exame era legítima à luz do Rol de Procedimentos e Eventos em Saúde da Agência Nacional de Saúde Suplementar e da respectiva Diretriz de Utilização Técnica; (ii) saber se, à luz do Tema Repetitivo nº 1.365 do Superior Tribunal de Justiça, permanecem presentes elementos concretos aptos a justificar a condenação por dano moral.
III. Razões de decidir
O exame Dímero-D integrava o Rol de Procedimentos e Eventos em Saúde da Agência Nacional de Saúde Suplementar, sendo irrelevante, para a solução da controvérsia, a discussão acerca da natureza taxativa ou exemplificativa do rol. Os documentos médicos demonstraram que a prescrição atendia às hipóteses previstas na Diretriz de Utilização Técnica pertinente, não tendo a operadora comprovado qualquer fundamento técnico idôneo para afastar a indicação do médico assistente. Embora o Tema Repetitivo nº 1.365 tenha afastado o reconhecimento automático do dano moral em hipóteses de recusa indevida de cobertura, o caso concreto evidencia circunstâncias excepcionais, consistentes na idade avançada do segurado, na suspeita de enfermidade potencialmente fatal e na necessidade de custeio imediato de exame indispensável ao diagnóstico, circunstâncias que caracterizam efetiva lesão aos direitos da personalidade.

IV. Dispositivo e tese
ACÓRDÃO MANTIDO EM JUÍZO DE RETRATAÇÃO, COM ADEQUAÇÃO DA FUNDAMENTAÇÃO. RECURSO NÃO PROVIDO.

Tese de julgamento: 1. A discussão acerca da natureza do Rol de Procedimentos e Eventos em Saúde da Agência Nacional de Saúde Suplementar é irrelevante quando o procedimento recusado integra a cobertura obrigatória e atende às Diretrizes de Utilização aplicáveis. 2. Nos termos do Tema Repetitivo nº 1.365 do Superior Tribunal de Justiça, a recusa indevida de cobertura médico-assistencial somente enseja indenização por dano moral quando demonstradas circunstâncias concretas que evidenciem efetiva lesão aos direitos da personalidade.
Dispositivos relevantes citados: CF/1988, art. 5º, XXXII; CPC, art. 1.030, II; Lei nº 9.656/1998, art. 10, § 13; CDC, arts. 6º, I, e 14.
Jurisprudência relevante citada: STJ, EREsp 1.886.929/SP e EREsp 1.889.704/SP, 2ª Seção; STJ, REsp 2.165.670/SP e REsp 2.197.574/SP, Tema Repetitivo nº 1.365, 2ª Seção."
1027969-90.2025.8.26.0100,20806562,Apelação Cível,Tratamento médico-hospitalar,Hertha Helena de Oliveira,São Paulo,2ª Câmara de Direito Privado,2,Direito Privado,05/08/2026,05/08/2026,,False,False,243,"DIREITO CIVIL. APELAÇÃO. PLANO DE SAÚDE . CIRURGIA PLÁSTICA PÓS-BARIÁTRICA. RECURSO DESPROVIDO. I. Caso em Exame. 1. Ação de obrigação de fazer em que a autora busca a condenação da ré ao custeio de procedimento para reconstrução da mama com prótese, conforme prescrição médica. A sentença julgou procedente o pedido. II. Questão em Discussão. 2. A questão em discussão consiste em determinar se a negativa de cobertura do procedimento cirúrgico pela operadora de saúde é lícita, considerando as cláusulas contratuais e o rol de procedimentos e eventos em saúde da ANS. III. Razões de Decidir. 3. A prova pericial concluiu que o procedimento cirúrgico possui caráter reparador e funcional, afastando a natureza estética da intervenção. 4. O rol da ANS não é taxativo, e a negativa de cobertura não pode prevalecer sobre a prescrição médica, que indicou a necessidade do procedimento para tratar sequelas de cirurgia bariátrica. 5. Observação das novas diretrizes do STF a respeito. IV. Dispositivo. 6. Recurso desprovido. 
 Tese de julgamento: 1. A cirurgia plástica reparadora indicada por médico assistente é de cobertura obrigatória pelos planos de saúde . 2. O rol da ANS é exemplificativo e não pode limitar o tratamento prescrito. 
 Legislação Citada: Código de Defesa do Consumidor, art. 51, IV; CPC, art. 85, §11; Resolução Normativa 465/2021; Lei 14.454/2022. 
 Jurisprudência Citada: STJ, REsp 1.870.834/SP e REsp 1.872.321/SP, Rel. Min. Ricardo Villas Bôas Cueva, j. 13.09.2023; TJSP, Apelação Cível 1036197-30.2020.8.26.0100, j. 08.07.2021; STJ, ERESP 1.886.929/SP e ERESP 1.889.704/SP."
1006754-58.2025.8.26.0003,20807030,Apelação Cível,Tratamento médico-hospitalar,Hertha Helena de Oliveira,São Paulo,2ª Câmara de Direito Privado,2,Direito Privado,05/08/2026,05/08/2026,,False,False,1011,"DIREITO DO CONSUMIDOR E PROCESSUAL CIVIL. APELAÇÃO CÍVEL. AÇÃO DE OBRIGAÇÃO DE FAZER. PLANO DE SAÚDE . PRELIMINAR DE INÉPCIA DA PETIÇÃO INICIAL. ERRO MATERIAL NA INDICAÇÃO DO PRESTADOR. AUSÊNCIA DE PREJUÍZO À DEFESA. REJEIÇÃO. BENEFICIÁRIA MENOR COM PARALISIA CEREBRAL ESPÁSTICA. TRATAMENTO COM TOXINA BOTULÍNICA. INTERRUPÇÃO DE ATENDIMENTO ANTERIORMENTE CUSTEADO. EFEITO EQUIVALENTE AO DESCREDENCIAMENTO. AUSÊNCIA DE COMUNICAÇÃO PRÉVIA E DE INDICAÇÃO DE PRESTADOR EQUIVALENTE. CONTINUIDADE DO TRATAMENTO. CUSTEIO INTEGRAL ENQUANTO NÃO OFERTADA ALTERNATIVA ADEQUADA NA REDE. REEMBOLSO LIMITADO AO CONTRATO APENAS EM CASO DE LIVRE ESCOLHA. RECURSO PARCIALMENTE PROVIDO.
I. CASO EM EXAME
1. Recurso de apelação interposto por operadora de plano de saúde contra sentença que julgou parcialmente procedente ação de obrigação de fazer e confirmou tutela antecipada destinada a assegurar a continuidade de tratamento com aplicação de toxina botulínica em beneficiária menor diagnosticada com paralisia cerebral espástica, mediante atendimento prestado pela Clínica Instituto Bem Estar Serviços Médicos. A operadora suscita inépcia da inicial, sustenta a inexistência de descredenciamento, afirma possuir rede apta ao procedimento e requer, subsidiariamente, a limitação do reembolso aos parâmetros contratuais.
II. QUESTÃO EM DISCUSSÃO
2. Há quatro questões em discussão: (i) definir se a indicação divergente do nome da clínica na petição inicial torna a demanda inepta; (ii) estabelecer se a interrupção do tratamento anteriormente custeado, em razão de suposta falta de habilitação do prestador para o procedimento específico, produz efeito equivalente ao descredenciamento; (iii) determinar se a operadora pode ser compelida a custear integralmente o tratamento fora da rede enquanto não indicar prestador equivalente, tecnicamente habilitado e apto ao atendimento domiciliar; e (iv) definir em que hipótese eventual reembolso pode ser limitado aos valores previstos no contrato.
III. RAZÕES DE DECIDIR
3. A inépcia da petição inicial exige incompatibilidade substancial entre a causa de pedir e o pedido, capaz de impedir a compreensão da controvérsia ou o exercício do direito de defesa.
4. A menção isolada a clínica diversa configura erro material quando o conjunto da postulação e dos documentos permite identificar com segurança o tratamento pretendido, a negativa atribuída à operadora e a providência jurisdicional requerida.
5. A apresentação de defesa de mérito específica demonstra que a operadora compreendeu integralmente a controvérsia e exerceu o contraditório sem prejuízo.
6. A petição inicial deve ser interpretada em seu conjunto, nos termos do art. 322, § 2º, do CPC, e eventual irregularidade formal corrigível não justifica a extinção do processo após o regular desenvolvimento da demanda.
7. O contrato de plano de saúde submete-se ao Código de Defesa do Consumidor, devendo suas cláusulas ser interpretadas de forma mais favorável à beneficiária e reputando-se abusivas as disposições que imponham desvantagem exagerada ou contrariem a boa-fé e a equidade.
8. O relatório médico comprova que a beneficiária apresenta paralisia cerebral espástica, espasticidade severa nos quatro membros, dores intensas, limitação funcional, risco de deformidades e broncoaspiração, além de necessidade de atendimento multidisciplinar e domiciliar.
9. A interrupção da aplicação de toxina botulínica anteriormente custeada pela operadora ocasionou piora significativa do quadro clínico, com aumento da rigidez, da dor e do risco de broncoaspiração.
10. A restrição superveniente do atendimento para o procedimento específico, ainda que não represente descredenciamento integral da clínica, produz efeito equivalente à exclusão do prestador da rede assistencial em relação ao tratamento da beneficiária.
11. O art. 17 da Lei nº 9.656/1998 impõe à operadora o dever de manter o prestador durante a vigência do contrato ou substituí-lo por outro equivalente, mediante comunicação prévia ao consumidor.
12. A operadora não comprovou ter informado previamente a beneficiária sobre a alteração do atendimento nem indicou prestador substituto com aptidão técnica, disponibilidade e condições assistenciais equivalentes.
13. A mera reprodução de guia médico com unidades de ortopedia e traumatologia não demonstra que os estabelecimentos estejam habilitados para aplicação de toxina botulínica nas condições prescritas nem que ofereçam atendimento domiciliar equivalente.
14. A continuidade do tratamento no prestador anteriormente utilizado deve ser assegurada enquanto a operadora não demonstrar a oferta concreta, em sua rede, de estabelecimento tecnicamente habilitado, com qualificação equivalente e apto ao atendimento domiciliar.
15. O custeio integral fora da rede decorre, no caso, da falha da operadora em assegurar continuidade assistencial adequada, e não de livre escolha da beneficiária por prestador particular.
16. A operadora pode cumprir a obrigação por prestador integrante de sua rede desde que comprove sua efetiva aptidão técnica, equivalência assistencial, disponibilidade e capacidade de realizar o tratamento nas mesmas condições prescritas.
17. O reembolso pode ser limitado aos parâmetros contratuais somente quando, após a oferta concreta de prestador adequado e equivalente na rede credenciada, a beneficiária optar voluntariamente por atendimento particular ou estranho à rede.
IV. DISPOSITIVO E TESE
17. Recurso parcialmente provido.
Tese de julgamento: 1. O erro material na indicação do prestador não torna inepta a petição inicial quando o conjunto da demanda permite compreender o pedido e assegura o pleno exercício da defesa. 2. A restrição superveniente de procedimento anteriormente custeado produz efeito equivalente ao descredenciamento quando interrompe tratamento continuado sem comunicação prévia e sem oferta de prestador equivalente. 3. A operadora deve custear integralmente o tratamento no prestador anteriormente utilizado enquanto não demonstrar a disponibilização, em sua rede, de substituto tecnicamente habilitado e assistencialmente equivalente. 4. O reembolso fica sujeito aos limites contratuais apenas quando a beneficiária, após a oferta concreta de atendimento adequado na rede credenciada, opta voluntariamente por prestador particular.
Dispositivos citados: CDC, arts. 47 e 51, IV; CPC, arts. 322, § 2º, 330, § 1º, III, e 1.026, § 2º; Lei nº 9.656/1998, arts. 1º, 12, VI, e 17; Lei nº 14.454/2022; Resolução Normativa ANS nº 566.
Jurisprudência citada: STJ, Súmula nº 608; STJ, Tema nº 1.059; STJ, EDROMS nº 18.205/SP, Min. Felix Fischer, DJ 08.05.2006; TJSP, Agravo de Instrumento nº 2074350-51.2025.8.26.0000, Rel. Des. João Batista Vilhena, 5ª Câmara de Direito Privado, j. 04.04.2025; TJSP, Apelação Cível nº 1005810-56.2024.8.26.0564, Rel. Des. Galdino Toledo Júnior, 9ª Câmara de Direito Privado, j. 16.09.2024; TJSP, Agravo de Instrumento nº 2085013-93.2024.8.26.0000, Rel. Des. James Siano, 5ª Câmara de Direito Privado, j. 04.04.2024; TJSP, Apelação Cível nº 1019381-36.2021.8.26.0100, Rel. Des. Silvério da Silva, 8ª Câmara de Direito Privado, j. 05.10.2022."
2011156-43.2026.8.26.0000,20807021,Agravo de Instrumento,Planos de saúde,Hertha Helena de Oliveira,Vargem Grande Paulista,2ª Câmara de Direito Privado,2,Direito Privado,05/08/2026,05/08/2026,,False,False,170,"Direito Civil. Agravo de Instrumento. Plano de Saúde . Desprovimento.
I. Caso em Exame
Agravo de instrumento interposto contra decisão que manteve multa fixada em cumprimento de sentença, afastando impugnação apresentada pela parte executada. A parte executada alega inexistência de descumprimento da obrigação judicial e requer afastamento ou redução das astreintes.
II. Questão em Discussão
2. A questão em discussão consiste em (i) verificar se houve descumprimento da obrigação judicial por parte da executada e (ii) avaliar a proporcionalidade das astreintes fixadas.
III. Razões de Decidir
3. A executada não demonstrou cumprimento tempestivo da obrigação, limitando-se a alegar procedimentos administrativos internos.
4. A multa cominatória visa garantir o cumprimento da obrigação judicial, sendo proporcional ao descumprimento verificado.
IV. Dispositivo e Tese
5. Recurso desprovido.
Tese de julgamento: 1. A multa cominatória deve ser mantida para assegurar o cumprimento da obrigação judicial. 2. A redução da multa exige demonstração de desproporcionalidade ou enriquecimento sem causa, não evidenciados nos autos.
Legislação Citada:
Código de Processo Civil, art. 537, § 1º; art. 497."
2127083-57.2026.8.26.0000,20807231,Agravo de Instrumento,Planos de saúde,Fabiana Calil Canfour de Almeida,São Paulo,Núcleo 4.0-T. VII (DP1),,,05/08/2026,05/08/2026,,False,False,76,"AGRAVO DE INSTRUMENTO. PLANO DE SAÚDE . TUTELA DE URGÊNCIA. INTERNAÇÃO HOSPITALAR DE IDOSA COM SUSPEITA DE NEOPLASIA GRAVE. CARÊNCIA CONTRATUAL SUPERADA PELO PRAZO MÁXIMO DE 24 HORAS PARA URGÊNCIA E EMERGÊNCIA (ART. 12, V, ""C"", E 35-C DA LEI Nº 9.656/98). INAPLICABILIDADE DA LIMITAÇÃO DE 12 HORAS A CONTRATO COM SEGMENTAÇÃO HOSPITALAR. ABUSIVIDADE DA NEGATIVA. SÚMULAS 597 DO STJ E 103 DO TJSP. REQUISITOS DO ART. 300 DO CPC PRESENTES. MULTA COMINATÓRIA PROPORCIONAL. RECURSO DESPROVIDO."
1011368-28.2024.8.26.0590,20807119,Apelação Cível,Tratamento médico-hospitalar,Fabiana Calil Canfour de Almeida,São Vicente,Núcleo 4.0-T. VII (DP1),,,05/08/2026,05/08/2026,,True,False,72,"APELAÇÃO CÍVEL. PLANO DE SAÚDE . AÇÃO DE OBRIGAÇÃO DE PAGAR CUMULADA COM INDENIZAÇÃO POR DANOS MORAIS. MENORES DIAGNOSTICADOS COM PLAGIOCEFALIA E BRAQUICEFALIA. NEGATIVA DE COBERTURA DE ÓRTESE CRANIANA. SENTENÇA DE PARCIAL PROCEDÊNCIA PARA CONDENAR AO REEMBOLSO DAS DESPESAS, AFASTANDO DANOS MORAIS. CONTROVÉRSIA ACERCA DA LICITUDE DA NEGATIVA E CONFIGURAÇÃO DE DANO MORAL. APLICAÇÃO DO TEMA 1365 DO STJ. AUSÊNCIA DE DEMONSTRAÇÃO DE ABALO ANÍMICO RELEVANTE. MANUTENÇÃO INTEGRAL DA SENTENÇA. RECURSOS DESPROVIDOS."
1009699-90.2024.8.26.0152,20805733,Apelação Cível,Tratamento médico-hospitalar,Swarai Cervone de Oliveira,Cotia,Núcleo 4.0-T. VI (DP1),,,05/08/2026,05/08/2026,,False,False,209,"DIREITO DO CONSUMIDOR. APELAÇÃO. OBRIGAÇÃO DE FAZER. RECURSO DESPROVIDO.
I. Caso em Exame
1. Recurso de apelação contra sentença que condenou as corrés à obrigação de cobrir integralmente procedimentos médicos da apelada, confirmando tutela de urgência. Corrés condenadas ao pagamento de custas e honorários advocatícios.
II. Questão em Discussão
2. A questão em discussão consiste em (i) definir se subsiste a responsabilidade solidária da apelante pela obrigação imposta na sentença, ou se a condenação deve recair exclusivamente sobre a operadora; e (ii) se, na hipótese de reconhecimento da ilegitimidade ou de ausência de causalidade, deve-se afastar a condenação da apelante ao pagamento das custas, despesas processuais e honorários advocatícios sucumbenciais.
III. Razões de Decidir
3. A negativa de cobertura em situação de emergência é abusiva, conforme legislação e jurisprudência aplicáveis, sendo a apelante parte da cadeia de fornecimento. 4. A responsabilidade solidária da apelante é mantida, pois integra a cadeia de fornecimento e a negativa de cobertura foi veiculada em seu nome, atraindo a Teoria da Aparência.
IV. Dispositivo e Tese
5. Recurso desprovido. Tese de julgamento: 1. A negativa de cobertura em situação de emergência é abusiva se ultrapassado o prazo de 24 horas. 2. A responsabilidade solidária se aplica a todos os integrantes da cadeia de fornecimento."
1015678-85.2024.8.26.0361,20806285,Apelação Cível,Tratamento médico-hospitalar,Rui Porto Dias,Mogi das Cruzes,Núcleo 4.0-T. V (DP1),,,05/08/2026,05/08/2026,,True,False,157,"APELAÇÃO CÍVEL. PLANO DE SAÚDE . CIRURGIA PLÁSTICA REPARADORA PÓS-BARIÁTRICA. OBRIGAÇÃO DE FAZER. PROCEDÊNCIA. DANOS MORAIS. AFASTAMENTO. RECURSO PARCIALMENTE PROVIDO.
I. Caso em exame:
Apelação interposta, pela parte ré, contra sentença que condenou a operadora a promover a cobertura integral dos procedimentos cirúrgicos reparadores pós-bariátricos e ao pagamento de indenização por danos morais.
II. Questões em discussão:
A questão em discussão consiste em: (i) obrigatoriedade de cobertura das cirurgias plásticas reparadoras pós-bariátricas; (ii) configuração de dano moral indenizável em razão da negativa de cobertura .
III. Razões de decidir:
A sentença deve ser mantida quanto à obrigação de fazer, pois a prova pericial confirmou o caráter reparador dos procedimentos solicitados. Tema 1069 do STJ. O inadimplemento contratual, por si só, não gera dano moral presumido. A controvérsia técnica era legítima e não houve agravamento do estado de saúde da paciente.
IV. Dispositivo:
Recurso parcialmente provido para afastar a condenação por danos morais, mantida a obrigação de fazer."
1000643-36.2025.8.26.0269,20806291,Apelação Cível,Tratamento médico-hospitalar,Rui Porto Dias,Itapetininga,Núcleo 4.0-T. V (DP1),,,05/08/2026,05/08/2026,,False,False,143,"Apelação. Plano de saúde . Ação cominatória. Sentença de procedência. Irresignação da requerida. Prescrição do medicamento ""Dupilumabe"" a paciente com dermatite atópica grave. Negativa de cobertura pela operadora, sob alegação de não preenchimento dos requisitos da DUT 65.14. Abusividade. Situação fática que justifica a realização do tratamento nos termos prescritos pelo médico. Ineficácia de tratamentos anteriores. Pertinência do medicamento confirmada em perícia médica. Obrigatoriedade de custeio pela operadora que não se restringe aos casos expressamente previstos na Diretriz de Utilização. Incidência da Lei nº 14.454/2022, que tornou obrigatória a cobertura de tratamento não previsto no rol da ANS se existir comprovação da eficácia, à luz das ciências da saúde, baseada em evidências científicas e plano terapêutico, que é o presente caso. Alegação de uso domiciliar do remédio. Não acolhimento, conforme conclusões do laudo pericial. Obrigatoriedade de custeio bem reconhecida. Sentença mantida. Recurso desprovido."
1005504-64.2025.8.26.0625,20806269,Apelação Cível,Planos de saúde,Rui Porto Dias,Taubaté,Núcleo 4.0-T. V (DP1),,,05/08/2026,05/08/2026,10000.0,True,True,217,"Apelação. Plano de saúde . Ação de obrigação de fazer c/c indenizatória. Sentença de extinção quanto à ré Unimed e de procedência quanto à ré Avamp. Irresignação da autora. Ilegitimidade passiva da corré Unimed afastada. Nome da requerida que figura na carteirinha da beneficiária. Solidariedade dos fornecedores, ante a aparência de atuação conjunta. Mérito. Autora que assinou termo de responsabilidade pelo custeio do tratamento médico de sua avó, beneficiária do plano ofertado pelas requeridas. Indevida negativa de cobertura de tratamento urgente, resultando na cobrança judicial, pelo hospital prestador, dos valores devidos diretamente da neta da paciente. Autora que pleiteou, na inicial, a condenação das rés ao custeio das despesas médicas e ao reembolso das verbas sucumbenciais desembolsadas nos autos da ação de cobrança. Inocorrência de julgamento citra petita. Magistrado a quo que observou adequadamente os termos e argumentos deduzidos na inicial. Dano moral. Indenização arbitrada em R$ 10.000,00 que não comporta majoração. Pedido de expedição de ofício ao juízo da ação de cobrança em fase de cumprimento de sentença. Não acolhimento. Determinação de levantamento de constrições que não compete a este juízo. Honorários advocatícios. Arbitramento sobre o valor da condenação (proveito econômico). Manutenção. Impossibilidade de arbitramento sobre o valor da causa. Estrita observância à ordem preferencial do art. 85, §2º, do CPC. Sentença reformada. Recurso parcialmente provido."
1011382-90.2024.8.26.0079,20806270,Apelação Cível,Tratamento médico-hospitalar,Rui Porto Dias,Botucatu,Núcleo 4.0-T. V (DP1),,,05/08/2026,05/08/2026,,True,True,154,"APELAÇÃO CÍVEL. PLANO DE SAÚDE . AÇÃO DE OBRIGAÇÃO DE FAZER C/C INDENIZAÇÃO POR DANOS MORAIS. Plano de saúde que não demonstrou a existência de rede credenciada apta ao atendimento de que a autora precisava, sendo incontroverso que não havia profissional habilitado disponível. Sentença de procedência que condenou o plano de saúde ao reembolso das despesas médicas, em sua integralidade, além de indenização pelos danos morais experimentados pela autora. Irresignação da parte ré. Parcial cabimento. A negativa de reembolso das despesas médicas, diante da ausência de rede credenciada, configura descumprimento contratual, sendo devido o reembolso integral. Dano moral, todavia, não configurado. Não se vislumbra ofensa à personalidade, mas tão somente mero dissabor em razão da interpretação de cláusula contratual, não havendo de se falar em danos morais. Condenação afastada. Irresignação da autora pedindo exclusivamente a majoração dos danos morais. Recurso prejudicado. Sentença parcialmente reformada. RECURSO DO RÉU PARCIALMENTE PROVIDO e RECURSO DA AUTORA PREJUDICADO."
1041044-36.2024.8.26.0100,20806351,Apelação Cível,Fornecimento de insumos,João Pazine Neto,São Paulo,3ª Câmara de Direito Privado,3,Direito Privado,05/08/2026,05/08/2026,,True,False,77,"Ação cominatória c/c indenização por danos materiais e morais. Plano de saúde . Reanálise determinada. Tema 1365. Negativa de cobertura ao custeio de órtese/implante necessário ao procedimento cirúrgico. Autora que sofreu uma fratura na perna, com indicação cirúrgica e necessitou colocar pinos ósseos e ""Stent"". Abusividade verificada na negativa de cobertura . Dano moral configurado e ora mantido. Julgamento anterior mantido, pelo parcial provimento do recurso, com retorno do processo à Presidência da Seção de Direito Privado."
1152810-94.2024.8.26.0100,20805096,Apelação Cível,Tratamento médico-hospitalar,Fernando Marcondes,São Paulo,2ª Câmara de Direito Privado,2,Direito Privado,04/08/2026,05/08/2026,,False,False,444,"Direito do consumidor. Apelação. Plano de saúde . Ação de obrigação de fazer c/c custeio de tratamento médico. Linfoma. Negativa de cobertura de imunoglobulina humana. Alegação de uso off label. Abusividade reconhecida. Pagamento nos limites contratuais. Honorários. Recurso desprovido.

I. Caso em exame
1. Apelação interposta contra sentença que julgou procedente ação de obrigação de fazer para condenar operadora de plano de saúde a autorização e custeio de tratamento com imunoglobulina humana prescrito a autor, bem como a pagamento de despesas médicas, sob fundamento de abusividade da negativa baseada na alegação de utilização off label do medicamento.

II. Questão em discussão
2. A questão em discussão consiste em verificar: (i) a ocorrência de cerceamento de defesa em razão do julgamento antecipado da lide sem produção de prova técnica ou consulta ao NatJus; (ii) a legitimidade da negativa de cobertura fundada na utilização off label da imunoglobulina humana; (iii) a possibilidade de limitação do custeio aos parâmetros contratuais de reembolso; e (iv) o cabimento da fixação dos honorários advocatícios por equidade.

III. Razões de decidir
3. Não há cerceamento de defesa quando a controvérsia estiver suficientemente esclarecida pela prova documental produzida, sendo lícito ao Magistrado julgar antecipadamente a demanda, nos termos do art. 355, I, do CPC. 
4. A utilização off label de medicamento regularmente registrado na ANVISA não se confunde com tratamento experimental. Havendo expressa indicação médica para enfermidade coberta pelo contrato, mostra-se abusiva a recusa de cobertura fundada exclusivamente na ausência de previsão específica em bula ou no rol da ANS.
5. Reconhecida a ilicitude da negativa, é devida a cobertura integral do tratamento indicado, inclusive das despesas comprovadamente suportadas pelo beneficiário em razão da recusa indevida da operadora. 
6. Inexistindo hipótese legal autorizadora, descabe a fixação dos honorários sucumbenciais por equidade, devendo ser observados os critérios do art. 85, §§ 2º e 3º, do CPC.

IV. Dispositivo e tese 
6. Recurso desprovido. 

Tese de julgamento: ""1. A utilização off label de medicamento regularmente registrado na ANVISA, quando amparada por expressa prescrição médica, não autoriza a negativa de cobertura por operadora de plano de saúde . 2. A consulta ao NatJus não constitui providência obrigatória nem pressuposto de validade do julgamento. 3. Reconhecida a abusividade da negativa, é devido o custeio integral do tratamento e das despesas dele decorrentes.""

Legislação citada: CDC, art. 51, § 1º, I e II e IV; CPC, arts. 85, § 11, 355, I, 370, 373, II e 1.010, II; CF/88, art. 5º, XXXV.

Jurisprudência citada: STJ, Súmula 608; Tema 1.076; AgInt no REsp n. 1.890.823/SP, Rel. Min. Antônio Carlos Ferreira, DJe de 28/4/2022; AgInt no AREsp 1.683.820/SP, Rel. Min. Paulo de Tarso Sanseverino, DJe 10/03/2021; TJSP, Súmula 95."
1201244-17.2024.8.26.0100,20805058,Apelação Cível,Tratamento médico-hospitalar,Fernando Marcondes,São Paulo,2ª Câmara de Direito Privado,2,Direito Privado,04/08/2026,05/08/2026,,False,False,356,"Direito do consumidor. Apelações. Plano de saúde . Internação. Despesas médicas. Recusa injustificada. Danos morais. Fixação com razoabilidade e proporcionalidade. Recurso do autor. Deserção. Recurso da ré parcialmente provido e recurso do autor não conhecido.

I. Caso em exame
1. Apelações interpostas contra sentença que condenou operadora de saúde a custear integralmente honorários médicos relativos a tratamento de autor e a pagamento de indenização por danos morais, determinando bloqueio de ativos de operadora de saúde via SisbaJud. 

II. Questão em discussão
2. A questão em discussão consiste em: (i) a obrigação da operadora de saúde de arcar com despesas hospitalares autorizadas; (ii) a configuração de danos morais pela recusa indevida de pagamento e a razoabilidade do valor fixado; e (iii) análise do mérito do recurso do autor, diante da ausência de complementação do valor referente ao preparo. 

III. Razões de decidir
3. A operadora deve arcar com as despesas médicas decorrentes das internações, pois os tratamentos foram realizados em hospital credenciado e autorizado.
4. Os danos morais são configurados pela recusa indevida de pagamento, causando sofrimento ao autor, devendo, no entanto, serem fixados em atendimento aos princípios da razoabilidade e proporcionalidade.
5. Em relação ao recurso do autor, a não complementação do valor referente ao preparo recursal, recolhido a menor na interposição do recurso, conforme determinado, caracteriza deserção, conforme art. 1.007, § 2º, do CPC. A ausência de complementação inviabiliza o conhecimento do recurso, conforme art. 932, III, do CPC.

IV. Dispositivo e tese 
6. Recurso da ré parcialmente provido. Recurso do autor não conhecido. 

Tese de julgamento: ""1. A operadora de saúde deve arcar com despesas hospitalares autorizadas. 2. A recusa indevida de pagamento configura danos morais, que devem ser fixados com razoabilidade e proporcionalidade. 3. A ausência de complementação do preparo recursal inviabiliza o conhecimento do recurso do autor.""

Legislação citada: CDC, arts. 4º, III, 6º, III, 14, 47 e 51, IV; CF/88, art. 5º, X e X; CPC, arts. 85, § 2º, 373, II, 932, III e 1.007, § 2º; Código Civil, arts. 186, 187 e 421; Lei nº 9.656/98, arts. 1º, 12, I e 35-C.

Jurisprudência citada: STJ, Súmula 608; Tema 1059."
1004452-75.2025.8.26.0320,20805254,Apelação Cível,Tratamento médico-hospitalar,Gilberto Franceschini,Limeira,Núcleo 4.0-T. III (DP1),,,05/08/2026,05/08/2026,21496.96,False,False,506,"APELAÇÃO CÍVEL. PLANO DE SAÚDE . CONTRATO NÃO ADAPTADO. APLICAÇÃO DO CÓDIGO DE DEFESA DO CONSUMIDOR. ABUSIVIDADE DA CLÁUSULA QUE EXCLUI ÓRTESES, PRÓTESES E MATERIAIS ESPECIAIS (OPME) INDISPENSÁVEIS AO SUCESSO DE CIRURGIAS COBERTAS (ARTROPLASTIAS DE JOELHO E OMBRO). MANUTENÇÃO INTEGRAL DO REEMBOLSO DETERMINADO E DA OBRIGAÇÃO DE FAZER SOB PENA DE MULTA COMINATÓRIA FIXADA. RECURSO DESPROVIDO.

I. CASO EM EXAME
1. Bradesco Saúde S/A interpôs recurso de apelação contra sentença que, em ação de obrigação de fazer cumulada com indenização por danos morais e materiais, condenou-lhe ao reembolso de R$ 21.496,96 referentes a despesas médico-hospitalares de cirurgia de joelho, e à obrigação de autorizar e custear cirurgia de artroplastia reversa de ombro, incluindo a prótese indicada pelo médico assistente. A sentença fixou multa diária de R$ 1.000,00, limitada a R$ 30.000,00, em caso de descumprimento, e julgou improcedente o pedido de indenização por danos morais. A ré busca a reforma da sentença, alegando que o contrato de seguro-saúde, firmado em 1995 e não adaptado à Lei nº 9.656/1998, prevê a exclusão de cobertura para próteses e órteses, e que a multa cominatória fixada é excessiva.

II. QUESTÃO EM DISCUSSÃO
2. A questão em discussão consiste em: (i) a validade e eficácia da cláusula de exclusão expressa de órteses e próteses em contrato celebrado antes da Lei nº 9.656/98 e não adaptado; (ii) a regularidade da cláusula limitativa do reembolso de honorários médicos baseada nos ""Coeficientes de Reembolso de Seguro"" e eventual violação ao dever de informação; (iii) a proporcionalidade da multa cominatória fixada em caso de descumprimento da obrigação de fazer.

III. RAZÕES DE DECIDIR
3. A cláusula de exclusão de próteses e órteses é considerada abusiva, pois desvirtua a natureza do contrato de plano de saúde ao inviabilizar o tratamento coberto. 
4. O Código de Defesa do Consumidor, aplicável aos contratos de plano de saúde , conforme Súmula 608 do STJ, impõe que cláusulas limitativas sejam interpretadas de forma mais favorável ao consumidor. 5. A sentença recorrida analisou adequadamente os fatos e o direito, concluindo que a exclusão de materiais essenciais ao sucesso de procedimentos cirúrgicos cobertos é abusiva. 
6. A Resolução Normativa nº 456 da ANS inclui a artroplastia total de joelho com implantes no rol de coberturas obrigatórias, reforçando a abusividade da exclusão contratual.

IV. DISPOSITIVO E TESE
7. Recurso desprovido.

Tese de julgamento: 1. A exclusão de cobertura para próteses essenciais ao sucesso de cirurgia coberta é abusiva e deve ser afastada. 2. A aplicação do Código de Defesa do Consumidor aos contratos de plano de saúde não adaptados à Lei nº 9.656/98 é obrigatória, garantindo a proteção do consumidor contra cláusulas abusivas.

Dispositivos relevantes citados: Código de Processo Civil, art. 487, I; art. 85, §§ 2º e 11. Código Civil, arts. 389 e 406. Código de Defesa do Consumidor, art. 51, IV. Lei nº 9.656/98.

Jurisprudência relevante citada: STF, RE nº 948634, Tema 123. TJSP, Apelação Cível 1173184-68.2023.8.26.0100, Rel. Moreira Viegas, j. 20.05.2024. TJSP, Apelação Cível 1001604-43.2023.8.26.0011, Rel. Schmitt Corrêa, j. 13.05.2024. TJSP, Apelação Cível 1004188-83.2023.8.26.0011, Rel. Alexandre Coelho, j. 24.04.2024."
1136225-64.2024.8.26.0100,20805236,Apelação Cível,Planos de saúde,Gilberto Franceschini,São Paulo,Núcleo 4.0-T. III (DP1),,,05/08/2026,05/08/2026,60575.0,False,False,578,"APELAÇÃO CÍVEL. PLANO DE SAÚDE COLETIVO EMPRESARIAL. REEMBOLSO DE DESPESAS MÉDICAS. CIRURGIA PEDIÁTRICA DE EMERGÊNCIA EM HOSPITAL DE ALTO CUSTO NÃO CREDENCIADO. LIVRE ESCOLHA DA BENEFICIÁRIA. AUSÊNCIA DE PROVA DE FALHA DA OPERADORA OU DE INDISPONIBILIDADE DE PROFISSIONAL CREDENCIADO. VALIDADE DA CLÁUSULA DE LIMITAÇÃO DE REEMBOLSO. DEVER DE INFORMAÇÃO OBSERVADO. RECURSO DESPROVIDO.

I. CASO EM EXAME
1. Apelação cível interposta pela autora contra sentença que julgou improcedente o pedido de condenação ao pagamento da diferença do reembolso efetuado em procedimento cirúrgico realizado fora da rede credenciada. 
2. A apelante pretende a reforma integral da sentença para condenar a operadora ao pagamento da diferença entre o valor total gasto no procedimento cirúrgico do seu filho (R$ 60.575,00) e o montante reembolsado pela ré (R$ 2.098,11), sob o fundamento de que houve indisponibilidade de médico credenciado e de que a cláusula de cálculo do reembolso baseada na tabela ""USND"" é abusiva e obscura. 

II. QUESTÃO EM DISCUSSÃO
3. Há duas questões em discussão: (i) saber se restou comprovada a falha da operadora por ausência de rede credenciada apta ao atendimento cirúrgico emergencial do dependente da autora; e (ii) saber se a cláusula limitativa do reembolso de honorários médicos na modalidade de livre escolha, baseada na unidade ""USND"", é abusiva por falta de transparência ou violação ao dever de informação.

III. RAZÕES DE DECIDIR
4. A relação é de consumo. Incidem os artigos 2ºe 3º do Código de Defesa do Consumidor aos contratos de plano de saúde conforme Súmula 608 do STJ. 
5. É admissível que o contrato contenha cláusulas limitativas quanto ao valor máximo do reembolso, desde que claramente previstas, dentro da liberdade contratual e da necessidade de equilíbrio financeiro da atividade, conforme art. 12, VI da Lei 9.656/98. 
6. A autora não comprovou a indisponibilidade de profissionais na rede credenciada da ré, ônus processual que lhe competia nos termos do art. 373, I, do CPC.
7. A operadora de saúde comprovou a existência de profissional credenciado apto a realizar o procedimento cirúrgico oftalmológico pediátrico.
8. A realização de cirurgia em hospital de alto custo não credenciado (Hospital Albert Einstein) por opção voluntária da beneficiária caracteriza livre escolha, o que atrai a limitação de reembolso prevista no contrato e afasta a obrigação de custeio integral pela operadora.
9. A utilização de fórmulas baseadas na Unidade de Serviço Notre Dame (USND) para o cálculo do reembolso não é abusiva. Essa prática não viola o dever de informação previsto nos arts. 6º, III, 46 e 51 do CDC, pois a consumidora tem direito de acesso à referida tabela de referência.

IV. DISPOSITIVO E TESE
10. Recurso desprovido.

Tese de julgamento: 1. É válida a cláusula contratual que limita o reembolso de despesas médicas com base em tabela própria, desde que os critérios de cálculo sejam expressamente previstos e acessíveis ao beneficiário. 2. É indevido o reembolso integral das despesas decorrentes da livre escolha de profissional ou estabelecimento não credenciado, observados os limites contratuais, salvo comprovada indisponibilidade ou falha da rede credenciada. 3. Compete ao beneficiário comprovar a indisponibilidade ou a recusa de atendimento pela rede credenciada, sendo insuficiente a mera alegação para justificar o reembolso integral.

Dispositivos relevantes citados: CDC, arts. 6º, III, 46, 51; CPC, art. 373, I; Lei nº 9.656/98, art. 12, VI.

Jurisprudência relevante citada: STJ, Súmula 608; TJSP, Apelação Cível 1068103-33.2023.8.26.0100, Rel. Inah de Lemos e Silva Machado, Núcleo 4.0-T. V, j. 29/07/2025; TJSP, Apelação Cível 1022485-20.2023.8.26.0309, Rel. Enéas Costa Garcia, 1ª Câmara de Direito Privado, j. 20/02/2026."
1014902-16.2025.8.26.0114,20805231,Apelação Cível,Tratamento médico-hospitalar,Gilberto Franceschini,Campinas,Núcleo 4.0-T. III (DP1),,,05/08/2026,05/08/2026,15000.0,True,False,551,"APELAÇÃO CÍVEL. PLANO DE SAÚDE COLETIVO POR AUTOGESTÃO. AFASTAMENTO DO CDC. INCIDÊNCIA DO CÓDIGO CIVIL E DA LEI Nº 9.656/98. NEGATIVA DE COBERTURA DE MATERIAL CIRÚRGICO ESPECIAL (""KIT DE CÂNULAS/DISCECTOMIA"") E TÉCNICA PERCUTÂNEA. REEMBOLSO INTEGRAL DEVIDO. DANO MORAL MANTIDO.

I. Caso em Exame
1. Fundação Cesp (""Vivest"") interpôs recurso de apelação contra sentença que julgou procedentes os pedidos em ação de indenização por danos materiais e morais proposta por Iracema Ferrari de Oliveira Lenitta.
2. A sentença condenou a operadora ao reembolso integral das despesas com materiais cirúrgicos particulares no montante de R$ 15.000,00, bem como ao pagamento de R$ 5.000,00 a título de indenização por danos morais, em razão da negativa indevida de cobertura de insumos para procedimento cirúrgico na coluna.

II. Questão em Discussão 
3. A questão em discussão consiste em: (i) determinar se a negativa de cobertura e custeio dos insumos prescritos (""Kit de Cânulas/Discectomia"") com base em parecer desfavorável de Junta Médica da ANS foi legítima; (ii) definir se o reembolso deve ser integral ou se deve observar os limites previstos nas tabelas do plano e regras de coparticipação; (iii) avaliar se a conduta configurou dano moral indenizável e se o quantum arbitrado comporta minoração.

III. Razões de Decidir 
4. Os planos de saúde operados na modalidade de autogestão não se submetem às disposições do Código de Defesa do Consumidor (Súmula 608 do STJ), permanecendo, contudo, vinculados aos ditames da Lei nº 9.656/98 e aos princípios da função social do contrato e da boa-fé objetiva (arts. 421 e 422 do CC). 
5. A escolha da abordagem terapêutica, bem como a definição dos insumos necessários para garantir a eficácia do ato cirúrgico, compete exclusivamente ao médico assistente que acompanha o paciente, e não à operadora de saúde. O parecer de Junta Médica não se sobrepõe à prescrição médica fundamentada (Súmula 96 do TJSP). 
6. Diante da recusa abusiva e injustificada de fornecimento do material, o reembolso das despesas suportadas de forma forçada pela paciente em ambiente particular deve ser integral, a fim de garantir a recomposição do dano civil e evitar o enriquecimento sem causa da ré. 
7. A recusa injustificada de cobertura de insumo indispensável para cirurgia de coluna de paciente idosa (86 anos), submetida a quadro de dores lombares severas, agrava a situação de aflição psicofísica, superando o mero aborrecimento e caracterizando dano moral passível de reparação. O valor de R$ 5.000,00 mostra-se razoável e proporcional.

IV. Dispositivo e Tese 
8. Recurso desprovido. 
 
Tese de julgamento: 1. A definição da melhor técnica cirúrgica e dos insumos essenciais à eficácia do tratamento compete ao médico assistente, de modo que a existência de parecer contrário de Junta Médica não legitima a negativa de cobertura da operadora de autogestão. 2. A recusa ilícita que força o custeio particular do material impõe o dever de reembolso integral. 3. A privação de insumo cirúrgico necessário ao tratamento de moléstia que causa severo sofrimento álgico a paciente idosa configura dano moral indenizável.

Dispositivos relevantes citados: CC, arts. 389, parágrafo único, 406, §1º, 421 e 422; CPC, art. 85, §§ 2º e 11; Lei nº 9.656/1998; Súmula 608 do STJ.

Jurisprudência relevante citada: TJSP, Apelação Cível 1023246-65.2024.8.26.0002, Rel. Mario Chiuvite Junior, j. 25.10.2024; TJSP, Apelação Cível 1002875-94.2022.8.26.0408, Rel. Schmitt Corrêa, j. 28.06.2024. TJSP; Apelação Cível 1000302-19.2024.8.26.0536; Rel. Antonio Carlos Santoro Filho; j. 14/08/2025."
1006945-40.2023.8.26.0079,20805218,Apelação Cível,Tratamento médico-hospitalar,JOAO JOSE CUSTODIO DA SILVEIRA,Botucatu,Núcleo 4.0-T. VII (DP1),,,05/08/2026,05/08/2026,,True,False,205,"APELAÇÃO CÍVEL. PLANO DE SAÚDE . REEMBOLSO DE DESPESAS MÉDICO-HOSPITALARES FORA DA REDE CREDENCIADA. DISSECÇÃO DE AORTA. EMERGÊNCIA EXTREMA. INEXISTÊNCIA DE ESTRUTURA ADEQUADA NA REDE CREDENCIADA LOCAL. REEMBOLSO INTEGRAL DEVIDO. DANO MORAL. AUSÊNCIA DE CONDUTA ILÍCITA ESPECÍFICA IMPUTÁVEL À OPERADORA. RECURSO DA RÉ DESPROVIDO. RECURSO DA AUTORA PARCIALMENTE PROVIDO.
1. Reconhecida a emergência extrema do procedimento cirúrgico e a ausência de estrutura técnica adequada na rede credenciada local para a realização de cirurgia de dissecção de aorta tipo A, o reembolso das despesas realizadas em hospital não credenciado deve ser integral, porquanto a limitação aos valores da tabela do plano, em situação em que a própria operadora não poderia ter ofertado o serviço pela rede própria, configura desvantagem exagerada em detrimento do consumidor.
2. A impossibilidade de submissão prévia à operadora para obtenção de autorização, decorrente da urgência extrema e da necessidade de intervenção imediata, não pode ser oposta à beneficiária para fins de limitação do reembolso, quando o próprio médico credenciado da operadora confirmou a inexistência de estrutura local para o procedimento.
3. Não configurada conduta ilícita específica imputável à operadora distinta da ausência de cobertura adequada – ausência que foi sanada pelo reembolso – não há fundamento para a condenação em danos morais."
1023168-80.2025.8.26.0602,20805222,Apelação Cível,Planos de saúde,JOAO JOSE CUSTODIO DA SILVEIRA,Sorocaba,Núcleo 4.0-T. VII (DP1),,,05/08/2026,05/08/2026,,True,False,179,"APELAÇÃO CÍVEL. PLANO DE SAÚDE . NEGATIVA DE AUTORIZAÇÃO DE EXAMES NÃO COMPROVADA. PROCEDIMENTO DE CARÁTER ELETIVO. OBSERVÂNCIA DOS PRAZOS REGULAMENTARES. INTERCORRÊNCIAS NO CUMPRIMENTO DA TUTELA DE URGÊNCIA. AUSÊNCIA DE CONDUTA ILÍCITA. DANO MORAL NÃO CONFIGURADO. RECURSO DESPROVIDO.
1. A ausência de comprovação da data de ingresso do pedido de autorização junto à operadora inviabiliza a aferição de eventual recusa ou mora indevida por parte desta.
2. Tratando-se de procedimento de caráter eletivo, sem indicação de urgência ou emergência na solicitação médica, a autorização submete-se aos prazos regulamentares, não se caracterizando falha na prestação do serviço pelo simples decurso de poucas semanas entre a solicitação e o ajuizamento da ação.
3. As intercorrências verificadas na data inicialmente agendada para o exame, atribuídas a circunstâncias externas à atuação direta da operadora, não configuram, por si só, descumprimento doloso ou negligente da ordem judicial, notadamente diante da efetiva realização dos procedimentos no curso do processo.
4. Inexistindo prova de conduta ilícita atribuível à operadora, não se configura o dano moral indenizável, mantendo-se hígida a distribuição dos ônus sucumbenciais fixada na sentença."
2158026-57.2026.8.26.0000,20804862,Agravo de Instrumento,Tratamento médico-hospitalar,Alvaro Passos,Cotia,2ª Câmara de Direito Privado,2,Direito Privado,04/08/2026,05/08/2026,,False,False,97,"CUMPRIMENTO DE SENTENÇA – Contrato – Plano de saúde – Demonstração de descumprimento de decisão que concede tutela de urgência – Bloqueio de valores – Determinação de penhora – Possibilidade – Medida que encontra amparo nos arts. 139, IV, c.c. 835, § 1º, ambos do CPC – Inteligência, ademais, do Tema 84 do C. Superior Tribunal de Justiça – Comprovação de desembolso para o reembolso das despesas decorrentes do tratamento prestado ao menor – Descabimento – Exigência que se mostra abusiva – Inteligência do art. 4º, § 1º, da RN nº 566 da ANS – Recurso improvido."
1010756-71.2025.8.26.0100,20805260,Apelação Cível,Fornecimento de medicamentos,Gilberto Franceschini,São Paulo,Núcleo 4.0-T. III (DP1),,,05/08/2026,05/08/2026,,False,False,567,"APELAÇÃO. PLANO DE SAÚDE . MEDICAMENTO ONTOZRY (CENOBAMATO). NEGATIVA DE COBERTURA FUNDADA NA AUSÊNCIA DE REGISTRO NA ANVISA E NA AUSÊNCIA DE PREVISÃO NO ROL DA ANS. INCIDÊNCIA DO ART. 10, §13, DA LEI Nº 9.656/98, COM REDAÇÃO DADA PELA LEI Nº 14.454/2022. COMPROVAÇÃO DE EFICÁCIA TERAPÊUTICA. APROVAÇÃO POR ÓRGÃOS REGULADORES INTERNACIONAIS. DISTINÇÃO DAS PECULIARIDADES DO CASO CONCRETO EM RELAÇÃO AO TEMA 990 DO STJ. SENTENÇA DE PROCEDÊNCIA. HONORÁRIOS SUCUMBENCIAIS MANTIDOS. RECURSO DESPROVIDO.

I. Caso em Exame
1. Recurso de apelação interposto por Sul América Companhia de Seguro Saúde S/A contra a r. sentença que julgou procedente ação de obrigação de fazer ajuizada por Rodrigo Costa Bomfim, confirmando tutela de urgência e determinando o custeio do medicamento Ontozry (Cenobamato) 200mg/dia para tratamento de epilepsia focal refratária. 
2. A operadora sustenta, em síntese, que o medicamento não possui registro na ANVISA, não integra o rol da ANS, possui exclusão contratual de cobertura, incide a tese firmada no Tema 990 do STJ e, subsidiariamente, requer a alteração da base de cálculo dos honorários sucumbenciais.

II. Questão em Discussão 
3. Há duas questões em discussão:
(i) se a operadora de saúde está obrigada ao custeio do medicamento Ontozry (Cenobamato), prescrito ao autor para tratamento de epilepsia focal refratária, apesar da ausência de registro nacional e da inexistência de previsão específica no rol da ANS; e
(ii) se comporta reforma a condenação sucumbencial fixada na origem.

III. Razões de Decidir 
4. A relação de consumo entre as partes, com a ré como fornecedora de serviço de seguro saúde, impõe a aplicação do Código de Defesa do Consumidor, conforme Súmula 608 do STJ. A negativa de cobertura é considerada abusiva, pois o medicamento possui aprovação por autoridades sanitárias internacionais e autorização de importação excepcional pela ANVISA. 
5. O autor é portador de epilepsia focal refratária grave, com falha em tratamentos anteriores e impossibilidade de intervenção cirúrgica. A introdução do medicamento Ontozry resultou em significativa melhora clínica, mantendo o paciente sem crises por 74 dias. A operadora não apresentou contraprova técnica que desqualificasse a eficácia do tratamento. 
6. A jurisprudência consolidada deste Tribunal e o entendimento dominante sobre o direito à saúde indicam que o rol da ANS é exemplificativo, constituindo uma referência mínima de cobertura obrigatória. A cobertura pode ser admitida fora desse rol quando comprovada a necessidade clínica e eficácia do tratamento, conforme prescrição médica fundamentada. 
7. A Lei nº 14.454/2022, que introduziu os §§ 12 e 13 ao artigo 10 da Lei nº 9.656/1998, reforça que a cobertura deve ser autorizada quando houver comprovação da eficácia do tratamento ou recomendação de órgãos internacionais. A negativa de cobertura após a vigência dessa lei é considerada abusiva.

IV. Dispositivo e Tese 
8. Recursos desprovidos. 

Tese de julgamento: 1. A autorização excepcional de importação concedida pela ANVISA afasta a vedação prevista no Tema 990 do STJ, permitindo o custeio do medicamento pelo plano de saúde . 2. A negativa de cobertura de tratamento médico prescrito por profissional habilitado, com respaldo técnico e autorização sanitária excepcional, configura conduta abusiva e violadora do dever de boa-fé contratual.

Legislação Citada:
CF/1988, art. 1º, III; Lei nº 9.656/98, arts. 10, V, e 12; Lei nº 14.454/2022; CDC, arts. 4º e 51; CPC, art. 85.

Jurisprudência Citada: STJ, REsp 1.712.163/SP (Tema 990), Rel. Min. Moura Ribeiro, DJe 26.11.2018; STJ, REsp 1.899.380/SP, Rel. Min. Marco Buzzi, DJe 12.11.2020; TJSP, Apelação Cível 1000818-52.2024.8.26.0176, Rel. Clara Maria Araújo Xavier, j. 03.07.2026."
1010422-27.2023.8.26.0223,20804941,Apelação Cível,Planos de saúde,Miguel Brandi,Guarujá,7ª Câmara de Direito Privado,7,Direito Privado,05/08/2026,05/08/2026,,False,False,120,"OBRIGAÇÃO DE FAZER COMBINADA COM INDENIZATÓRIA POR DANOS MORAIS – Plano de assistência à saúde – Acórdão que negou provimento ao recurso mantendo a condenação da requerida ao custeio do tratamento da autora, na forma determinada na sentença – Reapreciação do recurso por determinação do STJ – Insurgência da ré – Alegação de não haver previsão dos procedimentos médicos solicitados, no rol de coberturas obrigatórias de planos de saúde da ANS – Contrato que prevê o reembolso de despesas médico-hospitalares para atendimentos obstétricos que se relacionem ao pré-natal e à gestação, bem como para internações cirúrgicas, inclusive decorrentes de emergência ou urgência – Negativa de reembolso injustificada – Parecer favorável do Nat-Jus – Acórdão mantido – RECURSO DA REQUERIDA DESPROVIDO."
1000596-68.2025.8.26.0073,20805274,Apelação Cível,Planos de saúde,Galdino Toledo Júnior,Avaré,9ª Câmara de Direito Privado,9,Direito Privado,05/08/2026,05/08/2026,10000.0,True,False,143,"PLANO DE SAÚDE - Negativa de cobertura de cirurgia indicada à autora - Pleito cumulado com indenização por danos morais - Procedência parcial decretada, afastando o pleito reparatório moral - Apelo que versa apenas sobre a condenação da ré em indenização por danos morais - Alegação da autora de que a negativa de cobertura da ré intensificou seu sofrimento físico, emocional e psíquico, especialmente ante o quadro clínico apresentado, o que justifica a condenação da ré no pagamento de danos morais - Cabimento - Recusa baseada em cláusula contratual que, ao tempo da propositura da ação, já era reconhecida como nula pelo entendimento pretoriano - Conduta que, assim, passou a gerar dano moral pelos enormes dissabores e dificuldades trazidos ao consumidor prejudicado - Fixação da verba reparatória em R$ 10.000,00 que se mostra razoável para compensar o sofrimento moral - Recurso parcialmente provido."
1020758-55.2024.8.26.0482,20804967,Apelação Cível,Fornecimento de medicamentos,Fernando Marcondes,Presidente Prudente,2ª Câmara de Direito Privado,2,Direito Privado,31/07/2026,05/08/2026,,False,False,300,"Direito do consumidor. Apelação. Plano de saúde . Fornecimento de medicamento. neoplasia maligna de mama. Coparticipação. Ausência de clareza. Abusividade. Recurso desprovido.

I. Caso em exame
1. Apelação interposta contra sentença que julgou procedente ação para condenar operadora de plano de saúde a custeio integral de medicamento oncológico de alto custo, afastando cobrança de coparticipação contratual.

II. Questão em discussão
2. A questão em discussão consiste em verificar a legalidade da cobrança de coparticipação em tratamento oncológico, à luz do contrato e da legislação consumerista, e se sua exigência inviabiliza o acesso ao tratamento.

III. Razões de decidir
3. A coparticipação é admitida pelo art. 16, VIII, da Lei nº 9.656/98, desde que prevista de forma clara e não haja restrição ao acesso ao serviço.
4. No caso, inexistente previsão contratual específica para incidência sobre medicamento oncológico de alto custo, sendo insuficiente cláusula genérica.
5. A cobrança em valor elevado configura fator restritivo severo, equiparável à negativa indireta de cobertura, afrontando os arts. 6º, III, e 51, IV, do CDC, bem como a boa-fé objetiva e a função social do contrato.

IV. Dispositivo e tese
6. Recurso desprovido.

Tese de julgamento: ""A cláusula de coparticipação em plano de saúde , ainda que válida em abstrato, é abusiva quando aplicada de modo a inviabilizar o acesso a tratamento essencial, especialmente em casos de medicamento oncológico de alto custo.""
Legislação citada: CDC, arts. 6º, III, 47 e 51, IV; Lei 9.656/98, art. 16, VIII; CC, arts. 421 e 422; CPC, art. 85, § 11.

Jurisprudência citada: STJ, Tema 1.032; REsp 1.188.442/RJ, Rel. Min. Luís Felipe Salomão, DJe de 05/02/2013; TJSP, Apelação Cível 1005736-45.2024.8.26.0291, Rel. Pedro de Alcântara da Silva Leme Filho, 8ª Câmara de Direito Privado, j. 24/10/2025; Apelação Cível 1000266-82.2025.8.26.0619, Rel. Ramon Mateo Júnior, 6ª Câmara de Direito Privado, j. 22/10/2025."
1010935-63.2024.8.26.0577,20804966,Apelação Cível,Tratamento médico-hospitalar,Fernando Marcondes,São José dos Campos,2ª Câmara de Direito Privado,2,Direito Privado,24/07/2026,05/08/2026,,True,False,266,"Direito civil e do consumidor. Apelação. Plano de saúde . Ação de obrigação de fazer c/ indenização por danos morais. Cirurgia pós-bariátrica. Perícia conclusiva. Procedimentos de caráter estético. Recurso desprovido.

I. Caso em exame
1. Apelação interposta contra sentença que julgou parcialmente procedente pedido de cobertura, por plano de saúde , de cirurgias plásticas pós-bariátrica, bem como de indenização por danos morais, ao fundamento de que somente dois procedimentos possuem caráter reparador.

II. Questão em discussão
2. A questão em discussão consiste em: (i) a natureza das cirurgias pleiteadas (reparadora/funcional ou estética) e a consequente obrigatoriedade de cobertura; (ii) a caracterização de dano moral decorrente da negativa.

III. Razões de decidir
3. A prova pericial concluiu, de forma objetiva, que os procedimentos pretendidos, com exceção de dermolipectomia abdominal e da herniorrafia umbilical, não apresentam caráter funcional ou reparador, inexistindo incapacidade, lesões dermatológicas ou comprometimento relevante à saúde da paciente.
4. O Tema 1.069 do STJ condiciona a cobertura obrigatória à natureza reparadora ou funcional da cirurgia, hipótese não verificada no caso concreto.

IV. Dispositivo e tese
5. Recurso desprovido.

Tese de julgamento: ""A cobertura de cirurgia plástica pós-bariátrica pelo plano de saúde depende da comprovação de seu caráter reparador ou funcional, não sendo obrigatória quando demonstrada sua finalidade estética por prova pericial.""

Legislação citada: Lei nº 9.656/98; CPC, arts. 85, § 11 e 98, § 3º.

Jurisprudência citada: STJ, Tema 1.069; TJSP, Apelação Cível 1009366-22.2024.8.26.0320, Rel. Alexandre Lazzarini, 9ª Câmara de Direito Privado, j. 19/11/2025; Apelação Cível 1038287-46.2022.8.26.0001, Relatora: Mara Trippo Kimura, Núcleo de Justiça 4.0 em Segundo Grau Turma III (Direito Privado 1), j. 19/11/2025."
1007134-87.2025.8.26.0292,20804979,Apelação Cível,Tratamento médico-hospitalar,Marcos de Lima Porta,Jacareí,Núcleo 4.0-T. V (DP1),,,05/08/2026,05/08/2026,5000.0,False,False,214,"DIREITO PROCESSUAL CIVIL. APELAÇÃO. OBRIGAÇÃO DE FAZER. DANOS MORAIS. NEGADO PROVIMENTO.
I. Caso em Exame
1. Recurso de apelação interposto por Hapvida Assistência Médica S.A. contra sentença que julgou parcialmente procedente ação de obrigação de fazer cumulada com indenização por danos morais, determinando o custeio integral de procedimento cirúrgico e condenando ao pagamento de R$ 5.000,00 por danos morais.
II. Questão em Discussão
2. A questão em discussão consiste na nulidade da citação eletrônica e na inexistência de obrigação de custear o procedimento cirúrgico nos moldes determinados, além da improcedência do pedido indenizatório.
III. Razões de Decidir
3. A citação eletrônica foi regularmente realizada, não havendo prova de falha sistêmica que justifique a nulidade.
4. A negativa de cobertura do procedimento cirúrgico prescrito, essencial para o tratamento de doença rara, caracteriza ingerência indevida e justifica a condenação por danos morais.
IV. Dispositivo e Tese
5. Recurso desprovido, mantendo-se a sentença que determinou o custeio integral do procedimento e a indenização por danos morais.
Tese de julgamento: 1. A citação eletrônica regular não pode ser anulada por alegações genéricas de falha sistêmica. 2. A negativa de cobertura de procedimento essencial para tratamento de doença rara justifica a condenação por danos morais.
Legislação Citada:
Código de Processo Civil, artigo 85, § 11; artigo 1.026, § 2º."
1175958-71.2023.8.26.0100,20804978,Apelação Cível,Planos de saúde,Marcos de Lima Porta,São Paulo,Núcleo 4.0-T. V (DP1),,,05/08/2026,05/08/2026,,False,False,260,"DIREITO CIVIL. APELAÇÃO. PLANO DE SAÚDE . RECURSO PROVIDO. READEQUAÇÃO DO ACÓRDÃO.
I. Caso em Exame
1. Ação de obrigação de fazer cumulada com indenização por danos materiais e morais devido à negativa de cobertura e custeio de tratamento médico prescrito à demandante pela operadora de saúde, sob a justificativa de ausência de previsão no rol da ANS. A apelada, beneficiária do plano de saúde , foi diagnosticada com puberdade precoce e teve o custeio do medicamento Neodecapeptyl negado pela apelante.
II. Questão em Discussão
2. A questão em discussão consiste em (i) a possibilidade de superação da taxatividade do rol da ANS mediante comprovação da necessidade do medicamento e (ii) a necessidade de consulta ao NAT-Jus para dirimir divergência técnica sobre a eficácia do tratamento.
III. Razões de Decidir
3. O STJ entende que a taxatividade do rol da ANS pode ser superada com comprovação efetiva da necessidade do medicamento.
4. Divergência técnica sobre a eficácia do tratamento médico indicado requer consulta prévia ao NAT-Jus, conforme recomendação do CNJ.
IV. Dispositivo e Tese
5. Recurso provido para afastar a sentença e determinar o retorno dos autos à origem para realização de parecer técnico pelo NAT-Jus.
Tese de julgamento: 1. A taxatividade do rol da ANS pode ser superada mediante comprovação efetiva da necessidade do medicamento. 2. Divergências técnicas sobre tratamentos médicos devem ser dirimidas com consulta ao NAT-Jus.
Legislação Citada:
CF/1988, art. 105, III, ""a""; Lei nº 9.656/1998, art. 10, §§ 12 e 13; CPC, arts. 1.022, II, 1.026, § 2º, e 373.
Jurisprudência Citada:
STF, ADI nº 7.265/DF."
1009291-84.2025.8.26.0566,20804888,Apelação Cível,Tratamento médico-hospitalar,Marcos de Lima Porta,São Carlos,Núcleo 4.0-T. V (DP1),,,05/08/2026,05/08/2026,,False,False,181,"Direito Civil. Apelação. Contratos. Pedido julgado parcialmente procedente.
I. Caso em Exame
1. A requerente, beneficiária de plano de saúde , teve negado o custeio de cirurgia de urgência para fratura no joelho esquerdo e arcou com os custos. A sentença determinou o ressarcimento dos gastos, mas rejeitou a indenização por danos morais.
II. Questão em Discussão
2. A questão em discussão consiste em: (i) a possibilidade de indenização por danos morais devido à negativa de cobertura de cirurgia de urgência; (ii) a interpretação de cláusulas contratuais de plano de saúde .
III. Razões de Decidir
3. A recusa de cobertura foi baseada na interpretação de cláusulas contratuais, não ensejando indenização por danos morais.
4. Não houve comprovação de agravamento da dor ou de abalo psicológico significativo, pois a cirurgia foi realizada na rede particular pouco após o evento.
IV. Dispositivo e Tese
5. Recurso improvido.
Tese de julgamento: 1. A interpretação de cláusulas contratuais não gera indenização por danos morais. 2. A realização rápida do procedimento minimiza efeitos da recusa.
Legislação Citada:
Código de Processo Civil, art. 85, § 11."
1026154-72.2023.8.26.0506,20804962,Apelação Cível,Tratamento médico-hospitalar,Fernando Marcondes,Ribeirão Preto,2ª Câmara de Direito Privado,2,Direito Privado,24/07/2026,05/08/2026,,True,False,282,"Direito civil e do consumidor. Apelação. Plano de saúde . Ação de obrigação de fazer c/ indenização por danos morais. Cirurgia pós-bariátrica. Perícia conclusiva. Procedimentos de caráter estético. Recurso desprovido.

I. Caso em exame
1. Apelação interposta contra sentença que julgou improcedente pedido de cobertura, por plano de saúde , de cirurgia plástica pós-bariátrica, bem como de indenização por danos morais, ao fundamento de que os procedimentos possuem caráter estético.

II. Questão em discussão
2. A questão em discussão consiste em: (i) a natureza das cirurgias pleiteadas (reparadora/funcional ou estética) e a consequente obrigatoriedade de cobertura; (ii) a caracterização de dano moral decorrente da negativa.

III. Razões de decidir
3. A prova pericial concluiu, de forma objetiva, que os procedimentos pretendidos, com exceção de abdominoplastia, não apresentam caráter funcional ou reparador, inexistindo incapacidade, lesões dermatológicas ou comprometimento relevante à saúde da paciente.
4. O Tema 1.069 do STJ condiciona a cobertura obrigatória à natureza reparadora ou funcional da cirurgia, hipótese não verificada no caso concreto.
5. Negativa de cobertura fundada em interpretação legítima do contrato e em suporte técnico não configura ato ilícito, afastando o dever de indenizar.

IV. Dispositivo e tese
6. Recurso desprovido.

Tese de julgamento: ""A cobertura de cirurgia plástica pós-bariátrica pelo plano de saúde depende da comprovação de seu caráter reparador ou funcional, não sendo obrigatória quando demonstrada sua finalidade estética por prova pericial.""

Legislação citada: Lei nº 9.656/98; CPC, arts. 85, § 2º e 98, § 3º.

Jurisprudência citada: STJ, Tema 1.069; TJSP, Apelação Cível 1009366-22.2024.8.26.0320, Rel. Alexandre Lazzarini, 9ª Câmara de Direito Privado, j. 19/11/2025; Apelação Cível 1038287-46.2022.8.26.0001, Relatora: Mara Trippo Kimura, Núcleo de Justiça 4.0 em Segundo Grau Turma III (Direito Privado 1), j. 19/11/2025."
1021772-28.2025.8.26.0001,20804894,Apelação Cível,Tratamento médico-hospitalar,Marcos de Lima Porta,São Paulo,Núcleo 4.0-T. V (DP1),,,05/08/2026,05/08/2026,,False,True,191,"Direito Civil. Apelação. Contratos. Pedido julgado procedente.
I. Caso em Exame
1. A d, beneficiária de plano de saúde , necessitou de internação urgente devido a sintomas respiratórios graves. A operadora negou cobertura alegando período de carência, mas a sentença determinou a cobertura e indenização por danos morais.
II. Questão em Discussão
2. A questão em discussão consiste em: (i) a interpretação de cláusulas contratuais de plano de saúde e a possibilidade de indenização por danos morais; (ii) a majoração do valor fixado a título de danos morais.
III. Razões de Decidir
3. A negativa de cobertura foi indevida, pois o prazo de carência de 24 horas para urgência já estava superado.
4. A recusa resultou de interpretação de cláusulas contratuais, não ensejando indenização por danos morais. A tutela de urgência reduziu os impactos da negativa.
IV. Dispositivo e Tese
5. Recurso da operadora de saúde provido; recurso da parte requerente desprovido.
Tese de julgamento: 1. Interpretação de cláusulas contratuais não gera indenização por danos morais. 2. A tutela de urgência reduz impactos da negativa de cobertura .
Legislação Citada:
Código Civil, art. 475
Código de Processo Civil, art. 85, §11"
1010215-10.2025.8.26.0562,20804864,Apelação Cível,Tratamento médico-hospitalar,Marcos de Lima Porta,Santos,Núcleo 4.0-T. V (DP1),,,05/08/2026,05/08/2026,10000.0,True,False,233,"DIREITO CIVIL. AÇÃO DE OBRIGAÇÃO DE FAZER CUMULADA COM INDENIZAÇÃO POR DANOS MORAIS. PLANO DE SAÚDE . DEMORA NA DISPONIBILIZAÇÃO DE LEITO HOSPITALAR. RECURSO DESPROVIDO.
I. Caso em Exame
1. Beneficiária de plano de saúde ajuizou ação em razão da demora injustificada na disponibilização de leito hospitalar, apesar de recomendação médica para internação por broncopneumonia e infecção urinária. A indenização por danos morais foi reduzida de R$ 10.000,00 para R$ 5.000,00 em apelação.
II. Questão em Discussão
2. A questão em discussão consiste em verificar se a demora na internação hospitalar, em contexto de grave quadro clínico, configura dano moral indenizável, à luz do Tema Repetitivo nº 1365 do STJ.
III. Razões de Decidir
3. A situação não se limita à simples recusa de cobertura, mas envolve a permanência prolongada de paciente idosa em pronto atendimento, com risco de agravamento do quadro clínico.
4. As circunstâncias demonstram angústia e sofrimento psicológico que ultrapassam meros dissabores contratuais, justificando a indenização por dano moral.
IV. Dispositivo e Tese
5. Recurso desprovido.
Tese de julgamento: 1. A demora na internação hospitalar, em contexto de grave quadro clínico, pode configurar dano moral indenizável. 2. A indenização é cabível quando há elementos concretos que demonstram repercussão relevante na esfera pessoal do beneficiário.
Legislação Citada:
Código de Processo Civil, art. 1.030, II; art. 1.026, § 2º.
Jurisprudência Citada:
STJ, Recursos Especiais nºs 2.165.670/SP e 2.197.574/SP, Tema Repetitivo nº 1365."
1021282-06.2024.8.26.0562,20804206,Apelação Cível,Tratamento médico-hospitalar,Márcio Boscaro,Santos,10ª Câmara de Direito Privado,10,Direito Privado,05/08/2026,05/08/2026,8000.0,False,False,129,"APELAÇÃO. PLANO DE SAÚDE . AÇÃO DE OBRIGAÇÃO DE FAZER, CUMULADA COM INDENIZAÇÃO POR DANOS MORAIS. TRANSPLANTE DE CÓRNEA, FACOEMULSIFICAÇÃO E IMPLANTE DE LENTE INTRAOCULAR. RECUSA. PROCEDÊNCIA. Beneficiária contemplada para realização do procedimento. Hospital que acompanhava o caso sem acordo comercial para realização do transplante. Comprovação documental da negativa. Descredenciamento de prestador sem demonstração de substituição equivalente. Violação ao artigo 17 da Lei nº 9.656/98. Ausência de indicação de prestador apto no município de residência da autora. Aplicação da RN ANS nº 566/22. Custeio integral corretamente determinado. Danos morais configurados. Situação que extrapola mero inadimplemento contratual. Grave enfermidade oftalmológica. Incerteza quanto à realização de procedimento indispensável à preservação da função visual. Indenização fixada em R$ 8.000,00. Valor compatível com os princípios da razoabilidade e proporcionalidade. Sentença mantida. RECURSO DESPROVIDO."
1021074-77.2024.8.26.0576,20804186,Apelação Cível,Tratamento médico-hospitalar,Márcio Boscaro,São José do Rio Preto,10ª Câmara de Direito Privado,10,Direito Privado,05/08/2026,05/08/2026,,False,False,163,"APELAÇÕES CÍVEIS. PLANO DE SAÚDE . MENOR DIAGNOSTICADO COM TDAH E OUTRAS DIFICULDADES COGNITIVAS. TRATAMENTO DE PSICOMOTRICIDADE. SENTENÇA DE PARCIAL PROCEDÊNCIA. Recurso do autor. Danos morais. Inocorrência. Hipótese de controvérsia acerca da adequação e proximidade de prestador credenciado, e não de negativa absoluta de cobertura. Ausência de abalo extrapatrimonial excepcional. Recurso desprovido. Recurso da operadora. Preliminares de cerceamento de defesa e nulidade da sentença afastadas. Controvérsia suficientemente dirimida pela prova documental. Obrigação de fazer certa e determinável. Ausência de comprovação de prestador credenciado apto em distância razoável da residência do menor. Cabimento do custeio do tratamento particular e do reembolso das despesas realizadas. Honorários advocatícios. Necessidade de adequação da base de cálculo. Existência de condenação economicamente aferível. Incidência do artigo 85, §2º, do CPC, em conformidade com o tema nº 1.076 do STJ. Honorários que devem incidir sobre o valor da condenação, e não sobre o valor da causa. Sentença reformada, apenas nesse ponto. RECURSO DO AUTOR DESPROVIDO. RECURSO DA REQUERIDA PARCIALMENTE PROVIDO."
1018148-20.2025.8.26.0405,20804535,Apelação Cível,Serviços Hospitalares,Adilson de Araujo,Osasco,31ª Câmara de Direito Privado,31,Direito Privado,04/08/2026,05/08/2026,,False,False,391,"Direito civil e do consumidor. Apelação cível. Ação monitória. Despesas médico-hospitalares. Plano de saúde . Assunção do custeio pela operadora. Afastamento da responsabilidade do consumidor. Recurso provido.
I. Caso em exame
1. Apelação cível interposta contra sentença pela qual julgada procedente ação monitória para cobrança de despesas médico-hospitalares e reconhecida a responsabilidade solidária do consumidor e da operadora de saúde. Apelam os réus pleiteando a condenação exclusiva da operadora de saúde.
II. Questões em discussão
2. A questão em discussão consiste em saber se o consumidor responde solidariamente pelo pagamento de despesas médico-hospitalares quando a operadora de saúde assume o custeio do atendimento perante o beneficiário ou o prestador.
III. Razões de decidir
3. O termo de prestação de serviços médico-hospitalares constitui prova escrita apta a embasar a ação monitória. A circunstância de atendimento médico em contexto de urgência não invalida, por si só, o instrumento de responsabilidade.
4. A operadora de saúde enviou comunicação específica à beneficiária, referente ao atendimento discutido nos autos, na qual orientou a desconsideração da cobrança e declarou que garantiria junto ao prestador todos os custos da internação.
5. A comunicação da operadora gerou legítima confiança na beneficiária. A boa-fé objetiva, o dever de informação e a proteção da confiança impedem a imposição do débito aos consumidores.
6. Reconhecida a responsabilidade da operadora, admite-se sua condenação direta, sem necessidade de prévio pagamento pelo consumidor e posterior reembolso.
IV. Dispositivo e tese
7. Apelação cível conhecida e provida.
 Teses de julgamento: ""1. A assunção do custeio de despesas médico-hospitalares pela operadora de saúde afasta a responsabilidade direta do consumidor pelo pagamento do débito. 2. A cobrança direta do consumidor é incompatível com a boa-fé objetiva quando a operadora gera legítima confiança quanto à cobertura do atendimento. 3. A operadora pode ser condenada diretamente ao pagamento das despesas médico-hospitalares reconhecidas como cobertas.""
_____
Dispositivos relevantes citados: CPC, art. 700; CC, CDC, arts. 4º, III, 6º, III, 46 e 51, IV.
Jurisprudência relevante citada: STJ, Súmula 537; TJSP, Apelação Cível 1003829-75.2022.8.26.0268, Rel. Des. Adilson de Araujo, 31ª Câmara de Direito Privado, j. 14.03.2025; TJSP, Apelação Cível 1000651-43.2024.8.26.0529, Rel. Des. Adilson de Araujo, 31ª Câmara de Direito Privado, j. 24.02.2026; TJSP, Apelação Cível 1182539-68.2024.8.26.0100, Relatora Rosangela Telles, 31ª Câmara de Direito Privado, j. 02/12/2025; TJSP, Apelação Cível 1008477-48.2025.8.26.0477, Rel. Des. Luis Fernando Nishi, 31ª Câmara de Direito Privado, j. 18.05.2026."
1021197-94.2024.8.26.0602,20804663,Apelação Cível,Tratamento médico-hospitalar,Vitor Frederico Kümpel,Sorocaba,4ª Câmara de Direito Privado,4,Direito Privado,05/08/2026,05/08/2026,,False,False,337,"DIREITO CIVIL E DO CONSUMIDOR. APELAÇÕES. PLANO DE SAÚDE . INTERNAÇÃO PSIQUIÁTRICA INVOLUNTÁRIA. CLÍNICA NÃO CREDENCIADA. URGÊNCIA. AUSÊNCIA DE REDE APTA. CUSTEIO INTEGRAL. COPARTICIPAÇÃO JÁ SEGREGADA NO FATURAMENTO. RECURSO DA RÉ DESPROVIDO E RECURSO DO AUTOR PROVIDO.
I. Caso em Exame. 1. Ação declaratória cumulada com obrigação de fazer, ajuizada por beneficiário acometido por grave quadro de dependência química, com indicação de internação involuntária em caráter de urgência. A sentença determinou o custeio integral do tratamento em clínica não credenciada até a alta médica, mas reconheceu o direito da operadora de cobrar coparticipação de 50% a partir do 31º dia de internação.
II. Questões em Discussão. 2. Discute-se: (i) a ocorrência de cerceamento de defesa e a presença de interesse processual; (ii) a obrigação de custeio integral e direto do tratamento realizado fora da rede referenciada; e (iii) a possibilidade de cobrança adicional de coparticipação do autor quando a clínica já emite cobrança à operadora limitada à parcela contratualmente atribuída a ela.
III. Razões de Decidir. 3. A prova documental é suficiente para o julgamento, sendo desnecessária perícia, sobretudo porque a operadora, intimada a se manifestar sobre os pontos controvertidos e a planilha de débitos, permaneceu inerte. 4. A ausência de indicação oportuna de estabelecimento credenciado apto à internação involuntária, em situação de urgência, configura falha na prestação do serviço e impõe o custeio integral do tratamento particular. 5. A validade abstrata da coparticipação prevista no Tema 1.032 do STJ não autoriza cobrança em duplicidade. Demonstrado que o prestador já fatura da operadora apenas os 50% que lhe incumbem após o 30º dia, inexiste valor adicional a ser exigido do beneficiário pela seguradora.
IV. Dispositivo e Tese. 6. Recurso da ré desprovido e recurso do autor provido. Tese de julgamento: 1. A operadora deve custear integralmente a internação emergencial em clínica não credenciada quando não comprovar a disponibilidade de rede apta ao atendimento prescrito. 2. Não cabe cobrança adicional de coparticipação pela operadora quando o prestador já segrega, no próprio faturamento, a parcela de responsabilidade do beneficiário."
1011178-49.2025.8.26.0002,20803616,Apelação Cível,Planos de saúde,Paulo Toledo,São Paulo,Núcleo 4.0-T. III (DP1),,,04/08/2026,04/08/2026,4000.0,True,False,324,"DIREITO À SAÚDE – APELAÇÃO CÍVEL – PLANO DE SAÚDE – NEGATIVA DE COBERTURA – URGÊNCIA – CARÊNCIA CONTRATUAL – DANO MORAL – RECURSO DESPROVIDO.
I. CASO EM EXAME: Ação de obrigação de fazer c.c. indenização por danos morais proposta em face de operadora de plano de saúde e hospital, em razão de negativa de cobertura de internação de menor, sob alegação de carência contratual, com efetivação de cobranças pelo hospital em razão do atendimento prestado. Sentença de procedência parcial, com condenação da operadora de plano de saúde , ao reembolso dos beneficiários e à indenização por danos morais no valor de R$ 4.000,00 para cada um, com a improcedência em relação ao Hospital e à Associação dos Médicos.
II. QUESTÕES EM DISCUSSÃO: (i) saber se é válida cláusula contratual que impõe carência superior a 24 horas em caso de urgência; (ii) saber se a negativa de cobertura autoriza a indenização por danos morais. (iii) saber se o Hospital deve arcar com o pagamento à autora e aos danos morais.
III. RAZÕES DE DECIDIR: 1. Configuração de urgência médica, com risco iminente, tornando abusiva a negativa de cobertura fundada em carência superior a 24 horas. 2. A negativa indevida de cobertura em situação de emergência expõe a saúde e a vida do paciente a risco e amplifica a angústia e o sofrimento próprios da enfermidade, configurando dano extrapatrimonial indenizável. 3. Indenização por danos morais devida e fixada com razoabilidade e proporcionalidade. 4. A condenação solidária do Hospital ao reembolso deve ser afastada. O Hospital prestou efetivamente os serviços. A cobrança particular foi legítima, pois decorreu da recusa da operadora em autorizar a cobertura. O dano (desembolso) foi causado exclusivamente pelo ato ilícito da operadora. O Hospital não pode ser obrigado a devolver o que recebeu licitamente pelos serviços prestados. Ação parcialmente procedente com relação à Sul América e improcedente com relação ao Hospital Albert Einstein e à Associação dos Médicos. 
IV. DISPOSITIVO: Recursos desprovidos."
1018445-96.2025.8.26.0576,20803600,Apelação Cível,Tratamento médico-hospitalar,Paulo Toledo,São José do Rio Preto,Núcleo 4.0-T. III (DP1),,,04/08/2026,04/08/2026,,False,True,185,"APELAÇÃO. AÇÃO DE OBRIGAÇÃO DE FAZER. PLANO DE SAÚDE . ESQUIZOFRENIA. NEGATIVA DE TRATAMENTO. ELETROCONVULSOTERAPIA (ECT). AÇÃO PROCEDENTE. RECURSO DA OPERADORA RÉ.
I. CASO EM EXAME: ação de obrigação de fazer, visando ao custeio do tratamento prescrito – ECT; negativa de cobertura fundada em ausência de enquadramento no rol e por inexistir comprovação de eficácia. Sentença que julgou procedente o pedido, condenando a ré a fornecer o tratamento. Apelação da operadora alegando cerceamento de defesa e buscando a reforma da sentença, para afastar a obrigação imposta.
II. QUESTÕES EM DISCUSSÃO: (i) saber se houve cerceamento de defesa; e (ii) verificar se é abusiva a negativa de custeio do tratamento prescrito.
III. RAZÕES DE DECIDIR: 1. Cerceamento não configurado. Provas reunidas que já eram o bastante para a comprovação da eficácia do tratamento, não elidida pela operadora ré. 2. Lei 9.656/98, com a redação conferida pela Lei 14.454/22, que, ademais, consagra a taxatividade mitigada do rol da ANS. 3. Preenchimento, ainda, dos requisitos cumulativos do art. 10, § 13, da Lei 9.656/98, segundo a orientação do STF (ADI 7265). 
IV. DISPOSITIVO: recurso desprovido. Majoração dos honorários."
1013346-33.2023.8.26.0248,20803629,Apelação Cível,Fornecimento de medicamentos,Carlos Castilho Aguiar França,Indaiatuba,4ª Câmara de Direito Privado,4,Direito Privado,04/08/2026,04/08/2026,,False,False,208,"DIREITO CIVIL. APELAÇÃO. PLANO DE SAÚDE . OBRIGAÇÃO DE FAZER CUMULADA COM INDENIZAÇÃO POR DANOS MORAIS. RECURSO NÃO PROVIDO.
I. Caso em Exame
1. Recurso de apelação interposto contra sentença que julgou procedente o pedido para condenar a ré a fornecer o medicamento Zanubrutinibe, bem como ao ressarcimento de danos morais.
II. Questão em Discussão
2. A questão em discussão consiste em apurar (i) a obrigatoriedade de cobertura do medicamento zanubrutinibe e (iv) a configuração de danos morais.
III. Razões de Decidir
3. O STJ estabelece que ""a taxatividade do rol da ANS é desimportante para a análise do dever de cobertura de medicamentos ou procedimentos para o tratamento de câncer"".
6. A negativa de cobertura configura ilícito contratual, causando danos morais, já que agrava o sofrimento emocional.
IV. Dispositivo e Tese
7. Recurso não provido.
Tese de julgamento: 1. O medicamento Zanubrutinibe está previsto no rol de coberturas obrigatórias da ANS, sendo irrelevante o enquadramento exato nas respectivas diretrizes de utilização. 2. A negativa indevida de cobertura enseja danos morais.
Legislação Citada: CDC, art. 51, §1º, II.
Jurisprudência Citada:
STJ, AgInt no REsp n. 1.899.786/SP, Rel. Min. Raul Araújo, Quarta Turma, j. 17.04.2023.
STJ, AgInt no AREsp n. 2.210.504/RJ, Rel. Min. Humberto Martins, Terceira Turma, j. 18.09.2023."
1000229-13.2025.8.26.0536,20803316,Apelação Cível,Fornecimento de medicamentos,Carlos Castilho Aguiar França,Santos,4ª Câmara de Direito Privado,4,Direito Privado,04/08/2026,04/08/2026,,False,False,265,"DIREITO CIVIL. APELAÇÃO. CONTRATOS. PLANO DE SAÚDE . MEDICAMENTO. PEDIDO JULGADO IMPROCEDENTE. RECURSO DESPROVIDO.
I. Caso em Exame
1. Recurso de apelação interposto contra sentença que julgou improcedente o pedido em ação de obrigação de fazer cumulada com indenização por danos materiais e morais. A autora, gestante com trombofilia adquirida, requereu fornecimento do medicamento Enoxaparina Sódica (Clexane 40 mg), negado pela operadora.
II. Questão em Discussão
2. A questão em discussão consiste em definir se o medicamento Enoxaparina Sódica, prescrito para tratamento de trombofilia em gestação de alto risco, está sujeito à exclusão de cobertura prevista no art. 10, inciso VI, da Lei nº 9.656/98, ou se deve ser equiparado a tratamento ambulatorial.
III. Razões de Decidir
3. O medicamento é de administração subcutânea, passível de autoaplicação em ambiente domiciliar, não exigindo estrutura hospitalar, não se enquadrando nas exceções legais.
4. A tutela de urgência é precária e provisória, podendo ser revogada após cognição exauriente no julgamento de mérito.
IV. Dispositivo e Tese
5. Recurso desprovido.
Tese de julgamento: 1. É lícita a exclusão de cobertura de medicamentos para tratamento domiciliar, salvo exceções específicas previstas na legislação. 2. Medicamentos de uso domiciliar, adquiridos em farmácias convencionais e com instruções de autoadministração, não obrigam o plano de saúde ao fornecimento.
Legislação Citada: Art. 10, inciso VI, da Lei nº 9.656/98
Jurisprudência Citada:
STJ, REsp n. 2.224.187/SP, Rel. Min. João Otávio de Noronha, Quarta Turma, j. 15/9/2025.
STJ, REsp n. 2.244.678/SP, Rel. Min. Moura Ribeiro, Terceira Turma, j. 2/3/2026.
TJSP, Apelação Cível nº 1001668-19.2023.8.26.0281, Rel. Des. Carlos Castilho Aguiar França, 4ª Câmara de Direito Privado, j. 29/04/2024."
1010852-44.2025.8.26.0114,20802419,Apelação Cível,Tratamento médico-hospitalar,Marcia Rezende Barbosa de Oliveira,Campinas,Núcleo 4.0-T. VII (DP1),,,04/08/2026,04/08/2026,,False,False,200,"DIREITO DO CONSUMIDOR E DIREITO À SAÚDE. APELAÇÃO CÍVEL. PLANO DE SAÚDE . NEGATIVA DE COBERTURA . CARÊNCIA CONTRATUAL. CIRURGIA DE URGÊNCIA. CÁLCULO RENAL OBSTRUTIVO COM INFECÇÃO. AFASTAMENTO DA CARÊNCIA. RECURSO DESPROVIDO.
I. CASO EM EXAME
Apelação cível interposta por operadora de plano de saúde contra sentença que a condenou ao reembolso de despesas médicas suportadas por beneficiário submetido a cirurgia urgente para tratamento de cálculo renal obstrutivo, cuja cobertura foi negada sob alegação de carência contratual. 
II. QUESTÃO EM DISCUSSÃO
Há duas questões em discussão: (i) definir se a carência contratual afasta a cobertura de procedimento cirúrgico de urgência; e (ii) estabelecer se houve impugnação recursal específica dos fundamentos da sentença. 
III. RAZÕES DE DECIDIR
A apelação não impugnou especificamente o fundamento central da sentença, consistente no reconhecimento da urgência/emergência do quadro clínico. 
Os documentos médicos demonstraram cálculo renal obstrutivo, hidronefrose e infecção urinária, com indicação cirúrgica imediata. 
A situação clínica caracteriza hipótese de urgência/emergência, atraindo a incidência do art. 35-C, I, da Lei nº 9.656/98. 
É abusiva a negativa de cobertura fundada em carência superior a 24 horas em casos de urgência ou emergência, conforme Súmula 597 do STJ e Súmula 103 do TJSP. 
IV. DISPOSITIVO 
Recurso desprovido."
1029255-09.2025.8.26.0002,20802429,Apelação Cível,Tratamento médico-hospitalar,Marcia Rezende Barbosa de Oliveira,São Paulo,Núcleo 4.0-T. VII (DP1),,,04/08/2026,04/08/2026,4000.0,True,True,268,"APELAÇÃO CÍVEL. NEGATIVA INDEVIDA DE COBERTURA DE PROCEDIMENTO CIRÚRGICO. MATÉRIA INCONTROVERSA. RECURSO EXCLUSIVO DA AUTORA. MAJORAÇÃO DA INDENIZAÇÃO POR DANOS MORAIS. CABIMENTO. RECURSO PROVIDO.
I. CASO EM EXAME: Apelação interposta pela autora contra sentença que confirmou tutela de urgência para determinar à operadora de plano de saúde a autorização e o custeio integral de cirurgia prescrita para tratamento de grave patologia no joelho direito, condenando a ré ao pagamento de indenização por danos morais no valor de R$ 4.000,00.
II. QUESTÃO EM DISCUSSÃO: A controvérsia recursal se restringe à adequação do valor arbitrado a título de danos morais e à definição da base de cálculo dos honorários advocatícios sucumbenciais.
III. RAZÕES DE DECIDIR: (i) A obrigação da operadora de custear integralmente o procedimento cirúrgico e a configuração do dano moral decorrente da negativa indevida de cobertura tornaram-se incontroversas, por ausência de recurso da ré; (ii) Os documentos médicos demonstram quadro clínico grave, com dores intensas, limitação funcional relevante, prejuízo às atividades laborativas, progressiva deterioração óssea e cartilaginosa e recomendação médica de evitar gravidez em razão da patologia. A recusa indevida do tratamento prolongou desnecessariamente o sofrimento físico e emocional da autora; (iii) À luz dos princípios da proporcionalidade e da razoabilidade, mostra-se adequada a elevação da indenização para R$ 10.000,00, valor compatível com a gravidade do dano, a extensão do sofrimento suportado e os parâmetros adotados pela jurisprudência em casos análogos; (iv) Os honorários advocatícios incidem sobre a integralidade do proveito econômico obtido pela autora, abrangendo também a obrigação de custeio do procedimento cirúrgico.
IV. DISPOSITIVO E TESE: Recurso provido. Condenação por danos morais majorada para R$ 10.000,00."
2145531-15.2025.8.26.0000,20802833,Agravo de Instrumento,Tratamento médico-hospitalar,Hertha Helena de Oliveira,Jundiaí,2ª Câmara de Direito Privado,2,Direito Privado,04/08/2026,04/08/2026,1000.0,False,False,648,"DIREITO CIVIL E PROCESSUAL CIVIL. AGRAVO DE INSTRUMENTO. PLANO DE SAÚDE . TUTELA DE URGÊNCIA. FORNECIMENTO DE MEDICAMENTO. TRIPTORRELINA (NEO DECAPEPTYL). PUBERDADE PRECOCE CENTRAL. MEDICAMENTO ADMINISTRADO SOB SUPERVISÃO PROFISSIONAL. INAPLICABILIDADE DA EXCLUSÃO DE COBERTURA PARA MEDICAMENTO DE USO DOMICILIAR. ASTREINTES. PRAZO PARA CUMPRIMENTO. RECURSO DESPROVIDO.
I. CASO EM EXAME
Agravo de instrumento interposto por operadora de plano de saúde contra decisão que, em ação de obrigação de fazer, deferiu tutela de urgência para determinar o fornecimento do medicamento Triptorrelina (Neo Decapeptyl) 11,25 mg, de aplicação trimestral, destinado ao tratamento de puberdade precoce central da autora, sob pena de multa diária. A agravante sustenta ausência dos requisitos da tutela de urgência, inexistência de cobertura contratual por se tratar de medicamento supostamente domiciliar, ausência de previsão no rol da ANS, desproporcionalidade da multa e exiguidade do prazo para cumprimento da obrigação.
II. QUESTÃO EM DISCUSSÃO
Há quatro questões em discussão: (i) definir se estão presentes os requisitos para manutenção da tutela de urgência; (ii) estabelecer se a operadora pode negar a cobertura do medicamento sob a alegação de uso domiciliar e ausência de previsão no rol da ANS; (iii) determinar se a multa diária fixada é proporcional e adequada; e (iv) verificar se o prazo concedido para cumprimento da obrigação é razoável.
III. RAZÕES DE DECIDIR
A autora foi diagnosticada com puberdade precoce central e possui prescrição médica específica para utilização do medicamento Triptorrelina (Neo Decapeptyl), evidenciando, em cognição sumária, a probabilidade do direito e o perigo de dano decorrente da demora no tratamento.
A operadora que oferece cobertura para a doença não pode restringir os meios terapêuticos indispensáveis ao tratamento prescrito pelo médico assistente, sobretudo quando a medicação é considerada necessária para a preservação da saúde da paciente.
O medicamento prescrito não se enquadra na hipótese de simples uso domiciliar, pois sua preparação e administração exigem supervisão de profissional de saúde, com aplicação intramuscular profunda realizada em ambiente adequado.
A peculiaridade da forma de administração do medicamento afasta a incidência da jurisprudência que admite a negativa de cobertura de medicamentos de uso exclusivamente domiciliar.
Compete à operadora demonstrar a existência de tratamento substitutivo igualmente eficaz, seguro e efetivo, incluído no rol da ANS, ônus do qual não se desincumbiu.
A urgência do tratamento está evidenciada pelo risco de agravamento do quadro clínico da paciente, inexistindo perigo de dano relevante à operadora, uma vez que eventual reversão da medida admite conversão da obrigação em perdas e danos.
A multa diária fixada em R$ 1.000,00, limitada a R$ 30.000,00, observa os princípios da razoabilidade e da proporcionalidade, preservando sua finalidade coercitiva e evitando estímulo ao descumprimento da ordem judicial.
A agravante não demonstrou impossibilidade operacional para cumprimento da determinação judicial no prazo assinalado, razão pela qual se mostra adequada a sua manutenção.
IV. DISPOSITIVO E TESE
Recurso desprovido.
Tese de julgamento: 1. A operadora de plano de saúde deve custear medicamento prescrito para tratamento de enfermidade coberta contratualmente quando demonstrada sua necessidade clínica. 2. A exclusão de cobertura para medicamento de uso domiciliar não se aplica à medicação cuja administração exige supervisão de profissional de saúde. 3. Incumbe à operadora comprovar a existência de tratamento substitutivo igualmente eficaz, seguro e efetivo para afastar a cobertura da medicação prescrita. 4. A multa cominatória deve ser mantida quando fixada em valor compatível com a obrigação e necessária à efetividade da decisão judicial. 5. O prazo para cumprimento da obrigação deve ser preservado na ausência de prova de impossibilidade operacional.
Dispositivos relevantes citados: CPC, arts. 300, 537 e 1.026, § 2º.
Jurisprudência relevante citada: STJ, entendimento sobre licitude da negativa de cobertura de medicamento de uso domiciliar. TJSP, Agravo de Instrumento nº 2257144-40.2025.8.26.0000, Rel. Des. Marcia Dalla Déa Barone, 4ª Câmara de Direito Privado, j. 12.11.2025. TJSP, Agravo de Instrumento nº 2171311-25.2023.8.26.0000, Rel. Des. J.L. Mônaco da Silva, 5ª Câmara de Direito Privado, j. 07.11.2023. STJ, EDROMS 18205/SP, Rel. Min. Felix Fischer, DJ 08.05.2006."
1064206-60.2024.8.26.0100,20802507,Apelação Cível,Tratamento médico-hospitalar,Rosana Santiso,São Paulo,Núcleo 4.0-T. IV (DP1),,,04/08/2026,04/08/2026,,False,False,571,"DIREITO PROCESSUAL CIVIL. APELAÇÕES CÍVEIS. PLANO DE SAÚDE . TRANSTORNO DO ESPECTRO AUTISTA (TEA). COBERTURA DE TRATAMENTO MULTIDISCIPLINAR. INSUFICIÊNCIA DA REDE CREDENCIADA. CUSTEIO INTEGRAL EM CLÍNICA PARTICULAR PRÓXIMA À RESIDÊNCIA DO AUTOR. CORREÇÃO DO VALOR DA CAUSA. RECURSOS DESPROVIDOS.
I. CASO EM EXAME
1. Apelações interpostas pela operadora de plano de saúde e pelo autor contra sentença que julgou parcialmente procedente ação de obrigação de fazer para condenar a ré a custear integralmente as terapias prescritas ao autor, diagnosticado com Transtorno do Espectro Autista (TEA), em ambiente clínico, por profissionais habilitados, em instituição particular, diante da inexistência de rede credenciada apta no município de residência do beneficiário, sem limitação do número de sessões e sem necessidade de desembolso prévio para reembolso posterior, além de ter corrigido o valor atribuído à causa. 
II. QUESTÕES EM DISCUSSÃO
2. Há três questões em discussão: (i) definir se a operadora está obrigada a custear integralmente o tratamento multidisciplinar em clínica particular, sem limitação de sessões e sem submissão ao regime contratual de reembolso, diante da insuficiência da rede credenciada; (ii) estabelecer se a condenação deve ficar restrita às terapias prescritas no laudo médico que instrui a inicial; e (iii) determinar se era cabível a correção de ofício do valor da causa.
III. RAZÕES DE DECIDIR
3. A cobertura dos procedimentos indicados para o tratamento de TEA é obrigatório pelas operadoras de planos de saúde , cabendo ao médico assistente a escolha do método ou da técnica terapêutica e sendo dever da operadora assegurar o atendimento em rede apta, sem limitação temporal ou quantitativa de sessões, conforme Resoluções Normativas da ANS n. 539/2022 e 541/2022. 
4. A inexistência de rede credenciada apta no município de residência do autor, reconhecida pela própria operadora, afasta a aplicação do regime ordinário de reembolso e impõe o custeio integral do tratamento em clínica particular, sem exigência de desembolso prévio pelo beneficiário. 
5. A sentença já delimitou adequadamente a obrigação ao tratamento realizado em ambiente clínico, por profissionais devidamente habilitados, inexistindo condenação ao custeio de terapias em ambiente escolar ou domiciliar.
6. A obrigação imposta na sentença restringe-se às terapias prescritas no laudo médico que instrui a petição inicial, sem prejuízo de que eventuais prescrições supervenientes sejam objeto de nova análise pela operadora e, em caso de negativa reputada abusiva, de apreciação pelo Poder Judiciário. Descabida, assim, a pretensão da operadora ré de vedação genérica à futura inclusão de terapias eventualmente prescritas pelo médico assistente.
7. O valor da causa deve refletir o efetivo conteúdo econômico perseguido, correspondendo, nas obrigações de trato sucessivo por prazo indeterminado, ao valor de uma prestação anual, na forma do art. 292, § 2º, do CPC. 
8. No caso em apreço, contudo, os valores constantes do orçamento apresentado pelo autor mostram-se manifestamente superiores aos parâmetros de mercado, circunstância corroborada por tabelas de honorários de instituições idôneas juntadas no parecer ministerial de primeiro grau, legitimando a correção de ofício do valor da causa nos termos do art. 292, § 3º, do CPC. 
9. Não bastasse, para além do elevadíssimo valor atribuído a cada uma das sessões, a padronização do orçamento, com atribuição de idêntico valor a sessões de terapias distintas, prestadas por profissionais com formações diversas, impede concluir que o valor originalmente atribuído à causa reflita, de fato, o efetivo conteúdo econômico da demanda, justificando sua adequação para evitar abuso e distorções quanto às custas e despesas processuais e aos honorários sucumbenciais.
IV. DISPOSITIVO
10. Recursos desprovidos."
1001776-24.2022.8.26.0268,20803069,Apelação Cível,Tratamento médico-hospitalar,Viviani Nicolau,Itapecerica da Serra,3ª Câmara de Direito Privado,3,Direito Privado,04/08/2026,04/08/2026,,False,False,232,"""APELAÇÃO CÍVEL. DIREITO CIVIL E DO CONSUMIDOR. PLANO DE SAÚDE . CIRURGIAS PLÁSTICAS PÓS-BARIÁTRICA. TEMA 1.069 DO STJ. PERÍCIA JUDICIAL. PROCEDIMENTOS REMANESCENTES DE NATUREZA ESTÉTICA. AUSÊNCIA DE OBRIGAÇÃO DE COBERTURA. DANOS MORAIS. INEXISTÊNCIA. JUSTIÇA GRATUITA DEFERIDA EM GRAU RECURSAL. RECURSO PARCIALMENTE PROVIDO.
I. CASO EM EXAME
Apelação interposta pela autora contra sentença que julgou improcedentes os pedidos de custeio de cirurgias plásticas pós-bariátricas remanescentes e de indenização por danos morais.
II. QUESTÃO EM DISCUSSÃO
Há três questões em discussão: (i) saber se a autora faz jus à gratuidade da justiça em grau recursal; (ii) verificar se os procedimentos cirúrgicos pleiteados possuem natureza reparadora ou meramente estética, para fins de cobertura obrigatória pelo plano de saúde ; (iii) definir se a negativa de cobertura enseja indenização por danos morais.
III. RAZÕES DE DECIDIR
Hipossuficiência comprovada. Concessão da justiça gratuita em grau recursal, com efeitos prospectivos (ex nunc).
Tema 1.069 do STJ. Somente é obrigatória a cobertura de cirurgias plásticas pós-bariátricas quando demonstrado seu caráter reparador ou funcional.
Dever de cobertura inexistente. O laudo pericial, elaborado por profissional equidistante das partes e submetido ao contraditório, concluiu que os procedimentos remanescentes possuem natureza estética.
Ausente obrigação contratual de cobertura, inexiste ilicitude na conduta da operadora, razão pela qual também não se configura o dever de indenizar por danos morais.
Sentença preservada. Concessão da gratuidade da justiça.
IV. DISPOSITIVO
8. RECURSO PARCIALMENTE PROVIDO"". (voto nº 51910)."
2115835-94.2026.8.26.0000,20802804,Agravo de Instrumento,Tratamento médico-hospitalar,Marcos de Lima Porta,Ibiúna,Núcleo 4.0-T. V (DP1),,,04/08/2026,04/08/2026,,False,False,214,"DIREITO CIVIL. AGRAVO DE INSTRUMENTO. PLANO DE SAÚDE . RECURSO PROVIDO. 
I. Caso em Exame 
1. Agravo de instrumento interposto por Unimed São Roque Cooperativa de Trabalho Médico contra decisão que deferiu tutela de urgência para custeio de tratamento com medicamento à base de canabidiol para paciente com transtorno do espectro autista.
II. Questão em Discussão 
2. A questão em discussão consiste em determinar se o plano de saúde é obrigado a custear medicamento de uso domiciliar não incluído no rol de cobertura obrigatória da ANS. 
III. Razões de Decidir 
3. A tutela de urgência requer probabilidade do direito e perigo de dano, conforme o art. 300 do CPC, não preenchidos no caso. 
4. O art. 10, VI, da Lei nº 9.656/1998 exclui medicamentos domiciliares da cobertura obrigatória, salvo exceções específicas, não aplicáveis ao caso. 
IV. Dispositivo e Tese 
5. Recurso provido. 
Tese de julgamento: 1. A exclusão de cobertura para medicamentos de uso domiciliar é lícita, conforme o art. 10, VI, da Lei nº 9.656/1998. 2. Ausência de probabilidade do direito para concessão de tutela de urgência. 
Legislação Citada: 
Código de Processo Civil, art. 300.
Lei nº 9.656/1998, art. 10, VI.
Jurisprudência Citada: 
STJ, REsp nº 2.071.955/RS, Rel. Min. Nancy Andrighi, j. 07/03/2024.
TJSP, Agravo de Instrumento 2130395-75.2025.8.26.0000, Rel. Alexandre Lazzarini, j. 01/10/2025."
2020698-85.2026.8.26.0000,20800901,Agravo de Instrumento,Planos de saúde,Marcos de Lima Porta,Carapicuíba,Núcleo 4.0-T. V (DP1),,,04/08/2026,04/08/2026,,False,False,194,"Direito Processual Civil. Agravo de Instrumento. Tutela de Urgência. Parcial Provimento. 
I. Caso em Exame 
1. Agravo de instrumento interposto por A. L. D. L., representada por sua genitora, contra decisão que suspendeu a liminar em ação de obrigação de fazer c/c indenizatória, buscando restabelecer a tutela de urgência para realização de tratamento multidisciplinar pelo método MIG.
II. Questão em Discussão
2. A questão em discussão consiste em verificar a existência dos requisitos legais para concessão da tutela de urgência, considerando a probabilidade do direito e o perigo de dano. 
III. Razões de Decidir
3. Presente a probabilidade do direito e o perigo de dano, conforme artigo 300 do CPC, com indicação médica expressa e evidência científica de eficiência.
4. Resolução Normativa ANS nº 539/2022 prevê cobertura para tratamento de transtornos globais do desenvolvimento, incluindo TEA, por prestador apto a executar o método indicado. 
IV. Dispositivo e Tese
5. Recurso parcialmente provido para determinar que a agravada providencie o tratamento multidisciplinar adequado à menor, conforme laudo médico, junto à rede credenciada, sob pena de multa diária. 
Legislação Citada: 
Código de Processo Civil, art. 300
Resolução Normativa ANS nº 469/2021
Resolução Normativa ANS Nº 539/2022"
1119152-79.2024.8.26.0100,20801099,Embargos de Declaração Cível,Tratamento médico-hospitalar,Marcos de Lima Porta,São Paulo,Núcleo 4.0-T. V (DP1),,,04/08/2026,04/08/2026,,False,False,235,"Direito Processual Civil. Embargos de Declaração. Omissão não configurada. Rejeição dos embargos.
Caso em Exame
1. Embargos de declaração opostos por Mediservice Operadora de Planos de Saúde S.A. contra acórdão que deu parcial provimento aos recursos de apelação, afastando a condenação ao pagamento de indenização por danos morais, mantendo a sentença nos demais aspectos. A embargante alega omissão quanto à aplicação da tese firmada pelo STF na ADI nº 7.265, requerendo a anulação do acórdão e retorno dos autos para consulta ao NATJUS.
II. Questão em Discussão
2. A questão em discussão consiste em verificar se houve omissão no acórdão quanto à necessidade de consulta ao NATJUS para cobertura de procedimento não previsto no rol da ANS, conforme tese do STF na ADI nº 7.265.
III. Razões de Decidir
3. Os embargos de declaração visam sanar obscuridade, contradição, omissão ou erro material, não sendo meio para rediscutir matéria já apreciada.
4. O acórdão abordou suficientemente as questões necessárias, concluindo que a negativa de cobertura foi abusiva, com base na Diretriz de Utilização Técnica nº 143 da ANS e nos relatórios médicos que demonstraram a necessidade do procedimento TAVI.
IV. Dispositivo e Tese
5. Rejeição dos embargos de declaração.
Tese de julgamento: 1. Embargos de declaração não se prestam à rediscussão de matéria já decidida. 2. Inexistência de omissão quando o acórdão apresenta fundamentação suficiente.
Legislação Citada:
Código de Processo Civil, art. 1.022 e art. 1.025"
1025413-18.2025.8.26.0100,20800659,Apelação Cível,Tratamento médico-hospitalar,Alcides Leopoldo,São Paulo,4ª Câmara de Direito Privado,4,Direito Privado,04/08/2026,04/08/2026,82800.0,False,False,300,"DIREITO CIVIL. APELAÇÃO. PLANO DE SAÚDE . INEXIGIBILIDADE DE DÉBITO. OBRIGAÇÃO DE FAZER. RECURSO DESPROVIDO.
I. Caso em Exame
A autora, beneficiária de plano de saúde da Unimed Nacional, realizou procedimento cirúrgico de vertebroplastia percutânea, autorizado pela operadora. Dois anos após, recebeu cobrança de R$ 82.800,00 do hospital devido à negativa de cobertura . Busca a declaração de inexigibilidade da cobrança e a condenação da Unimed ao pagamento do débito.
II. Questão em Discussão
2. A questão em discussão consiste em (i) a validade da negativa de cobertura do procedimento cirúrgico pela operadora de plano de saúde e (ii) a responsabilidade da operadora em custear o tratamento autorizado.
III. Razões de Decidir
3. A jurisprudência do STJ aplica o Código de Defesa do Consumidor aos contratos de plano de saúde , vedando a exclusão de procedimentos necessários à cura de doenças cobertas.
4. A operadora não pode restringir tratamentos prescritos pelo médico assistente, mesmo que amparada por Junta Médica, sem comprovar alternativa eficaz e segura já incorporada ao rol da ANS.
IV. Dispositivo e Tese
5. Recurso desprovido.
Tese de julgamento: 1. A operadora de plano de saúde deve custear todos os procedimentos e materiais necessários ao tratamento de doença coberta, conforme prescrição médica, tendo descumprido o dever de informar antes que cobriria parte dos materiais. 2. A negativa de cobertura sem comprovação de alternativa eficaz e segura é abusiva.
Legislação Citada: CF/1988, art. 6º, III; Lei 8.078/90; Lei 9.656/98, art. 10, caput e § 4º; CPC, art. 1.010, I e II, art. 85, § 11. Jurisprudência Citada: STJ, REsp 668.216/SP, Rel. Min. Carlos Alberto Menezes Direito, Terceira Turma, julgado em 15.03.2007; STJ, REsp 874.976/MT, Rel. Min. João Otávio de Noronha, Quarta Turma, julgado em 01.12.2009; STJ, AgInt no REsp 1.984.043/SP, Rel. Min. Raul Araújo, Quarta Turma, julgado em 16.10.2023."
1007299-55.2022.8.26.0223,20800985,Apelação Cível,Tratamento médico-hospitalar,Alcides Leopoldo,Guarujá,4ª Câmara de Direito Privado,4,Direito Privado,04/08/2026,04/08/2026,,False,False,210,"DIREITO CIVIL. APELAÇÃO. OBRIGAÇÃO DE FAZER. TRATAMENTO DE SAÚDE. PEDIDO JULGADO PROCEDENTE.
I. Caso em Exame
A autora, portadora de Transtorno do Espectro Autista em grau severo, requer internação em clínica especializada com custeio pelo plano de saúde , devido à gravidade do quadro e ausência de condições financeiras para arcar com o tratamento. A sentença julgou procedente a ação, condenando a ré ao custeio integral do tratamento.
II. Questão em Discussão
2. A questão em discussão consiste em determinar se a operadora de saúde deve custear integralmente o tratamento em clínica não credenciada, diante da alegada inexistência de rede credenciada apta a atender as especificidades do caso.
III. Razões de Decidir
3. A operadora não comprovou a existência de clínica credenciada apta ao tratamento.
4. A negativa de custeio integral fora da rede credenciada, em caso de inadequação da rede, equivale à negativa de serviço, justificando a manutenção da obrigação de cobertura.
IV. Dispositivo e Tese
5. Recurso desprovido.
Tese de julgamento: 1. A operadora de saúde deve custear integralmente o tratamento em clínica não credenciada quando não houver rede credenciada apta. 2. A negativa de custeio integral equivale à negativa de serviço.
Legislação Citada: Lei nº 9.656/1998, art. 12. CPC, art. 85, § 11; art. 1.026, § 2º."
1084956-88.2021.8.26.0100,20801737,Apelação Cível,Planos de saúde,Regina Aparecida Caro Gonçalves,São Paulo,Núcleo 4.0-T. I (DP1),,,04/08/2026,04/08/2026,,False,False,640,"Direito do consumidor e da saúde suplementar. Apelação cível. Plano de saúde . Negativa de cobertura de órtese craniana. Braquicefalia assimétrica severa. Abusividade da recusa. Reembolso integral. Adequação dos consectários legais de ofício. Recurso desprovido.

I. Caso em exame
1. Apelação cível interposta por operadora de plano de saúde contra sentença que julgou procedente o pedido para condená-la ao reembolso integral das despesas suportadas pelas autoras com a aquisição de órtese craniana prescrita para tratamento de braquicefalia assimétrica severa, bem como ao pagamento dos consectários legais e honorários advocatícios. A apelante sustenta a exclusão legal e contratual de cobertura de órtese não vinculada ao ato cirúrgico, a taxatividade do rol da ANS, o caráter experimental do tratamento, a ausência dos requisitos previstos no art. 10, § 13, da Lei nº 9.656/1998 e, subsidiariamente, a limitação do reembolso aos parâmetros contratuais.

II. Questões em discussão
2. Há duas questões em discussão: (i) definir se a operadora de plano de saúde pode recusar a cobertura de órtese craniana indicada para tratamento de braquicefalia, sob o fundamento de não estar vinculada ao ato cirúrgico e de ausência de previsão no rol da ANS; e (ii) estabelecer se o reembolso das despesas deve observar limitações contratuais ou ocorrer de forma integral, bem como definir os índices aplicáveis aos consectários legais.

III. Razões de decidir
3. Dialeticidade. Observância. A repetição, em sede recursal, de argumentos anteriormente deduzidos não configura, por si só, violação ao princípio da dialeticidade, desde que as razões de apelação impugnem especificamente os fundamentos da sentença.
4. A relação jurídica entre as partes é de consumo, submetendo-se às normas do Código de Defesa do Consumidor.
5. O relatório do médico assistente demonstra a necessidade clínica da órtese craniana, sua eficácia terapêutica, o registro do produto na ANVISA e a inexistência de prestador credenciado apto a realizar o tratamento prescrito.
6. A negativa de cobertura é abusiva porque a órtese, embora não vinculada diretamente ao ato cirúrgico, destina-se a evitar futura intervenção cirúrgica mais invasiva, onerosa e de maior risco ao paciente.
7. A eficácia do tratamento encontra respaldo em evidências científicas, na literatura médica e nos elementos constantes dos autos, inclusive pela evolução clínica favorável da paciente após a utilização da órtese.
8. A operadora não apresenta prova capaz de afastar a prescrição do médico assistente nem indica tratamento alternativo eficaz ou fornecedor credenciado apto a prestar a terapia indicada.
9. A inexistência de tratamento disponível na rede credenciada afasta a limitação contratual ao reembolso, impondo o ressarcimento integral das despesas suportadas pelas autoras.
10. Consectários legais. Relação contratual. Danos materiais. Os juros moratórios incidem a partir da citação, nos termos do art. 405 do CC, e a correção monetária desde o efetivo prejuízo, conforme Súmula 43 do STJ. Aplica-se o IPCA até a citação e, após, a taxa SELIC, vedada a cumulação com outros índices, conforme orientação do STJ. Matéria de ordem pública que admite correção de ofício.

IV. Dispositivo
11. Apelação cível conhecida e desprovida.
_________ 
Dispositivos relevantes citados: CDC; Lei nº 9.656/1998, arts. 10, VII e § 13, e 12, VI; RN ANS nº 465/2021, art. 17, parágrafo único, VII; CPC, art. 85, §§ 2º e 11; Código Civil, arts. 389 e 406.
Jurisprudência relevante citada: STJ, AgRg no AREsp 435.352/MG, Rel. Min. Nancy Andrighi, 3ª Turma, j. 25.02.2014; STJ, REsp 2.265.043/MT, Rel. Min. Nancy Andrighi, 3ª Turma, j. 05.05.2026; STJ, REsp 2.009.589/DF, Rel. Min. Nancy Andrighi, j. 21.09.2022; STJ, REsp 1.893.445/SP, Rel. Min. Maria Isabel Gallotti, 4ª Turma, j. 18.04.2023; STJ, AREsp 2.600.202, Rel. Min. Maria Isabel Gallotti, decisão de 03.10.2024; STJ, AgInt no AREsp 2.059.743/RJ, Rel. Min. Antonio Carlos Ferreira, 4ª Turma, j. 11.02.2025; STJ, Tema Repetitivo 1.368; STJ, AgInt no AREsp 2.821.566/DF, Rel. Min. Benedito Gonçalves, 1ª Turma, j. 22.09.2025; STJ, AgInt nos EDcl no AREsp 2.088.555/MS, Rel. Min. Maria Isabel Gallotti, 4ª Turma, j. 27.03.2023."
1005819-42.2024.8.26.0362,20800879,Apelação Cível,Fornecimento de insumos,Wilson Lisboa Ribeiro,Mogi-Guaçu,9ª Câmara de Direito Privado,9,Direito Privado,04/08/2026,04/08/2026,,False,False,148,"PLANO DE SAÚDE . OBRIGAÇÃO DE FAZER. Fornecimento de prótese ortopédica. Sentença de procedência. Insurgência da operadora. Negativa de cobertura fundada em ausência de previsão no rol da ANS e em cláusula contratual de exclusão de prótese não ligada a ato cirúrgico. Inadmissibilidade. Beneficiário submetido à amputação de membro inferior. Indicação médica expressa e prova pericial que atestam a necessidade e adequação do dispositivo. Prótese que constitui desdobramento natural do ato cirúrgico de amputação, integrando o próprio tratamento da enfermidade. Interpretação do art. 10, VII, da Lei nº 9.656/98 que não pode ser restritiva a ponto de esvaziar a finalidade do contrato. Aplicação do Código de Defesa do Consumidor. Cláusula limitativa que não pode frustrar o resultado útil do tratamento. Rol da ANS que não possui caráter absoluto, admitindo mitigação diante da necessidade do procedimento e ausência de alternativa eficaz. Abusividade da negativa configurada. Sentença mantida. RECURSO DESPROVIDO."
2019632-70.2026.8.26.0000,20800933,Agravo de Instrumento,Tratamento médico-hospitalar,Regina Aparecida Caro Gonçalves,São Paulo,Núcleo 4.0-T. I (DP1),,,04/08/2026,04/08/2026,,False,False,405,"Direito do Consumidor e da Saúde Suplementar. Agravo de instrumento. Plano de saúde . Portador de Mieloma recidivado ou refratário. Custeio do medicamento CARVYKTI®. Tutela de urgência deferida. Atendimento dos requisitos da ADI 7265. Recurso desprovido.

I. Caso em exame
1. Agravo de instrumento objetivando a reforma de decisão que deferiu a tutela de urgência.

II. Questão em discussão
2. A questão em discussão consiste em saber se estão presentes os requisitos do art. 300 do CPC.

III. Razões de decidir
3. A Lei nº 14.454/2022 que conferiu natureza exemplificativa ao Rol de Procedimentos e Eventos em Saúde da ANS, admitindo cobertura de tratamento não incorporado ao rol quando presentes os requisitos legais. A partir do julgamento da ADI nº 7.265 pelo Supremo Tribunal Federal, necessária a observância de cincos requisitos para a obrigatoriedade de cobertura de procedimentos não previstos no rol da ANS. 
4. Existência de prescrição expressa por médico assistente habilitado. Paciente diagnosticado com mieloma múltiplo lambda livre (CID C90.0), submetido a diversas linhas terapêuticas, inclusive transplante autólogo de células-tronco hematopoéticas e terapia de manutenção com lenalidomida, evoluindo com progressão da doença e prognóstico desfavorável. Há indicação médica fundamentada para utilização do medicamento ciltacabtageno autoleucel (CARVYKTI®).
5. Inexistência de demonstração de negativa formal de incorporação do tratamento ao rol da ANS. A Nota Técnica da Agência Nacional de Saúde Suplementar apenas esclarece a necessidade de submissão dos produtos de terapia avançada ao procedimento próprio de atualização do rol, sem caracterizar recusa expressa à sua inclusão.
6. Ausência de alternativa terapêutica adequada no rol da ANS para o quadro clínico apresentado. Tratamentos previamente utilizados sem sucesso para controle da enfermidade.
7. Comprovação da eficácia e segurança do tratamento por evidências científicas de alto nível, incluindo estudos clínicos randomizados de fase III, demonstrando superioridade em relação à terapia padrão e redução significativa do risco de óbito. 
8. Medicamento regularmente registrado perante a ANVISA, cuja aprovação reconheceu a relação favorável entre benefícios e riscos do produto.
9. A Consulta ao NAT-JUS já foi determinada nos autos de origem, inexistindo óbice à manutenção da medida de urgência até a conclusão da instrução técnica.
10. Estão presentes os requisitos autorizadores da tutela de urgência.

IV. Dispositivo
11. Agravo de instrumento conhecido e desprovido. 
_________ 
Dispositivo relevante citado: CPC, art. 300; Lei nº 14.454/22, arts. 10, §§ 12 e 13.
Jurisprudência relevante citada: STF, ADI 7265; TJSP, Agravo de Instrumento 2250547-55.2025.8.26.0000, Agravo de Instrumento 2243344-42.2025.8.26.0000, Agravo de Instrumento 2256098-16.2025.8.26.0000."
1099701-71.2024.8.26.0002,20800922,Apelação Cível,Planos de saúde,Regina Aparecida Caro Gonçalves,São Paulo,Núcleo 4.0-T. I (DP1),,,04/08/2026,04/08/2026,,True,False,227,"Direito do consumidor e processual civil. Apelação cível. Plano de saúde coletivo empresarial. Rescisão contratual. Manutenção do plano de saúde da autora. Dano moral não configurado. Recurso desprovido.

I. Caso em exame
Apelação cível interposta pela autora contra sentença que julgou parcialmente procedente a ação de obrigação de fazer para determinar a manutenção do plano de saúde coletivo empresarial, preservadas a rede credenciada e as carências, até um mês após o parto, mediante pagamento integral das mensalidades pela beneficiária, e julgou improcedente o pedido de indenização por danos morais.

II. Questão em discussão
2. A questão em discussão consiste em definir se o cancelamento do plano de saúde coletivo empresarial durante a gestação da autora configura dano moral indenizável.

III. Razões de decidir
3. Dano moral não configurado. Inexistência de demonstração de lesão efetiva a direito da personalidade, nexo causal e prejuízo extrapatrimonial. Não há registro de negativa de cobertura médica ou de interrupção da assistência após a ciência da operadora acerca da medida liminar. 

IV. Dispositivo 
4. Apelação cível conhecida e desprovida.

Dispositivos relevantes citados: CPC, art. 85, § 11 e art. 1.021, § 3º; Regimento Interno do Tribunal de Justiça de São Paulo, art. 252.
Jurisprudência relevante citada: STJ, Temas 1082; 1365 e 1306; AgInt no AREsp nº 862.868/CE; STF, AgRg no ARE nº 721.793. TJSP, Apelação Cível nº 1177399-87.2023.8.26.0100 e Apelação Cível nº 1029205-10.2024.8.26.0554."
2122000-60.2026.8.26.0000,20800888,Agravo de Instrumento,Planos de saúde,Pastorelo Kfouri,Nhandeara,7ª Câmara de Direito Privado,7,Direito Privado,04/08/2026,04/08/2026,,False,False,316,"em>PLANO DE SAÚDE . AGRAVO DE INSTRUMENTO. TUTELA DE URGÊNCIA RECURSAL. FATOS SUPERVENIENTES. CANCELAMENTO DO PLANO E COPARTICIPAÇÃO ABUSIVA. MENOR EM TRATAMENTO INDISPENSÁVEL À VIDA. PROVIMENTO.
I. CASO EM EXAME
1. Agravo de instrumento interposto pela autora, menor impúbere, contra decisão que indeferiu pedido incidental de tutela de urgência fundado em fatos supervenientes, ao argumento de extrapolarem os limites objetivos da demanda originária.
2. A agravante busca o restabelecimento do plano, a limitação da coparticipação ao valor da mensalidade, a retomada do atendimento domiciliar e a autorização de exames e procedimentos cirúrgicos urgentes.
II. QUESTÃO EM DISCUSSÃO
3. Saber (i) se os fatos supervenientes extrapolam os limites objetivos da demanda originária; (ii) se a coparticipação pode superar o valor da mensalidade; (iii) se o cancelamento do plano no curso de tratamento vital é legítimo; e (iv) se a multa diária comporta redução.
III. RAZÕES DE DECIDIR
4. Os fatos supervenientes vinculam-se ao objeto da demanda e devem ser apreciados no próprio processo, nos termos do art. 493 do CPC, sem julgamento extra petita.
5. A cobrança de coparticipação não pode superar o valor da mensalidade quando inviabiliza o acesso ao tratamento indispensável ao beneficiário.
6. O cancelamento do plano fundado em inadimplência derivada de cobrança controvertida, no curso de tratamento vital de menor, revela-se abusivo em cognição sumária.
7. A multa fixada não comporta redução, sob pena de perder o caráter coercitivo.
IV. DISPOSITIVO E TESE
8. Recurso conhecido e provido.
Tese de julgamento: ""1. Os fatos supervenientes vinculados ao objeto da demanda devem ser apreciados no próprio processo, à luz do art. 493 do CPC. 2. A coparticipação não pode superar o valor da mensalidade quando inviabiliza o tratamento indispensável ao beneficiário.""
__________
Dispositivos relevantes citados: CPC, art. 300, art. 493 e art. 537; Lei nº 9.656/1998, art. 16, VIII.
Jurisprudência relevante citada: STJ, REsp n. 2.001.108/MT, rel. Min. Nancy Andrighi, Terceira Turma, j. 3/10/2023."
1013424-74.2023.8.26.0006,20801870,Apelação Cível,Tratamento médico-hospitalar,Olavo Sá,São Paulo,Núcleo 4.0-T. I (DP1),,,04/08/2026,04/08/2026,,False,True,243,"APELAÇÃO. PLANO DE SAÚDE . AÇÃO DE OBRIGAÇÃO DE FAZER. MENOR DIAGNOSTICADO COM TRANSTORNO DO ESPECTRO AUTISTA (TEA). Sentença de improcedência, fundamentada em parecer do NAT-JUS. Insurgência do autor. DEVER DE COBERTURA. Tratamento multidisciplinar prescrito por médico especialista (terapias pelo método ABA, fonoaudiologia, terapia ocupacional, psicomotricidade e musicoterapia). Recusa de custeio integral pela operadora. Abusividade reconhecida. Dever de cobertura que decorre de expressa previsão legal e regulamentar. RESOLUÇÕES NORMATIVAS DA ANS. A controvérsia sobre a obrigatoriedade de cobertura de terapias para TEA foi superada pelas Resoluções Normativas nº 539/2022 e nº 541/2022 da ANS, que garantem a cobertura de qualquer método ou técnica indicada pelo médico assistente, em número ilimitado de sessões. Normas de caráter cogente que se impõem ao contrato. PARECER DO NAT-JUS. O parecer emitido pelo Núcleo de Apoio Técnico do Judiciário (NAT-JUS) possui natureza meramente consultiva e não vinculante, não podendo sobrepor-se à prescrição do médico que acompanha o paciente, especialmente quando em dissonância com a regulamentação específica da agência reguladora (ANS). Precedentes. ERRO DE JULGAMENTO. Sentença que se baseou exclusivamente em parecer técnico genérico, ignorando as normas regulamentares específicas e a jurisprudência consolidada sobre o tema. Configurado o error in judicando. INVERSÃO DA SUCUMBÊNCIA. Com o provimento do recurso, a sucumbência deve ser integralmente carreada à ré-apelada. Honorários advocatícios fixados em 10% sobre o valor da causa, majorados para 12% em atenção ao trabalho adicional em grau recursal, nos termos do art. 85, § 11, do CPC. RECURSO PROVIDO."
1013141-42.2024.8.26.0127,20801868,Apelação Cível,Tratamento médico-hospitalar,Olavo Sá,Carapicuíba,Núcleo 4.0-T. I (DP1),,,04/08/2026,04/08/2026,,False,False,307,"APELAÇÕES CÍVEIS. PLANO DE SAÚDE . AÇÃO DE OBRIGAÇÃO DE FAZER. MENOR DIAGNOSTICADO COM TRANSTORNO DO ESPECTRO AUTISTA (TEA). SENTENÇA DE PROCEDÊNCIA. INSURGÊNCIA DE AMBAS AS PARTES. RECURSO DA RÉ. Negativa de cobertura de tratamento multidisciplinar (psicopedagogia e musicoterapia) sob o argumento de não constarem no rol da ANS. Descabimento. Dever de cobertura que se impõe. Rol da ANS que, para o tratamento de TEA, é exemplificativo, conforme a Lei nº 14.454/2022 e a RN nº 539/2022 da própria agência reguladora. Terapias que integram o tratamento multidisciplinar prescrito por médico especialista. Psicopedagogia que, realizada em ambiente clínico por profissional habilitado, possui natureza terapêutica. Musicoterapia reconhecida como Prática Integrativa e Complementar pelo Ministério da Saúde (Portaria MS/GM nº 849/2017) e com cobertura reconhecida pela jurisprudência do C. STJ. Indicação de clínica em localidade distante, fixando-se como parâmetro de razoabilidade a distância máxima de 15 km da residência do autor, que equivale à recusa de cobertura. Impossibilidade de atendimento na rede credenciada nestas condições que impõe o custeio mediante pagamento direto a prestador particular. Sentença mantida neste ponto. Recurso da ré desprovido. RECURSO DO AUTOR. Pleito de afastamento da cláusula de coparticipação. Possibilidade de limitação. Cláusula de coparticipação que, em sua essência, não é ilegal, encontrando amparo no art. 16, VIII, da Lei nº 9.656/98. Contudo, sua aplicação em tratamentos contínuos e de longa duração, como no caso do autismo, não pode representar óbice ao acesso à saúde, sob pena de nulidade por abusividade (art. 51, IV, do CDC). Precedentes deste E. Tribunal e desta C. Turma no sentido de limitar a cobrança para não inviabilizar a terapia. Reforma parcial da sentença para, reconhecendo a validade da cláusula, limitar a cobrança mensal a título de coparticipação ao valor da mensalidade do plano de saúde . Recurso do autor parcialmente provido. RECURSO DA RÉ DESPROVIDO. RECURSO DO AUTOR PARCIALMENTE PROVIDO."
1053918-53.2024.8.26.0100,20801255,Apelação Cível,Planos de saúde,Regina Aparecida Caro Gonçalves,São Paulo,Núcleo 4.0-T. I (DP1),,,04/08/2026,04/08/2026,,False,False,588,"Direito do consumidor e da saúde suplementar. Apelação cível. Plano de saúde . Ação declaratória de nulidade contratual. Alegação de fraude por omissão de doença preexistente. Ausência de prova de má-fé ou de exame médico admissional. Negativa de cobertura ilícita. Ressarcimento das despesas médicas. Adequação dos consectários legais de ofício. Recurso desprovido.

I. Caso em exame
1. Apelação cível interposta por operadora de plano de saúde contra sentença que julgou improcedente o pedido de rescisão contratual por alegada fraude na declaração de saúde e parcialmente procedente a reconvenção para condená-la ao ressarcimento das despesas suportadas pela beneficiária com cirurgia cuja cobertura foi negada. A recorrente sustenta que a beneficiária omitiu doenças preexistentes no momento da contratação, requer a declaração de nulidade do contrato ou, subsidiariamente, a aplicação da Cobertura Parcial Temporária.

II. Questões em discussão
2. Há duas questões em discussão: (i) definir se a beneficiária agiu com má-fé ao omitir doença ou lesão preexistente na declaração de saúde, legitimando a rescisão contratual e a negativa de cobertura ; e (ii) estabelecer os índices aplicáveis à correção monetária e aos juros de mora incidentes sobre a condenação.

III. Razões de decidir
3. A operadora não exigiu exame médico prévio à contratação, razão pela qual a negativa de cobertura fundada em doença preexistente somente seria válida mediante prova inequívoca da má-fé da beneficiária.
4. De acordo com a Súmula 609 do STJ e a Súmula 105 do TJSP, é ilícita a negativa de cobertura por doença preexistente quando não houver exigência de exame médico prévio ou demonstração de má-fé do segurado.
5. O ônus de demonstrar a existência de doença ou lesão preexistente conhecida pela beneficiária e a omissão dolosa na declaração de saúde incumbe à operadora, que não se desincumbiu desse encargo probatório.
6. Os documentos apresentados não comprovam que as enfermidades indicadas constituíam doenças ou lesões preexistentes nos termos da Resolução Normativa ANS nº 558/2022, tampouco evidenciam que a beneficiária tinha conhecimento delas no momento da contratação.
7. A recusa da beneficiária em assinar o Termo de Comunicação ao Beneficiário, isoladamente, não caracteriza má-fé, especialmente diante da demonstração de que buscou esclarecimentos junto à operadora sem obter resposta.
8. Ausente prova de má-fé, revela-se ilícita a negativa de cobertura do procedimento cirúrgico, impondo-se o ressarcimento integral das despesas comprovadamente desembolsadas pela beneficiária.
9. Consectários legais. Relação contratual. Danos materiais. Os juros moratórios incidem a partir da citação, nos termos do art. 405 do CC, e a correção monetária desde o efetivo prejuízo, conforme Súmula 43 do STJ. Aplica-se o IPCA até a citação e, após, a taxa SELIC, vedada a cumulação com outros índices, conforme orientação do STJ. Matéria de ordem pública que admite correção de ofício.

IV. Dispositivo
10. Apelação cível conhecida e desprovida.
_________ 
Dispositivos relevantes citados: Código Civil, arts. 166, VI, 389 e 406; CPC, arts. 85, § 11, 1.021, § 3º; Lei nº 9.656/1998, art. 11; Lei nº 9.961/2000, art. 4º, IX; Resolução Normativa ANS nº 558/2022, art. 2º, I; Regimento Interno do TJSP, art. 252.
Jurisprudência relevante citada: STJ, Tema Repetitivo 1.306; STJ, Súmula 609; TJSP, Súmula 105; STJ, AgInt no AREsp nº 2.059.743/RJ, Rel. Min. Antonio Carlos Ferreira, 4ª Turma, j. 11.02.2025; STJ, REsp nº 1.795.982/SP, Rel. Min. Raul Araújo, Corte Especial, j. 21.08.2024; STJ, Tema Repetitivo 1.368; STJ, AgInt no AREsp nº 2.821.566/DF, Rel. Min. Benedito Gonçalves, 1ª Turma, j. 22.09.2025; STJ, AgInt nos EDcl no AREsp nº 2.088.555/MS, Rel. Min. Maria Isabel Gallotti, 4ª Turma, j. 27.03.2023; TJSP, Apelação Cível 1000149-81.2023.8.26.0548; TJSP, Apelação Cível 1008771-94.2025.8.26.0576; TJSP, Apelação Cível 1001157-49.2022.8.26.0283."
1022995-33.2022.8.26.0482,20801022,Embargos de Declaração Cível,Planos de saúde,Regina Aparecida Caro Gonçalves,Presidente Prudente,Núcleo 4.0-T. I (DP1),,,04/08/2026,04/08/2026,,False,False,231,"Direito civil. Direito da saúde. Plano de saúde . Embargos de declaração. Cobertura parcial temporária. Atendimento de urgência. Alegação de omissão. Inexistência. Rediscussão do mérito. Rejeição dos embargos.

I. Caso em exame
1. Embargos de declaração opostos contra acórdão que negou provimento à apelação da operadora de plano de saúde , mantendo a condenação ao custeio de atendimento de urgência relacionado ao infarto agudo, apesar da incidência de cláusula de Cobertura Parcial Temporária (CPT).

II. Questão em discussão
2. A questão em discussão consiste em saber se há vício a ser sanado no acórdão embargado.

III. Razões de decidir
3. Os embargos de declaração somente são cabíveis para sanar obscuridade, contradição, omissão ou erro material, não servindo o recurso para rediscutir o mérito da decisão ou obter o prequestionamento de dispositivos legais.
4. O acórdão não apresenta omissão, contradição, obscuridade ou erro material, pois enfrentou adequadamente todas as questões relevantes ao julgamento. 
5. O julgador não está obrigado a enfrentar individualmente todos os argumentos das partes quando apresenta fundamentação suficiente para solucionar a controvérsia.

IV. DISPOSITIVO
6. Embargos de declaração conhecidos e rejeitados.
_________ 
Dispositivos relevantes citados: CPC, arts. 1.022, 1.025 e 1.026, § 2º; Lei nº 9.656/98, art. 12, V, ""c""; CDC, arts. 4º, I, e 51; Regimento Interno do TJSP, art. 252.
Jurisprudência relevante citada: STJ, Súmula 597; Tema Repetitivo 1.306; AgInt no AREsp nº 1.493.041/SP; TJSP, Súmula 103."
1017230-05.2024.8.26.0032,20800924,Apelação Cível,Tratamento médico-hospitalar,Regina Aparecida Caro Gonçalves,Araçatuba,Núcleo 4.0-T. I (DP1),,,04/08/2026,04/08/2026,,False,False,377,"Direito do Consumidor e da Saúde Suplementar. Apelação cível. Plano de saúde . Ação de obrigação de fazer. Cirurgia de revisão de artroplastia de quadril. Prótese importada. Alegação de existência de material nacional equivalente. Cerceamento de defesa configurado. Necessidade de produção de prova pericial. Conversão do julgamento em diligência. 

I. Caso em exame
1. Apelação interposta por operadora de plano de saúde contra sentença que julgou procedente ação de obrigação de fazer para determinar a autorização/custeio de tratamento cirúrgico com fornecimento de prótese importada, nos termos da prescrição médica, confirmando tutela de urgência. A recorrente sustenta, preliminarmente, inadequação do valor da causa e cerceamento de defesa em razão do indeferimento de prova pericial. No mérito, afirma inexistir comprovação da imprescindibilidade da prótese importada e defende a viabilidade de utilização de material nacional aprovado pela ANVISA.

II. Questões em discussão
2. As questões em discussão consistem em definir (i) a adequação do valor atribuído à causa; e (ii) a ocorrência de cerceamento de defesa em decorrência da não realização de prova pericial destinada a aferir a necessidade da prótese importada e a eventual equivalência técnica de material nacional.

III. Razões de decidir
3. Mantém-se o valor da causa atribuído pelo autor, por corresponder ao proveito econômico perseguido em demanda que versa sobre custeio de tratamento médico
4. É incontroverso que o procedimento de artroplastia de quadril possui cobertura obrigatória pelos planos de saúde . 
5. A jurisprudência consolidada do Superior Tribunal de Justiça considera abusiva a negativa de cobertura de prótese ou material diretamente vinculado ao procedimento cirúrgico prescrito, competindo à operadora demonstrar, quando alegada, a existência de alternativa terapêutica equivalente e adequada ao caso concreto. 
6. Na hipótese, a controvérsia não se limita à cobertura do procedimento, mas envolve questão técnica relacionada à necessidade de utilização de prótese importada e à alegada equivalência de material nacional aprovado pela ANVISA.
7. Tais circunstâncias demandam dilação probatória especializada, sendo a prova pericial apta a esclarecer aspectos relativos à eficácia, segurança, indicação e adequação dos materiais disponíveis para o tratamento do paciente. 
8. O indeferimento da perícia requerida pela ré caracterizou cerceamento de defesa, impondo a reabertura da instrução processual. 

IV. DISPOSITIVO 
9. Julgamento convertido em diligência. 
______________
Jurisprudência relevante citada: STJ, AREsp nº 2.749.016/RS; TJSP, Apelação Cível nº 1025814-58.2014.8.26.0114."
1007620-57.2025.8.26.0006,20800402,Apelação Cível,Tratamento médico-hospitalar,Vitor Frederico Kümpel,São Paulo,4ª Câmara de Direito Privado,4,Direito Privado,04/08/2026,04/08/2026,10000.0,True,True,506,"APELAÇÃO. PLANO DE SAÚDE . INSUFICIÊNCIA CARDÍACA. MITRACLIP. RECURSO DO AUTOR PARCIALMENTE PROVIDO E RECURSO DA RÉ DESPROVIDO.
I. Caso em Exame 1. Recursos de Apelação interpostos contra sentença que julgou extinta a lide sem resolução de mérito em relação ao nosocômio e procedente em relação ao plano de saúde , condenando à operadora ao fornecimento do tratamento nos moldes indicados na exordial e ao pagamento de danos morais no valor de R$ 10.000,00 (dez mil reais).
II. Questão em Discussão 2. A questão em discussão consiste em verificar: (i) a legitimidade passiva do hospital em que se pretendia a realização da cirurgia cardíaca e o afastamento da condenação sucumbencial pelo princípio da causalidade; (ii) a obrigatoriedade de cobertura de procedimento com a utilização de dispositivo MitraClip, considerando que não é medida prevista no rol de procedimentos mínimos obrigatórios da ANS e que não há previsão contratual para o tratamento indicado; e (iii) a proporcionalidade da indenização por danos morais arbitrada devido à conduta ilícita perpetrada pelo plano de saúde no tocante à negativa de cobertura da intervenção cirúrgica.
III. Razões de Decidir 3. Ilegitimidade passiva configurada. A responsabilidade pela cobertura do tratamento médico recai exclusivamente sobre o plano de saúde , conforme estabelecido no contrato firmado entre as partes. Autor que promoveu a inclusão de parte ilegítima no polo passivo da lide, a qual por sua vez ofereceu defesa com a contratação de patrono, o que justifica a condenação pela sucumbência. 4. Julgamento da ADI nº 7.265 e advento da Lei 14.454/22 estabelecem que o rol de procedimento obrigatórios da ANS constitui referência básica para os planos de saúde , superando a alegada taxatividade do dispositivo. Cabe ao ""expert"" que o acompanha e não ao plano de saúde indicar qual o melhor tratamento a ser ofertado ao paciente. No caso dos autos, restou comprovado o cumprimento dos requisitos exigidos pelo STF no tocante à prescrição individualizada e motivada, com o regular registro do dispositivo perante a ANVISA. 5. MitraClip indicado como procedimento menos invasivo, considerando o elevado risco do paciente, com avançada idade (81 anos) e quadro clínico acentuado de insuficiência cardíaca. 6. A conduta abusiva manifestada pela Ré foi causa de prejuízo para o paciente, que necessitando realizar o tratamento, deparou-se com a negativa, aumentando o sofrimento que já se fazia presente em razão da enfermidade que o acometia. Contudo, considerando a gravidade do dano e as circunstâncias do caso concreto, o importe de R$ 20.000,00 (vinte mil reais) se revela mais adequado a justa compensação pela dor e sofrimento experimentados.
IV. Dispositivo e Tese 7. Recurso do Autor parcialmente provido e recurso da Ré desprovido. Sentença modificada para majorar os danos morais para R$ 20.000,00 (vinte mil reais). Tese de julgamento: 1. O rol de procedimentos da ANS é referência básica, e não taxativa, para os contratos de plano de saúde , mediante o preenchimento de requisitos técnicos e científicos. 2. A recusa injustificada de cobertura pela operadora da apólice saúde, configura dano moral indenizável quando comprovado o prejuízo à saúde do beneficiário."
1038968-48.2025.8.26.0506,20800361,Apelação Cível,Fornecimento de medicamentos,Vitor Frederico Kümpel,Ribeirão Preto,4ª Câmara de Direito Privado,4,Direito Privado,04/08/2026,04/08/2026,10000.0,True,False,232,"Direito Civil. Apelação. Plano de Saúde . Recurso da Ré desprovido. Recurso da autora parcialmente provido.
I. Caso em Exame 1. Recurso de contra sentença que julgou parcialmente procedente ação de obrigação de fazer cumulada com indenização por danos morais. A sentença condenou a ré a custear tratamento oncológico prescrito à autora, afastando o pleito indenizatório.
II. Questão em Discussão 2. A questão em discussão consiste em: (i) se a negativa de cobertura do tratamento oncológico pela operadora de saúde é abusiva; (ii) se a autora faz jus à indenização por danos morais; (iii) se a limitação das astreintes é adequada; (iv) se há sucumbência recíproca.
III. Razões de Decidir 3. A negativa de cobertura pela operadora é abusiva, pois todos os requisitos fixados pelo STF na ADI 7.265/DF estão presentes, incluindo a comprovação de eficácia do tratamento. 4. A negativa de cobertura por sete meses a paciente com câncer em estágio IV configura dano moral indenizável, dada a resistência injustificada da operadora e o sofrimento psicológico causado à autora. 5. Indenização limitada ao pedido formulado pela parte Autora (R$10.000,00)
IV. Dispositivo e Tese 5. Recurso da ré desprovido. Recurso da autora provido. Tese de julgamento: 1. A negativa de cobertura de tratamento oncológico essencial é abusiva quando todos os requisitos legais são atendidos. 2. A resistência injustificada da operadora em cumprir obrigação de fazer na hipótese concreta configurou dano moral indenizável."
1024021-95.2024.8.26.0482,20800540,Embargos de Declaração Cível,Tratamento médico-hospitalar,Alexandre Lazzarini,Presidente Prudente,9ª Câmara de Direito Privado,9,Direito Privado,04/08/2026,04/08/2026,,False,False,192,"EMBARGOS DE DECLARAÇÃO. ACÓRDÃO. AUSÊNCIA DE OMISSÃO, OBSCURIDADE, CONTRADIÇÃO OU ERRO MATERIAL. EMBARGOS REJEITADOS. 
I. Caso em Exame: Embargos de declaração opostos contra acórdão que deu provimento ao recurso da embargada.
II. Questão em Discussão: 1. A questão em discussão consiste em verificar se há omissão no acórdão.
III. Razões de Decidir: 1. Embargos de declaração são cabíveis apenas para sanar omissões, contradições, obscuridades ou corrigir erro material, conforme artigo 1.022 do NCPC. 2. As questões levantadas pela embargante já foram analisadas no acórdão, não havendo omissão, contradição ou obscuridade. 3. Ausência de obrigatoriedade de menção de todos os argumentos e dispositivos legais levantados pelo recorrente. 4. Contradição com o entendimento das partes não autoriza o acolhimento de embargos declaratórios.
IV. Dispositivo e Tese: Embargos de declaração rejeitados.
Tese de julgamento: 1. O acórdão não tem, como requisito de validade, a obrigatoriedade de conter todas as referências a textos e artigos mencionados pelas partes, eis que tem por finalidade a composição da lide. 2. A contradição que autoriza o acolhimento de embargos declaratórios é a interna (do julgado consigo mesmo), não se confundindo com a contradição em relação ao entendimento das partes."
1010297-55.2024.8.26.0019,20799947,Apelação Cível,Tratamento médico-hospitalar,Regina Aparecida Caro Gonçalves,Americana,Núcleo 4.0-T. I (DP1),,,04/08/2026,04/08/2026,,True,False,360,"Direito do consumidor e processual civil. pelação cível. Plano de saúde . Ação de obrigação de fazer. Tratamento multidisciplinar. Método treini. Resolução da ans 539/2022. Cobertura obrigatória. dano moral não configurado. Recursos desprovidos.

I. Caso em exame
1. Apelação cível interposta por operadora de plano de saúde contra sentença que julgou parcialmente procedente ação de obrigação de fazer para determinar o custeio integral dos procedimentos terapêuticos prescritos à autora, portadora de paralisia cerebral e epilepsia, inclusive tratamento multidisciplinar pelo Método TREINI 7, confirmando tutela de urgência anteriormente concedida. Recurso adesivo da autora visando a condenação da ré ao pagamento de indenização por dano moral. 

II. Questões em discussão
2. As questões em discussão consistem em definir: (i) se estão fora do rol da ANS os atendimentos por fisioterapeuta, fonoaudiólogo, terapeuta ocupacional, psicoterapeuta, nutricionista e educador físico); (ii) se são de cobertura obrigatória todas as terapias multidisciplinares prescritas à autora (musicoterapia, psicopedagogia, psicomotricidade e terapia realizada por educador físico, pelo Método TREINI 7); e (iii) se a negativa administrativa de cobertura caracteriza dano moral indenizável.

III. Razões de decidir
3. Fisioterapia, Fonoaudiologia, Terapia Ocupacional, Musicoterapia, Psicopedagogia, Psicomotricidade, Nutricionista, Educador Físico e Psicologia. Método TREINI. A Resolução Normativa ANS nº 539/2022 prevê a cobertura obrigatória dos métodos e técnicas indicados pelo médico assistente para tratamento de transtornos globais do desenvolvimento. Precedentes do STJ. Profissional de educação física reconhecido como integrante da área da saúde pela Resolução CNS nº 218/1997.
4. Dano moral não configurado. A negativa de cobertura decorrente de divergência acerca do contrato e da extensão do rol da ANS configura mera crise contratual e não implica, por si só, lesão aos direitos da personalidade.

IV. Dispositivo 
5. Apelação cível da ré e recurso adesivo da autora conhecidos e desprovidos.
________________
Dispositivos relevantes citados: CPC, art. 85, § 11; Lei 14.454/2022; Lei 9.656/1998, artigo 10, §§ 12 e 13; Resolução Normativa ANS nº 465/2021; Resolução Normativa ANS nº 539/2022; Resolução Normativa ANS n° 541/2022.

Jurisprudência relevante citada: STF, ADI 7.265; STJ, AgInt no AgInt no AREsp 489360/SP, AgInt no AREsp n. 2.777.770/SP, REsp 1.989.681/SP, AgInt no REsp 2.161.153-SP; TJSP, Apelação Cível nº 1003660-67.2025.8.26.0047, Apelação Cível 1019887-26.2021.8.26.0451 e Apelação Cível nº 1022994-93.2022.8.26.0564."
1007954-47.2023.8.26.0011,20799975,Apelação Cível,Planos de saúde,Regina Aparecida Caro Gonçalves,São Paulo,Núcleo 4.0-T. I (DP1),,,04/08/2026,04/08/2026,,True,False,278,"Direito do Consumidor e Processual civil. Plano de saúde . Apelação cível. Alegação de negativa de cobertura de atendimento de urgência/emergência e de internação em uti. Necessidade de produção de prova oral. Cerceamento de defesa reconhecido. Sentença anulada. Provimento. 

I. Caso em exame
1. Apelação interposta contra sentença que julgou improcedentes pedidos de reembolso de despesas médico-hospitalares e indenização por dano moral.

II. Questão em discussão
2. A questão em discussão consiste em definir se ocorreu cerceamento de defesa em razão da não produção da prova oral. 

III. Razões de decidir
3. Demanda fundada na suposta recusa de cobertura, remoção e internação de beneficiário em situação de emergência, bem como no pedido de ressarcimento de despesas hospitalares suportadas pelos autores, e não em alegação de erro médico. 
4. Sentença que julgou improcedente o pedido com base na inexistência de falha médica, enfrentando questão estranha à causa de pedir deduzida na inicial, caracterizando julgamento parcialmente extra petita.
5. Laudo pericial que reconhece o ingresso do paciente em hospital com quadro emergencial de insuficiência cardíaca e síndrome coronariana, circunstância relevante para a análise da obrigação de cobertura do atendimento.
6. Controvérsia remanescente acerca da efetiva recusa de cobertura por período de carência, da oferta de transferência para unidade credenciada, da disponibilização de ambulância UTI e das condições clínicas do paciente para eventual remoção.
7. Produção de prova oral oportunamente requerida pelos autores, inclusive com indicação de médicos que acompanharam o paciente. Julgamento antecipado da lide que impediu a instrução necessária ao esclarecimento dos fatos controvertidos. 
8. Configuração de cerceamento de defesa, impondo a desconstituição da sentença para reabertura da fase instrutória. 

IV. Dispositivo
9. Apelação cível conhecida e provida.
_________"
1006782-48.2023.8.26.0568,20799912,Apelação Cível,Tratamento Domiciliar (Home Care),Regina Aparecida Caro Gonçalves,São João da Boa Vista,Núcleo 4.0-T. I (DP1),,,04/08/2026,04/08/2026,,True,False,312,"Direito Civil e do Consumidor. Plano de saúde . Apelação cível. Home care. Portador de esclerose lateral amiotrófica (ela). Substituição do atendimento domiciliar por instituição. Abusividade. Danos morais configurados. Recurso desprovido.

I. Caso em exame
1. Apelação cível objetivando a reforma de sentença que julgou procedentes os pedidos para determinar a manutenção do serviço de home care, além do pagamento de indenização por danos morais. 

II. Questão em discussão
2. Há duas questões em discussão: (i) definir se a operadora pode substituir o atendimento domiciliar prescrito por internação em instituição residencial coletiva; e (ii) estabelecer se a conduta enseja indenização por danos morais. 

III. Razões de decidir
3. A relação contratual entre usuário e plano de saúde é de consumo, sujeita ao Código de Defesa do Consumidor, conforme Súmula 608 do STJ.
4. A documentação médica e a prova pericial demonstraram a necessidade de manutenção do atendimento domiciliar multiprofissional compatível com o quadro clínico do paciente. 
5. O serviço de home care constitui desdobramento do tratamento hospitalar contratualmente previsto, não podendo ser limitado pela operadora quando houver expressa indicação médica e não pode ser substituído unilateralmente por modalidade assistencial diversa. 
6. Configurado o dano moral. A tentativa de interrupção do tratamento domiciliar essencial, diante da vulnerabilidade do paciente e da essencialidade do tratamento, ultrapassa o mero inadimplemento contratual. 
7. Consectários legais. Alteração de ofício. Matéria de ordem pública. Da data da citação até o arbitramento, que se refere ao período de incidência dos juros moratórios, deve ser aplicada a Taxa Selic, deduzido o índice do Índice Nacional de Preços ao Consumidor Amplo (IPCA) e, a partir do arbitramento, deverá ser aplicada apenas a taxa Selic, que compreende juros e correção monetária. 

IV. Dispositivo
8. Apelação cível conhecida e desprovida. 
_________ 
Dispositivos relevantes citados: CPC, art. 85, § 11.
Jurisprudência relevante citada: STJ, AgInt no AREsp nº 1.071.680/MG; TJSP, Apelação Cível nº 1002415-78.2023.8.26.0180."
1000242-85.2025.8.26.0544,20800475,Apelação Cível,Tratamento médico-hospitalar,Ricardo Pereira Junior,Jundiaí,Núcleo 4.0-T. V (DP1),,,04/08/2026,04/08/2026,,False,False,163,"PRELIMINAR. Cerceamento de defesa. Não caracterização. Prova documental suficiente para o julgamento da lide. Preliminar rejeitada. 
APELAÇÕES CÍVEIS. PLANO DE SAÚDE . Ação de obrigação de fazer cumulada com indenização por danos morais. Lesão traumática de plexo braquial. Indicação de cirurgia reconstrutiva com utilização de materiais específicos. Cobertura da enfermidade incontroversa. Sentença de procedência. Inconformismo das partes. Recusa da operadora fundada em divergência quanto à indicação dos materiais e procedimentos prescritos pelo médico assistente. Abusividade reconhecida. Prevalência da indicação do profissional responsável pelo acompanhamento do paciente. Obrigação de custeio integral do procedimento mantida. Pretensão do autor de realização da cirurgia por médico especificamente escolhido. Inexistência de direito subjetivo à escolha de profissional fora dos limites contratuais. Danos morais. Inocorrência. Controvérsia decorrente de divergência técnica submetida à junta médica. Ausência de demonstração de lesão autônoma a direitos da personalidade. Mero inadimplemento contratual que, nas circunstâncias do caso, não enseja reparação extrapatrimonial. SENTENÇA PARCIALMENTE REFORMADA. RECURSO DA AUTORA DESPROVIDO E RECURSO DA RÉ PARCIALMENTE PROVIDO."
1003995-83.2025.8.26.0533,20800446,Apelação Cível,Tratamento médico-hospitalar,Ricardo Pereira Junior,Santa Bárbara D Oeste,Núcleo 4.0-T. V (DP1),,,04/08/2026,04/08/2026,5000.0,False,True,106,"APELAÇÃO CÍVEL. PLANO DE SAÚDE . Ação de obrigação de fazer cumulada com indenização por danos morais. Negativa de cobertura de procedimentos médicos prescritos em contexto de urgência. Sentença de parcial procedência. Recurso da autora. Pretensão de majoração da indenização por danos morais e dos honorários advocatícios. Não cabimento. Quantum indenizatório fixado em R$ 5.000,00 que observa os princípios da razoabilidade e proporcionalidade, atendendo às funções compensatória e pedagógica da responsabilidade civil, sem ensejar enriquecimento sem causa. Inexistência de desproporção manifesta apta a justificar a excepcional revisão pelo Tribunal. Honorários advocatícios arbitrados em conformidade com os critérios do art. 85, §2º, do CPC.SENTENÇA MANTIDA. RECURSO DESPROVIDO."
1010192-77.2025.8.26.0008,20800334,Apelação Cível,Tratamento médico-hospitalar,Daniela Cilento Morsello,São Paulo,9ª Câmara de Direito Privado,9,Direito Privado,04/08/2026,04/08/2026,,False,False,114,"APELAÇÃO. AÇÃO DE OBRIGAÇÃO DE FAZER CUMULADA COM INDENIZAÇÃO POR DANOS MORAIS. PLANO DE SAÚDE . TRANSTORNO DO ESPECTRO AUTISTA. COBRANÇA DE COPARTICIPAÇÃO. Insurgência do autor contra sentença que julgou improcedente a pretensão inicial. Não acolhimento. Contrato que prevê de forma expressa o pagamento de coparticipação pelo beneficiário, especificando com clareza os percentuais devidos. Fator que influencia diretamente no valor da mensalidade do plano de saúde . Licitude da cobrança. Inteligência do artigo 16, inciso VIII, da Lei nº 9.656/1998. Necessária preservação do equilíbrio econômico-financeiro do contrato. Inexistência de indevida vantagem por parte da operadora ou limitação ao tratamento do autor. Precedentes desta C. Câmara e do E. Superior Tribunal de Justiça. Recurso desprovido."
1000919-85.2024.8.26.0048,20799530,Apelação Cível,Tratamento médico-hospitalar,MARIO CHIUVITE JUNIOR,Atibaia,3ª Câmara de Direito Privado,3,Direito Privado,04/08/2026,04/08/2026,7000.0,True,False,972,"DIREITO DA SAÚDE. DUAS APELAÇÕES CÍVEIS. AÇÃO DE INDENIZAÇÃO POR DANOS MATERIAIS E MORAIS. PLANO DE SAÚDE . GESTANTE EM TRABALHO DE PARTO. RECUSA DE ATENDIMENTO EM UNIDADE HOSPITALAR. ALEGAÇÃO DE NECESSIDADE DE TRANSFERÊNCIA PARA HOSPITAL CREDENCIADO. SENTENÇA QUE RECONHECEU O DEVER DE RESSARCIMENTO DOS DANOS MATERIAIS. INSURGÊNCIA DE AMBAS AS PARTES. RELAÇÃO DE CONSUMO. INCIDÊNCIA DO CÓDIGO DE DEFESA DO CONSUMIDOR. SITUAÇÃO DE URGÊNCIA OBSTÉTRICA. EXIGÊNCIA DE REMOÇÃO DA PARTURIENTE EM PLENO TRABALHO DE PARTO. CONDUTA CONTRADITÓRIA E INCOMPATÍVEL COM OS DEVERES ANEXOS DE BOA-FÉ OBJETIVA, LEALDADE E COOPERAÇÃO. NEGATIVA DE COBERTURA QUE, NAS CIRCUNSTÂNCIAS CONCRETAS DO CASO, REVELOU-SE ABUSIVA. INEXISTÊNCIA DE JUSTIFICATIVA CONTRATUAL APTA A AFASTAR A RESPONSABILIDADE DA OPERADORA. DANOS MATERIAIS CORRETAMENTE RECONHECIDOS EM RAZÃO DAS DESPESAS SUPORTADAS PELA CONSUMIDORA PARA A REALIZAÇÃO DO PARTO. DANOS MORAIS. TEMA 1.365 DO SUPERIOR TRIBUNAL DE JUSTIÇA. INEXISTÊNCIA DE PRESUNÇÃO AUTOMÁTICA DE DANO MORAL EM TODA E QUALQUER NEGATIVA INDEVIDA DE COBERTURA MÉDICO-HOSPITALAR. NECESSIDADE DE VERIFICAÇÃO DAS PECULIARIDADES DO CASO CONCRETO. SITUAÇÃO QUE EXTRAPOLA O MERO INADIMPLEMENTO CONTRATUAL. AUTORA SURPREENDIDA COM A RECUSA DE ATENDIMENTO EM MOMENTO DE EXTREMA VULNERABILIDADE FÍSICA E EMOCIONAL, QUANDO JÁ SE ENCONTRAVA EM TRABALHO DE PARTO. AFLIÇÃO, ANGÚSTIA, INSEGURANÇA E ABALO PSICOLÓGICO EFETIVAMENTE DEMONSTRADOS. OFENSA À DIGNIDADE DA PESSOA HUMANA E À INTEGRIDADE PSICOFÍSICA DA PACIENTE. DEVER DE INDENIZAR CONFIGURADO. INDENIZAÇÃO POR DANOS MORAIS FIXADA EM R$ 7.000,00, EM OBSERVÂNCIA AOS PRINCÍPIOS DA RAZOABILIDADE E DA PROPORCIONALIDADE, CORRIGIDA MONETARIAMENTE, CONFORME A APLICAÇÃO DA LEI Nº 14.905/2024. CORREÇÃO MONETÁRIA DAS INDENIZAÇÕES POR DANOS MORAIS E MATERIAIS PELO IPCA. JUROS DE MORA PELA TAXA SELIC, DEDUZIDA A PARCELA CORRESPONDENTE À CORREÇÃO MONETÁRIA. REPARAÇÃO DOS DANOS MORAIS COM ATUALIZAÇÃO A PARTIR DO ARBITRAMENTO (PUBLICAÇÃO DO V. ACÓRDÃO – APLICAÇÃO DA SÚMULA 362 DO STJ -) E JUROS DESDE A CITAÇÃO. IMPORTÂNCIA DA INDENIZAÇÃO POR DANOS MATERIAIS CORRIGIDA DESDE O DESEMBOLSO E ACRESCIDA DE JUROS MORATÓRIOS A CONTAR DA CITAÇÃO. HONORÁRIOS ADVOCATÍCIOS MANTIDOS, DIANTE DA FIXAÇÃO NO PATAMAR MÁXIMO PREVISTO NO ART. 85, § 2º, DO CÓDIGO DE PROCESSO CIVIL. RECURSO DA OPERADORA NÃO PROVIDO. RECURSO DA AUTORA PROVIDO.
I. CASO EM EXAME:
Em exame, dois recursos de apelação interpostos por Alana Fabíola Lima Santos e Leader Assistência Médica e Hospitalar Ltda. A sentença vergastada condenou a ré ao pagamento de indenização por danos materiais no valor de R$ 7.000,00, corrigidos monetariamente desde o desembolso, com juros de mora a partir da citação. A ré foi condenada ao pagamento das custas processuais e honorários advocatícios fixados em 20% do valor da condenação. A autora, inconformada, pleiteia a reforma da sentença para incluir indenização por danos morais, enquanto a ré sustenta a inexistência de ato ilícito e alega que a negativa de cobertura não foi abusiva.
II. QUESTÃO EM DISCUSSÃO:
2. A controvérsia recursal consiste em determinar a existência de direito à indenização por danos morais e a não ocorrência de conduta ilícita por parte da operadora de plano de saúde pela recursa de atendimento à gestante em trabalho de parto. A autora aduziu que a negativa de cobertura médica durante trabalho de parto, em situação de urgência, configura dano moral indenizável. A ré, por sua vez, sustentou que não houve negativa de cobertura , mas sim a necessidade de remoção para hospital credenciado, conforme previsto contratualmente, e que a autora recusou a transferência.
III. RAZÕES DE DECIDIR:
3. A negativa de cobertura em situação de urgência obstétrica, com a autora em trabalho de parto, afigura-se abusiva e contraditória, violando deveres de lealdade e boa-fé. Ressalta-se que a autora foi surpreendida com a exigência de transferência para outro hospital, em momento de extrema vulnerabilidade física e emocional.
4. Em conformidade com o julgamento do Tema nº 1365 (Recursos Especiais nº 2165670/SP e 2197574/SP) do Superior Tribunal de Justiça, a simples recusa indevida de cobertura médico-assistencial não enseja, por si só, a configuração de dano moral presumido. Contudo, no caso em exame, a negativa de cobertura gerou aflição e insegurança à autora, ultrapassando o mero aborrecimento contratual e atingindo direitos fundamentais como a dignidade da pessoa humana. A situação concreta demonstrou efetiva lesão à esfera extrapatrimonial da autora, justificando a indenização por danos morais.
IV. DISPOSITIVO E TESE:
5. Nega-se provimento ao recurso da operadora de plano de saúde e dá-se provimento ao recurso da autora para reformar a sentença apenas na parte relativa aos danos extrapatrimoniais, fixando tal indenização em R$ 7.000,00, esclarecendo-se que, em ambas as verbas indenizatórias, a correção monetária observará o Índice Nacional de Preços ao Consumidor Amplo (IPCA), ao passo que os juros de mora incidirão pela taxa SELIC, deduzida a parcela correspondente à atualização monetária, em conformidade com a sistemática introduzida pela Lei nº 14.905/2024. No tocante à indenização por danos morais, a correção monetária pelo IPCA incidirá a partir da publicação deste v. Acórdão, nos termos da Súmula 362 do Colendo Superior Tribunal de Justiça, enquanto os juros de mora, calculados pela taxa SELIC, descontado o IPCA, fluirão desde a citação, por se tratar de responsabilidade civil de natureza contratual. Quanto à indenização por danos materiais, a correção monetária pelo IPCA incidirá desde o desembolso da quantia, ao passo que os juros de mora serão devidos a partir da citação, observada a taxa SELIC, descontada a parcela correspondente à correção monetária, tudo em observância ao disposto na Lei nº 14.905/2024.
Tese de julgamento: 1. A negativa de cobertura em situação de urgência obstétrica configura dano moral quando gera aflição e insegurança à consumidora. 2. A conduta da operadora de plano de saúde que viola deveres de lealdade e boa-fé justifica a indenização por danos morais.
Legislação Citada:
Código Civil, arts. 113 e 422; Lei nº 14.905 de 2024; Código de Processo Civil, art. 85, § 2º.
Jurisprudência Citada:
STJ, REsp 2.208.747/MT, Rel. Min. Ricardo Villas Bôas Cueva, 3ª Turma, j. 23.06.2025; TJSP, Apelação Cível 1008447-72.2015.8.26.0506, Rel. Des. Paulo Alcides, 6ª Câmara de Direito Privado, j. 18.07.2019."
1034273-24.2025.8.26.0224,20799350,Apelação Cível,Tratamento médico-hospitalar,Fernando Marcondes,Guarulhos,2ª Câmara de Direito Privado,2,Direito Privado,24/07/2026,04/08/2026,,False,False,339,"Direito do consumidor. Apelação. Plano de saúde . Ação declaratória de inexistência de débito c/c indenização. Cirurgia autorizada. Fato superveniente. Glosa injustificada. Recurso desprovido.

I. Caso em exame
1. Apelação interposta contra sentença que julgou parcialmente procedente ação cominatória c/c indenizatória para declarar inexigibilidade de débito decorrente de despesas hospitalares, condenando operadora de plano de saúde a custeio integral do tratamento, afastando pedido de danos morais.

II. Questão em discussão
2. A questão em discussão consiste em: (i) definir se a operadora de plano de saúde está obrigada ao custeio de despesas médico-hospitalares decorrentes de procedimento previamente autorizado, ainda que não concluído; e (ii) verificar a legitimidade da cobrança direcionada à consumidora diante de glosa administrativa posterior.

III. Razões de decidir
3. A relação jurídica é de consumo, aplicando-se os arts. 2º e 3º do CDC e o entendimento da Súmula 608 do STJ.
4. A autorização prévia emitida pela operadora gera legítima expectativa de cobertura integral, não podendo o custeio ser condicionado ao resultado final do procedimento.
5. A interrupção do ato cirúrgico por achado clínico intraoperatório integra o próprio tratamento médico, não afastando a efetiva prestação dos serviços hospitalares.
6. A negativa de cobertura , fundada exclusivamente na não conclusão do procedimento principal, configura prática abusiva, vedada pelo art. 51, IV, do CDC, por transferir ao consumidor risco inerente à atividade do fornecedor.
7. A responsabilidade da operadora subsiste, ainda que a cobrança tenha sido formalmente realizada pelo hospital, em razão da solidariedade existente na cadeia de fornecimento (art. 7º, parágrafo único, CDC).

IV. Dispositivo e tese
8. Recurso desprovido.

Tese de julgamento: ""1. A autorização prévia de procedimento médico pela operadora de plano de saúde vincula o dever de custeio das despesas decorrentes da internação e dos atos médicos realizados, ainda que o procedimento seja interrompido por decisão clínica superveniente.""

Legislação citada: CC, arts. 421 e 422; CDC, arts. 2º, 3º, 4º, III, 7º, parágrafo único, e 51, IV.

Jurisprudência citada: STJ, Súmula 608; AgInt no REsp 1.756.556/CE, Rel. Ministro Raul Araújo, Quarta Turma, j. 12/2/2019."
1070280-36.2024.8.26.0002,20799388,Apelação Cível,Tratamento médico-hospitalar,Thomaz Carvalhaes Ferreira,São Paulo,Núcleo 4.0-T. VIII (DP1),,,04/08/2026,04/08/2026,,True,False,344,"APELAÇÃO. DIREITO DA SAÚDE. CONSUMIDOR. PLANO DE SAÚDE . NEGATIVA DE COBERTURA . CIRURGIA DE MAMOPLASTIA REDUTORA. NOTA TÉCNICA. NATJUS. DANOS MORAIS AFASTADOS. RECURSO EM PARTE PROVIDO.
I. CASO EM EXAME.
Apelação da ré contra sentença que determinou a cobertura de mamoplastia redutora e a condenou ao pagamento por danos morais. A sentença foi baseada em nota técnica do NAT-JUS e relatórios médicos que indicaram a necessidade do procedimento para tratar hipertrofia mamária associada a distúrbios da coluna vertebral.
II. QUESTÃO EM DISCUSSÃO.
Consiste em: (i) obrigatoriedade de cobertura de cirurgia reparadora não prevista no rol da ANS; (ii) configuração de dano moral presumido pela negativa de cobertura .
III. RAZÕES DE DECIDIR.
O rol da ANS é de natureza taxativa mitigada, permitindo cobertura de procedimentos extrarrol quando preenchidos requisitos legais e jurisprudenciais. A nota técnica do NAT-JUS atesta a natureza terapêutica da mamoplastia redutora, justificando a obrigação de custeio pela operadora. A negativa de cobertura não gera dano moral in re ipsa, sendo necessária a demonstração de abalo psicológico relevante, o que não foi comprovado nos autos.
IV. DISPOSITIVO E TESES.
Recurso parcialmente provido. Teses de julgamento: 1. A cobertura de mamoplastia redutora bilateral é obrigatória quando demonstrado caráter reparador/funcional mediante prescrição médica fundamentada, laudo pericial conclusivo e comprovação de eficácia por medicina baseada em evidências, ainda que ausente do rol ANS, aplicando-se taxatividade mitigada conforme ADI 7.265 do STF. 2. A simples negativa de cobertura por plano de saúde não configura dano moral nos termos do Tema 1.365/STJ.
Legislação Citada: CPC, arts. 85, § 8º, 86, caput, 252 e 373; Lei nº 9.656/1998, art. 10, § 13, I.
Jurisprudência citada: STF, ADI 7.265 e STJ, Tema 1365. TJSP, Apelação Cível 1000735-10.2025.8.26.0529, Rel. Thomaz Carvalhaes Ferreira, Núcleo 4.0-T. VIII (DP1), j.30/01/2026. STJ, AgInt no AREsp 1.999.359/RJ, Rel. Min. Humberto Martins, Terceira Turma, j. 9/10/2023. TJSP; Apelação Cível 1005228-96.2024.8.26.0001; Rel. Léa Duarte; Núcleo 4.0-T. IV (DP1); j. 30/06/2026. Apelação Cível 1018277-48.2024.8.26.0344; Rel. Ricardo Pereira Junior; Núcleo 4.0-T. V (DP1); j. 10/02/2026. Apelação Cível 1001904-56.2022.8.26.0361; Rel. Mônica Soares Machado; Núcleo 4.0-T. VIII (DP1); j. 15/12/2025."
1016473-12.2024.8.26.0161,20799215,Apelação Cível,Tratamento médico-hospitalar,Thomaz Carvalhaes Ferreira,Diadema,Núcleo 4.0-T. VIII (DP1),,,04/08/2026,04/08/2026,,True,False,387,"APELAÇÃO. DIREITO DA SAÚDE. CONSUMIDOR. PLANO DE SAÚDE . ESCOLIOSE. CUSTEIO DE CIRURGIA CORRETIVA DE COLUNA. DIVERGÊNCIA TÉCNICA ENTRE MÉDICO ASSISTENTE E LAUDO PERICIAL. JUNTA MÉDICA. CONTROLE TÉCNICO DA OPERADORA. DANO MORAL NÃO CONFIGURADO. RECURSO DESPROVIDO.
I. CASO EM EXAME.
Apelação interposta pela autora contra sentença que julgou parcialmente procedente o pedido, condenando a operadora de plano de saúde a custear os procedimentos cirúrgicos de correção de deformidade escoliótica e liberação de forames estenosados, nos termos do laudo pericial, afastada a indenização por danos morais. A apelante sustenta que a indicação do médico assistente deveria prevalecer sobre o laudo pericial quanto à integralidade dos materiais e procedimentos prescritos, além da ocorrência de dano moral indenizável.
II. QUESTÃO EM DISCUSSÃO.
Consiste em definir: (i) a prevalência, ou não, da indicação do médico assistente sobre o laudo pericial quanto à extensão da cobertura contratual; e (ii) a configuração de dano moral pela conduta da operadora na condução administrativa do pedido.
III. RAZÕES DE DECIDIR.
A indicação do médico assistente não afasta o controle técnico exercido pela operadora mediante junta médica ou do Judiciário por meio de perícia. O laudo pericial delimitou tecnicamente os materiais e procedimentos pertinentes ao quadro clínico da apelante, prevalecendo sobre a prescrição unilateral do assistente, sem que a junta médica tenha negado a cirurgia principal. O dano moral não restou verificado, pois a controvérsia decorreu de mecanismo regular de auditoria, não de recusa arbitrária, sendo a simples demora administrativa insuficiente para caracterizar abalo indenizável, sobretudo tratando-se de procedimento eletivo.
IV. DISPOSITIVO E TESES.
Recurso desprovido.
Teses de julgamento: 1. A indicação do médico assistente não prevalece de forma absoluta sobre o laudo pericial e o controle técnico exercido pela operadora mediante junta médica. 2. A divergência técnica legítima, fundamentada em critérios objetivos da Agência Nacional de Saúde Suplementar, não se equipara à recusa indevida de cobertura. 3. A simples recusa de cobertura não gera dano moral presumido, exigindo a comprovação de abalo psicológico que ultrapasse o mero dissabor.
Dispositivos citados: CDC, arts. 6º, VIII, 47 e 54; CPC, art. 85, § 11.
Jurisprudência citada: STJ, Súmula 608; TJSP, Súmula 96; STJ, AgRg no REsp 1.339.998/RS, Rel. Min. Raul Araújo, Quarta Turma, j. 15.05.2014; STJ, Tese Jurisprudencial n. 1 do tema "" Planos de Saúde II""; STJ, Tema Repetitivo 1.365, Rel. Min. Ricardo Villas Bôas Cueva."
1025072-88.2022.8.26.0005,20798834,Apelação Cível,Tratamento médico-hospitalar,Benedito Antonio Okuno,São Paulo,8ª Câmara de Direito Privado,8,Direito Privado,30/07/2026,04/08/2026,7000.0,True,False,153,"APELAÇÃO CÍVEL. PLANO DE SAÚDE . NEGATIVA DE COBERTURA DE PROCEDIMENTO CIRÚRGICO. Sentença de parcial procedência. Recurso da ré. Não acolhimento. Aplicabilidade do Código de Defesa do Consumidor. Cobertura assistencial disciplinada pela Lei nº 9.656/98 e pela RN nº 465/2021 da ANS, sendo obrigatória a cobertura de procedimentos indicados clinicamente, quando demonstrada sua necessidade. Prova pericial produzida pelo IMESC concluiu pela imprescindibilidade da realização do procedimento em ambiente hospitalar, sob anestesia geral, prevalecendo sobre a conclusão de junta médica administrativa instaurada pela operadora. Abusividade da negativa. Possibilidade de fornecimento de materiais por fornecedor diverso do indicado pelo médico, desde que assegurada a equivalência qualitativa e quantitativa dos insumos. Dano moral configurado. Recusa indevida de cobertura de tratamento essencial à saúde, ultrapassa o mero inadimplemento contratual, com lesão a direitos da personalidade. Quantum indenizatório mantido em R$ 7.000,00, por atender aos princípios da razoabilidade e proporcionalidade, sem acarretar enriquecimento sem causa. RECURSO NÃO PROVIDO."
1049250-05.2025.8.26.0100,20797711,Apelação Cível,Tratamento médico-hospitalar,Mara Trippo Kimura,São Paulo,Núcleo 4.0-T. III (DP1),,,03/08/2026,03/08/2026,22207.44,False,False,249,"Direito do Consumidor. Apelação. Plano de saúde . Reembolso de despesas médico-hospitalares. Recurso provido parcialmente.
I. Caso em exame 1. Recurso de apelação interposto contra sentença que condenou a ré ao reembolso de R$ 22.207,44, referente a despesas com cirurgia de catarata bilateral, utilizando técnica a laser e implante de lente intraocular trifocal.
II. Questão em discussão 2. A questão em discussão consiste em: (i) determinar o reembolso integral das lentes intraoculares importadas e; (ii) verificar a obrigatoriedade de cobertura da técnica a laser não prevista no rol da ans.
III. Razões de decidir 
3. A lente intraocular constitui prótese ligada ao ato cirúrgico da fasectomia, cuja cobertura é obrigatória nos termos da resolução normativa nº 465/2021 da ANS. Ausência de mínima prova, até mesmo de defesa, que permitisse equiparar o valor da lente empregada - prescrita pelo médico e com registro na ANS - ao pré-tabelado pela Operadora, quando nem indicado o custeio da lente básica. Limitação do reembolso das lentes à referida tabela que se mostra abusiva (art. 51, IV, CDC), gerando nulidade. Reembolso integral mantido.
4. A técnica à laser utilizada (Femtosecond Catalys) não possui cobertura obrigatória conforme parecer técnico nº 17/gcits/ggras/dipro/2024, da ANS. Julgamento antecipado do feito com base unicamente em relatório médico apresentado pelo autor. Afronta aos requisitos fixados pela ADI 7.265, aliada ao cerceamento de defesa pela exclusão da prova solicitada pela requerida. Retorno dos autos à origem para a instrução técnica necessária (prova pericial).
IV. Dispositivo
5. Recurso provido parcialmente, com determinação."
1025955-31.2022.8.26.0071,20797524,Apelação Cível,Tratamento médico-hospitalar,Mara Trippo Kimura,Bauru,Núcleo 4.0-T. III (DP1),,,16/07/2026,03/08/2026,,False,False,233,"DIREITO CIVIL. APELAÇÃO. PLANO DE SAÚDE . INTERNAÇÃO E PROCEDIMENTO CIRÚRGICO FORA DA REDE CREDENCIADA. SENTENÇA MANTIDA. RECURSO DESPROVIDO. 
I. Caso em Exame 
1. Apelação interposta contra sentença que julgou improcedente ação de indenização por danos materiais e morais ajuizada por beneficiário de plano de saúde , pretendendo o ressarcimento pela Operadora e pelo Hospital de procedimento cirúrgico realizado fora da rede credenciada. 
II. Questão em Discussão 
2. A questão em discussão consiste em apreciar a responsabilidade da parte requerida pelo custeio do procedimento cirúrgico prescrito ao autor, além de indenização pelos danos morais.
III. Razões de Decidir 
3. Prova pericial que concluiu pela não configuração de situação de urgência nem de emergência, que impusesse a realização imediata do procedimento cirúrgico após a segunda fístula, nem mesmo, aquele tempo, a presença de quadro de sepse. A intervenção cirúrgica, mesmo fora da rede, foi realizada dois dias depois de observação do quadro clínico do paciente pela equipe médica, mantendo a conduta hospital da rede. Prova oral que não dissolve esse quadro, pelo contrário, em linhas gerais, confirma-o. Ausente demonstração técnica de erro ou inconsistênciano laudo pericial judicial. Serviços bem prestados na rede credenciada. Remoção para tratamento fora da rede que resultou de livre escolha pela parte autora. Impossibilidade de se compelir a operadora a custear integralmente o atendimento do paciente em estabelecimento não credenciado. Precedente do STJ. Pedidos improcedentes. 
IV. Dispositivo 
4. Recurso desprovido."
1023926-19.2025.8.26.0001,20797558,Apelação Cível,Tratamento médico-hospitalar,Mara Trippo Kimura,São Paulo,Núcleo 4.0-T. III (DP1),,,03/08/2026,03/08/2026,,True,False,258,"Direito Civil. Apelação. Plano de saúde . Cancelamento por inadimplemento das mensalidades. Menor portador de TEA, em tratamento contínuo. Recurso da operadora parcialmente provido.
I. Caso em Exame 
1. Recurso de apelação interposto pela operadora-ré contra sentença que julgou procedente o pedido inicial, tornando definitiva a reativação do plano. Condenou ainda, ao pagamento de indenização por danos morais.
II. Questão em Discussão
2. A questão em discussão consiste na legalidade da rescisão unilateral do contrato de plano de saúde pela operadora, alegando inadimplemento dos autores.
III. Razões de Decidir
3. A rescisão unilateral do contrato de plano de saúde é legítima, pois foram cumpridos os requisitos legais, quais sejam a notificação prévia e a ciência do beneficiário até o 50º dia de atraso, além da concessão de prazo mínimo de dez dias para purga da mora (art. 6º, RN 593/2023 da ANS). Entretanto, o Tema 1.082 do STJ não distingue o motivo da rescisão, impondo o dever de continuidade assistencial ao menor portador de TEA em tratamento contínuo, independentemente de a rescisão ser formal e válida, condicionado apenas ao pagamento integral da contraprestação pelo titular. Mantença da assistência à saúde durante o tratamento, até eventual alta médica.
4. Danos morais não configurados. O cancelamento decorreu do inadimplemento pela parte autora. A recusa indevida de cobertura médico-assistencial não gera, por si só, dano moral presumido (in re ipsa). A desassistência prontamente corrigida por tutela antecipada prontamente acatada pela operadora. Agravamento clínico imediato ou risco à saúde do autor não demonstrado. Precedentes deste E. Tribunal.
IV. Dispositivo 
5. Recurso desprovido."
1003002-75.2025.8.26.0004,20797343,Apelação Cível,Tratamento médico-hospitalar,Alcides Leopoldo,São Paulo,4ª Câmara de Direito Privado,4,Direito Privado,03/08/2026,03/08/2026,10000.0,False,True,281,"Direito Civil. Apelação. Planos de Saúde . Pedido julgado procedente.
I. Caso em Exame
Ação declaratória de inexigibilidade de débito e indenização por danos morais. Recém-nascido necessitou de internação em UTI neonatal após o parto, mas a cobertura foi negada pela operadora de plano de saúde sob alegação de período de carência. Pedido de declaração de inexigibilidade do débito hospitalar e condenação ao pagamento de danos morais.
II. Questão em Discussão 2. A questão em discussão consiste em determinar se a operadora de plano de saúde pode negar cobertura de internação em UTI neonatal em situação de emergência devido ao período de carência contratual.
III. Razões de Decidir 3. O Superior Tribunal de Justiça aplica o Código de Defesa do Consumidor aos contratos de plano de saúde , sendo abusiva a cláusula de carência em situações de emergência. 4. A negativa de cobertura em situação emergencial é considerada abusiva, conforme jurisprudência do STJ e súmulas do TJSP e STJ.
IV. Dispositivo e Tese 5. Recurso da requerida desprovido e recurso adesivo do autor provido. Honorários advocatícios majorados para 20%. Tese de julgamento: 1. A cláusula de carência não prevalece em situações de emergência. 2. A recusa indevida de cobertura gera danos morais que devem ser majorados para R$ 10.000,00.
Legislação Citada:Lei n. 9.656/98, art. 35-C, inciso I; Código Civil, arts. 405 e 406; CPC, art. 85, § 11. Jurisprudência Citada: STJ, AgRg no Ag 845.103/SP, Rel. Min. Ricardo Villas Bôas Cueva, Terceira Turma, j. 17.04.2012; STJ, REsp 962.980/SP, Rel. Min. Luis Felipe Salomão, Quarta Turma, j. 13.03.2012; STJ, AgRg no AREsp n. 320.484/PA, Rel. Min. João Otávio de Noronha, Terceira Turma, j. 11.02.2014; TJSP, Súmula n. 103; STJ, Súmula n. 597."
1009810-05.2023.8.26.0348,20797552,Apelação Cível,Tratamento médico-hospitalar,Pastorelo Kfouri,Mauá,7ª Câmara de Direito Privado,7,Direito Privado,03/08/2026,03/08/2026,,True,False,419,"DIREITO CIVIL E DO CONSUMIDOR. DUPLO APELO. OBRIGAÇÃO DE CUSTEAR CIRURGIA PLÁSTICA PÓS-BARIÁTRICA. LIMITAÇÃO A PROCEDIMENTOS DE NATUREZA REPARADORA. DANO MORAL NÃO CONFIGURADO. RECURSO DA AUTORA DESPROVIDO. RECURSO DA RÉ PROVIDO EM PARTE. 
I. CASO EM EXAME
1. Apelações interpostas contra sentença que julgou parcialmente procedente ação de obrigação de fazer cumulada com indenização por danos morais.
II. QUESTÃO EM DISCUSSÃO
2. Discute-se: (i) se os procedimentos cirúrgicos prescritos após cirurgia bariátrica têm natureza reparadora e devem ser custeados pela operadora de saúde; (ii) se a negativa de cobertura caracteriza dano moral indenizável; e (iii) se a distribuição da sucumbência e a base de cálculo dos honorários advocatícios comportam modificação.
III. RAZÕES DE DECIDIR
3. A perícia médica constatou ptose mamária bilateral, hipolipotrofia difusa, assimetria mamária, excedente dermogorduroso em membros superiores e inferiores, dermatite crônica por intertrigo e lipedema tipo II.
4. O laudo pericial reconheceu a natureza reparadora da mamoplastia com implantes, da dermolipectomia braquial e da dermolipectomia crural, bem como a finalidade terapêutica da lipoaspiração tumescente para tratamento do lipedema, em consonância com o Tema nº 1.069 do STJ.
5. A utilização de próteses mamárias mostrou-se necessária para recomposição anatômica decorrente da perda ponderal expressiva, afastada a alegação de finalidade exclusivamente estética.
6. Mantém-se a exclusão do dispositivo Renuvion, diante da ausência de comprovação científica suficiente quanto à sua eficácia.
7. Os demais procedimentos pleiteados não têm cobertura obrigatória, pois a perícia apontou ausência de indicação médica atual para nova cirurgia abdominal ou para procedimentos com retalhos e enxertos.
8. A negativa de cobertura não configura dano moral indenizável, pois decorreu de controvérsia contratual e jurídica relevante, sem demonstração de urgência, risco à vida ou abalo extrapatrimonial autônomo.
9. Mantém-se a sucumbência recíproca, com adequação da base de cálculo dos honorários advocatícios ao proveito econômico obtido pelas partes, a ser apurado em liquidação de sentença.
IV. DISPOSITIVO E TESE
10. Recurso da autora desprovido e da ré parcialmente provido. 
Tese de julgamento: ""1. Os procedimentos cirúrgicos pós-bariátricos destinados à correção de sequelas físicas decorrentes de perda ponderal expressiva têm natureza reparadora e devem ser custeados pela operadora de plano de saúde quando comprovada a necessidade terapêutica. 2. A negativa de cobertura fundada em controvérsia contratual ou jurídica relevante não gera, por si só, dano moral indenizável. 3. Em obrigações de fazer com proveito econômico mensurável, os honorários advocatícios devem incidir sobre o benefício econômico efetivamente obtido pelas partes.""
________
Dispositivos relevantes citados: CPC, art. 85, § 2º, 98, § 3º. 
Jurisprudência relevante citada: STJ, Tema nº 1.069."
1037342-22.2023.8.26.0002,20797402,Apelação Cível,Tratamento médico-hospitalar,Pastorelo Kfouri,São Paulo,7ª Câmara de Direito Privado,7,Direito Privado,03/08/2026,03/08/2026,,False,False,339,"DIREITO CIVIL E CONSUMIDOR. APELAÇÃO. PLANO DE SAÚDE . OBRIGAÇÃO DE FAZER. PEDIDO PROCEDENTE. CUSTEIO OBRIGATÓRIO DE PROCEDIMENTO CIRÚRGICO CARDÍACO. RECURSO DA RÉ NÃO PROVIDO.
I. CASO EM EXAME 
1. Apelação cível que objetiva a reforma da sentença de procedência da ação de obrigação de fazer ( plano de saúde ). A apelante requereu a concessão da gratuidade de justiça.
II. QUESTÃO EM DISCUSSÃO 
2. Discute-se se há cobertura obrigatória da intervenção cirúrgica cardíaca, se estão configurados os danos morais, e se há direito à gratuidade em favor da operadora. 
III. RAZÕES DE DECIDIR 
3. Operadora está em regime especial de liquidação extrajudicial, e a incapacidade financeira, comprovada documentalmente, autoriza o deferimento da gratuidade.
4. A paciente necessitava de intervenção cirúrgica cardíaca de urgência, ante a idade avançada e o quadro médico apresentado, e veio a óbito durante a tramitação processual. 
5. A alegação de que o contrato é anterior à Lei do Plano de Saúde e não foi adaptado não afasta a obrigatoriedade de custeio, por se tratar de tratamento incorporado pelo SUS, sob pena de o contrato não cumprir sua finalidade.
6. Os danos morais estão configurados em razão da autorização da cirurgia somente após o deferimento liminar, fato que provocou risco à vida e à saúde da paciente e extrapolou os meros dissabores. O valor arbitrado atende aos critérios de razoabilidade e proporcionalidade.
IV. DISPOSITIVO E TESE 
7. Recurso da ré não provido. 
Tese de julgamento: ""1. É obrigatório o custeio da intervenção cirúrgica cardíaca incorporada pelo SUS em todos os contratos de plano de saúde , ainda que não adaptados, sob pena de o contrato não cumprir sua finalidade. 2. Configuram-se os danos morais quando a demora no atendimento coloca em risco a vida e a saúde do paciente e extrapola os meros dissabores"".
_________ 
Dispositivos relevantes citados: n/a. 
Jurisprudência relevante citada: STF, Recurso Extraordinário nº 948.634/RS, Relator Ministro Ricardo Lewandowski, publicado em 18/11/2020 (Tema 123); STJ, Resp nº 200702161715, Terceira Turma, Relatora Ministra Nancy Andrighi, DJE 20/11/2008; RSTJ 112/216 e JTJ - LEX 204/70."
1049415-05.2024.8.26.0224,20797398,Apelação Cível,Tratamento médico-hospitalar,Pastorelo Kfouri,Guarulhos,7ª Câmara de Direito Privado,7,Direito Privado,03/08/2026,03/08/2026,,False,False,324,"em>PLANO DE SAÚDE . TRANSTORNO DO ESPECTRO AUTISTA. TRATAMENTO MULTIDISCIPLINAR PELO MÉTODO ABA. SESSÕES DE EDUCADOR FÍSICO. ATIVIDADE VINCULADA À ÁREA DA EDUCAÇÃO. EXCLUSÃO. PRESTADOR EM DISTÂNCIA RAZOÁVEL DA RESIDÊNCIA. MANUTENÇÃO. PARCIAL PROVIMENTO.
I. CASO EM EXAME
1. Apelação da operadora contra sentença de procedência que a condenou a custear o tratamento multidisciplinar pelo método ABA prescrito a beneficiário menor com transtorno do espectro autista, inclusive as sessões de educador físico em ambiente clínico, em prestador que não exija deslocamento cujo tempo seja superior aa 45 minutos da residência.
2. A apelante sustenta a ausência de previsão contratual e regulatória para a cobertura de educador físico e a ilegitimidade da imposição de prestador próximo à residência do beneficiário.
II. QUESTÃO EM DISCUSSÃO
3. Saber: (i) se subsiste o dever de custeio das sessões de educador físico e (ii) se é legítima a determinação de prestador a distância razoável da residência do beneficiário.
III. RAZÕES DE DECIDIR
4. As sessões com educador físico fogem ao escopo do contrato de assistência à saúde, por se vincularem à área da educação.
5. A determinação de prestador credenciado a distância razoável da residência não usurpa a competência regulatória da ANS e preserva a utilidade do tratamento do menor.
6. A taxatividade mitigada do rol da ANS e a Súmula nº 102 do TJSP não alcançam atividade estranha ao objeto do contrato.
IV. DISPOSITIVO E TESE
7. Recurso parcialmente provido para afastar o custeio das sessões de educador físico, mantida no mais a sentença.
Tese de julgamento: ""As sessões com educador físico fogem ao escopo do contrato de plano de saúde , por se vincularem à área da educação, sem prejuízo da cobertura das terapias de natureza clínica prestadas por profissional da saúde. É legítima a fixação de prestador credenciado a distância razoável da residência do beneficiário.""
__________
Dispositivos relevantes citados: Lei nº 9.656/98, art. 10 e 16; Lei nº 14.454/2022; CDC, art. 51, IV.
Jurisprudência relevante citada: n/a"
1001486-12.2024.8.26.0309,20798256,Apelação Cível,Tratamento médico-hospitalar,James Siano,Jundiaí,5ª Câmara de Direito Privado,5,Direito Privado,03/08/2026,03/08/2026,10000.0,True,False,191,"DIREITO DO CONSUMIDOR. APELAÇÃO. PLANO DE SAÚDE . OBRIGAÇÃO DE FAZER. RECURSO PARCIALMENTE PROVIDO
I. Caso em Exame
Apelação interposta contra sentença que condenou a ré ao custeio integral de procedimento cirúrgico e ao pagamento de indenização por danos morais no valor de R$10.000,00.
II. Questão em Discussão
A questão em discussão consiste em verificar (i) validade das cláusulas contratuais limitativas de cobertura; (ii) possibilidade de negativa de custeio de procedimentos e materiais indicados por médico assistente; (iii) configuração de danos morais pela negativa de cobertura .
III. Razões de Decidir
A negativa de custeio de procedimentos e materiais indicados pelo médico assistente é considerada abusiva, conforme art. 51, IV, do CDC, pois coloca o consumidor em desvantagem exagerada.
A responsabilidade pelo ato cirúrgico recai sobre o profissional que o realiza, e a interferência do plano de saúde na escolha dos materiais e técnicas é inadmissível. A jurisprudência desta Corte reforça a prevalência da indicação médica sobre pareceres de junta médica.
A recusa de cobertura não gera automaticamente dano moral, sendo necessária a demonstração de abalo psicológico qualificado, o que não foi comprovado nos autos. Danos morais afastados.
Recurso parcialmente provido."
1002267-76.2025.8.26.0704,20798214,Apelação Cível,Planos de saúde,Carlos Castilho Aguiar França,São Paulo,4ª Câmara de Direito Privado,4,Direito Privado,03/08/2026,03/08/2026,,False,False,336,"Direito Civil. Apelação. Planos de Saúde . Recursos desprovidos.
I. Caso em Exame
1. Recursos de apelação interpostos por Bradesco Saúde S/A e Adecco Recursos Humanos S/A contra sentença que determinou a manutenção do autor em plano de saúde coletivo empresarial, nas mesmas condições de cobertura assistencial, mediante pagamento integral do prêmio mensal, e condenou as rés ao custeio do tratamento de saúde do demandante, inclusive em regime de ""home care"", além de indenização por danos morais.
II. Questão em Discussão
2. A questão em discussão consiste em (i) a ilegitimidade passiva das rés; (ii) o direito do autor à manutenção no plano de saúde coletivo empresarial após seu desligamento; (iii) a cobertura do serviço de ""home care""; (iv) a responsabilidade solidária da Adecco pelos danos morais.
III. Razões de Decidir
3. As preliminares de ilegitimidade passiva são afastadas, pois ambas as rés integram a cadeia de fornecimento do serviço de assistência à saúde.
4. O autor faz jus à manutenção no plano de saúde coletivo empresarial, nos termos dos arts. 30 e 31 da Lei nº 9.656/98, não tendo sido demonstrado custeio exclusivamente patronal.
5. A cobertura do ""home care"" é devida, conforme prescrição médica e natureza substitutiva da internação hospitalar.
6. A responsabilidade solidária das rés é mantida, pois ambas participaram da relação jurídica que viabilizou a contratação e manutenção do plano.
IV. Dispositivo e Tese
5. Recursos desprovidos.
Tese de julgamento: 1. A responsabilidade solidária na relação de consumo não exige prática direta do ato material que gerou o dano. 2. O direito à manutenção no plano de saúde coletivo empresarial é assegurado ao aposentado que contribuiu por mais de dez anos, mediante pagamento integral.
Legislação Citada:
Lei nº 9.656/98, arts. 30 e 31; Código de Defesa do Consumidor, arts. 7º, parágrafo único, 14 e 25, § 1º; CPC, art. 373, II; CPC, art. 85, § 11.
Jurisprudência Citada:
STJ, Tema 989, REsp 1.680.318/SP e REsp 1.708.104/SP, Rel. Min. Ricardo Villas Bôas Cueva, Segunda Seção, j. 22/08/2018; STJ, Tema 1.034; STJ, Tema 1.082."
1053617-43.2023.8.26.0100,20797697,Apelação Cível,Serviços Hospitalares,Simões de Vergueiro,São Paulo,16ª Câmara de Direito Privado,16,Direito Privado,31/07/2026,03/08/2026,,False,False,123,"RECURSO DE APELAÇÃO INTERPOSTO CONTRA R. SENTENÇA PELA QUAL FOI JULGADA IMPROCEDENTE AÇÃO DE COBRANÇA – ALEGAÇÃO DE INCORREÇÃO, COM PEDIDO DE REFORMA – COBRANÇA DE DESPESAS MÉDICAS NÃO COBERTAS POR PLANO DE SAÚDE – PROCEDIMENTO CIRÚRGICO ORTOPÉDICO ELETIVO – VALORES APURADOS PELO NOSOCÔMICO, APÓS ALTA HOSPITALAR – VALORES QUE NÃO FORAM PREVIAMENTE INFORMADOS À RESPONSÁVEL FINANCEIRA – IMPOSSIBILIDADE DE COBRANÇA DOS VALORES, AOS OLHOS DA MELHOR JURISPRUDÊNCIA DESTA E. CORTE - ACERTO DA R. DECISÃO - REAPRECIAÇÃO MINUCIOSA DA R. DECISÃO QUE IMPLICARÁ EM DESNECESSÁRIA REPETIÇÃO DOS ADEQUADOS FUNDAMENTOS DO PENSAMENTO ADOTADO PELO JUÍZO – SIMPLES RATIFICAÇÃO DOS LIMITES DEFINIDOS PELA R. DECISÃO DE 1° GRAU, UMA VEZ QUE SE MOSTRA SUFICIENTEMENTE MOTIVADA, E BEM CALCADA EM PROVAS - RECURSO NÃO PROVIDO."
1002328-28.2023.8.26.0082,20797225,Agravo Interno Cível,Tratamento médico-hospitalar,J.L. Mônaco da Silva,Boituva,5ª Câmara de Direito Privado,5,Direito Privado,03/08/2026,03/08/2026,10000.0,False,False,149,"AGRAVO INTERNO - Interposição contra decisão do relator que negou seguimento ao recurso - Inconformismo - Desacolhimento - Inexistência de ofensa ao princípio da colegialidade - Art. 168, § 3º, do RITJSP que confere ao relator a prerrogativa de negar seguimento a recurso manifestamente improcedente - Interposição de agravo interno ou de agravo regimental que afasta, ademais, a alegada violação ao referido princípio - Precedentes do Colendo Superior Tribunal de Justiça - Sentença apelada que julgou procedente a ação - Falha dos serviços prestados pelos réus, que, em razão da cadeia de consumo, devem ser solidariamente responsáveis pelos danos suportados pela parte - Indenização fixada no valor de R$ 10.000,00 que não é excessiva, mas sim adequada à espécie dos autos, mostrando-se apta a compensar os transtornos e constrangimentos suportados pela parte autora, em efetiva observância aos princípios da proporcionalidade e da razoabilidade - Decisão mantida - Recurso desprovido."
1062826-65.2025.8.26.0100,20796861,Apelação Cível,Tratamento médico-hospitalar,Schmitt Corrêa,São Paulo,3ª Câmara de Direito Privado,3,Direito Privado,03/08/2026,03/08/2026,5000.0,True,False,156,"AÇÃO DE OBRIGAÇÃO DE FAZER C.C. PEDIDO DE INDENIZAÇÃO POR DANO MORAL. Sentença de parcial procedência. Insurgência da requerida. Não acolhimento. Relação jurídica de natureza consumerista. Recusa fundamentada em suposto descumprimento de período de carência contratual. Situação emergencial devidamente comprovada por documentação médica, caracterizada por risco imediato à vida, incidindo a disciplina dos arts. 12, V, ""c"", e 35-C da Lei nº 9.656/98. Abusividade da negativa de cobertura reconhecida. Inaplicabilidade de cláusula contratual de carência superior a 24 horas em hipóteses de urgência e emergência. Inteligência da Súmula nº 103 do TJSP e da Súmula nº 597 do STJ. Obrigação de custeio integral do tratamento corretamente imposta. Danos morais caracterizados. Situação excepcional que extrapola o mero inadimplemento contratual e atinge direitos da personalidade, gerando angústia, insegurança e aflição em momento de extrema vulnerabilidade. Montante (R$5.000,00) fixado em valor razoável e condizente com o praticado nesta C. Corte em casos assemelhados. Precedentes. Sentença mantida. Recurso não provido."
1010392-42.2023.8.26.0562,20796810,Apelação Cível,Planos de saúde,Schmitt Corrêa,Santos,3ª Câmara de Direito Privado,3,Direito Privado,03/08/2026,03/08/2026,,False,False,220,"PLANO DE SAÚDE . AÇÃO DE OBRIGAÇÃO DE FAZER. Acórdão anterior que, por votação unânime, negou provimento ao recurso interposto, mantendo a r. sentença recorrida que julgou procedente a ação, para compelir a operadora do plano de saúde a fornecer tratamento consistente em bomba de infusão de insulina e insumos à autora, portadora de diabetes mellitus tipo 1. Interposição de recurso especial. Retorno dos autos nos termos do art. 1.030, II, do CPC, para eventual readequação ou manutenção do v. acórdão, diante do posicionamento consolidado pelo STJ no julgamento dos REsps nºs 2.168.627/SP e 2.169.656/PR (Tema nº 1316), sob o rito dos recursos repetitivos. Tese firmada no sentido de que o sistema de infusão contínua de insulina não se enquadra nas exclusões previstas no art. 10, VI e VII, da Lei nº 9.656/98, devendo a análise da cobertura observar os parâmetros fixados na ADI nº 7.265 do STF. Acórdão proferido por esta C. Câmara que guarda conformidade material com o paradigma do STJ. Julgamento originário que reconheceu a eficácia terapêutica do tratamento, a inexistência de alternativa adequada e a abusividade da negativa contratual, com fundamento em elementos técnicos e evidências científicas. Ausência de divergência substancial apta a justificar a retratação. Acórdão proferido por esta C. Câmara que está de acordo com o paradigma do STJ. Juízo de retratação não exercido."
1002352-06.2023.8.26.0228,20797167,Apelação Cível,Tratamento Domiciliar (Home Care),João Batista Vilhena,São Paulo,5ª Câmara de Direito Privado,5,Direito Privado,03/08/2026,03/08/2026,,False,False,483,"DIREITO CIVIL E PROCESSUAL CIVIL. APELAÇÕES CÍVEIS. PLANO DE SAÚDE . TRATAMENTO DOMICILIAR (HOME CARE) E ATENDIMENTO MULTIPROFISSIONAL. NÃO CONHECIMENTO PARCIAL DO APELO DA RÉ POR AUSÊNCIA DE DIALETICIDADE E DESPROVIMENTO DE AMBOS OS RECURSOS.

I. Caso em exame
1. Trata-se de recursos de apelação interpostos por ambas as partes contra sentença que julgou parcialmente procedente a demanda para condenar a ré ao custeio e manutenção de serviço de atendimento multiprofissional domiciliar à autora, conforme laudo médico pericial, afastando a necessidade de internação domiciliar em regime integral. A ré sustenta, preliminarmente, perda do objeto e, no mérito, ausência de cobertura contratual para home care. A autora, por sua vez, pleiteia a reforma da sentença para assegurar cobertura integral de tratamento domiciliar com enfermagem 24 horas e insumos.

II. Questão em discussão
2. Há duas questões em discussão: (i) saber se o recurso da ré atende ao requisito de impugnação específica apto ao seu conhecimento; (ii) saber se a autora faz jus ao custeio integral de tratamento em regime de home care com enfermagem contínua, em divergência com a conclusão do laudo pericial judicial.

III. Razões de decidir
3. Afasta-se a preliminar de nulidade, uma vez sanado o vício relativo à ausência de autorização judicial, conforme reconhecido em decisão anterior.
4. Recurso da ré não comporta conhecimento, pois suas razões recursais não enfrentam os fundamentos centrais da sentença, limitando-se a alegações genéricas sobre ausência de cobertura contratual, sem impugnar a conclusão pericial que embasou a decisão, caracterizando ausência de dialeticidade e irregularidade formal.
5. Quanto ao recurso da autora, não há elementos técnicos aptos a infirmar o laudo pericial judicial, elaborado por profissional habilitado, com base em exame direto da paciente, análise documental e critérios reconhecidos.
6. Impugnações da autora carecem de respaldo técnico-científico, não tendo sido apresentado parecer de assistente técnico que demonstrasse eventual falha metodológica ou inconsistência nas conclusões periciais.
7. Laudo pericial é coerente ao concluir pela inexistência de necessidade de internação domiciliar com enfermagem 24 horas, sendo suficiente o atendimento multiprofissional domiciliar, conclusão corroborada pelo conjunto probatório e pelo parecer ministerial.
8. Diante disso, mostra-se adequada a manutenção da sentença que determinou o custeio do atendimento multiprofissional, mas afastou a obrigação de cobertura integral de home care em regime contínuo.

IV. Dispositivo e tese
9. Recurso da ré parcialmente conhecido e, na parte conhecida, desprovido. Recurso da autora desprovido.
Tese de julgamento: ""1. Inadmissível o recurso de apelação que não impugna especificamente os fundamentos da sentença, por violação ao princípio da dialeticidade. 2. Inexistindo comprovação técnica apta a infirmar laudo pericial judicial, deve ser mantida a conclusão que afasta a necessidade de internação domiciliar com enfermagem 24 horas, admitindo apenas atendimento multiprofissional domiciliar.""

Legislação citada: CPC, arts. 1.010, II e IV, e 85, § 11; CC, art. 1.748, V.

Jurisprudência citada: TJSP, Apelação Cível 0000676-21.2010.8.26.0220; TJSP, Apelação Cível 1005389-77.2021.8.26.0271; STJ, AGA 32739/SP; REsp 50.036; AgInt nos EDcl no AREsp 2.561.482/PR."
1163697-40.2024.8.26.0100,20795673,Apelação Cível,Fornecimento de medicamentos,Pastorelo Kfouri,São Paulo,7ª Câmara de Direito Privado,7,Direito Privado,03/08/2026,03/08/2026,10000.0,True,False,362,"em>PLANO DE SAÚDE . AÇÃO DE OBRIGAÇÃO DE FAZER C.C. INDENIZAÇÃO POR DANOS MORAIS. NEGATIVA DE CUSTEIO DE MEDICAMENTOS ANTINEOPLÁSICOS. PRELIMINARES DE CERCEAMENTO DE DEFESA E DE NULIDADE AFASTADAS. COBERTURA OBRIGATÓRIA POR FORÇA DE LEI. DANOS MORAIS CONFIGURADOS. SENTENÇA MANTIDA. RECURSO DESPROVIDO.
I. CASO EM EXAME
1. Apelação da operadora contra sentença de procedência que a condenou ao fornecimento dos medicamentos antineoplásicos Anastrozol e Ribociclibe, na forma da prescrição médica, e ao pagamento de R$10.000,00 a título de danos morais.
2. A apelante alega cerceamento de defesa pela ausência de consulta ao NatJus, nulidade da sentença à luz da ADI nº 7.265, nulidade pela substituição do medicamento sem prévia intimação e julgamento extra petita, e, no mérito, o não preenchimento da diretriz de utilização e a inexistência de dano moral.
II. QUESTÃO EM DISCUSSÃO
3. Saber se (i) o julgamento antecipado configurou cerceamento de defesa; (ii) a sentença é nula por inobservância da ADI nº 7.265 ou pela substituição do fármaco sem intimação; (iii) é devida a cobertura dos medicamentos antineoplásicos; e (iv) a negativa de cobertura enseja dano moral.
III. RAZÕES DE DECIDIR
4. O custeio de medicamento antineoplásico é obrigatório por força da Lei nº 9.656/98, art. 10, VI, e art. 12, o que dispensa a consulta ao NatJus e afasta o regime da ADI nº 7.265, próprio de tratamento não incluído no rol.
5. A substituição do fármaco por toxicidade, lastreada em relatório médico, não alterou a causa de pedir nem o pedido, sem prejuízo à defesa, o que afasta a nulidade e o julgamento extra petita.
6. A recusa de cobertura de tratamento oncológico a paciente com câncer metastático ultrapassa o mero aborrecimento e configura dano moral, mantido o valor por proporcional.
IV. DISPOSITIVO E TESE
7. Recurso desprovido.
Tese de julgamento: ""É obrigatório o custeio de medicamentos antineoplásicos pelas operadoras de plano de saúde , por força de lei, e a recusa injustificada de tratamento oncológico configura dano moral.""
Dispositivos relevantes citados: Lei nº 9.656/98, art. 10 e 12; Lei nº 14.454/22; CPC, art. 329, 355 e 489; CC, art. 927 e 944.
Jurisprudência relevante citada: STF, ADI nº 7.265; STJ, Súmula nº 608, Tema nº 1.059."
1110157-14.2023.8.26.0100,20795672,Apelação Cível,Tratamento médico-hospitalar,Pastorelo Kfouri,São Paulo,7ª Câmara de Direito Privado,7,Direito Privado,03/08/2026,03/08/2026,,False,False,367,"DIREITO DO CONSUMIDOR. APELAÇÃO. PLANO DE SAÚDE . HOME CARE. INTERNAÇÃO DOMICILIAR. NEGATIVA DE COBERTURA ABUSIVA. SENTENÇA MANTIDA. DESPROVIMENTO.
I. CASO EM EXAME
1. Apelação interposta pela operadora de plano de saúde contra sentença que a condenou a fornecer tratamento em home care à autora, menor com encefalopatia crônica não evolutiva, epilepsia e hipotiroidismo, dependente de traqueostomia e BIPAP, nos termos da perícia médica realizada.
2. A apelante sustenta a perda superveniente do objeto, suscita a distinção entre atenção domiciliar e internação domiciliar para afastar a obrigação de cobertura e nega a necessidade de fornecimento de insumos.
II. QUESTÃO EM DISCUSSÃO
3. Saber: (i) se há perda superveniente do objeto; (ii) se a negativa de cobertura do home care e dos insumos vinculados ao tratamento é abusiva; (iii) se o laudo pericial confirma a modalidade de internação domiciliar e a proporcionalidade da grade assistencial.
III. RAZÕES DE DECIDIR
4. O objeto não se perdeu, pois o tratamento só se tornou possível por tutela de urgência reiteradamente descumprida, e a controvérsia versa sobre a extensão e a adequação do tratamento.
5. A cláusula que nega cobertura de internação domiciliar quando prescrição médica e laudo pericial confirmam a necessidade é abusiva (Súmula nº 90/TJSP; STJ, REsp n. 2.224.011/PR).
6. O laudo pericial confirma internação domiciliar de alta complexidade (traqueostomia, BIPAP, enfermagem por 24 horas, fisioterapia e fonoterapia diárias), o que afasta a tese de simples atenção domiciliar.
7. Os insumos diretamente vinculados ao tratamento em regime de internação domiciliar integram o ato médico e são de cobertura obrigatória.
IV. DISPOSITIVO E TESE
8. Recurso desprovido.
Tese de julgamento: ""1. É abusiva a cláusula de plano de saúde que nega cobertura de home care quando prescrição médica e laudo pericial confirmam a necessidade de internação domiciliar (Súmula nº 90/TJSP). 2. Os insumos diretamente vinculados ao tratamento em regime de internação domiciliar integram o ato médico e são de cobertura obrigatória.""
__________
Dispositivos relevantes citados: CDC, art. 51, IV; Lei n. 9.656/98, art. 10, §§ 12 e 13.
Jurisprudência relevante citada: STJ, REsp n. 2.224.011/PR, Rel. Min. Raul Araújo, Quarta Turma, j. 20/10/2025; STJ, AgInt no AgInt nos EDcl no REsp n. 1.964.771/RS, Rel. Min. Nancy Andrighi, Terceira Turma, j. 5/9/2022."
1016515-19.2025.8.26.0196,20795577,Apelação Cível,Tratamento médico-hospitalar,Cesar Mecchi Morales,Franca,6ª Câmara de Direito Privado,6,Direito Privado,03/08/2026,03/08/2026,,False,False,191,"APELAÇÃO CÍVEL – PLANO DE SAÚDE – AÇÃO DECLARATÓRIA DE OBRIGAÇÃO DE FAZER E INDENIZAÇÃO POR DANOS MORAIS – SENTENÇA DE EXTINÇÃO SEM RESOLUÇÃO DO MÉRITO – PERDA SUPERVENIENTE DO OBJETO – INSURGÊNCIA DA AUTORA – ACOLHIMENTO PARCIAL.
Pretensão recursal voltada à reforma da sentença que extinguiu integralmente o feito sob o fundamento de perda superveniente do objeto, em razão do término da cobertura parcial temporária e possibilidade de novo pedido administrativo.
1. Obrigação de fazer. Procedimento médico atualmente disponível mediante simples formulação de novo requerimento administrativo. Ausência de resistência atual da operadora. Inexistência de interesse processual superveniente. Extinção mantida, nos termos do art. 485, VI do CPC. Precedente desta Câmara.
2. Danos morais. Pedido autônomo, fundado na alegada abusividade da negativa de cobertura em momento pretérito. Independência em relação à obrigação de fazer. Superveniência de fato que esvazia a tutela específica que não afasta o interesse de agir quanto à pretensão indenizatória. Necessidade de apuração da eventual ilicitude da conduta e dos danos dela decorrentes. Extinção integral que configura error in procedendo. Precedente. Retorno dos autos à origem para regular prosseguimento do feito quanto ao pedido indenizatório. RECURSO PARCIALMENTE PROVIDO."
1000805-16.2022.8.26.0405,20796064,Apelação Cível,Tratamento médico-hospitalar,Cesar Mecchi Morales,Osasco,6ª Câmara de Direito Privado,6,Direito Privado,03/08/2026,03/08/2026,,False,False,129,"APELAÇÕES CÍVEIS. PLANO DE SAÚDE . CIRURGIAS PLÁSTICAS PÓS-BARIÁTRICAS. Ação de obrigação de fazer cumulada com indenização por danos morais. Sentença de parcial procedência. Mastopexia com implante de próteses mamárias e toracoplastia realizadas em caráter particular antes da perícia judicial. Tema 1.069 do Superior Tribunal de Justiça. Cobertura condicionada à demonstração do caráter reparador ou funcional dos procedimentos. Laudo pericial inconclusivo diante da ausência de registros fotográficos, prontuário e documentação pré-operatória suficiente. Relatório do médico assistente desacompanhado de elementos objetivos capazes de suprir a inconclusividade da prova técnica. Natureza reparadora não comprovada. Ônus da autora. Art. 373, inciso I do Código de Processo Civil. Obrigação de cobertura afastada. Ausência de ilicitude da negativa. Danos morais não configurados. Inversão da sucumbência. RECURSO DA RÉ PROVIDO E RECURSO DA AUTORA DESPROVIDO."
1004180-69.2020.8.26.0704,20795587,Apelação Cível,Tratamento médico-hospitalar,Cesar Mecchi Morales,São Paulo,6ª Câmara de Direito Privado,6,Direito Privado,03/08/2026,03/08/2026,,False,False,131,"APELAÇÃO CÍVEL. Plano de saúde . Ação de obrigação de fazer. Custeio de procedimento de radioablação percutânea de tumor hepático por radiofrequência. Sentença de procedência. Irresignação da seguradora. Alegação de ausência de cobertura por não integração ao rol da ANS. Descabimento. Rol de procedimentos que constitui cobertura mínima obrigatória, não podendo restringir o tratamento indicado por médico assistente. Prova pericial conclusiva acerca da eficácia, segurança e necessidade do procedimento, inclusive como medida necessária à contenção da progressão da doença e viabilização de transplante hepático. Aplicação da Lei nº 14.454/2022. Taxatividade mitigada do rol da ANS. Preenchimento dos requisitos previstos no art. 10, §13, da Lei nº 9.656/98. Ausência de demonstração de alternativa terapêutica eficaz. Negativa abusiva, por comprometer o próprio tratamento da doença coberta. Precedentes desta Corte. Sentença mantida. RECURSO DESPROVIDO."
1016710-20.2020.8.26.0506,20795215,Apelação Cível,Tratamento médico-hospitalar,Márcio Boscaro,Ribeirão Preto,10ª Câmara de Direito Privado,10,Direito Privado,03/08/2026,03/08/2026,,True,False,160,"APELAÇÃO. JUÍZO DE RETRATAÇÃO. ARTIGOS 1.040, INCISO II E 1.041 DO CPC. PLANO DE SAÚDE . AÇÃO DE OBRIGAÇÃO DE FAZER, CUMULADA COM INDENIZAÇÃO POR DANOS MORAIS. NEGATIVA DE COBERTURA DE FOTOTERAPIA PUVA PRESCRITA PARA TRATAMENTO DE LINFOMA DE CÉLULAS T CUTÂNEAS E PERIFÉRICAS. Devolução dos autos pelo STJ para reexame à luz do tema repetitivo nº 1.365. Tese firmada no sentido de que a simples recusa indevida de cobertura médico-assistencial não gera, por si só, dano moral presumido (in re ipsa). Hipótese concreta que não se limita à mera negativa administrativa. Paciente portadora de enfermidade oncológica grave, submetida a tratamento continuado, com mais de 120 sessões realizadas e resposta terapêutica favorável, sobrevindo a interrupção da terapia em decorrência da recusa da operadora. Circunstâncias concretas aptas a evidenciar abalo extrapatrimonial que ultrapassa o mero dissabor contratual. Compatibilidade do resultado do julgamento com a orientação firmada pelo STJ – necessidade apenas de adequação da fundamentação. Juízo negativo de retratação. ACÓRDÃO MANTIDO."
1028304-46.2024.8.26.0003,20795237,Apelação Cível,Tratamento médico-hospitalar,Fernando Marcondes,São Paulo,2ª Câmara de Direito Privado,2,Direito Privado,18/07/2026,03/08/2026,,True,False,297,"Direito do consumidor. Apelações. Plano de saúde . Exames. Negativa de cobertura . Abusividade. Danos morais configurados. recurso do autor parcialmente provido e recurso da ré desprovido.

I. Caso em exame
1. Apelações interpostas contra sentença que julgou parcialmente procedente ação de obrigação de fazer c/c indenização por danos morais, para condenar operadora de plano de saúde a custeio de exames laboratoriais e genéticos prescritos, afastando, contudo, a reparação moral.

II. Questão em discussão
2. A questão em discussão consiste: (i) na obrigatoriedade de cobertura de exame não previsto no rol da ANS; e (ii) na configuração de dano moral decorrente da negativa de cobertura .

III. Razões de decidir
3. A recusa da operadora em custear exames prescritos é abusiva, conforme o disposto no art. 12, I, b, da Lei nº 9.656/98, que estabelece coberturas mínimas. A jurisprudência consolidada afirma que a escolha do tratamento cabe ao médico assistente.
4. A condenação por danos morais, fixada em valor razoável e proporcional, é justificada pela gravidade da conduta da operadora, que causou angústia à autora ao recusar cobertura de forma indevida. 

IV. Dispositivo e tese
5. Recurso do autor parcialmente provido. Recurso da ré desprovido. 

Tese de julgamento: ""1. A negativa de cobertura de exames prescritos por médico é abusiva. 2. A recusa injustificada de cobertura gera direito à indenização por danos morais, fixados com razoabilidade e proporcionalidade.""

Legislação citada: CC, arts. 421, 186, 187, 944 e 945; CF/88, art. 5º, V e X; Lei nº 9.656/98, art. 10, § 13. art. 12, I, ""b""; CPC, art. 487, I; art. 85, § 8º; Lei nº 14.905/24.

Jurisprudência citada: STJ, Súmula 326; TJSP, Apelação nº 1044368-05.2022.8.26.0100, Rel. Correa Patiño, j. 24/06/2025; Apelação nº 1043684-28.2024.8.26.0224, Rel. Álvaro Passos, j. 23/06/2025; Apelação 1021051-87.2023.8.26.0020, Rel. Hertha Helena de Oliveira, j. 18/06/2025."
1058970-30.2024.8.26.0100,20795228,Apelação Cível,Tratamento médico-hospitalar,Pastorelo Kfouri,São Paulo,7ª Câmara de Direito Privado,7,Direito Privado,03/08/2026,03/08/2026,10000.0,True,True,621,"DIREITO CIVIL E DIREITO À SAÚDE. APELAÇÃO CÍVEL. PLANO DE SAÚDE DE AUTOGESTÃO. TRANSPLANTE ALOGÊNICO DE CÉLULAS-TRONCO HEMATOPOIÉTICAS. LEUCEMIA LINFOBLÁSTICA AGUDA EM PACIENTE INFANTIL. NEGATIVA DE COBERTURA . DANOS MORAIS. HONORÁRIOS SUCUMBENCIAIS. DESPROVIMENTO.
I. CASO EM EXAME
1. Apelação cível interposta contra sentença que julgou procedentes os pedidos para condenar operadora de plano de saúde de autogestão a autorizar e custear transplante alogênico de células-tronco hematopoiéticas, inclusive procedimentos preparatórios e posteriores, bem como ao pagamento de indenização por danos morais no valor de R$ 10.000,00.
II. QUESTÃO EM DISCUSSÃO
2. Há cinco questões em discussão: (i) saber se a inaplicabilidade do CDC aos planos de autogestão afasta o dever de cobertura do tratamento indicado; (ii) saber se a negativa de cobertura do transplante alogênico de células-tronco hematopoiéticas encontra respaldo nas Diretrizes de Utilização da ANS e na Lei nº 9.656/1998; (iii) saber se havia necessidade de produção de prova técnica complementar para aferição da adequação do tratamento prescrito; (iv) saber se é cabível a condenação por danos morais decorrente da recusa de cobertura; e (v) saber se devem ser alterados os honorários advocatícios sucumbenciais para fixação por equidade.
III. RAZÕES DE DECIDIR
3. A natureza de autogestão do plano de saúde afasta a incidência do CDC, nos termos da Súmula STJ nº 608. A relação contratual, contudo, permanece submetida às normas do Código Civil, em especial aos princípios da boa-fé objetiva, da cooperação e da função social do contrato.
4. O autor, diagnosticado ainda na primeira infância com leucemia linfoblástica aguda pró-B, recebeu indicação médica expressa para realização do transplante alogênico de células-tronco hematopoiéticas. A necessidade do procedimento foi confirmada pela instrução processual.
5. As Diretrizes de Utilização da ANS não podem ser interpretadas de forma dissociada das particularidades do caso diante de doença oncológica grave, urgência terapêutica e prescrição médica fundamentada.
6. A taxatividade mitigada do rol da ANS não autoriza a recusa de procedimento necessário à preservação da vida e da saúde quando demonstrada sua indicação médica e inexistente prova de inadequação terapêutica.
7. A recorrente não produziu prova apta a infirmar a eficácia do tratamento prescrito nem demonstrou a existência de alternativa terapêutica eficaz para o caso.
8. A pretensão de limitação de reembolso não tem utilidade prática, pois a condenação restringiu-se ao custeio do tratamento na rede credenciada, sem determinação de reembolso irrestrito.
9. A negativa de cobertura de tratamento oncológico indispensável à preservação da vida de paciente infantil configura, além de ilícito contratual, dano moral indenizável, diante da intensificação da angústia e do risco imposto ao beneficiário.
10. A indenização fixada em R$ 10.000,00 observa os princípios da razoabilidade e da proporcionalidade.
11. Os honorários advocatícios fixados em 10% sobre o proveito econômico obtido estão em conformidade com o art. 85, § 2º, do CPC. Cabível a majoração recursal para 15%, nos termos do art. 85, § 11, do CPC.
IV. DISPOSITIVO E TESE
12. Apelação conhecida e desprovida. 
Tese de julgamento: ""1. A inaplicabilidade do CDC aos planos de saúde de autogestão não afasta o dever de cobertura de tratamento oncológico indispensável à preservação da vida e da saúde do beneficiário. 2. As Diretrizes de Utilização da ANS não prevalecem sobre a indicação médica idônea quando demonstrada a necessidade do tratamento e inexistente prova de inadequação terapêutica. 3. A negativa indevida de cobertura de tratamento oncológico essencial, em situação de risco à vida, configura dano moral indenizável. 4. É cabível a majoração dos honorários advocatícios em grau recursal quando integralmente desprovido o recurso.""
_____
Dispositivos relevantes citados: CC, art. 113, § 1º, III e IV, e 422; CPC, art. 85, §§ 2º e 11; Lei nº 9.656/1998, art. 10, §§ 12 e 13.
Jurisprudência relevante citada: STJ, Súmula nº 608; Temas nº 1.059 e 1.076."
1004089-54.2025.8.26.0008,20794771,Apelação Cível,Planos de saúde,Márcio Boscaro,São Paulo,10ª Câmara de Direito Privado,10,Direito Privado,02/08/2026,02/08/2026,,True,True,94,"APELAÇÃO. PLANO DE SAÚDE . AÇÃO DE OBRIGAÇÃO DE FAZER, CUMULADA COM INDENIZAÇÃO POR DANOS MORAIS. CANCELAMENTO UNILATERAL DE CONTRATO COLETIVO EMPRESARIAL. PARCIAL PROCEDÊNCIA. Alegação da operadora de que a rescisão decorreu de solicitação da própria contratante. Ausência absoluta de prova da alegada manifestação de vontade. Ônus probatório da ré quanto ao fato extintivo do direito da autora (artigo 373, inciso II, do CPC). Restabelecimento do contrato corretamente determinado. Cancelamento indevido que privou beneficiária gestante de risco da cobertura assistencial. Dano moral configurado. Quantum indenizatório adequadamente fixado. Sentença mantida. Honorários recursais majorados. RECURSO DESPROVIDO."
1001663-32.2024.8.26.0549,20794768,Apelação Cível,Tratamento médico-hospitalar,Márcio Boscaro,Santa Rosa de Viterbo,10ª Câmara de Direito Privado,10,Direito Privado,02/08/2026,02/08/2026,,False,False,101,"APELAÇÃO. AÇÃO DE OBRIGAÇÃO DE FAZER. TRANSTORNO DO ESPECTRO AUTISTA. TRATAMENTO MULTIDISCIPLINAR. PARCIAL PROCEDÊNCIA. Insurgência da operadora. Capítulos relativos a danos morais, danos materiais e obrigação personalíssima. Ausência de interesse recursal. Pedidos rejeitados ou delimitados na sentença em favor da recorrente. Não conhecimento parcial. Cobertura integral das terapias prescritas, sem limitação de sessões. Insuficiência da rede credenciada que autoriza atendimento fora da rede e reembolso integral. RN's ANS nºs 259/11, 465/21 e 539/22. Sentença que não impôs atendimento exclusivo por profissionais ou clínica específica. Astreintes fixadas em valor moderado e proporcional. Sentença mantida. RECURSO PARCIALMENTE CONHECIDO E, NA PARTE CONHECIDA, DESPROVIDO."
2013960-81.2026.8.26.0000,20794708,Agravo de Instrumento,Tratamento médico-hospitalar,Márcio Boscaro,Osasco,10ª Câmara de Direito Privado,10,Direito Privado,01/08/2026,01/08/2026,,False,False,93,AGRAVO DE INSTRUMENTO. CUMPRIMENTO DE SENTENÇA. Impugnação rejeitada. Obrigação de fazer consistente no custeio de procedimento cirúrgico e materiais prescritos. Conversão em perdas e danos. Possibilidade. Artigo 499 do CPC. Pedido expresso da credora. Descumprimento da obrigação judicial pela operadora. Conteúdo econômico perfeitamente mensurável da obrigação de fazer. Honorários sucumbenciais fixados sobre o valor da condenação. Inclusão do valor econômico da obrigação de fazer na base de cálculo. Proveito econômico efetivamente obtido pela parte vencedora. Precedentes do C. STJ. Recurso que não enfrenta adequadamente os fundamentos da decisão recorrida. Decisão mantida. RECURSO DESPROVIDO.
2140313-69.2026.8.26.0000,20794639,Agravo de Instrumento,Tratamento médico-hospitalar,João Battaus Neto,Guarulhos,Núcleo 4.0-T. II (DP1),,,01/08/2026,01/08/2026,,False,False,382,"DIREITO DO CONSUMIDOR. PLANO DE SAÚDE . AGRAVO DE INSTRUMENTO. TUTELA DE URGÊNCIA. IMPLANTE TRANSCATETER DE PRÓTESE VALVAR AÓRTICA (TAVI). PROCEDIMENTO INSERIDO NO ROL DA ANS. RECURSO DESPROVIDO.
I. CASO EM EXAME: Agravo de instrumento interposto por operadora de plano de saúde contra decisão que deferiu tutela de urgência para determinar a autorização e o custeio integral de procedimento TAVI à beneficiária, diagnosticada com estenose aórtica severa, sob pena de multa diária.
II. QUESTÃO EM DISCUSSÃO: A questão em discussão consiste em saber se estão presentes os requisitos para a tutela de urgência, notadamente se preenchido o critério técnico de EuroSCORE exigido pela DUT 143 (RN ANS 465/21) para cobertura obrigatória do procedimento, e se seria necessária prévia produção de prova pericial ou aplicação dos critérios da ADI 7.265/STF.
III. RAZÕES DE DECIDIR: O procedimento TAVI está inserido no Rol de Procedimentos e Eventos em Saúde da ANS (item 143), de modo que a controvérsia não se submete ao regime de excepcionalidade extrarrol da ADI 7.265/STF, mas à verificação do preenchimento dos critérios técnicos da própria DUT aplicável. A negativa administrativa fundou-se em EuroSCORE de 16,61%, inferior ao patamar de 20% exigido; contudo, relatório médico atualizado e posterior ao indeferimento demonstrou EuroSCORE real de 22,28%, superando o critério invocado pela operadora e esvaziando o fundamento da recusa, sem que a agravante tenha apresentado contraprova técnica. Presentes o fumus boni iuris (vínculo contratual ativo, prescrição médica e preenchimento da DUT 143) e o periculum in mora (quadro de colapso cardiorrespiratório agudo e risco iminente de óbito), sendo incabível a suspensão da tutela para produção pericial prévia, dada a urgência clínica incompatível com a dilação temporal. A alegada irreversibilidade não prospera, porquanto o risco de dano irreparável recai sobre bem jurídico da vida da beneficiária, de natureza insubstituível.
IV. DISPOSITIVO E TESE: Recurso conhecido e desprovido, mantida a decisão agravada por seus fundamentos. Tese: Procedimento inserido no Rol da ANS submete-se à verificação dos critérios técnicos da respectiva Diretriz de Utilização, e não ao regime de excepcionalidade da ADI 7.265/STF; comprovado por relatório médico atualizado o preenchimento desses critérios, é devida a cobertura, sendo dispensável prova pericial prévia diante de urgência clínica comprovada.
Legislação relevante citada: Código de Processo Civil, art. 1.015, I; e art. 381, II; Resolução Normativa ANS nº 465/21 (DUT 143)."
2240409-29.2025.8.26.0000,20794496,Agravo Interno Cível,Fornecimento de medicamentos,Elcio Trujillo,Campinas,10ª Câmara de Direito Privado,10,Direito Privado,31/07/2026,31/07/2026,,False,False,240,"DIREITO PROCESSUAL CIVIL. AGRAVO DE INSTRUMENTO. PLANO DE SAÚDE . MEDICAMENTO DE USO DOMICILIAR. POSSIBILIDADE DE EXCLUSÃO DA COBERTURA. RECURSO PROVIDO.

I. Caso em Exame
1. Agravo de instrumento interposto contra decisão que deferiu tutela de urgência para fornecimento do medicamento Genotropin (Somatropina) a menor com baixa estatura idiopática, sob pena de multa diária.

II. Questão em Discussão
2. A questão em discussão consiste em saber se o plano de saúde está obrigado a fornecer o medicamento Somatropina, de uso domiciliar, não enquadrado nas exceções legais de cobertura obrigatória e não contemplado no rol da ANS para uso domiciliar.

III. Razões de Decidir
3. O rol de procedimentos da ANS é taxativo, e a operadora não está obrigada a custear tratamento não constante do rol, salvo em hipóteses excepcionais.
4. A jurisprudência do STJ consolidou a licitude da exclusão do fornecimento de medicamentos para tratamento domiciliar, salvo exceções específicas.

IV. Dispositivo e Tese
5. Agravo de instrumento provido, prejudicado o agravo interno.
Tese de julgamento: 1. O rol da ANS é taxativo, não obrigando a cobertura de medicamentos de uso domiciliar fora das exceções. 2. A negativa de cobertura de Somatropina é lícita.

Legislação Citada:
Código de Processo Civil, art. 300.
Lei nº 9.656/1998, art. 10, VI.

Jurisprudência Citada:
STJ, AgInt no REsp nº 2255256 – DF, Rel. Min. Luís Carlos Gambogi, 4ª Turma, j. 01.06.2026.
STJ, REsp nº 2145886 - PE, Rel. Min. Humberto Martins, 3ª Turma, j. 18.11.2025."
1009731-11.2021.8.26.0020,20794355,Apelação Cível,Tratamento médico-hospitalar,Costa Netto,São Paulo,6ª Câmara de Direito Privado,6,Direito Privado,31/07/2026,31/07/2026,,True,False,104,"APELAÇÃO – PLANO DE SAÚDE – Ação de obrigação de fazer cumulada com indenização por danos morais. Autora que padece de sequelas de demência, encontrando-se acamada, em estado de dependência total. Indicação médica de home care. Redução de sessões pelo plano de saúde . Sentença julgou procedente a ação, para, confirmando a antecipação de tutela anteriormente concedida, declarar que a parte autora tem direito ao custeio do serviço de home care, condenando a ré em danos morais. Inconformismo da ré. Perícia técnica realizada de forma pormenorizada. Necessidade de tratamento comprovada. Abusividade contratual configurada. Precedentes. Custeio devido. Dano moral, contudo, não caracterizado. Recurso parcialmente provido."
1009810-71.2025.8.26.0562,20794354,Apelação Cível,Fornecimento de medicamentos,Costa Netto,Santos,6ª Câmara de Direito Privado,6,Direito Privado,31/07/2026,31/07/2026,,False,False,59,"APELAÇÃO – Ação de obrigação de fazer c.c pedido de tutela de urgência. Plano de saúde . Autor com deficiência de crescimento. Recusa de cobertura de medicamento hormonal Ominitrope 10 mg/1,5 (Somatropina). Sentença de improcedência. Insurgência do autor. Medicamento de uso exclusivo domiciliar. Cobertura não obrigatória. Precedentes atuais desta C. 6ª Câmara de Direito Privado. Sentença mantida. Recurso desprovido."
1000611-83.2021.8.26.0006,20794194,Apelação Cível,Tratamento Domiciliar (Home Care),Regis de Castilho Barbosa Filho,São Paulo,Núcleo 4.0-T. VI (DP1),,,25/07/2026,31/07/2026,,False,False,157,"DIREITO CIVIL. APELAÇÃO. OBRIGAÇÃO DE FAZER CUMULADA COM INDENIZAÇÃO POR DANOS MORAIS. RECURSO DESPROVIDO. I. Caso em Exame Recurso de apelação interposto contra sentença que julgou improcedente ação de obrigação de fazer cumulada com indenização por danos morais. A sentença revogou a tutela de urgência e condenou os autores ao pagamento das custas, despesas processuais e honorários advocatícios. II. Questão em Discussão 2. A questão em discussão consiste na legalidade da negativa de cobertura do tratamento de assistência domiciliar, sob fundamento de ausência de elegibilidade. III. Razões de Decidir 3. Os contratos de plano de saúde são regulamentados por normas contratuais e cogentes, incluindo regulamentações da ANS. A negativa de cobertura foi considerada legal, pois o laudo pericial concluiu que a parte autora não reunia critérios técnicos para atendimento em home care. 4. A assistência domiciliar prestada foi considerada suficiente, de sorte que não há o direito ao atendimento postulado na petição inicial. 4. Dispositivo. Recurso desprovido."
1038542-73.2024.8.26.0602,20794189,Apelação Cível,Tratamento médico-hospitalar,Regis de Castilho Barbosa Filho,Sorocaba,Núcleo 4.0-T. VI (DP1),,,25/07/2026,31/07/2026,7590.0,True,False,183,"DIREITO CIVIL. APELAÇÃO. CONTRATOS DE PLANOS DE SAÚDE . PEDIDO JULGADO IMPROCEDENTE. I. Caso em Exame 1. Recurso de apelação interposto contra sentença que julgou parcialmente procedente ação de tutela antecipada em caráter antecedente, aditada para incluir pedido de indenização por danos morais. As rés foram condenadas ao pagamento de indenização por danos morais no valor de R$ 7.590,00, acrescido de correção monetária e juros de mora, além de custas e honorários advocatícios. II. Questão em Discussão 2. A questão em discussão consiste em (i) a legalidade da negativa de cobertura do tratamento prescrito ao autor, sob fundamento de exclusão contratual, e (ii) a adequação do valor da indenização por danos morais. III. Razões de Decidir 3. A justificativa da Unimed Campinas sobre a autorização dentro do prazo não a exime de responsabilidade, pois a comunicação eficaz à rede executora é necessária. A autora ficou retida em um ""limbo"" administrativo, a configurar negativa injustificada e dano moral indenizável. IV. Dispositivo 4. Recurso desprovido. Tese de julgamento: 1. A demora injustificada na autorização equivale à negativa de cobertura , a configurar dano moral indenizável."
1004307-88.2025.8.26.0297,20794074,Apelação Cível,Tratamento médico-hospitalar,Regis de Castilho Barbosa Filho,Jales,Núcleo 4.0-T. VI (DP1),,,25/07/2026,31/07/2026,8000.0,False,False,422,"DIREITO PROCESSUAL CIVIL E DO CONSUMIDOR. APELAÇÃO CÍVEL. AÇÃO DE OBRIGAÇÃO DE FAZER CUMULADA COM PEDIDO AO PAGAMENTO DE INDENIZAÇÃO POR DANOS MORAIS. PLANO DE SAÚDE . TRATAMENTO ENDOVASCULAR COM DISPOSITIVO DE DERIVAÇÃO DE FLUXO. ANEURISMA DA CARÓTIDA INTERNA ESQUERDA. DIVERGÊNCIA TÉCNICA ENTRE O MÉDICO ASSISTENTE E A JUNTA MÉDICA DA OPERADORA. INDEFERIMENTO DE REALIZAÇÃO DE PROVA PERICIAL REQUERIDA PELA OPERADORA. UTILIZAÇÃO ISOLADA DE NOTA TÉCNICA DO NAT-JUS. CONTROVÉRSIA DE NATUREZA EMINENTEMENTE TÉCNICA. CERCEAMENTO DE DEFESA CONFIGURADO. PREJUÍZO CONCRETO PELA AUSÊNCIA DE RESPOSTA AOS QUESITOS. VIOLAÇÃO RECONHECIDA AOS PRINCÍPIOS DO CONTRADITÓRIO E DA AMPLA DEFESA. SENTENÇA ANULADA. RECURSO PROVIDO. I. Caso em Exame. Recurso de apelação interposto por operadora de plano de saúde contra sentença que julgou procedentes os pedidos iniciais para, confirmada a tutela de urgência, condenar a ré ao custeio de procedimento cirúrgico indicado, bem como ao pagamento de R$ 8.000,00 a título de danos morais. II. Questão em Discussão. 2. A questão em discussão consiste em verificar se o julgamento com esteio unicamente em parecer do NAT-JUS, sem a apreciação fundamentada do pedido de realização de perícia médica judicial, configura cerceamento de defesa, à luz da divergência técnico-científica acerca de procedimentos neurocirúrgicos. III. Razões de Decidir. 3. Embora o magistrado figure como o destinatário final das provas nos termos do artigo 370 do Código de Processo Civil, incumbe-lhe motivar de forma expressa o indeferimento de diligências aptas, em tese, a influir no deslinde da controvérsia. 4. A Nota Técnica emitida pelo NAT-JUS qualifica-se como ferramenta de assessoramento ao juízo baseada em análise puramente documental, mas não possui a natureza jurídica de perícia judicial, porquanto carece de submissão ao contraditório técnico de quesitação formal, de participação de assistentes das partes e de ambiente dialético para esclarecimentos. 5. Diante do dissenso entre a indicação de tratamento endovascular de derivação de fluxo prescrito pelo médico assistente e a alternativa terapêutica alegadamente menos arriscada indicada pela operadora, a elucidação da controvérsia exige dilação probatória especializada sob as garantias constitucionais do artigo 5º, inciso LV, da Constituição Federal. 6. O encerramento prematuro da fase instrutória, associado à ausência de respostas aos quesitos formulados pela ré, acarreta manifesto prejuízo processual, pois inviabiliza a demonstração das teses defensivas e viola o direito de influir de forma eficaz na convicção do julgador. IV. Dispositivo. 7. Dá-se provimento ao recurso de apelação para acolher a preliminar de cerceamento de defesa e anular a r. sentença, com a determinação de retorno dos autos ao juízo de origem para a regular abertura da instrução probatória e realização de perícia médica."
1089125-79.2025.8.26.0100,20794073,Apelação Cível,Tratamento médico-hospitalar,Regis de Castilho Barbosa Filho,São Paulo,Núcleo 4.0-T. VI (DP1),,,25/07/2026,31/07/2026,3000.0,True,False,533,"DIREITO CIVIL E DO CONSUMIDOR. APELAÇÃO CÍVEL. PLANO DE SAÚDE COLETIVO EMPRESARIAL. RESCISÃO UNILATERAL. EX-EMPREGADO DEMITIDO SEM JUSTA CAUSA. CUSTEIO INTEGRAL PELA ESTIPULANTE. INAPLICABILIDADE DO ARTIGO 30 DA LEI Nº 9.656/1998. TITULAR EM TRATAMENTO MÉDICO CONTÍNUO E DEPENDENTE EM GESTAÇÃO DE ALTO RISCO. APLICAÇÃO DO TEMA REPETITIVO 1.082 DO STJ. OBRIGATORIEDADE DE MANUTENÇÃO DA COBERTURA ASSISTENCIAL ATÉ A ALTA MÉDICA. CONDICIONAMENTO AO PAGAMENTO INTEGRAL DAS MENSALIDADES PELO USUÁRIO. RECUSA ABUSIVA DA OPERADORA EM MOMENTO DE HIPERVULNERABILIDADE. PARTO DE URGÊNCIA REALIZADO NO SISTEMA PÚBLICO COM COMPLICAÇÕES. DANO MORAL CONFIGURADO. QUANTUM INDENIZATÓRIO MANTIDO. RECURSO DESPROVIDO. I. Caso em Exame. Recurso de apelação interposto por operadora de plano de saúde contra sentença que julgou parcialmente procedentes os pedidos iniciais para determinar a reativação e a manutenção do contrato em favor do titular e de sua dependente, enquanto perdurar a necessidade terapêutica, além de condenar a ré ao pagamento de R$ 3.000,00 a título de indenização por danos morais. A apelante suscita preliminar de ilegitimidade passiva e, no mérito, alega a licitude do cancelamento por ausência de contribuição financeira direta do trabalhador na vigência do vínculo empregatício, bem como a inexistência de lesão extrapatrimonial. II. Questão em Discussão. 2. As questões em discussão consistem em verificar: (i) a legitimidade passiva da operadora; (ii) se a ausência de coparticipação ou contribuição do empregado obsta o direito à continuidade do plano de saúde na hipótese de tratamento de doença grave ou gestação de risco; e (iii) se a interrupção da assistência médica nesses cenários enseja reparação por danos morais e se o valor fixado atende aos critérios legais. III. Razões de Decidir. 3. Rejeita-se a preliminar de ilegitimidade passiva, pois, à luz da teoria da asserção, a pertinência subjetiva da operadora decorre da causa de pedir fundada diretamente na abusividade do cancelamento da cobertura e na consequente falha do serviço. 4. Embora o ex-empregado não preencha os requisitos do artigo 30 da Lei nº 9.656/1998 em razão do custeio integral do plano pela ex-empregadora, a resilição unilateral encontra limite na necessidade de salvaguarda da incolumidade física dos beneficiários. 5. O C. Superior Tribunal de Justiça, no julgamento do Tema Repetitivo 1.082, pacificou a orientação de que a operadora, mesmo após o exercício regular do direito à rescisão unilateral de plano coletivo, deve assegurar a continuidade dos cuidados assistenciais prescritos a usuário em pleno tratamento médico garantidor de sua sobrevivência ou de sua incolumidade física, até a efetiva alta, desde que o titular assuma o pagamento integral da contraprestação. 6. A comprovação de que o titular padece de patologias graves na coluna sem previsão de alta e de que a dependente se encontra em gestação de alto risco impõe a aplicação da proteção excepcional e a vedação analógica do artigo 13, parágrafo único, inciso III, da Lei nº 9.656/1998. 7. A supressão abrupta da assistência médica em período de extrema vulnerabilidade, com o consequente direcionamento forçado do parto de urgência com complicações para a rede pública de saúde, extrapola o mero inadimplemento contratual e atinge a dignidade e o bem-estar psíquico dos consumidores. 8. A indenização por danos morais arbitrada em R$ 3.000,00 mostra-se adequada e proporcional face às nuances fáticas. IV. Dispositivo. 9. Nega-se provimento ao recurso de apelação."
1012605-81.2025.8.26.0196,20794071,Apelação Cível,Tratamento Domiciliar (Home Care),Regis de Castilho Barbosa Filho,Franca,Núcleo 4.0-T. VI (DP1),,,25/07/2026,31/07/2026,,False,False,127,"Direito Civil. Apelação. Contrato de Plano de Saúde . Tratamento em home care. Sentença de Procedência. Recurso desprovido. I. Caso em Exame. 1. Recurso de apelação interposto contra sentença que julgou procedentes os pedidos em ação de obrigação de fazer, para condenar o réu ao custeio de tratamento médico domiciliar prescrito à autora. II. Questão em Discussão 2. A questão em discussão consiste em verificar a legalidade da negativa de cobertura do tratamento domiciliar prescrito à autora. III. Razões de Decidir 3. A cláusula contratual que restringe o tratamento domiciliar, quando há expressa prescrição médica, é considerada abusiva. A necessidade do tratamento foi atestada por profissional médico competente, conforme relatório médico amealhado à inicial e laudo pericial elaborado em juízo. IV. Dispositivo. 4. Recurso desprovido. Sentença mantida."
2138574-61.2026.8.26.0000,20794076,Agravo de Instrumento,Tratamento médico-hospitalar,Regis de Castilho Barbosa Filho,Santo André,Núcleo 4.0-T. VI (DP1),,,25/07/2026,31/07/2026,,False,False,175,"DIREITO CIVIL. AGRAVO DE INSTRUMENTO. OBRIGAÇÃO DE FAZER. NEGADO PROVIMENTO. I. Caso em Exame 1. Agravo de instrumento interposto contra decisão que deferiu tutela de urgência para que uma operadora de saúde autorize e custeie integralmente o tratamento quimioterápico pelo protocolo R-CHOP, prescrito em caráter de urgência para beneficiária necessária com Linfoma Difuso de Grandes Células B. II. Questão em Discussão 2. A questão em discussão consiste em determinar se estão presentes os requisitos legais para a concessão da tutela de urgência, a se considerar a urgência do tratamento e a probabilidade do direito, além da adequação do valor da multa diária introduzida. III. Razões de Decidir 3. Relatório médico atesta a gravidade e o potencial de rápida progressão da doença, ressaltando que o atraso no início da terapêutica pode resultar em piora clínica irreversível e redução drástica da sobrevida, configurando iminente risco assistencial. 4. A decisão visa garantir a saúde do beneficiário, sendo o eventual prejuízo material da operadora reversível, ao contrário das possíveis sequelas irreversíveis para a autora. IV. Dispositivo 5. Recurso desprovido."
1002330-08.2025.8.26.0541,20794067,Apelação Cível,Tratamento médico-hospitalar,Regis de Castilho Barbosa Filho,Santa Fé do Sul,Núcleo 4.0-T. VI (DP1),,,25/07/2026,31/07/2026,,False,False,270,"Direito Civil. Apelação. Contrato de Plano de Saúde . Sentença de Parcial Procedência. Nulidade da Sentença. I. Caso em Exame. 1. Os contratos de plano de saúde são negócios jurídicos cujo objeto é a assistência privada à saúde, caracterizados como contratos consumeristas voltados à prestação de serviços de saúde. A controvérsia judicial refere-se à legalidade da negativa de cobertura de tratamento prescrito ao autor, sob fundamento de exclusão contratual expressa, supostamente por se tratar de procedimento não constante no rol da Agência Nacional de Saúde Suplementar (ANS). II. Questão em Discussão. 2. A questão em discussão consiste na legalidade da cláusula que restringe procedimentos ou tratamentos, a considerar a prescrição médica e a não inclusão no rol da Agência Nacional de Saúde Suplementar (ANS). III. Razões de Decidir. 3. As teses firmadas pelo Supremo Tribunal Federal na Ação Direta de Inconstitucionalidade n.º 7.265/DF estabelecem os parâmetros para obrigatoriedade de cobertura de tratamentos médicos eventualmente não contemplados no rol da Agência Nacional de Saúde Suplementar (ANS). 4. À luz do novo paradigma normativo e jurisprudencial firmado pelo Supremo Tribunal Federal na Ação Direta de Inconstitucionalidade n.º 7.265/DF, revela-se de observância inafastável a prévia submissão da controvérsia ao crivo técnico do Núcleo de Apoio Técnico do Poder Judiciário (NAT-JUS), sempre que disponível, a fim de viabilizar a adequada apreciação dos critérios científicos e jurídicos que norteiam a excepcional autorização de cobertura de tratamentos ou procedimentos não contemplados no rol da Agência Nacional de Saúde Suplementar (ANS). IV. Dispositivo. 5. Sentença anulada de ofício. Determinada a remessa dos autos ao primeiro grau para consulta ao Núcleo de Apoio Técnico do Poder Judiciário (NAT-JUS)."
1007213-28.2024.8.26.0704,20792243,Apelação Cível,Tratamento médico-hospitalar,Alcides Leopoldo,São Paulo,4ª Câmara de Direito Privado,4,Direito Privado,31/07/2026,31/07/2026,,True,False,247,"DIREITO CIVIL. APELAÇÃO. PLANO DE SAÚDE . NEGATIVA DE COBERTURA . RECURSO DESPROVIDO.
I. Caso em Exame
A autora migrou para o plano da ré Bradesco Saúde, optando por modalidade com carência de seis meses. Em junho de 2024, necessitou de procedimento de urgência no Hospital Israelita Albert Einstein, que foi negado pela ré sob alegação de doença preexistente. A autora busca declaração de inexistência de débito, repetição do indébito e indenização por danos morais e materiais.
II. Questão em Discussão
2. A questão em discussão consiste em (i) a validade da negativa de cobertura pela ré com base em doença preexistente e Cobertura Parcial Temporária, e (ii) a existência de danos morais pela negativa de cobertura .
III. Razões de Decidir
3. O STJ entende que o Código de Defesa do Consumidor se aplica aos contratos de plano de saúde , e que a urgência ou emergência afasta a aplicação do prazo de cobertura parcial temporária.
4. A negativa de cobertura foi considerada injusta, pois não houve prova de má-fé da autora, e o tratamento era emergencial, conforme laudo médico.
IV. Dispositivo e Tese
5. Recurso desprovido. Tese de julgamento: 1. A urgência afasta a aplicação de cobertura parcial temporária. 2. A negativa injusta de cobertura gera dano moral.
Legislação Citada: Lei 9.656/98, art. 35-C, I. Jurisprudência Citada: STJ, AgInt no REsp 1.870.652/PR, Rel. Min. João Otávio de Noronha, Quarta Turma, j. 20/5/2024. STJ, AgRg no AREsp 570.044/PE, Rel. Min. Moura Ribeiro, Terceira Turma, j. 02/10/2014."
1003773-26.2023.8.26.0650,20793719,Apelação Cível,Tratamento médico-hospitalar,José Joaquim dos Santos,Valinhos,2ª Câmara de Direito Privado,2,Direito Privado,31/07/2026,31/07/2026,4000.0,True,False,233,"DIREITO CIVIL. APELAÇÃO CÍVEL. PLANO DE SAÚDE . PARCIAL PROVIMENTO.
I. Caso em Exame. Apelação interposta contra sentença que condenou a ré a autorizar e custear tratamento de hemodiálise em clínica descredenciada, além de indenização por danos morais. A autora, portadora de doença renal crônica, necessita de tratamento contínuo e alega que a ré não ofereceu alternativa equivalente na rede credenciada.
II. Questão em Discussão. A questão em discussão consiste em (i) verificar se a substituição de prestador de serviço pela ré foi realizada de forma adequada e (ii) se há fundamento para a condenação por danos morais.
III. Razões de Decidir. A substituição de prestador de serviço é permitida desde que por outro equivalente e com comunicação prévia de 30 dias, conforme art. 17 da Lei nº 9.656/98. A ré não comprovou a existência de outro prestador equivalente na rede credenciada. A conduta da ré, ao descredenciar a clínica sem alternativa equivalente, obrigando a autora a buscar o Judiciário, configura dano moral, mas o valor da indenização foi reduzido para R$ 4.000,00, observando-se os princípios da razoabilidade e proporcionalidade.
IV. Dispositivo e Tese. Recurso parcialmente provido para reduzir a indenização por danos morais para R$ 4.000,00, mantendo-se os demais termos da sentença.
Tese de julgamento: 1. A substituição de prestador de serviço deve ser por equivalente e com comunicação prévia. 2. A conduta abusiva da ré justifica a indenização por danos morais."
1002612-03.2022.8.26.0363,20792223,Apelação Cível,Tratamento médico-hospitalar,José Joaquim dos Santos,Mogi-Mirim,2ª Câmara de Direito Privado,2,Direito Privado,31/07/2026,31/07/2026,5000.0,True,False,258,"APELAÇÃO CIVEL. PLANO DE SAÚDE . Ação de obrigação de fazer c.c. pedido de indenização por danos morais. Reapreciação determinada pela Presidência do Tribunal, nos termos do artigo 1.030, inciso II, do Código de Processo Civil - TEMA 1365 do C.STJ.

R. Sentença que julgou procedente o pleito autoral, condenando a ré a arcar com indenização por danos morais. 

I. Caso em Exame. Ação de obrigação de fazer em que o autor, portador de hérnia discal lombar crônica, busca a condenação da ré para autorizar procedimento de endoscopia de coluna, negado pela operadora de saúde, e indenização por danos morais. A sentença de primeira instância julgou procedente o pedido, condenando a ré ao pagamento de R$ 5.000,00 por danos morais.
II. Questão em Discussão. A questão em discussão consiste em (i) verificar a legalidade da negativa de cobertura do procedimento médico indicado e (ii) a existência de dano moral indenizável decorrente dessa negativa.

III. Razões de Decidir. A negativa de cobertura não se justifica, pois o procedimento está previsto no rol da ANS desde 2021 e foi prescrito por médico especialista como o mais adequado ao caso. A recusa da operadora causou sofrimento físico e emocional ao autor, configurando dano moral, conforme entendimento do STJ no Tema 1365.

IV. Dispositivo e Tese. Manutenção do improvimento do recurso da ré.

Tese de julgamento: 1. A negativa de cobertura de procedimento médico prescrito, quando injustificada, pode ensejar indenização por danos morais. 2. A demonstração de sofrimento físico e emocional decorrente da negativa é essencial para a configuração do dano moral."
2041730-49.2026.8.26.0000,20793073,Agravo de Instrumento,Planos de saúde,Marcia Tessitore,Marília,Núcleo 4.0-T. II (DP1),,,31/07/2026,31/07/2026,,False,False,292,"DIREITO DA SAÚDE. AGRAVO DE INSTRUMENTO. PLANO DE SAÚDE . OBRIGAÇÃO DE FAZER. TUTELA DE URGÊNCIA. DIABETES MELLITUS TIPO 1. SISTEMA DE INFUSÃO CONTÍNUA DE INSULINA (SICI). Cuida-se na origem de agravo de instrumento interposto por operadora de plano de saúde em face de decisão interlocutória que deferiu a tutela provisória de urgência, determinando o fornecimento integral de bomba de infusão de insulina e respectivos insumos mensais e anuais sob pena de multa diária. A descompensação glicêmica severa com episódios de instabilidade clínica e refratariedade ao tratamento convencional por múltiplas injeções diárias confere lastro à probabilidade do direito e ao perigo de dano à integridade física, amparados em laudo de médico assistente especialista, preenchendo os requisitos exigidos pelo artigo 300 do Código de Processo Civil. Conforme tese impositiva fixada pelo Superior Tribunal de Justiça no julgamento do Tema Repetitivo 1316, o sistema de infusão contínua de insulina não se subsume às exclusões legais ou contratuais de atendimento domiciliar ou de próteses não cirúrgicas previstas no artigo 10, incisos VI e VII, da Lei nº 9.656/1998, revelando-se manifestamente abusiva a negativa de cobertura . O controle de constitucionalidade promovido pelo Supremo Tribunal Federal na Ação Direta de Inconstitucionalidade nº 7265 chancela a obrigatoriedade de extensão assistencial fora do rol da Agência Nacional de Saúde Suplementar quando preenchidos os parâmetros de prescrição qualificada, registro ativo na ANVISA e eficácia baseada em evidências científicas atualizadas. A aferição do perigo de dano na esfera protetiva do direito à saúde pauta-se no conjunto da condição clínica e nas repercussões negativas decorrentes do tempo de espera, nos moldes do Enunciado nº 92 do Fórum Nacional do Judiciário para a Saúde, justificando o afastamento dos pareceres gerais abstratos do NAT-JUS e a higidez das astreintes arbitradas. DISPOSITIVO: RECURSO DESPROVIDO."
2282172-10.2025.8.26.0000,20793025,Agravo de Instrumento,Tratamento médico-hospitalar,Marcia Tessitore,São José do Rio Preto,Núcleo 4.0-T. II (DP1),,,31/07/2026,31/07/2026,,False,False,126,"DIREITO CIVIL. AGRAVO DE INSTRUMENTO. OBRIGAÇÃO DE FAZER. NEGATIVA DE COBERTURA DE TRATAMENTO MÉDICO. Agravo de instrumento interposto por Unimed São José do Rio Preto Cooperativa contra decisão que deferiu tutela de urgência em ação de obrigação de fazer, obrigando a operadora a fornecer tratamento pelo método TheraSuit para J. C. G., menor impúbere, representado por sua genitora, conforme prescrição médica. O rol da ANS é referência mínima e não exaustiva; o médico assistente tem a prerrogativa de indicar o tratamento adequado, e a cobertura deve ser garantida se a doença estiver coberta contratualmente. A tutela de urgência é justificada pela probabilidade do direito e o periculum in mora, considerando a necessidade de tratamento imediato para o menor com transtorno do espectro autista. DISPOSITIVO: RECURSO DESPROVIDO."
1003239-73.2020.8.26.0590,20793340,Apelação Cível,Tratamento médico-hospitalar,Ronnie Herbert Barros Soares,São Vicente,8ª Câmara de Direito Privado,8,Direito Privado,31/07/2026,31/07/2026,,True,False,132,"APELAÇÃO – JUÍZO DE RETRATAÇÃO ART. 1.030, II, DO CPC – TESE REPETITIVA SUPERVENIENTE – TEMA 1365 DO STJ (RESP 2165670/SP E 2197574/SP), COM ACÓRDÃO PUBLICADO EM 20.03.2026, FIRMANDO ENTENDIMENTO DE QUE, A SIMPLES RECUSA INDEVIDA DE COBERTURA MÉDICO-ASSISTENCIAL POR OPERADORA DE PLANO DE SAÚDE NÃO GERA, POR SI SÓ, DANO MORAL PRESUMIDO (IN RE IPSA), SENDO IMPRESCINDÍVEL A PRESENÇA DE OUTROS ELEMENTOS QUE PERMITAM CONSTATAR A ALTERAÇÃO ANÍMICA DA VÍTIMA EM GRAU SUFICIENTE PARA ULTRAPASSAR O MERO ABORRECIMENTO OU DISSABOR – CIRCUNSTÂNCIAS FÁTICAS QUE DEMONSTRARAM QUE A SITUAÇÃO VIVENCIADA PELO BENEFICIÁRIO ULTRAPASSOU O ÂMBITO DO MERO ABORRECIMENTO OU DISSABOR CONTRATUAL – QUADRO FÁTICO QUE REVELA ANGÚSTIA E SOFRIMENTO CONCRETOS QUE CONFIGURAM DANO MORAL INDENIZÁVEL – ACÓRDÃO MANTIDO – AUTOS REMETIDOS À PRESIDÊNCIA PARA PROSSEGUIMENTO DO JUÍZO DE ADMISSIBILIDADE DO RECURSO ESPECIAL."
1014135-30.2024.8.26.0011,20791779,Apelação Cível,Tratamento Domiciliar (Home Care),Cesar Mecchi Morales,São Paulo,6ª Câmara de Direito Privado,6,Direito Privado,31/07/2026,31/07/2026,,False,False,154,"APELAÇÃO CÍVEL. Plano de saúde . Ação de obrigação de fazer. Pretensão de custeio de tratamento domiciliar em regime de ""home care"" integral. Sentença de improcedência. Inconformismo do autor. Relação de consumo. Aplicação do Código de Defesa do Consumidor. Abusividade da exclusão genérica de assistência domiciliar. Cobertura que, contudo, deve observar a efetiva necessidade técnica demonstrada no caso concreto. Laudo pericial que afastou a necessidade de internação domiciliar integral e enfermagem 24 horas, mas reconheceu a necessidade de assistência domiciliar multiprofissional periódica. Cabimento do custeio de visita médica periódica, supervisão de enfermagem, fisioterapia, acompanhamento fonoaudiológico e nutricional, nos limites da prova técnica. Exclusão de cobertura de cuidador, enfermagem contínua, materiais, insumos, equipamentos de uso cotidiano e medicamentos de uso domiciliar ordinário. Utilização prioritária da rede credenciada. Reembolso integral apenas na hipótese de impossibilidade de prestação adequada do serviço pela operadora. Livre escolha sujeita aos limites contratuais de reembolso. Redistribuição da sucumbência. RECURSO PARCIALMENTE PROVIDO."
1004179-41.2024.8.26.0576,20792978,Apelação Cível,Serviços Hospitalares,Maria do Carmo Honorio,São José do Rio Preto,28ª Câmara de Direito Privado,28,Direito Privado,31/07/2026,31/07/2026,,False,False,75,"APELAÇÃO CÍVEL. AÇÃO DE COBRANÇA. DESPESAS HOSPITALARES. NEGATIVA DE COBERTURA FUNDADA EM CARÊNCIA CONTRATUAL. PRETENSÃO DE RESSARCIMENTO DIRIGIDA À OPERADORA DE PLANO DE SAÚDE . CONTROVÉRSIA CENTRADA NA OBRIGATORIEDADE DE COBERTURA DO TRATAMENTO E NÃO EM RELAÇÃO DE PRESTAÇÃO DE SERVIÇOS ENTRE HOSPITAL E OPERADORA. MATÉRIA AFETA A CONTRATO DE PLANO DE SAÚDE . COMPETÊNCIA DA PRIMEIRA SUBSEÇÃO DE DIREITO PRIVADO. ART. 5º, INCISO I.23, DA RESOLUÇÃO Nº 623/2013. PRECEDENTE. RECURSO NÃO CONHECIDO. REDISTRIBUIÇÃO DETERMINADA."
1031999-71.2025.8.26.0100,20791369,Apelação Cível,Tratamento médico-hospitalar,Inah de Lemos e Silva Machado,São Paulo,Núcleo 4.0-T. V (DP1),,,31/07/2026,31/07/2026,,False,False,332,"APELAÇÃO CÍVEL. PLANO DE SAÚDE . OBRIGAÇÃO DE FAZER. MENOR DIAGNOSTICADA COM TRANSTORNO DO ESPECTRO AUTISTA. TRATAMENTO MULTIDISCIPLINAR. MÉTODO ABA.
Ação ajuizada por beneficiária menor, representada pela genitora, visando ao custeio integral de tratamento multiprofissional contínuo (psicologia com método ABA, fonoaudiologia e terapia ocupacional), sem limite de sessões, em clínica credenciada próxima à residência ou, na falta desta, em clínica não credenciada eleita, mediante reembolso integral. 
Sentença de improcedência. Apelo da autora.
Preliminar de não conhecimento. Dialeticidade. Afastada. Razões recursais que impugnam especificamente os fundamentos da sentença. Apelo conhecido.
Nulidade da sentença. Fundamentação apoiada em elementos alheios a este processo. Referências à indicação de ""6 (seis) clínicas"", ao ""Centro C.O.R.A."" e à criança ""LAVINIA"", bem como a suposta confissão da autora, que não constam destes autos. Petição inicial e réplica que afirmam o oposto. Vício de fundamentação. Causa madura. Julgamento na forma do art. 1.013, § 3º, do Código de Processo Civil.
Cobertura. Diagnóstico de TEA incontroverso. Prescrição médica de tratamento multidisciplinar pelo método ABA. Marco normativo (Lei nº 9.656/98; Lei nº 12.764/2012; Lei nº 13.146/2015; RN ANS nº 469/2021 e nº 539/2022; Lei nº 14.454/2022 e ADI nº 7.265/DF) e tese vinculante do Tema 1.295/STJ. Abusiva a limitação do número de sessões. Método e intensidade definidos pelo médico assistente.
Rede credenciada. Ônus da operadora de comprovar prestador apto, com profissionais habilitados, agenda e estrutura compatíveis (art. 6º, VIII, do CDC; distribuição dinâmica). Documentos de fls. 280/288 que se resumem a atos societários e endereços de filiais, sem demonstração de corpo técnico especializado no método indicado. Alegação genérica insuficiente. Negativa material caracterizada. Custeio prioritário na rede credenciada apta e, não comprovada ou indisponibilizada, custeio integral fora da rede, com reembolso. Inexistência de imposição de prestador específico eleito pela parte ou de critério rígido de distância. Carga horária. Sujeição a laudo individualizado e atualizado e a reavaliações periódicas (Enunciado nº 105 do CNJ).
Litigância predatória. Alegação não amparada por indícios suficientes nos autos. Afastada.
Apelo parcialmente provido.
RECURSO DA AUTORA PROVIDO EM PARTE."
1016981-13.2023.8.26.0348,20791330,Apelação Cível,Tratamento Domiciliar (Home Care),Inah de Lemos e Silva Machado,Mauá,Núcleo 4.0-T. V (DP1),,,31/07/2026,31/07/2026,,False,True,140,"APELAÇÃO CÍVEL. PLANO DE SAÚDE . ""HOME CARE"". INDEVIDA NEGATIVA DE COBERTURA . 
Ação de obrigação de fazer. Sentença de procedência. Insurgência da ré. 
Autora diagnosticada com doença neurodegenerativa (Alzheimer). Ré alegou desnecessidade do ""home care"", autora poderia ser assistida por cuidador. Prova pericial concluiu pela necessidade da enfermagem 24h e assistência multiprofissional. Divergência sobre a qualificação da assistência necessária amparada em parecer de assistente técnico, com critérios insuficientes a afastar a conclusão pericial. Tratamento domiciliar que, quando indicado por prescrição médica, configura extensão da internação hospitalar, impondo à operadora o custeio dos serviços, equipamentos e insumos de natureza hospitalar indispensáveis à efetiva assistência médica. Aplicação da súmula 90, desta Corte.
Apelo desacolhido, sentença mantida pelos próprios fundamentos, nos termos do artigo 252, do Regimento Interno do Tribunal de Justiça de São Paulo. Sucumbência majorada.
RECURSO DA RÉ NÃO PROVIDO."
1048045-41.2025.8.26.0002,20789548,Apelação Cível,Tratamento Domiciliar (Home Care),Mariella Ferraz de Arruda Pollice Nogueira,São Paulo,2ª Câmara de Direito Privado,2,Direito Privado,31/07/2026,31/07/2026,,False,False,462,"DIREITO DO CONSUMIDOR E DIREITO À SAÚDE. APELAÇÃO CÍVEL. PLANO DE SAÚDE . HOME CARE. DOENÇA PULMONAR OBSTRUTIVA CRÔNICA GRAVE (DPOC). FORNECIMENTO DE BIPAP. FISIOTERAPIA PULMONAR DOMICILIAR. NEGATIVA DE COBERTURA FUNDAMENTADA EM CLÁUSULA CONTRATUAL E ROL DA ANS. ABUSIVIDADE. MANUTENÇÃO DA SENTENÇA. RECURSO DESPROVIDO. 
I.CASO EM EXAME 
Apelação cível interposta por operadora de plano de saúde contra sentença que julgou procedente ação de obrigação de fazer para determinar o custeio integral de tratamento domiciliar em regime de home care, incluindo fisioterapia pulmonar e fornecimento de equipamento BIPAP e demais insumos necessários, conforme prescrição médica. A operadora sustenta ausência de previsão contratual, exclusão pelo rol da ANS e inexistência de necessidade de internação domiciliar. 
II. QUESTÃO EM DISCUSSÃO 
Há 3 questões em discussão: (i) definir se a operadora de plano de saúde pode recusar o custeio de tratamento domiciliar expressamente prescrito pelo médico assistente sob o fundamento de ausência de previsão contratual ou no rol da ANS; (ii) estabelecer se o home care constitui desdobramento da cobertura hospitalar contratada quando indicado como substitutivo da internação hospitalar; e (iii) determinar se o dever de cobertura abrange os equipamentos e insumos indispensáveis à execução do tratamento domiciliar prescrito. 
III. RAZÕES DE DECIDIR
O contrato de plano de saúde configura relação de consumo e suas cláusulas devem ser interpretadas da forma mais favorável ao consumidor, incidindo o Código de Defesa do Consumidor e o art. 47 da Lei nº 8.078/1990. 
A internação domiciliar, quando indicada pelo médico assistente como substitutiva da internação hospitalar, constitui desdobramento natural da cobertura hospitalar contratualmente prevista e não pode ser limitada pela operadora. A expressa indicação médica torna abusiva a cláusula contratual que exclui a cobertura de serviços de home care, nos termos da Súmula 90 do TJSP. 
A negativa baseada exclusivamente na ausência de previsão no rol da ANS não prevalece quando o tratamento é indispensável à preservação da saúde e da vida do beneficiário e possui indicação médica específica. A jurisprudência do STJ e do TJSP reconhece a abusividade da recusa de cobertura de home care, fisioterapia respiratória, oxigenoterapia e equipamentos essenciais quando expressamente prescritos para pacientes com DPOC grave. 
IV. DISPOSITIVO E TESE
Recurso desprovido. 
Tese de julgamento: A internação domiciliar indicada pelo médico assistente como substitutiva da internação hospitalar integra a cobertura contratualmente assegurada pelo plano de saúde . A exclusão contratual de home care revela-se abusiva quando há expressa indicação médica para sua realização. A ausência de previsão específica no rol da ANS não afasta o dever de cobertura de tratamento indispensável à preservação da saúde e da vida do beneficiário. A cobertura do home care abrange os equipamentos e insumos necessários à execução do tratamento prescrito. A operadora de plano de saúde não pode substituir o médico assistente 
na definição da terapêutica adequada ao paciente."
1056434-04.2024.8.26.0114,20790040,Apelação Cível,Tratamento médico-hospitalar,Mariella Ferraz de Arruda Pollice Nogueira,Campinas,2ª Câmara de Direito Privado,2,Direito Privado,31/07/2026,31/07/2026,5000.0,True,True,313,"DIREITO CIVIL. APELAÇÃO. PLANO DE SAÚDE . DANO MORAL POR NEGATIVA DE COBERTURA EM ATENDIMENTO DE URGÊNCIA, COM INVOCAÇÃO DE PRAZO DE CARÊNCIA. PRETENSÃO DE MAJORAÇÃO DA INDENIZAÇÃO. RECURSO DESPROVIDO.

I. Caso em Exame
Apelação interposta contra sentença que julgou parcialmente procedente ação de obrigação de fazer cumulada com indenização por danos morais, condenando a operadora de plano de saúde a autorizar internação hospitalar e procedimento médico, além do pagamento de indenização por danos morais no valor de R$ 5.000,00. A parte autora busca a majoração da verba indenizatória.

II. Questão em Discussão
Há duas questões em discussão: (i) verificar a possibilidade de acolhimento da regularização processual após o falecimento da autora e legitimidade ativa dos sucessores para a ação indenizatória; e (ii) definir se a indenização por danos morais comporta majoração.

III. Razões de Decidir
1. A manifestação apresentada pela parte ativa, acompanhada de documentos relativos aos sucessores e ao arrolamento dos bens deixados pela autora, permite acolher a regularização processual, em observância aos princípios da primazia do julgamento de mérito, da instrumentalidade das formas e da economia processual.
2. Indenização que se consolida como patrimônio do ""de cujus"", sendo transmissível aos sucessores, legitimados a buscar a majoração da indenização. 
3. A devolução recursal limita-se ao valor da indenização por danos morais. A quantia de R$ 5.000,00 fixada na origem não se mostra manifestamente irrisória, consideradas as circunstâncias do caso concreto, o cumprimento da tutela de urgência pela requerida, em consonância com os princípios da razoabilidade e proporcionalidade e julgados análogos desta E. Corte Paulista.

IV. Dispositivo e Tese
Recurso desprovido.
Tese de julgamento:1. A regularização processual posterior pode ser acolhida quando os documentos apresentados permitem a identificação dos sucessores e não há prejuízo processual concreto.2. A majoração da indenização por danos morais somente se justifica quando o valor arbitrado se mostrar manifestamente irrisório ou incompatível com as circunstâncias do caso concreto."
1017044-93.2023.8.26.0071,20790105,Apelação Cível,Planos de saúde,James Siano,Bauru,5ª Câmara de Direito Privado,5,Direito Privado,31/07/2026,31/07/2026,,True,False,214,"DIREITO CIVIL. APELAÇÃO. OBRIGAÇÃO DE FAZER CUMULADA COM INDENIZAÇÃO POR DANOS MORAIS. PARCIAL PROVIMENTO.
I. Caso em Exame
Apelação interposta contra sentença que julgou parcialmente procedente ação de obrigação de fazer cumulada com indenização por danos morais, para confirmar tutela de urgência e condenar a ré ao fornecimento e custeio de tratamento multidisciplinar pelo método ABA.
II. Questão em Discussão
A questão em discussão consiste em determinar: (i) validade do contrato entabulado entre as partes; (ii) obrigação de fornecer profissionais para todas as abordagens; (iii) limitação da obrigação ao fornecimento de profissionais de psicologia, fisioterapia, terapia ocupacional e fonoaudiologia pelos métodos convencionais; (iv) taxatividade do rol da ANS; (v) comprovação da efetividade do método ABA; (vi) cobertura contratual irrestrita; (vii) urgência do tratamento pleiteado.
III. Razões de Decidir
O tratamento do Transtorno do Espectro do Autista é abarcado pelo contrato, sendo aplicável o Código de Defesa do Consumidor, conforme Súmula nº 608 do STJ.
A negativa de custeio do tratamento é descabida, pois a Resolução Normativa da ANS nº 539/2022 garante a utilização de métodos indicados pelo médico assistente. A negativa de cobertura é abusiva nos termos do art. 51, IV, do CDC.
A recusa indevida de cobertura médico-assistencial não gera dano moral presumido, sendo necessários outros elementos para tal constatação.
Recurso parcialmente provido."
1005747-50.2024.8.26.0008,20788742,Apelação Cível,Serviços Hospitalares,Mário Roberto Negreiros Velloso,São Paulo,28ª Câmara de Direito Privado,28,Direito Privado,31/07/2026,31/07/2026,,False,False,158,"APELAÇÃO. AÇÃO DE COBRANÇA. PRESTAÇÃO DE SERVIÇOS HOSPITALARES. Sentença que julgou improcedente o pedido em relação ao corréu paciente, procedente a denunciação da lide para condenar a operadora de plano de saúde ao pagamento das despesas hospitalares, e improcedente a reconvenção. Recurso da litisdenunciada. Preliminar de não conhecimento por ofensa ao princípio da dialeticidade recursal afastada. Alegação de ilegitimidade passiva e de ausência de cobertura contratual. Não acolhimento. Elementos dos autos que evidenciam que a internação ocorreu em contexto de urgência/emergência, com quadro clínico grave e encaminhamento à UTI, circunstância igualmente reconhecida na origem. Beneficiário vinculado ao plano de saúde da apelante, sendo incabível afastar sua legitimidade para responder pela lide secundária. Ausência de prova válida de assunção, pelo paciente, de obrigação particular, diante da inexistência de anuência inequívoca à internação particular. Negativa de cobertura reputada abusiva, por se tratar de atendimento de urgência/emergência. Responsabilidade da operadora pelo pagamento das despesas médico-hospitalares corretamente reconhecida. Sentença mantida. Recurso desprovido."
1002775-25.2022.8.26.0543,20788621,Apelação Cível,Serviços Hospitalares,Mário Roberto Negreiros Velloso,Santa Isabel,28ª Câmara de Direito Privado,28,Direito Privado,31/07/2026,31/07/2026,,False,False,165,"APELAÇÃO. AÇÃO DE COBRANÇA. PRESTAÇÃO DE SERVIÇOS MÉDICO HOSPITALARES. Denunciação da lide à operadora de plano de saúde . Sentença de procedência na lide principal e na secundária. Recursos da ré e da seguradora. Internação de urgência por quadro de angina instável, com realização de angioplastia e implante de stents. Termo de responsabilidade firmado no momento da admissão hospitalar. Inexistência de estado de perigo apto a invalidar a assunção da obrigação perante o nosocômio. Serviço efetivamente prestado e valores comprovados por documentação hospitalar idônea. Pretensão da ré de afastar sua responsabilidade e transferir integralmente o ônus à operadora. Impossibilidade. Negativa de cobertura pela seguradora fundada em carência contratual. Hipótese de emergência médica. Incidência do art. 35-C, I, da Lei 9.656/98. Abusividade da recusa de cobertura em atendimento emergencial. Responsabilidade da litisdenunciada pelo ressarcimento integral dos valores despendidos. Manutenção da condenação da ré ao pagamento da dívida hospitalar e da condenação da seguradora ao ressarcimento da denunciante. Recurso da ré parcialmente provido. Recurso da seguradora desprovido."
1000228-69.2025.8.26.0296,20789083,Apelação Cível,Tratamento médico-hospitalar,Clara Maria Araújo Xavier,Cotia,8ª Câmara de Direito Privado,8,Direito Privado,31/07/2026,31/07/2026,10000.0,True,False,334,"DIREITO CIVIL. APELAÇÃO. PLANO DE SAÚDE . ESCLEROSE MÚLTIPLA. MEDICAMENTO. COBERTURA. I. CASO EM EXAME. 1. Recurso interposto pela autora contra sentença que julgou improcedente a ação de obrigação de fazer cumulada com indenização por danos morais, por meio da qual busca compelir a operadora a fornecer o medicamento Mavenclad, conforme prescrição médica.
II. QUESTÃO EM DISCUSSÃO. 2. Discute-se a abusividade da negativa de cobertura de medicamento prescrito para tratamento de esclerose múltipla, bem como a configuração de danos morais decorrentes da recusa.
III. RAZÕES DE DECIDIR. 3. Reconhece-se a relação de consumo, com incidência do Código de Defesa do Consumidor e da Lei nº 9.656/98, devendo a interpretação contratual favorecer o beneficiário. 4. Restou incontroverso o diagnóstico da autora e a prescrição médica do fármaco, sendo irrelevante a exclusão baseada em diretrizes da ANS quando a doença é coberta contratualmente. 5. Compete ao médico assistente a indicação do tratamento, sendo indevida a ingerência da operadora. 6. A Lei nº 14.454/2022 autoriza a cobertura de tratamentos fora do rol da ANS mediante comprovação de eficácia científica ou recomendação por órgãos técnicos, circunstâncias verificadas no caso, diante de parecer favorável do NAT-JUS e da CONITEC. 7. A jurisprudência do STJ admite a cobertura de medicamento de uso domiciliar quando demonstrada sua imprescindibilidade. 8. A negativa de cobertura , em contexto de doença grave e progressiva, extrapola o mero aborrecimento, ensejando dano moral, fixado com moderação e proporcionalidade.
IV. DISPOSITIVO E TESE. 9. Recurso provido para julgar procedente a demanda, determinando o fornecimento do medicamento e condenando a ré ao pagamento de indenização por danos morais no valor de R$ 10.000,00, com inversão da sucumbência.
Tese de julgamento: 1. É abusiva a negativa de cobertura de medicamento prescrito por médico assistente para tratamento de doença coberta pelo plano, ainda que não previsto no rol da ANS, quando demonstrada sua eficácia e imprescindibilidade nos termos da Lei nº 14.454/2022. 2. A recusa indevida de tratamento essencial em contexto de doença grave configura dano moral indenizável.
RECURSO PROVIDO."
1012270-86.2025.8.26.0576,20788992,Apelação Cível,Consórcio,Marco Pelegrini,São José do Rio Preto,12ª Câmara de Direito Privado,12,Direito Privado,31/07/2026,31/07/2026,,False,True,392,"APELAÇÃO CÍVEL – Ação de cobrança – Seguro de vida prestamista vinculado a contrato de consórcio – Sinistro decorrente do óbito de sócia majoritária da empresa autora – Sentença de procedência que declarou a nulidade da cláusula de limitação etária, condenou a ré ao pagamento da indenização securitária correspondente ao saldo devedor na data do óbito e à restituição das parcelas adimplidas após o falecimento.
Insurgência da parte requerida – Arguição preliminar de cerceamento de defesa em razão do julgamento antecipado da lide – No mérito, alega a nulidade da contratação por vício de consentimento na assinatura eletrônica realizada por terceiro e defende a validade da cláusula de exclusão por limite de idade com amparo no Tema Repetitivo nº 1.112 do STJ – Pleiteia subsidiariamente a reforma dos consectários legais para a aplicação exclusiva da Taxa SELIC.
RAZÕES DE DECIDIR – Preliminar de cerceamento de defesa rejeitada – Desnecessidade de expedição de ofício para vinda de prontuário médico diante da irrelevância do histórico de saúde da segurada para o deslinde do feito – Higidez do julgamento antecipado consoante o art. 355, inciso I, do CPC – Validade e eficácia do pacto securitário celebrado mediante assinatura eletrônica simples – Ônus da prova da falsidade ou da irregularidade documental que incumbe à parte que a arguir por força do art. 429, inciso I, do CPC – Alegações genéricas da seguradora desprovidas de suporte probatório concreto – Legitimidade do auxílio familiar em contratações eletrônicas envolvendo pessoa idosa – Inoponibilidade da restrição etária diante do comportamento contraditório da seguradora – Violação aos princípios da boa-fé objetiva, do venire contra factum proprium e da função social do contrato – Seguradora que recebeu os prêmios mensais regularmente por aproximadamente um ano tendo plena ciência de que a contratante contava com 80 anos de idade – Aplicação dos institutos da suppressio e da surrectio – Perda da faculdade de invocar a cláusula de barreira etária pela inércia e aquisição do direito à cobertura securitária pela consolidação da legítima expectativa de proteção do consumidor – Inaplicabilidade do Tema Repetitivo nº 1.112 do STJ ao caso concreto – Consectários legais mantidos com a devida adequação aos parâmetros da Lei nº 14.905/2024 nos arts. 389 e 406 do CC – Honorários advocatícios sucumbenciais majorados para 12% sobre o valor atualizado da condenação (art. 85, § 11, do CPC).
Sentença mantida.
RECURSO DESPROVIDO."
1014558-87.2019.8.26.0100,20789240,Embargos de Declaração Cível,Tratamento médico-hospitalar,Alexandre Lazzarini,São Paulo,9ª Câmara de Direito Privado,9,Direito Privado,31/07/2026,31/07/2026,,False,False,116,"EMBARGOS DE DECLARAÇÃO. ACÓRDÃO. AUSÊNCIA DE OMISSÃO, OBSCURIDADE, CONTRADIÇÃO OU ERRO MATERIAL. EMBARGOS REJEITADOS. 
I. Caso em Exame: Embargos de declaração opostos contra acórdão que negou provimento ao recurso da embargada.
II. Questão em Discussão: A questão em discussão consiste em verificar se há omissão, contradição, obscuridade ou erro material no acórdão.
III. Razões de Decidir: 1. Embargos de declaração são cabíveis apenas para sanar omissões, contradições, obscuridades ou corrigir erro material, conforme artigo 1.022 do NCPC. 2. As questões levantadas pelo embargante já foram analisadas no acórdão, não havendo omissão, contradição ou obscuridade. 3. Ausência de obrigatoriedade de menção de todos os argumentos e dispositivos legais levantados pelo recorrente. 
IV. Dispositivo: Embargos de declaração rejeitados."
1000097-50.2025.8.26.0537,20788615,Apelação Cível,Tratamento médico-hospitalar,Antonio Carlos Santoro Filho,São Bernardo do Campo,1ª Câmara de Direito Privado,1,Direito Privado,31/07/2026,31/07/2026,4000.0,False,False,395,"DIREITO CIVIL. APELAÇÃO. PLANO DE SAÚDE . TRATAMENTO PSIQUIÁTTRICO E DEPENDÊNCIA QUÍMICA. INTERNAÇÃO FORA DA REDE CREDENCIADA. RECURSO PARCIALMENTE PROVIDO.
I. Caso em Exame
1. Ação cominatória cumulada com indenizatória em que a autora, beneficiária de plano de saúde , foi internada em clínica particular devido a transtornos mentais e comportamentais. A sentença condenou a ré a custear integralmente os primeiros 30 dias de internação e a pagar indenização por danos morais de R$ 4.000,00.
II. Questão em Discussão
2. A questão em discussão consiste em determinar se a ré deve custear integralmente as despesas de internação da autora em clínica particular, considerando a urgência do tratamento e a ausência de indicação de clínica credenciada, além de indenizar a autora em danos morais.
III. Razões de Decidir
3. A autora foi internada em caráter de urgência/emergência em clínica particular, sem oportuna resposta da ré sobre indicação de clínica credenciada, tampouco disponibilização de rede referência e o necessário para eventual transferência, justificando o atendimento fora da rede.
4. A cláusula de coparticipação após o 30º dia de internação, porém, é válida, conforme estipulação contratual e Tema 1032 do STJ. 
5. Os danos morais restaram caracterizados, não se revelando excessiva a indenização fixada em R$4.000,00 (quatro mil reais).
IV. Dispositivo e Tese
6. Recurso parcialmente provido para observar a coparticipação a partir do 31º dia de internação, conforme contrato.
Tese de julgamento: 1. A operadora de plano de saúde deve custear integralmente os primeiros 30 dias de internação em clínica não credenciada, em caso de urgência e ausência de resposta para indicação de clínica credenciada. 2. A partir do 31º dia, o reembolso será feito no regime de coparticipação à razão máxima de 50%, conforme contrato.
Legislação Citada:
Código Civil, art. 406; Código de Processo Civil, arts. 355, I, e 370; Lei nº 9.656/98, art. 12, VI, e art. 35-C.
Jurisprudência Citada:
STJ, AgInt no REsp 1.432.643/SP, Rel. Min. Marco Aurélio Bellizze, DJe 29.11.2016;
TJSP, Apelação Cível 1000007-96.2025.8.26.0616, Rel. Alberto Gosson, j. 02.05.2026;
TJSP, Apelação Cível 1001280-81.2023.8.26.0228, Rel. Claudio Godoy, j. 23.04.2026;
TJSP, Apelação Cível 1139896-32.2023.8.26.0100, Rel. Alberto Gosson, j. 24.02.2026;
TJSP, Agravo de Instrumento 2045278-87.2023.8.26.0000, Rel. Claudio Godoy, j. 28.04.2023;
TJSP, Apelação Cível 1000355-03.2022.8.26.0299, Rel. Claudio Godoy, j. 25.09.2025;
TJSP, Apelação Cível 1003233-31.2023.8.26.0309, Rel. Alberto Gosson, j. 09.12.2024;
TJSP, Apelação Cível 1003857-13.2023.8.26.0590, Rel. Rui Cascaldi, j. 08.04.2024;
TJSP, Apelação Cível 1037079-84.2023.8.26.0100, Rel. Claudio Godoy, j. 13.06.2024."
1000002-03.2023.8.26.0630,20788516,Apelação Cível,Tratamento médico-hospitalar,Pastorelo Kfouri,Sumaré,7ª Câmara de Direito Privado,7,Direito Privado,31/07/2026,31/07/2026,,False,False,306,"DIREITO DO CONSUMIDOR. PLANO DE SAÚDE . OBRIGAÇÃO DE FAZER. RECÉM-NASCIDO INSCRITO NO PRAZO LEGAL. INTERNAÇÃO EM UTI. BRONQUIOLITE AGUDA. NEGATIVA DE COBERTURA POR CARÊNCIA. ABUSIVIDADE. URGÊNCIA E EMERGÊNCIA. SENTENÇA MANTIDA. RECURSO DESPROVIDO.
I. CASO EM EXAME
1. Ação de obrigação de fazer ajuizada por beneficiária recém-nascida contra a operadora de plano de saúde , com o objetivo de compeli-la a autorizar e custear a internação em unidade de terapia intensiva para tratamento de bronquiolite aguda. Pedido julgado procedente.
2. Apelação da operadora que sustenta a legitimidade da negativa de cobertura fundada em carência contratual e em inscrição intempestiva da beneficiária.
II. QUESTÃO EM DISCUSSÃO
3. Saber: (i) se a inscrição do recém-nascido no prazo legal afasta a exigência de carência e (ii) se é legítima a negativa de cobertura de internação de urgência fundada em carência contratual.
III. RAZÕES DE DECIDIR
4. O recém-nascido inscrito no prazo de trinta dias do nascimento ingressa no plano sem carência, nos termos da Lei nº 9.656/98, art. 12, III, ""b"".
5. A negativa de cobertura em situação de urgência ou emergência é abusiva quando ultrapassado o prazo de 24 horas, conforme a Súmula nº 597 do STJ e a Súmula nº 103 do TJSP.
6. A internação em UTI por bronquiolite aguda de recém-nascida caracteriza urgência, o que torna ilícita a recusa fundada em carência.
IV. DISPOSITIVO E TESE
7. Recurso conhecido e desprovido.
Tese de julgamento: ""1. O recém-nascido inscrito no prazo legal de trinta dias independe de cumprimento de carência. 2. A urgência e a emergência prevalecem sobre a carência contratual, limitada a 24 horas.""
_________
Dispositivos relevantes citados: Lei nº 9.656/98, art. 12, III, ""b"", e V, ""c""; CF, art. 196; CDC, art. 6º, I, e 51, XV; RITJSP, art. 252.
Jurisprudência relevante citada: STJ, Súmula nº 597 e nº 608; TJSP, Súmula nº 103."
1017255-71.2025.8.26.0100,20788519,Apelação Cível,Tratamento Domiciliar (Home Care),Pastorelo Kfouri,São Paulo,7ª Câmara de Direito Privado,7,Direito Privado,31/07/2026,31/07/2026,,False,False,341,"DIREITO CIVIL E CONSUMIDOR. APELAÇÃO. PLANO DE SAÚDE . OBRIGAÇÃO DE FAZER. CUSTEIO DE TRATAMENTO. PEDIDO PARCIALMENTE PROCEDENTE. RECURSO NÃO PROVIDO.
I. CASO EM EXAME 
1. Apelação cível objetivando a reforma da sentença de procedência da ação de obrigação de fazer ( plano de saúde ) c.c. perdas e danos, para o fim de a operadora custear o tratamento em regime de internação domiciliar (home care) e tratamento multidisciplinar para a reabilitação de paciente idoso (93 anos). Alegação da recorrente de legalidade na negativa de cobertura .
II. QUESTÃO EM DISCUSSÃO 
2. O objeto do recurso é determinar se há obrigatoriedade de fornecimento do tratamento pleiteado, seus limites e se ocorreu ofensa aos direitos de personalidade do paciente.
III. RAZÕES DE DECIDIR 
3. Paciente idoso com 93 anos que necessita de tratamento médico em regime domiciliar (home care) e tratamento multidisciplinar. Custeio obrigatório. Tratamento multidisciplinar e internação domiciliar sem limite de sessões. Em caso de negativa de cobertura o custeio/reembolso deve ser integral. O reembolso deve ocorrer nos limites contratuais em caso de opção do tratamento particular.
4. Danos morais configurados. A negativa da operadora de planos de saúde ofendeu os direitos de personalidade ao expor o autor a sofrimento desnecessário por sua situação fragilizada de saúde. 
IV. DISPOSITIVO E TESE 
5. Recurso não provido. 
Tese de julgamento: ""1. Comprovada a necessidade do tratamento sob regime de internação domiciliar (home care), e tratamento multidisciplinar para o autor, sua cobertura é obrigatória. Deve-se observar a rede credenciada e não pode haver limite de sessões. Em caso de negativa de cobertura o custeio/reembolso deve ser integral. O reembolso nos limites contratuais deve ocorrer apenas em caso de opção do tratamento particular. 2. A recusa ao custeio de internação domiciliar a paciente idoso extrapola o mero dissabor. É abusiva e expõe a parte hipossuficiente a sofrimento desnecessário, com ofensa aos direitos de personalidade do usuário. Danos morais configurados em razão da abusividade na negativa de cobertura "".

_________ 
Dispositivos relevantes citados: artigo 252 do RITJSP.
Jurisprudência relevante citada: STJ, Súmulas nº 302 e 362."
1083044-56.2021.8.26.0100,20788686,Apelação Cível,Tratamento médico-hospitalar,Alexandre Marcondes,São Paulo,1ª Câmara de Direito Privado,1,Direito Privado,31/07/2026,31/07/2026,31682.12,False,False,145,"DIREITO CIVIL. APELAÇÃO. SERVIÇOS HOSPITALARES. PLANO DE SAÚDE . EXIGIBILIDADE DE DÉBITO. RECURSO PROVIDO. 1. Ação declaratória de inexigibilidade de débito movida contra o Hospital Alemão Oswaldo Cruz, visando a declaração de ineficácia da cobrança de R$ 31.682,12. A sentença julgou procedente a ação contra o Hospital e a reconvenção contra a Central Nacional Unimed. Apela o hospital 2. A questão em discussão consiste em examinar a exigibilidade da cobrança das despesas hospitalares pelo Hospital Alemão Oswaldo Cruz e a responsabilidade da Central Nacional Unimed pelo pagamento destas. 3. A autora assinou contrato assumindo responsabilidade solidária pelo pagamento de valores não cobertos pelo plano de saúde , de modo que a cobrança pelo Hospital constitui exercício regular de direito. 4. A negativa de cobertura foi do plano de saúde , não cabendo ao hospital a responsabilidade pelo inadimplemento da operadora. 5. Recurso provido, com observação."
1023235-22.2022.8.26.0482,20788612,Apelação Cível,Tratamento médico-hospitalar,Alexandre Marcondes,Presidente Prudente,1ª Câmara de Direito Privado,1,Direito Privado,31/07/2026,31/07/2026,10000.0,True,False,220,"em>PLANO DE SAÚDE . AÇÃO COMINATÓRIA E DE REPARAÇÃO POR DANOS MORAIS. SÍNDROME DE RETT. TRATAMENTO FISIOTERÁPICO PELO MÉTODO TREINI. NEGATIVA. COBERTURA DETERMINADA. REPARAÇÃO POR DANOS MORAIS CONCEDIDA. RECURSOS PROVIDOS. I. Preliminar. Correção do valor da causa de acordo com o conteúdo econômico da demanda, que engloba valores dos custos terapêuticos e reparação por danos morais pretendida. II. Mérito. 1.- Ação cominatória e de indenização movida em face de operadora de plano de saúde , visando obrigar a ré a custear tratamento multidisciplinar pelo método Treini à autora, que tem como condição síndrome de Rett. 2.- A questão em discussão consiste em determinar a obrigatoriedade de cobertura do tratamento. 3.- Cobertura devida nos termos do § 4º do art. 6º da RN 465/2021, incluído pela Resolução nº 539 da ANS. 4.- Falta de evidência científica de que outro método tradicional, inserido no rol, possa conduzir à evolução clínica da autora. 5.- Aplicação no entendimento firmado pelo STF na Ação Direta de Inconstitucionalidade nº 7265 (Tribunal Pleno, Rel. Min. Luís Roberto Barroso). 6.- Cobertura determinada, de acordo com a atual orientação do STJ, em rede credenciada. Precedentes. 7.- Dano moral configurado. Indenização fixada em R$ 10.000,00. Sentença reformada para julgar integralmente procedente a ação, ratificando-se a tutela provisória de urgência anteriormente concedida. Imposição à ré do ônus de sucumbência. Recursos providos."
1078671-45.2022.8.26.0100,20788584,Apelação Cível,Planos de saúde,Donegá Morandini,São Paulo,3ª Câmara de Direito Privado,3,Direito Privado,31/07/2026,31/07/2026,,False,False,282,"DIREITO CIVIL. APELAÇÃO. PLANO DE SAÚDE . COBERTURA DE PROCEDIMENTO NÃO PREVISTO NO ROL DA ANS. SÍNDROME DA TRANSFUSÃO FETO-FETAL. DANOS MORAIS.
I. Caso em Exame 1. Reapreciação de recurso de apelação em cumprimento à decisão do STJ, para novo julgamento à luz dos parâmetros fixados pelo STF na ADI nº 7.265. A autora, em gestação gemelar monocoriônica, foi diagnosticada com Síndrome da Transfusão Feto-Fetal e teve cobertura de procedimento recusada pela operadora de plano de saúde .
II. Questão em Discussão 2. A questão em discussão consiste na verificação dos requisitos para cobertura de procedimento não previsto no rol da ANS, conforme parâmetros da ADI nº 7.265, e na análise da condenação por danos morais.
III. Razões de Decidir 3. Os requisitos da ADI nº 7.265 foram atendidos: prescrição médica justificada, ausência de negativa expressa da ANS, inexistência de alternativa terapêutica eficaz, eficácia e segurança do procedimento comprovadas, e inaplicabilidade do registro na ANVISA. 4. A negativa de cobertura foi considerada abusiva, especialmente em situação de urgência obstétrica. 5. A condenação por danos morais foi mantida devido ao sofrimento psíquico intenso causado pela recusa de cobertura em situação de risco à vida dos fetos.
IV. Dispositivo e Tese 6. Recurso do nosocômio: mantido provimento. Recurso da operadora de plano de saúde : mantido desprovimento. Tese de julgamento: 1. A cobertura de procedimento não previsto no rol da ANS é possível quando atendidos os requisitos da ADI nº 7.265. 2. A negativa de cobertura em situação de urgência obstétrica pode ensejar danos morais.
Legislação Citada: Lei nº 9.656/98, art. 35-C. Código de Defesa do Consumidor, arts. 6º, III; 46; 47; 54.
Jurisprudência Citada: STF, ADI nº 7.265. STJ, Tema Repetitivo nº 1.365."
1017553-28.2018.8.26.0482,20788753,Apelação Cível,Reajuste contratual,Alexandre Marcondes,Presidente Prudente,1ª Câmara de Direito Privado,1,Direito Privado,31/07/2026,31/07/2026,,True,False,344,"DIREITO CIVIL. APELAÇÃO. CONTRATOS. PLANO DE SAÚDE . AÇÃO DE OBRIGAÇÃO DE FAZER C.C. INDENIZAÇÃO POR DANOS MATERIAIS E MORAIS. RECURSO DA RÉ PARCIALMENTE PROVIDO, NA PARTE CONHECIDA, DESPROVIDO O RECURSO DO AUTOR. 1. Sentença de parcial procedência. Irresignação das partes. 2. A questão em discussão consiste em verificar (i) se está prescrita a pretensão do autor e (ii) a licitude dos índices de reajuste por sinistralidade praticados pela ré. 3. A pretensão de revisar cláusula abusiva em contrato de plano de saúde não se sujeita ao prazo decenal do art. 205 do CC e à pretensão de repetição de indébito aplica-se o prazo prescricional trienal do artigo 206, § 3º, IV do CC (Tema Repetitivo 610 do STJ). 4. É possível o aumento de mensalidade por variação de custos ou aumento na sinistralidade. 5. A confirmação da validade dos reajustes por sinistralidade/VCHM depende de justificação idônea, fundada em cálculos atuariais claros e precisos. 6. Os documentos apresentados pela ré não constituem prova inequívoca da idoneidade dos reajustes por sinistralidade/VCHM praticados ao longo da relação contratual. 7. As alegações recursais da ré são genéricas – várias inclusive não têm correlação com o objeto da demanda – , passando ao largo da perícia e dos fundamentos da sentença. 8. O laudo pericial tampouco atesta a idoneidade dos reajustes impugnados. 9. Os reajustes impugnados se mostram abusivos, devendo ser substituídos pelo índice FIPE SAÚDE dos respectivos períodos, ou, na falta deste, pelos índices anualmente divulgados pela ANS para os contratos individuais/familiares. 10. Os índices de reajuste aplicáveis às mensalidades do plano de saúde devem ser aferidos em sede de liquidação de sentença e os valores cobrados em excesso nos três anos que antecederam o ajuizamento da ação devem ser restituídos de forma simples ao autor. 11. Inexiste o alegado dano moral, não presumível no caso concreto. Os fatos em questão constituem mero dissabor e a reparação dos danos materiais basta para repor as partes ao status quo ante. 12. Sentença reformada em parte. Recurso da ré parcialmente provido, na parte conhecida, desprovido o recurso do autor."
1045056-59.2025.8.26.0100,20788373,Apelação Cível,Tratamento Domiciliar (Home Care),Enéas Costa Garcia,São Paulo,1ª Câmara de Direito Privado,1,Direito Privado,31/07/2026,31/07/2026,,False,False,115,"PLANO DE SAÚDE . APELAÇÃO. OBRIGAÇÃO DE FAZER. HOME CARE. CERCEAMENTO DE DEFESA. OCORRÊNCIA. RECURSO PROVIDO. 
Caso em exame
Apelação interposta contra a sentença que julgou procedente demanda de obrigação de fazer para condenar a ré a cobrir home care ao autor e respectivos insumos.
II. Questão em discussão
A questão em discussão é: i) ocorrência de cerceamento de defesa; ii) obrigação da ré de cobrir home care em favor do autor.
III. Razões de decidir
Há nulidade por cerceamento de defesa, em razão do indeferimento da prova pericial requerida pela operadora. A prova é necessária para dirimir controvérsia quanto à necessidade do home care, amplitude e periodicidade dos serviços especializados.
IV. Dispositivo
Recurso provido."
1006956-17.2025.8.26.0009,20788323,Apelação Cível,Planos de saúde,Alexandre Marcondes,São Paulo,1ª Câmara de Direito Privado,1,Direito Privado,31/07/2026,31/07/2026,132271.45,False,False,138,"DIREITO CIVIL. APELAÇÃO. INEXIGIBILIDADE DE DÉBITO. NEGATIVA DE COBERTURA . RECURSO DESPROVIDO. 1. Ação declaratória de inexigibilidade de débito movida pelo espólio do beneficiário contra a operadora e o hospital, visando declarar inexigível débito no valor de R$ 132.271,45 referente a internação hospitalar. 2. A questão em discussão consiste em analisar a adequação da negativa de cobertura pela operadora de saúde, sob alegação de ausência de previsão no rol da ANS e no contrato, e a consequente exigibilidade do débito em relação ao espólio. 3. A negativa de cobertura foi genérica, sem especificar quais itens estavam excluídos, comprometendo o contraditório e a defesa dos autores. 4. A internação foi emergencial, impondo cobertura obrigatória conforme o artigo 35-C, inciso I, da Lei nº 9.656/98, mitigando cláusulas restritivas e priorizando o direito à vida e à saúde. 5. Recurso desprovido."
1000911-11.2025.8.26.0651,20788313,Apelação Cível,Fornecimento de medicamentos,Alexandre Marcondes,Valparaíso,1ª Câmara de Direito Privado,1,Direito Privado,31/07/2026,31/07/2026,,False,False,154,"DIREITO CIVIL. APELAÇÃO. PLANO DE SAÚDE . MEDICAMENTO DE USO AMBULATORIAL. PROCEDÊNCIA DO PEDIDO. RECURSO DESPROVIDO. 1.- Ação cominatória movida pelo beneficiário, que tem diagnóstico de dislipidemia severa, contra a operadora, visando à cobertura do medicamento Sybrava, conforme prescrição médica. 2.-A questão em discussão consiste em determinar se a exclusão de cobertura para medicamentos de uso domiciliar, prevista no contrato e na Lei nº 9.656/98, abrange o medicamento Sybrava, que é injetável e deve ser administrado por profissional de saúde. 3.- O contrato prevê a exclusão de cobertura para medicamentos de uso domiciliar, conforme o artigo 10, VI, da Lei nº 9.656/98. 4.- O medicamento Sybrava é, entretanto, injetável e requer administração por profissional de saúde, caracterizando uso ambulatorial, o que determina a cobertura pelas operadoras de planos de saúde , conforme jurisprudência do STJ. 5.- Aplicação do Tem 990 do E. STJ. Precedentes deste Tribunal. Sentença de procedência da ação mantida. Recurso desprovido."
1016606-20.2024.8.26.0625,20788204,Apelação Cível,Serviços Hospitalares,Mário Roberto Negreiros Velloso,Taubaté,28ª Câmara de Direito Privado,28,Direito Privado,31/07/2026,31/07/2026,,False,False,152,"APELAÇÃO. AÇÃO DE COBRANÇA. PRESTAÇÃO DE SERVIÇOS MÉDICO HOSPITALARES. Sentença que julgou procedentes os pedidos deduzidos na inicial e na lide secundária, e parcialmente procedente a reconvenção. Insurgência da ré paciente. Contrato hospitalar firmado em contexto de urgência. Alegado estado de perigo. Não configuração. Ausência de prova de obrigação excessivamente onerosa ou de aproveitamento abusivo da vulnerabilidade da paciente. Validade do negócio jurídico. Cobrança mantida. Plano de saúde . Negativa de cobertura de internação em situação emergencial, sob alegação de carência. Abusividade reconhecida. Responsabilidade da operadora pelo custeio da internação e pelos danos morais fixados na origem. Manutenção. Hospital. Ausência de ato ilícito autônomo. Mero exercício regular do direito de cobrança pelos serviços efetivamente prestados. Pedido indenizatório afastado. Cumprimento de sentença. Adequação do dispositivo. Débito da lide principal que pode ser exigido diretamente da litisdenunciada, sem necessidade de prévio desembolso da paciente. Princípios da causalidade, efetividade e economia processual. Recurso parcialmente provido."
1005101-32.2024.8.26.0625,20788064,Apelação Cível,Tratamento médico-hospitalar,Claudio Godoy,Taubaté,1ª Câmara de Direito Privado,1,Direito Privado,31/07/2026,31/07/2026,5000.0,True,False,205,"DIREITO CIVIL. APELAÇÃO. PLANO DE SAÚDE . NEGATIVA DE COBERTURA . RECURSO DESPROVIDO.
I. Caso em Exame 1. Recurso de apelação contra sentença que condenou a ré, operadora de saúde, ao cumprimento de obrigação de fazer, cobrindo integralmente procedimento cirúrgico de artrodese cervical e ao pagamento de indenização por dano moral de R$5.000,00. A ré foi condenada a arcar com custas, despesas processuais e honorários advocatícios de 15% do proveito econômico obtido pelo autor. II. Questão em Discussão 2. A questão em discussão consiste em determinar se a negativa de cobertura do tratamento cirúrgico pela operadora de saúde foi lícita, considerando as resoluções do Conselho Federal de Medicina e da ANS, bem como se a indenização por dano moral foi arbitrada de forma adequada. III. Razões de Decidir 3. A indicação do tratamento cabe ao médico assistente, não podendo a operadora de saúde interferir na relação médico-paciente. Ademais, a negativa de cobertura ainda foi considerada indevida pois a perícia confirmou a necessidade dos materiais e procedimentos indicados. 4. A recusa prolongou o quadro grave do autor, justificando a indenização por dano moral. A indenização foi considerada adequada e os honorários advocatícios foram elevados para 17% do valor do proveito econômico. IV. Dispositivo 5. Recurso desprovido."
1061344-35.2024.8.26.0224,20788074,Apelação Cível,Tratamento médico-hospitalar,Claudio Godoy,Guarulhos,1ª Câmara de Direito Privado,1,Direito Privado,31/07/2026,31/07/2026,10000.0,False,False,153,"DIREITO CIVIL. APELAÇÃO CÍVEL. OBRIGAÇÃO DE FAZER CUMULADA COM INDENIZAÇÃO POR DANOS MORAIS. RECURSO DESPROVIDO.
I. Caso em Exame
1. Recurso de apelação interposto contra sentença que condenou a requerida ao custeio integral e contínuo de tratamento multidisciplinar para menor diagnosticado com TEA, além de indenização por danos morais no valor de R$ 10.000,00. 
II. Questão em Discussão
2. A questão em discussão consiste em (i) verificar a legalidade da negativa de cobertura do tratamento com base na carência contratual e (ii) a adequação da indenização por danos morais.
III. Razões de Decidir
3. A negativa de cobertura com base na carência contratual é indevida, pois o prazo de carência já havia sido superado antes do ajuizamento da ação, e mesmo antes do requerimento administrativo.
4. A indenização por danos morais foi mantida, considerando-se a resistência injustificada da ré em fornecer o tratamento necessário, afetando direito essencial do autor.
IV. Dispositivo: recurso desprovido."
1020063-83.2024.8.26.0100,20788066,Apelação Cível,Tratamento médico-hospitalar,Claudio Godoy,São Paulo,1ª Câmara de Direito Privado,1,Direito Privado,31/07/2026,31/07/2026,10000.0,False,False,174,"DIREITO CIVIL. APELAÇÃO CÍVEL. PLANO DE SAÚDE . RECURSO DESPROVIDO.
I. Caso em Exame
1. Recurso de apelação interposto contra sentença que condenou a operadora ao custeio integral de procedimento cirúrgico de sialoendoscopia e ao pagamento de indenização por danos morais no valor de R$ 10.000,00. 
II. Questão em Discussão
2. A questão em discussão consiste em (i) verificar a obrigatoriedade de cobertura do procedimento não previsto no rol da ANS e (ii) a existência de danos morais decorrentes da negativa de cobertura .
III. Razões de Decidir
3. Encontram-se preenchidos os requisitos fixados pelo Supremo Tribunal Federal e pelo Superior Tribunal de Justiça para a cobertura excepcional de procedimento não incorporado ao rol da ANS, diante da prescrição médica expressa, da inexistência de alternativa terapêutica adequada e da demonstração da eficácia do tratamento.
4. A recusa indevida da cobertura, em contexto de sofrimento relevante e comprometimento da qualidade de vida da paciente, ultrapassa o mero inadimplemento contratual e justifica a condenação por danos morais, corretamente arbitrados em R$ 10.000,00.
IV. Dispositivo: recurso desprovido."
1022821-93.2023.8.26.0577,20788060,Apelação Cível,Planos de saúde,Claudio Godoy,São José dos Campos,1ª Câmara de Direito Privado,1,Direito Privado,31/07/2026,31/07/2026,,False,False,151,"REAPRECIAÇÃO. PLANO DE SAÚDE . HOME CARE. TEMA N. 1.295 DO STJ. MANUTENÇÃO DO ACÓRDÃO.
I. Caso em Exame
1. Apelação cível interposta contra sentença que condenou a operadora de plano de saúde ao fornecimento de tratamento em regime de home care, com os insumos e atendimentos especializados prescritos ao autor. Retorno dos autos para reapreciação na forma do art. 1.030, II, do CPC, após o julgamento do Tema n. 1.295 do STJ. 
II. Questão em Discussão
2. Verificar eventual desconformidade entre o acórdão proferido e a tese firmada pelo STJ no Tema n. 1.295.
III. Razões de Decidir
3. A tese repetitiva trata exclusivamente da limitação quantitativa ou da recusa de cobertura de sessões de terapias multidisciplinares. 
4. A controvérsia dos autos refere-se à cobertura de tratamento em regime de home care, com insumos, medicamentos, equipamentos e atendimentos especializados, sem discussão acerca da quantidade de sessões terapêuticas.
Dispositivo: acórdão mantido."
1008901-97.2024.8.26.0001,20787961,Apelação Cível,Tratamento médico-hospitalar,Carlos Castilho Aguiar França,São Paulo,4ª Câmara de Direito Privado,4,Direito Privado,30/07/2026,31/07/2026,,False,False,256,"Direito Civil. Apelação. Planos de Saúde . Parcial provimento.
I. Caso em Exame
Ação de obrigação de fazer cumulada com indenização por danos morais ajuizada por menor impúbere, representada por seu genitor, contra operadora de plano de saúde . Autora portadora de neoplasia maligna, necessitando de tratamento oncológico. Negativa de cobertura pela requerida, levando ao pedido de tutela de urgência para custeio do tratamento e indenização por danos morais.
II. Questão em Discussão
2. A questão em discussão consiste em (I) verificar se a superveniente inviabilidade clínica do transplante autólogo de medula óssea extingue integralmente a demanda por perda do interesse processual, ou (II) se remanesce utilidade na prestação jurisdicional, diante da negativa inicial de cobertura, atraso no início do tratamento, pedido indenizatório e pretensão relativa às astreintes.
III. Razões de Decidir
3. A extinção do feito foi prematura, pois a alteração do quadro clínico não elimina toda a utilidade do processo.
4. A controvérsia sobre a legalidade da negativa inicial de cobertura conserva relevância jurídica, inclusive para eventual responsabilização civil da operadora e apuração das consequências do comportamento processual das partes.
IV. Dispositivo e Tese
5. Recurso parcialmente provido.
Tese de julgamento: 1. A extinção sem resolução do mérito foi prematura, pois subsistem questões relevantes a serem apreciadas após adequada instrução. 2. Necessidade de retorno dos autos à origem para regular prosseguimento do feito, com realização de prova pericial técnica.
Legislação Citada:
Código de Processo Civil, art. 485, VI; art. 1.013, § 3º.
Código de Defesa do Consumidor.
Súmula 608 do Superior Tribunal de Justiça."
1104400-05.2024.8.26.0100,20785717,Apelação Cível,Serviços Hospitalares,Arantes Theodoro,São Paulo,36ª Câmara de Direito Privado,36,Direito Privado,29/07/2026,30/07/2026,,False,False,134,"Prestação de serviço médico-hospitalar. Ação monitória. Cobrança dirigida à responsável financeira da paciente. Material hospitalar que, segundo a autora, teria sido utilizado durante procedimento realizado na modalidade convênio e não foi coberto pela operadora do plano de saúde . Ré que impugnou especificamente a utilização, a necessidade e a regularidade da cobrança. Ausência de juntada de prontuário médico ou relatório técnico apto a demonstrar a efetiva aplicação do material e sua indispensabilidade. Fatura e nota fiscal que, no caso concreto, não bastam para comprovar a exigibilidade do débito. Falta, ademais, de prévia informação à responsável financeira acerca do custo, da quantidade utilizada e da ausência de cobertura. Cláusula contratual genérica que não autoriza cobrança automática de material de elevado valor sem observância dos deveres de informação e transparência. Ação improcedente. Sentença confirmada. Recurso improvido."
1016497-96.2023.8.26.0477,20786459,Apelação Cível,Planos de saúde,Angela Moreno Pacheco de Rezende Lopes,Praia Grande,10ª Câmara de Direito Privado,10,Direito Privado,30/07/2026,30/07/2026,,True,False,201,"OBRIGAÇÃO DE FAZER C.C. INDENIZAÇÃO POR DANOS MORAIS – PLANO DE SAÚDE – TRANSTORNO DO ESPECTRO AUTISTA – JUÍZO DE RETRATAÇÃO – Retorno dos autos para reapreciação da controvérsia à luz da tese firmada pelo C. STJ no Tema 1.365 dos recursos repetitivos – Acórdão que deu parcial provimento ao recurso apenas para afastar a obrigatoriedade de realização das terapias exclusivamente no município de residência do autor, mantida, no mais, a condenação da operadora ao custeio do tratamento prescrito e ao pagamento de indenização por danos morais – Entendimento superveniente do C. STJ no sentido de que a simples recusa indevida de cobertura médico-assistencial não gera, por si só, dano moral presumido (in re ipsa), exigindo demonstração concreta de lesão extrapatrimonial – Ausência de ofensa ao precedente vinculante – Elementos dos autos que evidenciam tratar-se de tratamento multidisciplinar contínuo, intensivo e essencial ao neurodesenvolvimento do menor, com indicação médica de início imediato e sem interrupções, a fim de evitar retrocessos e proporcionar melhores respostas terapêuticas – Circunstâncias concretas que extrapolam o mero inadimplemento contratual e evidenciam repercussão extrapatrimonial relevante apta a justificar a indenização por danos morais, em conformidade com os parâmetros fixados pelo Tema 1.365 do STJ – ACÓRDÃO MANTIDO."
1015455-69.2024.8.26.0576,20786288,Apelação Cível,Tratamento médico-hospitalar,Angela Moreno Pacheco de Rezende Lopes,São José do Rio Preto,10ª Câmara de Direito Privado,10,Direito Privado,30/07/2026,30/07/2026,15000.0,False,True,257,"PLANO DE SAÚDE – IMPLANTE DE CARDIODESFIBRILADOR IMPLANTÁVEL (CDI) – Autor que pretende o custeio de procedimento cirúrgico para implantação de cardiodesfibrilador (CDI), bem como indenização por danos morais – Sentença de parcial procedência – Recursos de ambas as partes – Recurso da ré, desprovido - Negativa de cobertura de implante de cardiodesfibrilador implantável (CDI) ilícita – Procedimento previsto no rol da ANS – Recusa fundada em genérica alegação do não preenchimento das Diretrizes de Utilização (DUT) que é abusiva, face à presença de prescrição médica fundamentada na imprescindibilidade do tratamento – Obrigação de fazer mantida – Recurso do autor parcialmente provido - Danos morais caracterizados, à luz do Tema 1.365 do STJ – Reiteradas recusas administrativas que comprovadamente mantiveram o autor internado por longo período, no aguardo de autorização do procedimento – Conduta renitente da ré que culminou, ao fim, na alta do paciente, sem a realização do tratamento cardíaco necessário à salvaguarda da vida e saúde deste – Dano extrapatrimonial caracterizado – Montante postulado, de R$ 15.000,00, razoável à hipótese dos autos – Imputação à ré de multa por litigância de má-fé e remessa dos autos ao Ministério Público para apuração do crime de desobediência, indevidos – Descumprimento da tutela de urgência deferida que já vem sendo enfrentado pelos meios executivos próprios, em cumprimento provisório de sentença – Dolo processual específico, ademais, não caracterizado – Sentença reformada em parte, apenas para reconhecer a ocorrência dos danos morais - Honorários advocatícios devidos pela ré majorados – RECURSO DA RÉ DESPROVIDO E RECURSO DO AUTOR PARCIALMENTE PROVIDO."
1200657-92.2024.8.26.0100,20786671,Apelação Cível,Tratamento médico-hospitalar,Vito Guglielmi,São Paulo,6ª Câmara de Direito Privado,6,Direito Privado,30/07/2026,30/07/2026,,False,False,100,"SEGURO. PLANO DE SAÚDE . AÇÃO DE OBRIGAÇÃO DE FAZER. NEGATIVA DE COBERTURA . PEDIDO DE AUTORIZAÇÃO E CUSTEIO DE PROCEDIMENTO CIRÚRGICO INTRAUTERINO. EXISTÊNCIA DE CLÁUSULA EXPRESSA DE EXCLUSÃO. JURISPRUDÊNCIA DO STJ E DO TJSP, TODAVIA, QUE VEM SE ORIENTANDO PELO RECONHECIMENTO DA ABUSIVIDADE DAS CLÁUSULAS DE EXCLUSÃO DE COBERTURA EM TAIS CASOS. COBERTURA, EM SI, QUE ERA MESMO DEVIDA. PRETENDIDO CUSTEIO INTEGRAL DE DESPESAS PELA SEGURADA FORA DA REDE CREDENCIADA. POSSIBILIDADE. TRATAMENTO NECESSÁRIO À AUTORA, QUE SÓ FOI REALIZADO EM REDE PARTICULAR POR AUSÊNCIA DE INDICAÇÃO TEMPESTIVA DE PROFISSIONAIS NA REDE CREDENCIADA DA OPERADORA RÉ. SENTENÇA MANTIDA. RECURSO IMPROVIDO."
1006839-69.2024.8.26.0006,20785898,Apelação Cível,Tratamento médico-hospitalar,Flávio Pinella Helaehil,São Paulo,Núcleo 4.0-T. VI (DP1),,,28/07/2026,30/07/2026,,False,False,179,APELAÇÃO CÍVEL. PLANO DE SAÚDE . OBRIGAÇÃO DE FAZER CUMULADA COM INDENIZAÇÃO POR DANOS MORAIS. MENOR DIAGNOSTICADO COM TRANSTORNO DO ESPECTRO AUTISTA (TEA). ALEGAÇÃO DE NEGATIVA TÁCITA POR ALTERAÇÃO DE FORMATO DE ATENDIMENTO (DOMICILIAR PARA CLÍNICA CREDENCIADA) E INCOMPATIBILIDADE DE REDE. SENTENÇA DE IMPROCEDÊNCIA NA ORIGEM. MANUTENÇÃO QUE SE IMPÕE. 1. MÉRITO. Inexistência de prova de negativa de cobertura ou de recusa injustificada ao custeio das terapias multidisciplinares prescritas (método ABA). Guias acostadas pela operadora que demonstram a regular e contínua autorização dos procedimentos. 2. MODALIDADE DE ATENDIMENTO. Pleito de restabelecimento de regime híbrido/domiciliar. Ausência de prescrição médica idônea e específica que ateste a necessidade técnica ou clínica de que as terapias sejam prestadas no domicílio do paciente. Tratamento assegurado em clínicas credenciadas aptas. Direito de escolha de prestador específico ou de conveniência logística da família que não obriga a operadora fora das hipóteses legais. 3. DANOS MORAIS. Afastado. Ausência de ato ilícito praticado pela requerida e de demonstração de abalo extraordinário à esfera psíquica do menor que extrapole o mero aborrecimento cotidiano. 4. SENTENÇA MANTIDA. RECURSO NÃO PROVIDO.
1003461-13.2021.8.26.0006,20785391,Apelação Cível,Tratamento médico-hospitalar,Flávio Pinella Helaehil,Batatais,Núcleo 4.0-T. VI (DP1),,,28/07/2026,30/07/2026,,False,False,603,"DIREITO CIVIL E DO CONSUMIDOR. APELAÇÃO. AÇÃO DE COBRANÇA. PRESTAÇÃO DE SERVIÇOS MÉDICO-HOSPITALARES. ESTADO DE PERIGO. INOCORRÊNCIA. TERMO DE RESPONSABILIDADE. DESPESAS NÃO COBERTAS PELO PLANO DE SAÚDE . DENUNCIAÇÃO DA LIDE. COBERTURA SECURITÁRIA. RECURSO PROVIDO.
I. CASO EM EXAME
Apelação interposta por hospital contra sentença que julgou improcedente ação de cobrança de despesas médico-hospitalares decorrentes de internação e tratamento de paciente, sob fundamento de invalidade da obrigação assumida pelos responsáveis, e julgou prejudicada a denunciação da lide à operadora do plano de saúde . O hospital sustenta a validade do negócio jurídico, a inexistência de estado de perigo, a impossibilidade de apresentação de orçamento prévio em atendimento emergencial e a vedação ao enriquecimento sem causa, postulando a procedência da cobrança.
II. QUESTÃO EM DISCUSSÃO
Há duas questões em discussão: (i) definir se é válida a cobrança das despesas médico-hospitalares não cobertas pela operadora do plano de saúde , diante da alegação de estado de perigo e da ausência de orçamento prévio; e (ii) estabelecer se a operadora denunciada à lide deve ressarcir os valores devidos pelo segurado em razão da abusiva negativa de cobertura .
III. RAZÕES DE DECIDIR
A prestação dos serviços hospitalares ocorreu mediante contrato regularmente firmado, sem exigência de cheque-caução ou garantia abusiva, contendo cláusulas claras quanto à responsabilidade do paciente pelas despesas decorrentes da internação e tratamento.
A ausência de orçamento prévio exaustivo não invalida a contratação em contexto de atendimento emergencial, pois a dinâmica própria da assistência médico-hospitalar inviabiliza a discriminação antecipada de todos os procedimentos, sem afastar o dever de remuneração pelos serviços efetivamente prestados.
O estado de perigo exige, além da situação de risco à vida ou à saúde, demonstração de obrigação excessivamente onerosa ou obtenção de vantagem exagerada pelo credor, circunstâncias não verificadas no caso, em que não houve impugnação específica dos serviços realizados nem dos valores cobrados.
A negativa de cobertura pelo plano de saúde não interfere na relação jurídica autônoma existente entre hospital e paciente, permanecendo hígida a obrigação de pagamento das despesas assumidas no termo de responsabilidade, sem prejuízo do direito regressivo perante a operadora.
A pretensão de cobrança do hospital contra os pacientes submete-se ao prazo prescricional quinquenal, enquanto a pretensão regressiva deduzida na denunciação da lide contra a operadora sujeita-se ao prazo prescricional decenal.
A operadora não demonstrou justificativa contratual específica para a limitação da cobertura nem comprovou a validade da negativa, impondo-se o reconhecimento da obrigação de ressarcir integralmente os valores suportados pelos segurados, inclusive verbas sucumbenciais.
IV. DISPOSITIVO E TESE
Recurso provido.
Tese de julgamento: 1. A ausência de orçamento prévio detalhado em atendimento médico-hospitalar de urgência não invalida a cobrança pelos serviços efetivamente prestados. 2. O estado de perigo não se configura sem demonstração de vantagem exagerada ou obrigação excessivamente onerosa imposta pelo prestador de serviços. 3. A negativa de cobertura pela operadora do plano de saúde não afasta a obrigação do paciente perante o hospital, assegurado o direito de regresso contra a seguradora quando a recusa de cobertura for abusiva. 4. A operadora responde pelo ressarcimento integral das despesas médico-hospitalares cuja cobertura foi indevidamente recusada, inclusive pelas verbas de sucumbência suportadas pelo segurado.
Dispositivos relevantes citados: CC, arts. 156, 205, 206, § 5º, I; CDC, arts. 6º, VIII, 46 e 51, IV; CPC, art. 85, § 2º; Lei nº 8.078/1990; Lei nº 9.656/1998.
Jurisprudência relevante citada: STJ, REsp 1.578.474/SP, Rel. Min. Nancy Andrighi, 3ª Turma, j. 11.12.2018; STJ, AgInt no AREsp 1.641.515/RS, Rel. Min. Raul Araújo, 4ª Turma, j. 14.09.2021; TJSP, Apelação Cível nº 1001253-64.2023.8.26.0595, Rel. Des. Swarai Cervone de Oliveira, j. 13.11.2025; TJSP, Apelação Cível nº 1014154-79.2023.8.26.0008, Rel. Des. Rogério Murillo Pereira Cimino, j. 09.06.2026."
1001412-24.2023.8.26.0654,20787200,Apelação Cível,Tratamento médico-hospitalar,Inah de Lemos e Silva Machado,Vargem Grande Paulista,Núcleo 4.0-T. V (DP1),,,30/07/2026,30/07/2026,10000.0,True,False,336,"APELAÇÃO. PLANO DE SAÚDE . NEGATIVA DE COBERTURA DE TRATAMENTO UROLÓGICO. CÁLCULO RENAL OBSTRUTIVO. CATETER DUPLO J. URGÊNCIA E EMERGÊNCIA.
Ação de obrigação de fazer cumulada com indenização por danos morais. 
Sentença de procedência confirmando tutela de urgência para determinar o custeio integral de ureterorrenolitotripsia flexível e retirada ou troca de cateter duplo J, além de condenar a operadora ao pagamento de indenização por danos morais. Inconformismo da operadora.
Cobertura contratual. Alegação de ausência de obrigatoriedade de cobertura, observância do rol de procedimentos e eventos em saúde da Agência Nacional de Saúde Suplementar. Descabimento. Negativa de cobertura originalmente fundada em carência contratual. Autor acometido por quadro de cólica renal aguda, hidronefrose, infecção urinária e comprometimento da função renal. Prova pericial conclusiva da colocação do cateter duplo J constituir apenas etapa inicial do tratamento emergencial, sendo a ureterorrenolitotripsia e a retirada ou troca do implante procedimentos indispensáveis à resolução do quadro clínico e à prevenção de danos renais permanentes. Aplicação dos artigos 12, inciso V, alínea ""c"", e 35-C da Lei nº 9.656/98. Inadmissibilidade da negativa de cobertura após o prazo legal de vinte e quatro horas. Limitações contratuais e discussão acerca do rol da Agência Nacional de Saúde Suplementar que não afastam o dever de cobertura em hipótese de tratamento necessário e relacionado a quadro reconhecidamente urgente.
Dano moral. Mantido. Situação que supera o mero inadimplemento contratual. Negativa de cobertura incidente sobre tratamento essencial à preservação da saúde do beneficiário, expondo-o a risco de agravamento do quadro clínico, infecções recorrentes, obstrução urinária e danos renais permanentes. Angústia e insegurança que extrapolam os dissabores ordinários. ""Quantum"" fixado em R$ 10.000,00 que se mostra adequado e proporcional às peculiaridades do caso.
Honorários advocatícios. Inaplicabilidade da apreciação equitativa. Hipótese não se enquadra nas situações excepcionais previstas no artigo 85, parágrafo 8º, do Código de Processo Civil e no Tema Repetitivo nº 1.076 do Superior Tribunal de Justiça. Arbitramento que observou os critérios e percentuais previstos no artigo 85, parágrafo 2º, do Código de Processo Civil.
Sentença mantida.
RECURSO DESPROVIDO."
1006524-96.2024.8.26.0020,20786700,Apelação Cível,Planos de saúde,Vito Guglielmi,São Paulo,6ª Câmara de Direito Privado,6,Direito Privado,30/07/2026,30/07/2026,,False,False,39,"RECURSO. APELAÇÃO. REQUISITOS DE ADMISSIBILIDADE. DESERÇÃO. OCORRÊNCIA. NÃO RECOLHIMENTO DO PREPARO OBRIGATÓRIO. AUSÊNCIA DE ALEGAÇÃO DE JUSTO IMPEDIMENTO. RECORRENTE QUE TEVE O PEDIDO DE CONCESSÃO DA GRATUIDADE DENEGADO E, AINDA ASSIM, REMANESCEU INERTE QUANTO AO RECOLHIMENTO. RECURSO NÃO CONHECIDO."
1029440-81.2024.8.26.0002,20785139,Apelação Cível,Tratamento médico-hospitalar,Erickson Gavazza Marques,São Paulo,5ª Câmara de Direito Privado,5,Direito Privado,30/07/2026,30/07/2026,,True,False,322,"DIREITO CIVIL. APELAÇÕES. PLANO DE SAÚDE . CIRURGIA PLÁSTICA REPARADORA PÓS-BARIÁTRICA. PARCIAL PROCEDÊNCIA. INCONFORMISMO DE AMBAS AS PARTES. RECURSOS DESPROVIDOS.
I. Caso em exame
1. Trata-se de ação de obrigação de fazer c.c. indenizatória, julgada parcialmente procedente para condenar a ré a custear a reconstrução mamária com prótese indicada após cirurgia bariátrica. Inconformismo de ambas as partes.
II. Questão em discussão
2. Há duas questões em discussão: i) saber se a reconstrução mamária com prótese, indicada à autora após cirurgia bariátrica, é de cobertura obrigatória pelo plano de saúde ; ii) verificar se a negativa de cobertura enseja indenização por danos morais.
III. Razões de decidir
3. A autora era portadora de obesidade mórbida e, após cirurgia bariátrica, com expressiva perda de peso, desenvolveu ptose, hipotrofia e assimetria mamárias. 4. O Superior Tribunal de Justiça, em regime de recurso repetitivo (Tema nº 1.069), fixou tese de que é obrigatória a cobertura de cirurgia plástica de caráter reparador ou funcional indicada a paciente pós-cirurgia bariátrica. 5. No caso, a perícia judicial concluiu que o procedimento possui caráter reparador/reconstrutivo, sendo, portanto, de cobertura obrigatória, já que integra o tratamento da obesidade mórbida. 6. A negativa de cobertura , fundada em interpretação de cláusula contratual e em razoável divergência quanto ao caráter do procedimento, não configura ato ilícito apto a ensejar indenização por danos morais. 7. Sentença mantida.
IV. Dispositivo e tese
8. Recursos desprovidos.
Tese de julgamento: 1. É de cobertura obrigatória pelos planos de saúde a cirurgia plástica de caráter reparador ou funcional indicada a paciente pós-cirurgia bariátrica. 2. A recusa de cobertura fundada em razoável divergência interpretativa não gera, por si só, dano moral.
Legislação citada: Código de Processo Civil, art. 85, §11.
Jurisprudência citada: STJ, REsp nº 1.870.834/SP e REsp nº 1.872.321/SP, Rel. Min. Ricardo Villas Bôas Cueva, Segunda Seção, j. 13.09.2023; TJSP, Apelação Cível nº 1010569-58.2022.8.26.0071, Rel. Moreira Viegas, 5ª Câmara de Direito Privado, j. 23.09.2025; Súmula 97 do TJSP."
1018672-59.2024.8.26.0564,20785110,Apelação Cível,Tratamento médico-hospitalar,Erickson Gavazza Marques,São Bernardo do Campo,5ª Câmara de Direito Privado,5,Direito Privado,30/07/2026,30/07/2026,10000.0,True,True,432,"Direito Civil e Direito do Consumidor. Apelação cível. Plano de saúde . Negativa de cobertura de exame não previsto no rol da ANS. Sentença mantida. Recurso desprovido.
I. Caso em exame
Trata-se de ação de obrigação de fazer cumulada com indenização por danos morais ajuizada por beneficiária de plano de saúde em face de operadora, em razão de negativa de cobertura de exame necessário ao diagnóstico de doença grave. A sentença julgou parcialmente procedente o pedido para condenar a ré ao pagamento de indenização por dano moral no valor de R$ 10.000,00. A operadora interpôs apelação, sustentando a validade da negativa com base no rol da ANS e na ausência de dano moral indenizável. II. Questão em discussão
2. A questão em discussão consiste em saber se: (i) é devida a cobertura de exame não previsto no rol da ANS quando demonstrada sua necessidade clínica; (ii) a negativa de cobertura , em tais circunstâncias, enseja o dever de indenizar por dano moral. 
III. Razões de decidir
3. A relação entre as partes é de consumo, aplicando-se o Código de Defesa do Consumidor, conforme orientação consolidada na Súmula 608 do STJ. 
4. O rol da ANS possui taxatividade mitigada, nos termos da Lei nº 14.454/2022, admitindo-se a cobertura de procedimentos não listados quando preenchidos requisitos técnicos relacionados à necessidade clínica e à eficácia científica. 
5. A jurisprudência estabelece critérios para o custeio de procedimentos fora do rol, incluindo prescrição médica, ausência de alternativa terapêutica eficaz e respaldo científico, requisitos considerados atendidos no caso concreto. 
6. A prova pericial evidenciou que o exame solicitado era essencial ao diagnóstico e ao manejo clínico da paciente, afastando a legitimidade da negativa de cobertura . 
7. Embora o STJ exija demonstração de circunstâncias específicas para a configuração do dano moral em caso de negativa de cobertura , no caso concreto a recusa diante de doença grave revelou-se apta a ensejar abalo relevante, justificando a indenização fixada. 
8. Mantém-se a sentença, inclusive quanto à condenação por danos morais, com majoração da verba honorária recursal. 
IV. Dispositivo e tese
9. Recurso desprovido.
Tese de julgamento: ""1. O rol de procedimentos da ANS possui natureza taxativa mitigada, admitindo cobertura de exames não previstos quando demonstrada sua necessidade clínica e eficácia científica. 2. A negativa indevida de cobertura de exame essencial ao diagnóstico de doença grave pode ensejar dano moral, desde que evidenciado abalo relevante à esfera psíquica da vítima.""
Dispositivos relevantes citados: Lei nº 9.656/1998, art. 10, §§ 12 e 13; Lei nº 14.454/2022.
Jurisprudência relevante citada: STF, ADI nº 7265; STJ, Tema repetitivo nº 1.365; STJ, Súmula nº 608."
1019952-31.2025.8.26.0564,20786925,Apelação Cível,Seguro,Barreto e Silva,São Bernardo do Campo,32ª Câmara de Direito Privado,32,Direito Privado,30/07/2026,30/07/2026,,True,False,298,"DIREITO CIVIL. APELAÇÕES. CONTRATO DE SEGURO. RECURSO DA RÉ DESPROVIDO E RECURSO DO AUTOR PARCIALMENTE PROVIDO.
I. Caso em Exame
1. Apelações interpostas por Daniel Ricardo Marques e Prudential do Brasil Seguros de Vida S/A contra sentença que reconheceu a abusividade de cláusula de exclusão de cobertura securitária e condenou a ré ao pagamento da indenização prevista na apólice para doenças graves, afastando o pedido de indenização por danos morais.
II. Questão em Discussão
2. A questão em discussão consiste em examinar (i) a validade das cláusulas contratuais limitativas de risco; e (ii) a possibilidade de indenização por danos morais em razão da negativa de cobertura securitária.
III. Razões de Decidir
3. A cláusula de exclusão de cobertura foi considerada abusiva por ser genérica e técnica, violando o dever de informação ao consumidor, conforme o Código de Defesa do Consumidor.
4. A negativa de cobertura em contexto de doença grave configura dano moral in re ipsa, conforme jurisprudência do STJ, justificando a indenização por danos morais.
IV. Dispositivo e Tese
5. Recurso da ré desprovido. Recurso do autor parcialmente provido para condenar a ré ao pagamento de indenização por danos morais.
Tese de julgamento: a) cláusulas contratuais abusivas são inaplicáveis; b) negativa de cobertura em situação de doença grave gera dano moral in re ipsa.
Legislação Citada:
Código de Defesa do Consumidor, arts. 6º, III, 30, 31, 47 e 54, § 4º.
Código Civil, arts. 406, 757 e 760.
Código de Processo Civil, arts. 85, §§ 2º e 11, 370, 406.
Jurisprudência Citada:
STJ, AgInt no AREsp n. 2.655.550/CE, Rel. Min. Antonio Carlos Ferreira, Quarta Turma, j. 26/5/2025.
TJSP, Apelação Cível 1007892-21.2021.8.26.0223, Rel. Ana Luiza Villa Nova, 25ª Câmara de Direito Privado, j. 29/04/2026.
TJSP, Apelação Cível 1001681-60.2020.8.26.0010, Rel. Rosangela Telles, 31ª Câmara de Direito Privado, j. 24/10/2022."
1093151-91.2023.8.26.0100,20787178,Apelação Cível,Fornecimento de medicamentos,Lucilia Alcione Prata,São Paulo,6ª Câmara de Direito Privado,6,Direito Privado,29/07/2026,30/07/2026,,False,False,336,"APELAÇÃO CÍVEL. PLANO DE SAÚDE . ENTIDADE DE AUTOGESTÃO. AÇÃO DE OBRIGAÇÃO DE FAZER. DIABETES MELLITUS TIPO 1. BOMBA DE INFUSÃO CONTÍNUA DE INSULINA E INSUMOS. SENTENÇA DE IMPROCEDÊNCIA. RECURSO DA AUTORA.PRELIMINAR DE NÃO CONHECIMENTO DO RECURSO. Rejeição. Razões recursais que impugnam suficientemente os fundamentos da sentença, especialmente quanto à negativa de cobertura fundada em ausência no rol da ANS, uso domiciliar, exclusão contratual e suposta insuficiência de prova técnica. Cerceamento de defesa. Não reconhecimento. Causa madura para julgamento. Entidade de autogestão. Inaplicabilidade do Código de Defesa do Consumidor, nos termos da Súmula 608 do STJ. Circunstância que não afasta a incidência da Lei nº 9.656/1998, do Código Civil, da boa-fé objetiva e da finalidade assistencial do contrato. Operadora que deve observar a efetividade do direito fundamental à saúde, nos limites da cobertura contratada e da legislação de regência. Sistema de infusão contínua de insulina que não se enquadra nas exclusões dos incisos VI e VII do art. 10 da Lei nº 9.656/1998. Invalidade de cláusulas contratuais que excluam, de modo absoluto, a cobertura da bomba de insulina. Necessidade de observância dos parâmetros fixados na ADI 7.265.Autora portadora de Diabetes Mellitus Tipo 1, com histórico de descompensação glicêmica grave. Prescrição individualizada por médica endocrinologista habilitada, especialista pela Sociedade Brasileira de Endocrinologia e Metabologia. Requisitos do tema 1.316 STJ. Demonstração de prévio requerimento e negativa da operadora. Ausência de alternativa terapêutica adequada no caso concreto, diante da falha dos esquemas convencionais e da melhora objetiva após o uso da bomba de insulina, com redução de episódios de hipoglicemia e melhora do tempo no alvo glicêmico. Negativa de cobertura . Descabimento. Doença coberta pelo contrato. Tecnologia prescrita como necessária ao controle da patologia, à prevenção de agravamento das complicações crônicas e à redução de risco clínico relevante. Sentença reformada. Pedido julgado procedente para condenar a ré ao fornecimento da bomba de infusão contínua de insulina e respectivos insumos indispensáveis ao funcionamento do sistema, conforme prescrição médica e enquanto perdurar a indicação clínica. Restabelecimento da tutela provisória. RECURSO PROVIDO"
1029065-26.2024.8.26.0602,20785984,Apelação Cível,Tratamento médico-hospitalar,Angela Moreno Pacheco de Rezende Lopes,Sorocaba,10ª Câmara de Direito Privado,10,Direito Privado,30/07/2026,30/07/2026,,False,True,210,"PLANO DE SAÚDE – FORNECIMENTO DE MEDICAMENTO – TRASTUZUMABE ENTANSINA (KADCYLA) – Ação de obrigação de fazer cumulada com indenização por danos morais – Sentença de parcial procedência – Recursos de ambas as partes – Recurso da autora não conhecido – Insurgência voltada exclusivamente contra decisão interlocutória que retificou o valor da causa, matéria estranha à sentença e insuscetível de impugnação por apelação – Violação ao princípio da dialeticidade recursal – Recurso da ré desprovido – Preliminar de cerceamento de defesa afastada – Desnecessidade de prova pericial ou consulta ao NatJus – Medicamento com registro na ANVISA e cobertura prevista no rol da ANS, indicado para paciente portadora de câncer de mama HER2+, em conformidade com as Diretrizes de Utilização – Mérito - Negativa de cobertura fundada em alegado caráter experimental e uso off label, indevida – Tratamento prescrito pelo médico assistente e respaldado por evidências técnicas – Danos morais configurados – Reiterado descumprimento da tutela de urgência que ensejou necessidade de sucessivos bloqueios judiciais de valores, com tomada de providências emergenciais inclusive pelo próprio Juízo, para fins de evitar-se novos atrasos ao tratamento oncológico - Abalo aos direitos da personalidade bem caracterizados – Indenização mantida – Honorários recursais majorados – RECURSO DA AUTORA NÃO CONHECIDO. RECURSO DA RÉ DESPROVIDO."
1011012-10.2024.8.26.0048,20786960,Apelação Cível,Tratamento médico-hospitalar,Vitor Frederico Kümpel,Atibaia,4ª Câmara de Direito Privado,4,Direito Privado,30/07/2026,30/07/2026,,True,False,215,"DIREITO CIVIL. APELAÇÃO. PLANO DE SAÚDE . OBRIGAÇÃO DE FAZER. INDENIZAÇÃO POR DANOS MORAIS. PROCEDIMENTOS CIRÚRGICOS. RECURSO DESPROVIDO.
I. Caso em Exame. Apelação contra sentença que julgou parcialmente procedente ação de obrigação de fazer cumulada com indenização por danos morais, reconhecendo a obrigatoriedade de cobertura apenas para dermolipectomia abdominal e correção da diástase abdominal, afastando a cobertura dos demais procedimentos cirúrgicos por serem de natureza estética, e rejeitando o pedido de indenização por danos morais.
II. Questão em Discussão. 2. A questão em discussão consiste em determinar se os procedimentos cirúrgicos pleiteados possuem caráter reparador ou funcional, integrando o tratamento da obesidade mórbida, ou se são predominantemente estéticos, legitimando a limitação contratual de cobertura.
III. Razões de Decidir. 3. A perícia judicial concluiu que apenas a dermolipectomia abdominal e a correção da diástase abdominal possuem caráter reparador-funcional. Os demais procedimentos foram considerados estéticos, não havendo demonstração objetiva de comprometimento funcional. 4. A recusa de cobertura pela operadora não foi arbitrária, mas baseada em legítima divergência técnica, não configurando dano moral indenizável.
IV. Dispositivo e Tese. 5. Recurso desprovido. Tese de julgamento: 1. A cobertura obrigatória por planos de saúde abrange apenas cirurgias plásticas de caráter reparador ou funcional. 2. A recusa de cobertura baseada em divergência técnica não configura, por si só, dano moral indenizável."
1003792-31.2024.8.26.0348,20784098,Apelação Cível,Planos de saúde,Carlos Castilho Aguiar França,Mauá,4ª Câmara de Direito Privado,4,Direito Privado,30/07/2026,30/07/2026,,True,False,263,"Direito do Consumidor. Apelação. Planos de Saúde . Recurso parcialmente provido.
I. Caso em Exame
1. Recurso de apelação interposto por Notre Dame Intermédica Saúde S.A. contra sentença que julgou procedente ação de obrigação de fazer cumulada com indenização por danos morais, condenando a ré a custear materiais cirúrgicos para artroplastia do punho e ao pagamento de indenização por danos morais.
II. Questão em Discussão
2. A questão em discussão consiste em: (i) se a operadora de plano de saúde estava obrigada a custear os materiais e técnica indicados pelo médico assistente; e (ii) se a recusa parcial de cobertura configura dano moral indenizável.
III. Razões de Decidir
3. Aplicação do Código de Defesa do Consumidor aos contratos de plano de saúde , conforme Súmula 608 do STJ. A negativa de cobertura de materiais indicados pelo médico assistente é abusiva.
4. A recusa indevida de cobertura não gera automaticamente dano moral, conforme Tema Repetitivo nº 1.365 do STJ. Não houve demonstração de abalo anímico autônomo e excepcional.
IV. Dispositivo e Tese
5. Recurso parcialmente provido para afastar a condenação por danos morais, mantida a obrigação de custear os materiais cirúrgicos.
Tese de julgamento: 1. A negativa de cobertura de materiais indicados por médico assistente é abusiva. 2. A recusa indevida de cobertura, por si só, não gera dano moral presumido.
Legislação Citada:
Código de Defesa do Consumidor, art. 51, IV e § 1º, II; Lei nº 8.078/90, art. 4º; Lei nº 14.454/2022; RN ANS nº 424/2017; RN ANS nº 465/2021; Código de Processo Civil, art. 537, art. 85, § 2º e § 11."
1004104-45.2019.8.26.0004,20784054,Apelação Cível,Prestação de Serviços,Emílio Migliano Neto,São Paulo,23ª Câmara de Direito Privado,23,Direito Privado,30/07/2026,30/07/2026,,False,False,123,"Apelação Cível. AÇÃO DE COBRANÇA. INTERNAÇÃO E CIRURGIA. DENUNCIAÇÃO DA LIDE. LIDE PRINCIPAL JULGADA PROCEDENTE. Condenação da ré ao pagamento do débito. LIDE SECUNDÁRIA JULGADA PROCEDENTE. Determinação da operadora do plano de saúde ao reembolso. INSURGÊNCIA DA OPERADORA DO PLANO DE SAÚDE . Alegação de que o segmento do plano de saúde é exclusivamente ambulatorial, sem previsão para internação hospitalar. Matéria que não se insere na competência desta Subseção II de Direito Privado, deste Tribunal. A competência recursal para o exame e julgamento deste feito é da Subseção I de Direito Privado (1ª à 10ª Câmaras) deste Tribunal, conforme disposto no artigo 5°, inciso I, item I.23, da Resolução n° 623/2013. NÃO CONHECIMENTO DO RECURSO, COM DETERMINAÇÃO DE REMESSA DOS AUTOS À REDISTRIBUIÇÃO."
1004034-61.2024.8.26.0001,20783458,Apelação Cível,Serviços Hospitalares,César Augusto Fernandes,São Paulo,29ª Câmara de Direito Privado,29,Direito Privado,30/07/2026,30/07/2026,3000.0,True,False,183,"Prestação de serviços. Saúde. Ação declaratória de inexistência de débito cumulada com indenização por dano moral. Internação hospitalar de urgência. Plano de saúde empresarial com início de vigência em 30/07/2022. Atendimento em 14/11/2023. Carência máxima de 24 horas para urgência e emergência já superada. Negativa de cobertura pela operadora e cobrança direta pelo hospital. Inclusão indevida do nome do autor em cadastro de inadimplentes. Contestação do Hospital com reconvenção em relação ao Autor e o próprio corréu. Improcedência dos pedidos do autor e procedência da reconvenção. Irresignação do autor. Urgência do atendimento caracterizada pelo quadro clínico e pela solicitação de internação do médico assistente. Inaplicabilidade da carência de 180 dias para internação em contexto de urgência. Responsabilidade da operadora de plano de saúde pelo custeio integral das despesas hospitalares. Cobrança direta ao paciente pelo hospital gerou negativação a partir da indevida negativa de cobertura da corré Notre Dame, que arca com o dano moral in re ipsa decorrente da inscrição indevida promovida pelo Hospital. Fixação em R$3.000,00. Reconvenção improcedente em relação ao Autor e prejudicada em relação ao corréu. Recurso provido em parte."
1195103-79.2024.8.26.0100,20783042,Apelação Cível,Tratamento médico-hospitalar,Ramon Mateo Júnior,São Paulo,6ª Câmara de Direito Privado,6,Direito Privado,29/07/2026,30/07/2026,,True,False,205,"APELAÇÃO CÍVEL. Plano de saúde . Ação de obrigação de fazer cumulada com indenização por danos morais. Beneficiário idoso portador de adenocarcinoma de cólon metastático para pulmão (CID 10 – C18), refratário a múltiplas linhas terapêuticas. Prescrição médica de ablação percutânea pulmonar por micro-ondas (aplicador SOLERO da AngioDynamics). Recusa da operadora ao argumento de ausência de previsão no rol da ANS. Sentença de procedência. Rol da ANS. Taxatividade mitigada. Possibilidade de cobertura excepcional de procedimento não previsto no rol, desde que preenchidos os requisitos fixados na ADI 7.265/DF e no art. 10, § 13, da Lei 9.656/98, com redação da Lei 14.454/2022. Hipótese em que há prescrição por oncologista habilitado, ausência de negativa expressa da ANS, inexistência de alternativa terapêutica adequada no rol e comprovação de eficácia. Nota técnica do NAT-Jus/SP cuja conclusão formal desfavorável não se harmoniza com o conteúdo das respostas aos quesitos, que reconhecem a pertinência da indicação. Prevalência da prescrição do oncologista assistente. Incidência da Súmula 95 desta Corte. Revogação da Súmula 102/TJSP que não altera o desfecho da demanda. Dano moral configurado. Descumprimento da tutela de urgência, cumprida apenas após bloqueio Sisbajud. Quantum adequado. Mantida a fixação dos honorários sucumbenciais por equidade (art. 85, § 8º, do CPC). RECURSO DESPROVIDO."
1012524-49.2023.8.26.0602,20782447,Apelação Cível,Tratamento médico-hospitalar,Benedito Antonio Okuno,Sorocaba,8ª Câmara de Direito Privado,8,Direito Privado,23/07/2026,30/07/2026,,False,False,164,PLANO DE SAÚDE . AÇÃO DE OBRIGAÇÃO DE FAZER CUMULADA COM INDENIZAÇÃO POR DANOS MORAIS. TRANSTORNO DO ESPECTRO AUTISTA (TEA). SENTENÇA DE PARCIAL PROCEDÊNCIA. Apelação da ré e recurso adesivo do autor. Preliminar de cerceamento de defesa. Inocorrência. Magistrado destinatário da prova (art. 370 do CPC). Conjunto probatório suficiente. Utilização do NAT-JUS que constitui faculdade. Ausência de prejuízo. Preliminar afastada. Mérito. Obrigação de cobertura. Incidência do Código de Defesa do Consumidor (Súmulas 469 do STJ e 100 do TJSP). Prescrição médica idônea. Tratamento multidisciplinar para TEA. RN nº 539/2022 da ANS. Obrigatoriedade de cobertura pelo método indicado. Abusividade de limitação contratual. Impossibilidade de restrição de sessões. Rol da ANS com taxatividade mitigada (Lei nº 14.454/2022). Carga horária. Definição que compete ao médico assistente. Impossibilidade de limitação unilateral pela operadora. Reembolso integral apenas na ausência de rede credenciada apta ou descumprimento da obrigação. Danos morais. Negativa fundada em interpretação contratual. Ausência de abalo que extrapole o mero inadimplemento. Indenização indevida. Sentença mantida. RECURSOS NÃO PROVIDOS.
1015439-60.2024.8.26.0562,20782401,Apelação Cível,Fornecimento de insumos,Benedito Antonio Okuno,Santos,8ª Câmara de Direito Privado,8,Direito Privado,23/07/2026,30/07/2026,,False,False,167,"APELAÇÃO CÍVEL – PLANO DE SAÚDE – AÇÃO DE OBRIGAÇÃO DE FAZER – Sentença de procedência da ação – RECURSO DA REQUERIDA – Cirurgia Osteotomia sagital de mandíbula esquerda para avanço em conjunto com reconstrução de mandíbula e ATM direita com prótese customizada em razão de histórico de deformidade dento facial proveniente de sequela de tumor – Negativa de Cobertura – Não cabe aos planos de saúde decidir quais tratamentos ou materiais devem ser dispensados ao tratamento dos pacientes, a decisão é do profissional que presta assistência ao atendido – No entanto, os planos de saúde não podem ser compelidos ao custeio de materiais em excesso – Laudo pericial que reconheceu a pertinência dos procedimentos cirúrgico bem como dos materiais, todavia ressalvou a não comprovação da efetiva utilização de todos os materiais solicitados – Prevalência da prova técnica do juízo, imparcial e produzida sob o crivo do contraditório – Mantida a obrigação restrita aos materiais efetivamente utilizados – Sentença reformada em parte – RECURSO PROVIDO EM PARTE."
1000183-27.2021.8.26.0548,20782316,Apelação Cível,Tratamento médico-hospitalar,Benedito Antonio Okuno,Campinas,8ª Câmara de Direito Privado,8,Direito Privado,23/07/2026,30/07/2026,,True,False,130,"APELAÇÃO CÍVEL. Plano de saúde . Negativa de cobertura em situação de urgência/emergência. Sentença que julgou procedente a ação para declarar abusiva a negativa de cobertura , condenar a operadora ao custeio integral das despesas médico-hospitalares da autora e do recém-nascido, determinar o reembolso de valores pagos, bem como ao pagamento de custas, honorários e indenização por danos morais, fixada em 20 salários mínimos. Recurso da operadora. Não acolhimento. Relação de consumo, com incidência do Código de Defesa do Consumidor. Comprovação de situação de urgência/emergência. Abusividade da negativa de cobertura . Cabimento do custeio integral e do reembolso das despesas médicas. Dano moral configurado, em razão da recusa indevida de cobertura em situação de risco à saúde e à vida, ultrapassando o mero inadimplemento contratual. Valor fixado adequado. RECURSO DESPROVIDO."
1058829-72.2023.8.26.0576,20782285,Embargos de Declaração Cível,Fornecimento de medicamentos,Benedito Antonio Okuno,São José do Rio Preto,8ª Câmara de Direito Privado,8,Direito Privado,30/07/2026,30/07/2026,,False,False,86,"EMBARGOS DE DECLARAÇÃO – Verificada a ocorrência de omissão quanto a temas vinculantes – Plano de saúde – Diabetes Mellitus Tipo 1 – Negativa de cobertura para fornecimento da bomba de infusão de insulina e seus insumos (Bomba de insulina Minimed 780G) – Adoção do Tema 1316 do STJ e da ADI 7265 do STF – Sanada a omissão, não é caso de modificação do resultado do julgamento – Preenchimento de todos os requisitos previstos no tema vinculante – EMBARGOS ACOLHIDOS EM PARTE, SEM EFEITOS MODIFICATIVOS."
1028764-29.2024.8.26.0554,20782467,Apelação Cível,Tratamento médico-hospitalar,Benedito Antonio Okuno,Santo André,8ª Câmara de Direito Privado,8,Direito Privado,30/07/2026,30/07/2026,,False,False,95,APELAÇÃO. PLANO DE SAÚDE – AÇÃO DE OBRIGAÇÃO DE FAZER – BENEFICIÁRIO PORTADOR DE TRANSTORNO DO ESPECTRO AUTISTA (TEA) EM GRAU SEVERO – SENTENÇA DE PARCIAL PROCEDÊNCIA – CERCEAMENTO DE DEFESA NÃO CONFIGURADO – PRODUÇÃO DE PROVA TÉCNICA PRESCINDÍVEL – TRATAMENTO MULTIDISCIPLINAR – LIMITAÇÃO DO NÚMERO DE SESSÕES – INADMISSIBILIDADE – PRESCRIÇÃO MÉDICA QUE DEVE PREVALECER – ROL DA ANS DE CARÁTER EXEMPLIFICATIVO – ABUSIVIDADE DA RESTRIÇÃO – COBERTURA INTEGRAL DAS TERAPIAS INDICADAS – REDE CREDENCIADA QUE NÃO AFASTA A OBRIGAÇÃO QUANDO INSUFICIENTE OU INADEQUADA AO CASO CONCRETO – SENTENÇA CORRETA – RECURSO NÃO PROVIDO.
1002311-13.2025.8.26.0505,20782836,Apelação Cível,Fornecimento de medicamentos,Donegá Morandini,Ribeirão Pires,3ª Câmara de Direito Privado,3,Direito Privado,30/07/2026,30/07/2026,5000.0,False,False,256,"APELAÇÃO. PLANOS DE SAÚDE . AÇÃO DE OBRIGAÇÃO DE FAZER C/C INDENIZAÇÃO POR DANOS MORAIS. 
Prescrição dos fármacos luspartecept e Foscarnet ao autor, diagnosticado com Síndrome Mielodisplásica. Falecimento do autor durante a instrução. Sentença de parcial procedência para declarar a nulidade de documentos firmados pelo autor para a aquisição do medicamento Foscarnet e para condenar a operadora ao pagamento de indenização por danos morais no montante de R$ 5.000,00. Irresignação da operadora. Nulidade da sentença que deve ser reconhecida. Fármacos que não estão listados no rol da ANS. Ao julgar os EREsps 1.886.929/SP e 1.889.704/SP, a Segunda Seção do E. STJ estabeleceu os critérios que devem ser observados para se reconhecer a obrigação de cobertura de assistência médica não listada no rol da ANS. A Lei nº 14.454/2022, por sua vez, incluiu o §13 ao art. 10 da Lei nº 9.656/98 para, também, tratar sobre o tema. Por fim, o E. STF, em sede da ADI nº 7.265/DF, listou os requisitos para se reconhecer a constitucionalidade de obrigação de custeio de assistência médica que não consta do rol da ANS. Sendo assim, o relatório do médico assistente não mais ampara, por si só, demandas como a presente. Ademais, o relatório NatJus se debruçou sobre apenas um dos medicamentos prescritos. Necessidade, assim, de produção de prova pericial, diante da especificidade dos requisitos estipulados pelo E. STF, ainda que de forma indireta. Ausência de oportunidade às partes para se manifestarem acerca das provas que pretendiam produzir. Sentença nula para se determinar a produção de prova pericial. 
APELO PROVIDO."
1201123-86.2024.8.26.0100,20782519,Apelação Cível,Tratamento médico-hospitalar,Luiz Antonio Costa,São Paulo,7ª Câmara de Direito Privado,7,Direito Privado,30/07/2026,30/07/2026,,False,False,105,"Apelação – Consumidor – Plano de Saúde – Ação de Obrigação de Fazer c.c. Indenização por Danos Morais – Procedência – Bradicardia sintomática – Indicação de implantação de marca passo – Documentos médicos demonstram a urgência no tratamento, bem como dos materiais correspondentes – Enfermidade que tem cobertura contratual – Indicação médica para a implementação de marca passo – Necessidade de cirurgia/materiais – A operadora pode estabelecer quais doenças são cobertas pela avença, mas não o tipo de tratamento indicado para combater a enfermidade – Dever de custeio do procedimento e dos materiais necessários – Entendimento jurisprudencial deste Tribunal – Sentença mantida – Recurso improvido."
1000492-23.2023.8.26.0663,20782832,Apelação Cível,Tratamento médico-hospitalar,Donegá Morandini,Votorantim,3ª Câmara de Direito Privado,3,Direito Privado,30/07/2026,30/07/2026,7000.0,False,False,149,"APELAÇÃO. PLANOS DE SAÚDE . CIRURGIAS PÓS-BARIÁTRICA. 
Sentença de parcial procedência por via da qual se determinou a cobertura dos procedimentos cirúrgicos prescritos e condenou a operadora ao pagamento de indenização por danos morais no montante de R$ 7.000,00. Irresignação da operadora. Parcial acolhimento. É de cobertura obrigatória a cirurgia plástica de caráter reparador ou funcional indicada pelo médico assistente, em paciente pós-cirurgia bariátrica, visto ser parte decorrente do tratamento da obesidade mórbida. Tese fixada no Tema Repetitivo 1.096 do E. STJ. No caso, o perito, em laudo detalhado, concluiu pela necessidade de todas as intervenções cirúrgicas prescritas pelo médico assistente por reconhecer o seu caráter funcional. Cobertura que deve se dar, como regra, na rede credenciada. Danos morais. Não configurados. Hipótese de dúvida objetiva na interpretação de cláusulas contratuais o que afasta a ocorrência de danos morais. Jurisprudência do E. STJ. Sentença reformada em parte.
APELO PARCIALMENTE PROVIDO."
1024975-15.2022.8.26.0482,20782838,Apelação Cível,Planos de saúde,Donegá Morandini,Presidente Prudente,3ª Câmara de Direito Privado,3,Direito Privado,30/07/2026,30/07/2026,,False,False,175,"APELAÇÃO. PLANOS DE SAÚDE . AÇÃO DE INDENIZAÇÃO POR DANOS MATERIAIS E MORAIS. 
Prescrição médica ao autor de diversos exames para se avaliar a sua saúde. Dentre todos, a operadora somente negou a cobertura do exame anti-MOG. Sentença de improcedência. Irresignação do autor. Não acolhimento. Ausência de provas de eficácia de tal exame ao caso do autor. Pressupostos do art. 10, §13, da Lei nº 9.656/98 não preenchidos. Ao responder os ofícios, a ANS e a CONITEC também não apontaram a existência de eficácia do exame em questão para o caso do autor. Sendo assim, seja pela falta de prova de eficácia ou pela ausência de negativa de cobertura , descabe condenar a operadora de plano de saúde ao pagamento de indenização por danos materiais, inclusive porque o autor, por mera liberalidade, contratou serviços em clínica particular a despeito de parte do pedido administrativo de cobertura ter sido acolhido pela operadora. Não há que se cogitar, ainda, de ocorrência de danos morais por ausência de conduta ilícita por parte da operadora. Sentença mantida.
APELO DESPROVIDO."
1182843-67.2024.8.26.0100,20782625,Apelação Cível,Tratamento médico-hospitalar,Luiz Antonio Costa,São Paulo,7ª Câmara de Direito Privado,7,Direito Privado,30/07/2026,30/07/2026,,False,False,94,"Apelação – Plano de Saúde – Negativa de cobertura de cirurgia cardíaca – Alegação de urgência/emergência – Sentença de improcedência proferida de forma antecipada, com base na carência de 24 meses para doença preexistente – Inadmissibilidade – Controvérsia acerca da natureza do procedimento (eletivo ou urgente) – Necessidade de prova técnica – Carência contratual que não prevalece em hipóteses de urgência ou emergência (artigos 12, V, ""c"" e 35-C da Lei 9656/98 – Entendimento do STJ – Cerceamento de defesa configurado – Anulação da sentença – Retorno dos autos a origem – Recurso prejudicado."
1047411-45.2025.8.26.0002,20782624,Apelação Cível,Tratamento médico-hospitalar,Luiz Antonio Costa,São Paulo,7ª Câmara de Direito Privado,7,Direito Privado,30/07/2026,30/07/2026,10000.0,False,False,197,"Apelação - Plano de saúde – Autora portadora de carcinoma de pequenas células do pulmão (estágio IV) – Preliminar de ilegitimidade passiva afastada diante da existência de grupo econômico – Negativa de cobertura de medicamento quimioterápico pelo plano de saúde - Necessidade de fornecimento do medicamento Atezolizumabe – O tratamento da doença que acomete a Autora está presente na lista de doenças cobertas pelo plano de saúde - A operadora pode estabelecer quais doenças são cobertas pela avença, mas não o tipo de tratamento indicado para combater a enfermidade - Medicamento quimioterápico necessário ao controle da doença – Incidência da Súmula nº 95 da Seção de Direito Privado I deste Tribunal – Observância ao recente entendimento do E. STJ (REsp nº 1729566/SP), no sentido de que os planos de saúde devem cobrir uso 'off label' de medicamentos com registro na ANVISA – Entendimento deste E. Tribunal – Danos morais configurados – Precedentes do STJ e deste Tribunal - Reparação fixada no montante de R$ 10.000,00 – Atenção aos princípios da razoabilidade e da proporcionalidade – Sucumbência atribuída exclusivamente às Rés, de forma solidária – Sentença reformada – Recurso da Autora provido e improvido os recursos das Rés."
1043026-31.2024.8.26.0506,20781923,Apelação Cível,Tratamento médico-hospitalar,Débora Brandão,Ribeirão Preto,6ª Câmara de Direito Privado,6,Direito Privado,29/07/2026,30/07/2026,,False,False,219,"Apelação. Plano de saúde . Procedimento intrauterino não previsto no rol da ANS. Sentença de procedência proferida em julgamento antecipado. Discussão técnica. Incidência do decidido na ADI 7265 do C. STF. Necessidade de prova técnica. Partes que requereram o julgamento antecipado. Impossibilidade no caso concreto. Nulidade da sentença. Sentença anulada de ofício com determinação de reabertura da instrução processual. I. Caso em exame: 1- Apelação interposta contra sentença que condenou operadora ao custeio integral de cirurgia fetal de alta complexidade, com base em prescrição médica e documentação unilateral. II. Questão em discussão: 2- Saber se é válida a sentença sem prévia instrução técnica adequada, à luz da ADI 7265 do STF. III. Razões de decidir: 3- Relação de consumo não afasta a necessidade de prova técnica em matéria médica especializada. 4- STF exige, para cobertura fora do rol da ANS, demonstração de evidência científica qualificada e consulta ao NATJUS. 5- Sentença fundada apenas em laudos unilaterais, sem perícia ou apoio técnico, configura julgamento prematuro. IV. Dispositivo e tese: 6- Sentença anulada de ofício. Tese de julgamento: ""1. É nula a decisão que determina cobertura de procedimento não constante do rol da ANS sem prova técnica e consulta ao NATJUS, conforme a ADI 7265. 2. A dilação probatória é imprescindível para aferição de eficácia, segurança e inexistência de alternativa terapêutica."""
1144142-71.2023.8.26.0100,20781783,Apelação Cível,Planos de saúde,Débora Brandão,São Paulo,6ª Câmara de Direito Privado,6,Direito Privado,29/07/2026,30/07/2026,,False,False,273,"Apelação cível. Plano de saúde . ""Reembolso assistido"" sem desembolso prévio. Limites da tutela inibitória. Manutenção da sentença. Recurso desprovido. I. Caso em exame: 1- Apelação contra sentença que reconheceu a ilicitude do ""reembolso assistido"" sem desembolso, determinando obrigações de não fazer à clínica ré, rejeitando pedidos amplos das autoras e julgando improcedente a reconvenção, com sucumbência recíproca. II. Questão em discussão: 2- Há quatro questões em discussão: (i) saber se cabível ampliar as medidas inibitórias para vedar exames sem consulta; (ii) saber se possível declarar genericamente inexigíveis os reembolsos; (iii) saber se é possível vedar/baixar NIPs perante a ANS; (iv) saber se deve ser revista a sucumbência e fixados honorários por equidade. III. Razões de decidir: 3- O reembolso exige desembolso prévio, sendo nula a cessão sem objeto (art. 12, VI, da Lei nº 9.656/98; STJ), correção da vedação imposta. 4- Incabível ampliar restrições sem prova de ilícito autônomo, sob pena de intervenção indevida em atividade médica/regulatória. 5- Inviável inexigibilidade genérica, impondo-se análise casuística para resguardar reembolsos legítimos. 6- Impossível vedação ampla de NIPs, instrumento próprio da ANS, admitido controle apenas em casos concretos. 7- Mantida a sucumbência recíproca e honorários, ausentes hipóteses do art. 85, §8º, do CPC. IV. Dispositivo e tese: 8- Recurso desprovido. Tese de julgamento: ""1. O reembolso em plano de saúde pressupõe desembolso prévio, sendo nula a cessão sem crédito existente. 2. A tutela inibitória deve limitar-se ao ilícito comprovado, vedadas medidas genéricas. 3. Não é possível declarar, em abstrato, a inexigibilidade de reembolsos. 4. A atuação da ANS por meio de NIPs não pode ser obstada genericamente. 5. A fixação de honorários por equidade é excepcional."""
2352397-55.2025.8.26.0000,20781807,Embargos de Declaração Cível,Tratamento médico-hospitalar,Fernando Marcondes,São Paulo,2ª Câmara de Direito Privado,2,Direito Privado,18/07/2026,30/07/2026,,False,False,275,"Direito do consumidor. Embargos de declaração. Plano de saúde . Cumprimento de sentença. Astreintes. Alegada omissão e contradição. Inocorrência. Pretensão de rediscussão do julgado. Impossibilidade. Prequestionamento. Embargos rejeitados.

I. Caso em exame
1. Embargos de declaração opostos contra Acórdão que negou provimento, na parte conhecida, a agravo de instrumento e julgou prejudicado agravo interno interpostos por operadora de saúde, reconhecendo descumprimento de obrigação e incidência de astreintes.

II. Questão em discussão
2. A controvérsia consiste em verificar se o acórdão embargado padece de omissão, contradição ou obscuridade quanto a: (i) existência de omissão quanto à alegada excessividade da multa coercitiva; (ii) ocorrência de contradição quanto ao cumprimento da obrigação; e (iii) necessidade de prequestionamento de dispositivos legais.

III. Razões de decidir
3. Inexistência de omissão, pois o acórdão analisou expressamente a adequação e proporcionalidade das astreintes, reputando-as compatíveis com a finalidade coercitiva diante do descumprimento reiterado da obrigação.
4. Ausência de contradição, uma vez que o julgado foi claro ao consignar a não comprovação do cumprimento da obrigação pela parte agravante, justificando a manutenção da multa até o adimplemento. 
5. Quanto ao prequestionamento, o Julgador não está obrigado a mencionar expressamente todos os dispositivos legais invocados pelas partes, desde que a matéria tenha sido devidamente enfrentada e decidida. 

IV. Dispositivo e tese
6. Embargos de declaração rejeitados. 

Tese de julgamento: ""1. Não se configuram omissão, contradição ou obscuridade quando o acórdão enfrenta de forma fundamentada as teses relevantes ao deslinde da controvérsia, ainda que em sentido contrário ao interesse da parte. 2. Os embargos de declaração não se prestam à rediscussão do mérito.""
Legislação citada: CPC, arts. 489, § 1º; 1.022; e 1.026, § 2º."
2122917-79.2026.8.26.0000,20782049,Agravo de Instrumento,Tratamento médico-hospitalar,João Battaus Neto,São Paulo,Núcleo 4.0-T. II (DP1),,,30/07/2026,30/07/2026,,False,False,265,"DIREITO CIVIL. AGRAVO DE INSTRUMENTO. PLANO DE SAÚDE . INTERNAÇÃO DE URGÊNCIA EM UTI PEDIÁTRICA. CARÊNCIA. PORTABILIDADE. RECÉM-NASCIDO. RECURSO DESPROVIDO. I. Caso em exame: Agravo de instrumento contra decisão que deferiu tutela de urgência para cobertura integral de internação em UTI pediátrica de lactente acometido por infecção bacteriana sistêmica grave, com necessidade de ventilação mecânica e acesso venoso central. Operadora alega novo período de carência por suposto cancelamento e recontratação. II. Questão em discussão: Verificar a legitimidade da negativa de cobertura fundada em carência diante de quadro emergencial, a ocorrência de portabilidade de carências e a isenção carencial por inclusão de recém-nascido no prazo legal. III. Razões de decidir: É abusiva a exigência de carência superior a vinte e quatro horas em atendimento de urgência e emergência (Súmulas 103/TJSP e 597/STJ). 4. A carta de permanência emitida pela própria operadora para fins de portabilidade impede, por boa-fé objetiva, a oposição de novo período carencial. 5. Recém-nascido inscrito em até trinta dias do nascimento é isento de carência (art. 12, III, ""b"", Lei 9.656/98). 6. A irreversibilidade milita em favor do menor, cujo risco de vida não comporta a suspensão da medida. IV. Dispositivo e tese: Recurso desprovido. Tese: ""É abusiva a negativa de cobertura emergencial fundada em carência superior a vinte e quatro horas; a operadora que emite carta de permanência para portabilidade não pode opor novo período carencial; o recém-nascido inscrito no prazo legal é isento de carência."". Legislação relevante: arts. 12, III, ""b"", V, ""c"", e 35-C, I, da Lei 9.656/98; art. 300 do CPC; RN ANS 438/2018; Súmulas 103/TJSP, 597/STJ e 25/ANS."
1012373-12.2025.8.26.0506,20782058,Apelação Cível,Tratamento médico-hospitalar,João Battaus Neto,Ribeirão Preto,Núcleo 4.0-T. II (DP1),,,30/07/2026,30/07/2026,20000.0,True,False,392,"DIREITO DO CONSUMIDOR. AÇÃO DE INDENIZAÇÃO POR DANOS MORAIS. NEGATIVA DE COBERTURA DE PROCEDIMENTO CIRÚRGICO DE URGÊNCIA. APENDICITE AGUDA. CARÊNCIA CONTRATUAL INAPLICÁVEL EM SITUAÇÃO DE EMERGÊNCIA. LEI Nº 9.656/98, ART. 35-C. DANO MORAL COMPROVADO. SENTENÇA MANTIDA. RECURSO DESPROVIDO.
I – Caso em exame: Ação de indenização por danos morais ajuizada em razão da negativa de cobertura de procedimento cirúrgico de urgência (apendicectomia) sob alegação de não cumprimento do período de carência de 180 dias. A autora, diagnosticada com apendicite aguda, foi compelida a se transferir para a rede pública de saúde, onde realizou a cirurgia imediatamente. Pleiteou indenização por danos morais no valor de R$ 20.000,00.
II – Questão em discussão: Definir se a negativa de cobertura de procedimento cirúrgico de urgência/emergência, sob fundamento de período de carência contratual, constitui conduta ilícita geradora de dano moral indenizável, considerando o disposto no art. 35-C da Lei nº 9.656/98 e a jurisprudência consolidada do C. STJ.
III – Razões de decidir: A sentença de primeira instância merece ser mantida. A operadora recorrente não discute propriamente a existência da urgência no quadro clínico da autora, limitando-se a alegar que os casos de urgência/emergência seriam restritos a acidentes pessoais, ignorando que o art. 35-C, inciso I, da Lei nº 9.656/98 expressamente refere-se a casos que ""implicarem risco imediato de vida ou de lesões irreparáveis para o paciente"", sem qualquer limitação a acidentes pessoais. A documentação médica acostada aos autos demonstra que a paciente chegou ao hospital com febre, náusea e muita dor; após realização de exames clínicos e tomografia, foi diagnosticada apendicite aguda, ensejando prescrição de procedimento cirúrgico imediato. A urgência é evidente e comprovada pelos achados clínicos e laboratoriais. O abalo anímico fica caracterizado pelo fato de a autora ter se evadido do hospital, interrompendo o tratamento, para realizar a cirurgia na rede pública, em razão do desespero decorrente de seu estado clínico grave e da negativa injustificada da operadora. 
IV – Dispositivo e tese: Recurso desprovido. Tese: A negativa de cobertura de procedimento cirúrgico de urgência/emergência, sob fundamento de período de carência contratual, constitui conduta ilícita; demonstrado abalo anímico relevante, impões a condenação da operadora ao pagamento de indenização a título de danos morais.
Legislação relevante citada: art. 35-C da Lei nº 9.656/98, art. 12, V, alínea ""c"", da Lei nº 9.656/98, Súmula 597 do STJ e CDC, arts. 47 e 51, inciso IV."
1000627-38.2025.8.26.0704,20782013,Apelação Cível,Fornecimento de medicamentos,João Battaus Neto,São Paulo,Núcleo 4.0-T. II (DP1),,,30/07/2026,30/07/2026,8000.0,False,False,430,"DIREITO CIVIL E DO CONSUMIDOR. PLANO DE SAÚDE . FORNECIMENTO DE MEDICAMENTO. NEGATIVA. USO ""OFF LABEL"". CAPECITABINA PARA TRATAMENTO ADJUVANTE DE COLANGIOCARCINOMA. AUSÊNCIA DE PREENCHIMENTO CUMULATIVO DOS REQUISITOS FIXADOS PELO STF NA ADI 7.265. REFORMA DA SENTENÇA. RECURSO PROVIDO.
I – Caso em exame: Apelação interposta contra sentença que julgou parcialmente procedente ação ajuizada por portadora de neoplasia primária de fígado/colangiocarcinoma, para confirmar tutela de urgência de custeio de capecitabina, condenar a ré ao ressarcimento do montante despendido com o primeiro ciclo e ao pagamento de R$ 8.000,00 a título de danos morais.
II – Questão em discussão: Definir se à luz do regime jurídico do rol da ANS após a Lei nº 14.454/2022 e da orientação vinculante firmada pelo STF na ADI 7.265, é obrigatória a cobertura, pelo plano de saúde , de medicamento quimioterápico prescrito para indicação não contemplada no rol para a moléstia específica da paciente.
III – Razões de decidir: O medicamento capecitabina não possui cobertura obrigatória no rol da ANS para neoplasia primária de fígado/colangiocarcinoma, impondo-se, para o custeio extra-rol, a verificação cumulativa dos requisitos fixados pelo STF na ADI 7.265. No caso, o parecer técnico do Natjus concluiu pela inexistência de evidência científica suficiente para recomendar quimioterapia adjuvante com capecitabina em pacientes com colangiocarcinoma operado, destacando ausência de benefício no desfecho primário de sobrevida global no estudo BILCAP e falta de ganho consistente em metanálise referida. A prova técnica produzida nos autos, portanto, afasta o requisito concernente à comprovação de eficácia e segurança do tratamento à luz da medicina baseada em evidências de alto grau, o que inviabiliza a imposição judicial da cobertura. Não preenchidos cumulativamente os pressupostos definidos pelo STF, a negativa revela exercício regular de direito, sem ilicitude, o que afasta, por consequência, tanto a obrigação de custeio quanto os pedidos indenizatórios.
IV – Dispositivo e tese: Recurso provido. Tese: em demanda de cobertura de tratamento não previsto no rol da ANS para a enfermidade específica do beneficiário, a prescrição médica, por si só, não autoriza o custeio judicial; ausente comprovação, por evidências científicas de alto nível, da eficácia e segurança do tratamento, nos termos cumulativos fixados pelo STF na ADI 7.265, é legítima a negativa da operadora, ficando afastados o dever de cobertura e a responsabilidade civil.
Legislação relevante citada: art. 10, §§ 12 e 13, da Lei nº 9.656/98; Lei nº 14.454/2022; Lei nº 9.961/00, art. 4º, III; RN ANS nº 465/2021, arts. 2º e 17, parágrafo único; arts. 355, I, 487, I, e 489, § 1º, do CPC; art. 927, § 1º, do CPC; art. 405 do Código Civil."
1000323-67.2025.8.26.0048,20781089,Apelação Cível,Fornecimento de medicamentos,Elcio Trujillo,Atibaia,10ª Câmara de Direito Privado,10,Direito Privado,24/07/2026,29/07/2026,10000.0,False,False,217,"DIREITO CIVIL. APELAÇÃO. PLANO DE SAÚDE . MEDICAMENTO. COBERTURA DEVIDA. DANOS MORAIS CONFIGURADOS. RECURSO NÃO PROVIDO.

I. Caso em Exame
1. Apelação contra sentença que julgou a ação procedente para condenar a ré a custear o medicamento Noripurum EV e ao ressarcimento de danos morais em R$ 10.000,00.

II. Questão em Discussão
2. A questão em discussão consiste em apurar: (i) a obrigatoriedade de cobertura de medicamento, (ii) a configuração de danos morais e (iii) o valor adequado da indenização.

III. Razões de Decidir
3. O medicamento pleiteado não é de uso domiciliar. É solução injetável intravenosa, a ser administrado por profissional da saúde.
4. Está comprovada a eficácia do medicamento, encontrando-se preenchidos os requisitos para cobertura excepcional de tratamento não previsto no rol da ANS.
5. A recusa indevida de cobertura de tratamento indispensável e insubstituível agravou o estado psíquico da autora, a ensejar o ressarcimento por danos morais.
6. A indenização foi fixada em valor razoável e proporcional ao dano.

IV. Dispositivo e Tese
7. Recurso não provido.
Tese de julgamento: 1. Obrigatória a cobertura de medicamento eficaz, indispensável, insubstituível e de uso ambulatorial. 2. A indenização por danos morais é devida quando a negativa indevida de cobertura agrava o estado psíquico.

Legislação Citada:
Lei nº 9.656/98, art. 10, §13.

Jurisprudência Citada:
STF, ADI 7265."
1046635-85.2025.8.26.0506,20781087,Apelação Cível,Tratamento médico-hospitalar,Elcio Trujillo,Ribeirão Preto,10ª Câmara de Direito Privado,10,Direito Privado,24/07/2026,29/07/2026,,False,False,162,"DIREITO CIVIL. APELAÇÃO. PLANO DE SAÚDE . INDEFERIMENTO DA INICIAL AFASTADO. EMENDA DETERMINADA. RECURSO PROVIDO.

I. Caso em Exame
1. Apelação contra sentença que indeferiu a inicial, condenando a autora ao pagamento das custas processuais.

II. Questão em Discussão
2. A questão em discussão consiste em apurar se a nova negativa administrativa de cobertura emitida pela operadora configura fato novo que afasta a coisa julgada.

III. Razões de Decidir
3. A extinção do feito por coisa julgada foi prematura, pois há indícios de que a presente ação está relacionada a negativa administrativa diversa.
4. A petição inicial apresenta vícios sanáveis, devendo a autora emendar a inicial para esclarecer os detalhes da negativa de cobertura .

IV. Dispositivo e Tese
5. Recurso provido.
Tese de julgamento: 1. A coisa julgada pressupõe identidade entre partes, pedido e causa de pedir. 2. A petição inicial deve ser emendada para sanar vícios e esclarecer a causa de pedir.

Legislação Citada:
Código de Processo Civil, art. 321."
1000415-40.2024.8.26.0449,20781086,Apelação Cível,Fornecimento de medicamentos,Elcio Trujillo,Piquete,10ª Câmara de Direito Privado,10,Direito Privado,24/07/2026,29/07/2026,,False,False,311,"DIREITO CIVIL. APELAÇÃO. PLANO DE SAÚDE . MEDICAMENTO. ESCLEROSE MÚLTIPLA. NEGATIVA ABUSIVA. RECURSO NÃO PROVIDO.

I. Caso em Exame
1. Apelação contra sentença que julgou a ação parcialmente procedente para condenar a ré a fornecer medicamento para tratamento de esclerose múltipla.

II. Questão em Discussão
2. A questão em discussão consiste em apurar: (i) o dever de custear o medicamento e (ii) a base de cálculo dos honorários advocatícios.

III. Razões de Decidir
3. A Lei nº 9.656/98 prevê a obrigatoriedade de cobertura de medicamentos domiciliares de uso oral destinados ao tratamento de câncer.
4. Em respeito aos princípios da isonomia, da dignidade da pessoa humana, do direito à saúde e da função social do contrato, a mesma proteção deve ser garantida a pacientes que dependem de medicamentos domiciliares de uso oral indispensáveis e insubstituível ao tratamento de esclerose múltipla, doença igualmente grave, progressiva e potencialmente fatal.
5. Há evidências da eficácia do tratamento.
6. Correta a incidência dos honorários advocatícios sobre o proveito econômico decorrente do custeio de tratamento médico.

IV. Dispositivo e Tese
7. Recurso não provido.
Tese de julgamento: 1. É injustificada a discriminação entre doenças graves para o fim de negar cobertura de medicamentos domiciliares de uso oral de tratamento de eficácia comprovada. 2. Honorários advocatícios incidem preferencialmente sobre o proveito econômico, quando não há condenação líquida.

Legislação Citada:
Lei nº 9.656/98, art. 12, incisos I, alínea 'c', e II, alínea 'g'; art. 10, §13.
Constituição Federal, art. 1º, III; art. 5º, caput; art. 196.
Código Civil, art. 421.

Jurisprudência Citada:
STJ, EREsps nºs 1.886.929/SP e 1.889.704/SP.
STF, ADI 7265.
STJ, AgInt no REsp n. 2.238.695/SP, relator Ministro Raul Araújo, Quarta Turma, julgado em 13/4/2026, DJEN de 22/4/2026.
STJ, AgInt no AREsp n. 2.387.769/DF, Rel. Min. Nancy Andrighi, Terceira Turma, j. 28.10.2024.
STJ, AgInt no AREsp n. 2.296.359/PR, Rel. Min. Maria Isabel Gallotti, Quarta Turma, j. 11.12.2023."
1005434-86.2024.8.26.0009,20779586,Apelação Cível,Tratamento médico-hospitalar,Marcia Rezende Barbosa de Oliveira,São Paulo,Núcleo 4.0-T. VII (DP1),,,29/07/2026,29/07/2026,20000.0,True,False,215,"APELAÇÃO CÍVEL. PLANO DE SAÚDE . NEGATIVA DE INTERNAÇÃO EM CASO DE URGÊNCIA. CARÊNCIA CONTRATUAL. ABUSIVIDADE. DANOS MORAIS. RECURSO DESPROVIDO.
I - CASO EM EXAME
Apelação interposta por operadora de plano de saúde contra sentença que reconheceu a abusividade da negativa de internação por alegação de carência contratual e condenou a ré ao pagamento de indenização por danos morais.
II - QUESTÕES EM DISCUSSÃO
Definir se houve negativa indevida de cobertura em situação de urgência/emergência e estabelecer se a conduta da operadora enseja danos morais indenizáveis.
III - RAZÕES DE DECIDIR
(1) Os documentos médicos e o laudo pericial demonstram que a autora apresentava quadro compatível com suspeita de sepse, com risco potencial de agravamento e indicação de internação imediata. (2) A negativa de cobertura ocorreu sob fundamento de carência contratual, em afronta aos arts. 12, V, e 35-C da Lei nº 9.656/98 e às Súmulas 597 do STJ e 103 do TJSP. (3) A melhora clínica posterior da paciente não afasta a ilicitude da recusa inicial nem o risco de morte imposto à autora. (4) A recusa indevida de cobertura em situação de urgência configura falha na prestação do serviço e gera dano moral indenizável. (5) O valor fixado em R$ 20.000,00 observa os princípios da razoabilidade e proporcionalidade.
IV - DISPOSITIVO
Recurso Desprovido."
1039945-94.2024.8.26.0564,20780599,Apelação Cível,Tratamento médico-hospitalar,Gilberto Franceschini,São Bernardo do Campo,Núcleo 4.0-T. III (DP1),,,29/07/2026,29/07/2026,5000.0,True,True,430,"DIREITO CIVIL. APELAÇÃO. PLANO DE SAÚDE . INDENIZAÇÃO POR DANOS MORAIS. NEGATIVA DE CONTINUIDADE DE INTERNAÇÃO HOSPITALAR. SITUAÇÃO DE URGÊNCIA MÉDICA. QUANTUM MANTIDO. RECURSO DESPROVIDO.

I. Caso em Exame
1. André Gomes Ferreira interpôs recurso de apelação contra sentença que julgou procedente o pedido de indenização por danos morais em ação movida contra Notre Dame Intermédica Saúde S.A. A sentença determinou que a ré se abstivesse de cobrar valores referentes ao tratamento médico-hospitalar dispensado ao autor e condenou-a ao pagamento de R$ 5.000,00 por danos morais, corrigidos pela Tabela Prática do TJSP e acrescidos de juros de 1% ao mês a partir da citação.

II. Questão em Discussão
2. A questão em discussão consiste em (i) analisar a adequação do valor fixado a título de indenização por danos morais, considerando a gravidade dos fatos e a situação de urgência médica enfrentada pelo autor, e (ii) avaliar os consectários sucumbenciais, incluindo a majoração dos honorários advocatícios.

III. Razões de Decidir
3. A relação de consumo entre as partes é inequívoca, aplicando-se o Código de Defesa do Consumidor aos contratos de plano de saúde , conforme Súmula 608 do STJ. A responsabilidade da operadora de plano de saúde é objetiva, bastando a demonstração da conduta, do dano e do nexo causal, independentemente de culpa, nos termos do artigo 14 do CDC. 
4. A negativa de continuidade da internação hospitalar em situação de urgência médica expôs o autor a vulnerabilidade e desamparo, extrapolando o mero descumprimento contratual e atingindo sua esfera existencial. 
5. A fixação do dano moral deve observar critérios de razoabilidade e proporcionalidade, considerando a extensão do dano, o grau de reprovabilidade da conduta, a capacidade econômica do ofensor e a necessidade de que a reparação cumpra função compensatória e pedagógica. 
6. No caso concreto, o valor de R$ 5.000,00 fixado na sentença é adequado às circunstâncias do caso, atendendo às finalidades compensatória e pedagógica da indenização. 
7. A majoração pretendida para R$ 20.000,00 extrapolaria os limites da razoabilidade, atribuindo à indenização caráter excessivamente lucrativo, incompatível com sua natureza reparatória.

IV. Dispositivo e Tese
8 . Recurso desprovido.

Tese de julgamento: 1. A negativa de cobertura em situação de urgência médica é abusiva e gera dano moral. 2. A indenização por danos morais deve ser proporcional às circunstâncias do caso concreto.

Legislação Citada:
Código de Processo Civil, art. 85, §§ 2° e 11; art. 487, inciso I.
Código de Defesa do Consumidor, art. 6º, inciso VI; art. 14.
Código Civil, art. 186.

Jurisprudência Citada:
STJ, Súmula 326; STJ, Súmula 608.
TJSP, Apelação Cível 1001731-38.2025.8.26.0228, Rel. Marcos de Lima Porta, j. 03/07/2026."
1004719-41.2025.8.26.0322,20778357,Apelação Cível,Tratamento médico-hospitalar,Clara Maria Araújo Xavier,Lins,8ª Câmara de Direito Privado,8,Direito Privado,29/07/2026,29/07/2026,,False,False,112,"APELAÇÃO CÍVEL. AÇÃO DE OBRIGAÇÃO DE FAZER. PLANO DE SAÚDE . Tratamento multidisciplinar para Transtorno do Espectro Autista (TEA). Sentença de improcedência. Inconformismo da parte autora. Acolhimento. Legalidade da cláusula de coparticipação, nos termos do artigo 16, VIII, da Lei nº 9.656/98. Abusividade, contudo, reconhecida no caso concreto, diante da onerosidade excessiva e do comprometimento do acesso ao tratamento multidisciplinar prescrito. Coparticipação que, na forma praticada, implicava severa restrição ao acesso ao tratamento e transferência do seu custeio integral ao beneficiário. Necessidade de limitação da cobrança ao valor da mensalidade do plano, assegurada a cobertura das sessões prescritas, durante a vigência contratual. Restituição dos valores cobrados em excesso. Sentença reformada.
RECURSO PROVIDO."
1007710-34.2025.8.26.0566,20779414,Apelação Cível,Fornecimento de medicamentos,Galdino Toledo Júnior,São Carlos,9ª Câmara de Direito Privado,9,Direito Privado,29/07/2026,29/07/2026,8000.0,True,False,216,"PLANO DE SAÚDE - Negativa de custeio de medicamento para tratamento de neoplasia maligna neuroendócrina, do subtipo tumor neuroendócrino primário de pulmão, metastático para linfonodo mediastinal e lesão em L3 ressecada - Pleito cumulado com indenização por danos morais - Procedência decretada - Abusividade reconhecida - Alegação da ré de que o medicamento é off-label e não consta do rol de procedimentos obrigatórios da ANS - Inadmissibilidade - Empresa prestadora de serviços de assistência médica que não pode interferir na indicação feita pelo médico - Aplicação de novas técnicas que decorrem da evolução da medicina, sendo exigível, para defesa do consumidor a especificação de não cobertura nos contratos - Perícia médica que concluiu pela necessidade de utilização do medicamento no tratamento da autora - Pedido médico, ademais, que justifica a necessidade de utilização do medicamento indicado à autora - Dever da ré, assim, de fornecer o medicamento indicado à autora, consoante prescrição médica - Dano moral - Cabimento - Recusa baseada em cláusula contratual que, ao tempo da propositura da ação, já era reconhecida como nula pelo entendimento pretoriano - Conduta que, assim, passou a gerar dano moral pelos dissabores e dificuldades trazidos ao consumidor prejudicado - Fixação da verba reparatória em R$ 8.000,00 que se mostra razoável para compensar o sofrimento moral - Recurso desprovido."
2105413-60.2026.8.26.0000,20779354,Agravo de Instrumento,Tratamento médico-hospitalar,Lucilia Alcione Prata,São Paulo,6ª Câmara de Direito Privado,6,Direito Privado,29/07/2026,29/07/2026,,False,False,170,"AGRAVO DE INSTRUMENTO. LIQUIDAÇÃO PROVISÓRIA DE SENTENÇA. Obrigação de fazer c.c. indenizatória. Plano de saúde . Reembolso de despesas médico-hospitalares. Decisão que, diante da não apresentação de tabela pela operadora, determinou a elaboração de cálculos periciais utilizando a Tabela da Associação Médica Brasileira (AMB). Insurgência do autor/exequente. Acolhimento. Relação de consumo. Título executivo judicial que garantiu o reembolso nos limites da rede credenciada. Intimada a exibir os parâmetros, tabelas e múltiplos de cálculo para viabilizar a liquidação, a operadora limitou-se a alegar obrigação impossível por ausência de tabela no contrato. Postura que configura recusa ilegítima de exibição de documento, atraindo a sanção do art. 400, incisos I e II, do Código de Processo Civil. A obscuridade contratual e a desídia processual da fornecedora não podem onerar o consumidor. Impossibilidade de utilização da Tabela AMB, estranha à pactuação e inapta a refletir os custos reais da internação. Presunção de veracidade dos fatos alegados pelo credor, impondo-se o reconhecimento do dever de reembolso integral do valor comprovadamente desembolsado. Decisão reformada. RECURSO PROVIDO."
1001201-25.2023.8.26.0577,20779237,Apelação Cível,Planos de saúde,Claudio Godoy,São José dos Campos,1ª Câmara de Direito Privado,1,Direito Privado,28/07/2026,29/07/2026,,True,False,107,"Plano de saúde . Autor diagnosticado com linfoma não Hodgkin – Cid C83.3. Recusa à cobertura, sob o fundamento de que ausente previsão no rol de procedimentos da ANS, que se defende taxativo, e de inadequação às DUT. Abusividade. Taxatividade assentada em acórdão da Corte Superior no qual, de todo modo, ressalvadas situações excepcionais a permitir a cobertura de procedimento fora do rol. Ré que não demonstrou tratamento disponibilizado ao paciente, previsto no rol, que fosse suficiente e adequado ao enfrentamento da moléstia que lhe acomete. Lei n. 14.454/22 que se aplica ao caso. Cobertura devida. Dano moral configurado e indenização bem arbitrada. Recurso desprovido. Acórdão mantido."
1013723-19.2025.8.26.0576,20778602,Apelação Cível,Fornecimento de medicamentos,Daniella Carla Russo,São José do Rio Preto,Núcleo 4.0-T. III (DP1),,,29/07/2026,29/07/2026,5000.0,True,False,791,"DIREITO DO CONSUMIDOR. APELAÇÃO. PLANO DE SAÚDE COLETIVO. AÇÃO DE OBRIGAÇÃO DE FAZER C.C. INDENIZAÇÃO POR DANOS MORAIS. PACIENTE TETRAPLÉGICO. FORNECIMENTO DE SONDA VESICAL HIDROFÍLICA. ALEGAÇÃO DE AUSÊNCIA DE NEGATIVA FORMAL DA OPERADORA DE SAÚDE. EXTINÇÃO DO FEITO SEM RESOLUÇÃO DO MÉRITO, POR FALTA DE INTERESSE DE AGIR. COMPROVAÇÃO DA NEGATIVA DE COBERTURA RECONHECIDA. DANOS MORAIS INDENIZÁVEIS. APELO DO AUTOR. RECURSO PROVIDO.
I. CASO EM EXAME.
1. Recurso de apelação interposto pelo autor contra sentença que extinguiu o feito sem resolução do mérito, nos termos do artigo 485, VI do Código de Processo Civil, revogando a tutela de urgência concedida e condenando o demandante ao pagamento das custas, despesas processuais e honorários advocatícios fixados em 10% do valor da causa, por entender não ter havido comprovação de negativa formal de cobertura, aliada à não apresentação da documentação médica solicitada pela operadora de saúde para análise do pedido de cobertura. 
II. QUESTÃO EM DISCUSSÃO.
2. A questão em discussão consiste em analisar: (i) se o conjunto probatório dos autos demonstra a negativa de cobertura da sonda vesical hidrofílica por parte da operadora de saúde; (ii) se há interesse de agir a justificar a reforma da sentença e a análise do mérito da ação; (iii) se existe a obrigatoriedade de cobertura da sonda vesical hidrofílica, prescrita pelo médico que assiste o autor; (iv) se a negativa administrativa por parte da operadora de saúde foi abusiva; (v) o preenchimento dos requisitos cumulativos previstos na ADI 7265 do STF, caso se reconheça que o referido insumo não consta no rol da ANS e (vi) se há danos morais indenizáveis e o seu montante.
III. RAZÕES DE DECIDIR.
3. O Código de Processo Civil Brasileiro consagra o princípio da primazia do julgamento de mérito, segundo o qual o juiz deve buscar a solução definitiva da lide.


4. No caso dos autos, o conjunto probatório demonstra o envio do relatório médico solicitado e a negativa de cobertura por parte da operadora de saúde, razão pela qual é inconteste o interesse de agir do autor a justificar a propositura da presente ação e imperiosa a reforma da sentença, afastando-se a extinção sem resolução do mérito. E, nos termos do art. 1013, §3º, inciso I, do CPC, estando a causa madura para julgamento, de rigor a análise do mérito em sede de apelação.
5. Aplicação do Código de Defesa do Consumidor à relação jurídica, reconhecendo a vulnerabilidade da parte autora. Súmula 608 do STJ.
6. Compete ao médico que assiste ao paciente e não à operadora de saúde indicar o tratamento mais adequado ao caso.
7. É abusiva a negativa de cobertura da sonda vesical hidrofílica prescrita pelo médico do autor, prevalecendo o entendimento de que o rol da ANS é de taxatividade mitigada. Ademais, a sonda consta no rol da ANS e, mesmo que se reconheça que o caso concreto não se enquadra na Diretriz de Utilização, não se afasta a obrigatoriedade de cobertura.
8. O precedente vinculante do STF disposto na ADI 7265 reconhece a constitucionalidade do art. 10, §13, da Lei 9.656/98 (com redação da Lei 14.454/22), desde que observados requisitos cumulativos, os quais se encontram presentes no caso concreto, uma vez que a sonda vesical hidrofílica ""SpeediCath Navi CH 12"" tem registro na ANVISA; há comprovação de eficácia com base em evidências científicas, sobretudo em razão do parecer favorável da CONITEC; houve prescrição médica; não existe decisão da ANS negando o tratamento prescrito e a apelada não comprovou a existência de substituto terapêutico disponível no rol da ANS.
9. O dano moral está configurado pelos transtornos sofridos, os quais ultrapassam o mero dissabor, diante da angústia e insegurança impostas ao consumidor, em momento de fragilidade do seu estado de saúde.
10. Valor fixado a título de danos morais em R$ 5.000,00, que se mostra adequado ao caso e está em consonância com os princípios da razoabilidade e proporcionalidade.
IV. DISPOSITIVO E TESE
11. Recurso do autor provido para julgar procedente a ação.
Tese de julgamento: ""1. O princípio da primazia do julgamento do mérito, consagrado pelo Código de Processo Civil Brasileiro, prega a preferência pela solução definitiva da lide, razão pela qual, comprovada a negativa de cobertura e estando a causa madura para julgamento, impõe-se a análise do mérito em sede de apelação, nos termos do art. 1013, 3º, inciso I, do CPC. 
2. A negativa de cobertura do insumo prescrito é considerada abusiva, pois contraria a indicação médica e o direito à saúde e à vida, conforme jurisprudência do C. STJ e legislação vigente. 3. Observados os requisitos previstos na ADI 7265 do STF, é obrigatória a cobertura da sonda vesical hidrofílica indicada para o tratamento da enfermidade do autor, ainda que se reconheça que referido insumo não esteja inserido da DUT da ANS."""
1043708-06.2025.8.26.0100,20778727,Apelação Cível,Tratamento médico-hospitalar,Moreira Viegas,São Paulo,5ª Câmara de Direito Privado,5,Direito Privado,29/07/2026,29/07/2026,,False,False,273,"DIREITO DO CIVIL. APELAÇÃO. OBRIGAÇÃO DE FAZER. PROVIDO O RECURSO DO AUTOR E DESPROVIDO O RECURSO DA RÉ.

I. Caso em Exame
Ação de obrigação de fazer em que a sentença condenou a ré ao custeio integral das despesas médicas com sessões de hemodiafiltração online, domiciliar e diária, pelo método HDF, do paciente. O autor, beneficiário do plano de saúde da ré, foi diagnosticado com insuficiência renal crônica e solicitou o tratamento, que foi negado pela ré sob alegação de ausência de cobertura contratual.

II. Questão em Discussão
2. A questão em discussão consiste em (i) a adequação da base de cálculo dos honorários advocatícios de sucumbência e (ii) a negativa de cobertura do tratamento domiciliar pela ré.

III. Razões de Decidir
3. O Código de Defesa do Consumidor é aplicável, e o contrato deve ser interpretado em favor do consumidor. A negativa de cobertura do tratamento indicado pelo médico é considerada abusiva.
4. A distância de 23 km para o tratamento convencional é excessiva para o paciente debilitado, justificando o tratamento domiciliar. A preclusão da prova pericial, por omissão da ré, impede a discussão sobre a necessidade do tratamento.

IV. Dispositivo e Tese
5. Dá-se provimento ao recurso do autor para ajustar a base de cálculo dos honorários advocatícios e nega-se provimento ao recurso da ré.

Tese de julgamento: 
1. A negativa de cobertura de tratamento essencial é abusiva. 
2. Honorários advocatícios devem ser calculados sobre o valor do proveito econômico.

Legislação Citada:
Código de Defesa do Consumidor, art. 51, IV; CPC, art. 85, § 2º.

Jurisprudência Citada:
TJSP, Apelação Cível 1000194-55.2021.8.26.0322, Rel. Paulo Alcides, 6ª Câmara de Direito Privado, j. 03.08.2021."
1023537-28.2025.8.26.0100,20779401,Apelação Cível,Tratamento médico-hospitalar,Daniela Cilento Morsello,São Paulo,9ª Câmara de Direito Privado,9,Direito Privado,29/07/2026,29/07/2026,,False,False,122,"APELAÇÃO. AÇÃO DE OBRIGAÇÃO DE FAZER C.C. REEMBOLSO DE VALORES. PLANO DE SAÚDE . Irresignação do nosocômio corréu em face da sentença de procedência da demanda, que não fixou honorários advocatícios em seu favor. Não acolhimento. Primazia do princípio da causalidade. Apelante que era parte legítima para figurar no polo passivo da demanda e responder à lide. Corréu que foi condenado na obrigação de fazer, consistente em cobrar diretamente da operadora de plano de saúde o custeio do tratamento da autora, e em tornar inexigível os débitos lançados em nome da beneficiária. Interessado que não se desincumbiu do ônus de evidenciar que as cobranças direcionadas à consumidora foram após a negativa de cobertura contratual. Precedentes deste E. Tribunal de Justiça. Recurso desprovido."
1045977-58.2024.8.26.0001,20778562,Apelação Cível,Planos de saúde,Débora Brandão,São Paulo,6ª Câmara de Direito Privado,6,Direito Privado,29/07/2026,29/07/2026,,False,False,197,"DIREITO CIVIL. APELAÇÃO. PLANO DE SAÚDE . MANUTENÇÃO DE BENEFICIÁRIOS. DANOS MORAIS. RECURSOS DESPROVIDOS. I. Caso em Exame 1. Ação julgada parcialmente procedente para manter as autoras como beneficiárias de plano de saúde após o falecimento da titular, afastando a pretensão de indenização por danos morais. Sucumbência recíproca, com custas e honorários divididos. II. Questão em Discussão 2. A questão em discussão consiste em (i) se as autoras têm direito à manutenção no plano de saúde após o falecimento da titular e (ii) se há direito à indenização por danos morais devido à exclusão do plano. III. Razões de Decidir 3. A manutenção das autoras no plano de saúde é justificada pela prolongada tolerância e conduta das rés, gerando legítima expectativa de continuidade, em conformidade com a boa-fé objetiva. 4. Não há comprovação de danos morais, pois a situação não extrapola os meros dissabores contratuais, sem prova de agravamento de saúde ou interrupção de tratamento. IV. Dispositivo e Tese 5. Recursos desprovidos. Tese de julgamento: 1. A boa-fé objetiva e a expectativa legítima justificam a manutenção das autoras no plano de saúde . 2. A ausência de prova de dano extrapatrimonial inviabiliza a indenização por danos morais."
1108671-57.2024.8.26.0100,20778492,Apelação Cível,Tratamento médico-hospitalar,Débora Brandão,São Paulo,6ª Câmara de Direito Privado,6,Direito Privado,29/07/2026,29/07/2026,,True,False,221,"DIREITO CIVIL. APELAÇÃO. PLANOS DE SAÚDE . RECURSO PARCIALMENTE PROVIDO. I. Caso em Exame 1. Recurso de apelação interposto por operadora de planos de saúde contra sentença que julgou parcialmente procedentes os pedidos de obrigação de fazer e indenização por danos morais, condenando a operadora a custear integralmente procedimento de microcirurgia vascular intracraniana e ao pagamento de indenização por danos morais. II. Questão em Discussão 2. A questão em discussão consiste em determinar se houve negativa abusiva de cobertura por parte da operadora de plano de saúde e se há configuração de dano moral indenizável. III. Razões de Decidir 3. A operadora negou parcialmente a cobertura dos materiais solicitados, alegando divergência técnica resolvida por junta médica. O laudo pericial concluiu que alguns materiais solicitados não eram necessários, enquanto outros deveriam ser disponibilizados conforme indicação médica. 4. Os danos morais não foram configurados, pois a negativa de cobertura , ainda que indevida, não gerou agravamento de saúde ou patologia psíquica que ultrapassasse o mero aborrecimento. IV. Dispositivo e Tese 5. Recurso parcialmente provido. Afastada a condenação ao pagamento de indenização por danos morais. Tese de julgamento: 1. A negativa de cobertura de materiais cirúrgicos, quando respaldada em parecer técnico de junta médica, não gera indenização por danos morais. 2. A operadora deve custear os materiais necessários ao procedimento cirúrgico conforme indicação médica."
1008542-56.2025.8.26.0020,20777914,Apelação Cível,Tratamento médico-hospitalar,Silvério da Silva,São Paulo,8ª Câmara de Direito Privado,8,Direito Privado,29/07/2026,29/07/2026,10000.0,True,False,223,"RECURSO DE APELAÇÃO. PLANO DE SAÚDE . TRATAMENTO MULTIDISCIPLINAR PARA TEA, TDAH E OBESIDADE INFANTIL. DANOS MORAIS. SENTENÇA PROCEDENTE. RECURSO DO PLANO DE SAÚDE . PLEITO DE ANULAÇÃO DA R. SENTENÇA OU, SUBSIDIARIAMENTE, QUE O TRATAMENTO SEJA REALIZADO EXCLUSIVAMENTE EM REDE CREDENCIADA. AUSÊNCIA DE CERCEAMENTO DE DEFESA. ARCABOUÇO PROBATÓRIO SUFICIENTE PARA O DESLINDE DO CASO. DISPENSÁVEL A PRODUÇÃO DE OUTRAS PROVAS. ART. 355, I, E ART. 370, P. ÚNICO, DO CPC. PRELIMINAR REJEITADA. APLICAÇÃO DO CDC. SÚMULA 608 DO STJ. MENOR DE IDADE COM DIAGNÓSTICO DE TEA, TDAH E OBESIDADE. INDICAÇÃO DE TRATAMENTO MULTIDISCIPLINAR. PLANO DE SAÚDE QUE OFERECEU ATENDIMENTO EM CLÍNICA DISTANTE DA RESIDÊNCIA DO INFANTE, A SABER: 20 KM DA RESIDÊNCIA DO MENOR (CERCA DE 2H DE TRAJETO). AUTOR QUE NÃO OBTEVE RESPOSTA AO REALIZAR PEDIDO ADMINISTRATIVO PARA TRATAMENTO EM CLÍNICAS PRÓXIMAS. NEGATIVA TÁCITA. BENEFICIÁRIO QUE DEMONSTROU A INAPTIDÃO DA REDE CREDENCIADA. HIPÓTESE QUE AUTORIZA O TRATAMENTO EM CLÍNICA PARTICULAR CUSTEADA PELO RÉU. PRECEDENTES DESTA 8ª CÂMARA. DEVER DE FORNECIMENTO DO TRATAMENTO EM LOCAL PRÓXIMO À RESIDÊNCIA DO INFANTE. INTELIGÊNCIA DA RN ANS Nº 259. DANOS MORAIS. NEGATIVA TÁCITA DO PLANO DE SAÚDE , COM INDIFERENÇA ÀS NECESSIDADES CLÍNICAS DO INFANTE. FALHA QUE CARACTERIZA DANO MORAL INDENIZÁVEL. INDENIZAÇÃO FIXADA EM R$ 10.000,00, VALOR RAZOÁVEL E PROPORCIONAL AOS PORMENORES DO CASO CONCRETO. PRECEDENTES DESTA 8ª CÂMARA. SENTENÇA MANTIDA. NEGADO PROVIMENTO AO RECURSO."
1088958-33.2023.8.26.0100,20778240,Apelação Cível,Fornecimento de medicamentos,Emerson Sumariva Júnior,São Paulo,5ª Câmara de Direito Privado,5,Direito Privado,29/07/2026,29/07/2026,,False,False,318,"APELAÇÃO – PLANO DE SAÚDE – OBRIGAÇÃO DE FAZER – POLINEUROPATIA AMILOIDÓTICA FAMILIAR – FORNECIMENTO DE MEDICAMENTO PATISIRANA (ONPATTRO) – IMPROCEDÊNCIA MANTIDA.
I. Caso em exame: Recurso de apelação interposto pela autora contra sentença que julgou improcedentes os pedidos formulados em Ação de Obrigação de Fazer, relacionados ao fornecimento do medicamento Patisirana (Onpattro) para tratamento de Polineuropatia Amiloidótica Familiar.
II. Questão em discussão: A controvérsia consiste em saber se a operadora de plano de saúde na modalidade autogestão está obrigada a custear medicamento não previsto no rol da ANS, à luz do julgamento da ADI 7.265 pelo Supremo Tribunal Federal, que fixou os requisitos cumulativos para a cobertura excepcional de tratamentos não listados.
III. Razões de decidir: O STF, no julgamento da ADI 7.265 em 18/09/2025, estabeleceu que a cobertura de procedimentos não previstos no rol da ANS depende do preenchimento cumulativo de cinco requisitos: a) prescrição médica; b) inexistência de indeferimento expresso pela ANS; c) ausência de alternativa terapêutica adequada no rol; d) comprovação de eficácia e segurança à luz da medicina baseada em evidências de alto nível; e) registro na ANVISA. No caso concreto, embora haja prescrição médica e registro na ANVISA, a CONITEC manifestou-se expressamente pela não incorporação do Patisirana para pacientes em estágio 2 ou com resposta inadequada ao Tafamidis; o NAT-JUS emitiu parecer desfavorável; e existe alternativa terapêutica disponível (Tafamidis Meglumina) no SUS e no rol da ANS. Todos os requisitos estabelecidos pelo STF devem ser cumulativamente preenchidos, o que não ocorre na espécie.
IV. Dispositivo e tese: Recurso desprovido. Tese de julgamento: A cobertura de tratamento não previsto no rol de procedimentos e eventos em saúde suplementar da ANS depende do preenchimento cumulativo dos requisitos fixados pelo STF na ADI 7.265, sendo insuficiente a comprovação isolada de prescrição médica e registro na ANVISA quando há parecer desfavorável da CONITEC, alternativa terapêutica no rol e parecer técnico desfavorável do NAT-JUS. 
Recurso não provido."
1065950-90.2024.8.26.0100,20778223,Apelação Cível,Tratamento médico-hospitalar,João Pazine Neto,São Paulo,3ª Câmara de Direito Privado,3,Direito Privado,29/07/2026,29/07/2026,,True,False,164,"Ação de obrigação de fazer c/c indenização por dano moral. Plano de Saúde . Negativa de cobertura ao exame de biópsia indicado ao Autor, portador de ""Neoplasia Maligna de Próstata"" – (CID10 – C61 e C91.4). Prescrito o procedimento de ""Biópsia da próstata via transperineal com fusão de imagens"". Negativa de cobertura , sob alegação de desnecessidade do procedimento pela via transperineal, dada a ausência de superioridade em relação ao procedimento convencional, via transretal, já autorizado. Laudo pericial conclusivo quanto à necessidade de utilização da técnica pela via transperineal, consideradas a peculiaridades do quadro clínico do Autor (também portador de leucemia em remissão). Recusa injustificada. Incidência das regras do Código de Defesa do Consumidor. Precedentes jurisprudenciais. Observância ainda à recente ADI 7265 do C. STF. Dano moral, contudo, não caracterizado e ora afastado. Sentença de procedência reformada em parte. Sucumbência mantida como prevalente à Ré, nos termos do art. 86, parágrafo único, do CPC e da Súmula 326 do C. STJ. Recurso parcialmente provido."
1021529-24.2025.8.26.0506,20778220,Apelação Cível,Tratamento médico-hospitalar,João Pazine Neto,Ribeirão Preto,3ª Câmara de Direito Privado,3,Direito Privado,29/07/2026,29/07/2026,,False,True,73,"Ação de obrigação de fazer. Plano de saúde . Indicada internação em UTI em razão da Autora ter sido acometida de Acidente Vascular Cerebral. Atendimento de urgência/emergência. Negativa de cobertura , sob o fundamento de não cumprimento do prazo de carência. Aplicação do Código de Defesa do Consumidor, da Súmula 103 deste Tribunal de Justiça e Súmula 597 do STJ. Corretamente determinado o custeio das despesas médico-hospitalares. Honorários sucumbenciais majorados. Recurso não provido."
1002057-03.2022.8.26.0228,20777781,Apelação Cível,Tratamento médico-hospitalar,Alcides Leopoldo,São Paulo,4ª Câmara de Direito Privado,4,Direito Privado,29/07/2026,29/07/2026,,False,False,297,"DIREITO CIVIL. APELAÇÃO. PLANO DE SAÚDE . OBRIGAÇÃO DE FAZER. NEGATIVA DE COBERTURA . HOME CARE. PROCEDÊNCIA.
I. Caso em Exame
A autora, idosa de 60 anos, beneficiária de plano de saúde , sofre de Síndrome Extrapiramidal tipo Parkinson, obesidade e sequelas respiratórias/motoras de Sars Cov 2, necessitando de internação domiciliar (home care) com enfermagem 24 horas, fisioterapia, fonoaudiologia e terapia ocupacional, negados pela operadora. Pleiteou tutela antecipada para implantação do home care e reembolso de valores pagos.
II. Questão em Discussão
2. A questão em discussão consiste em (i) a obrigatoriedade do plano de saúde em custear tratamento domiciliar (home care) prescrito por médico, mesmo sem previsão contratual específica, e (ii) a validade de cláusula contratual que exclui tal cobertura.
III. Razões de Decidir
3. O Código de Defesa do Consumidor aplica-se aos contratos de plano de saúde , invalidando limitações contratuais que excluam tratamentos necessários ao restabelecimento do paciente.
4. A jurisprudência do STJ e deste Tribunal considera abusiva a cláusula que veda a internação domiciliar quando há prescrição médica, devendo ser cobertos integralmente os serviços necessários.
IV. Dispositivo e Tese
5. Recurso desprovido.
Tese de julgamento: 1. A cobertura de home care é obrigatória quando prescrita por médico, independentemente de previsão contratual. 2. Cláusulas que excluem tratamentos necessários são abusivas.
Legislação Citada: CF/1988, art. 1º, III e IV; CC, arts. 406, 757, 760; CPC, art. 85, § 11; Lei nº 9.656/98, art. 10, § 12; Lei nº 9.961/00, art. 4º, III. Jurisprudência Citada: STJ, REsp 668.216/SP, Rel. Min. Carlos Alberto Menezes Direito, Terceira Turma, j. 15.03.2007; STJ, AgRg no AREsp 35.266/PE, Rel. Min. Sidnei Beneti, Terceira Turma, j. 18/10/2011; STJ, REsp 1662103/SP, Rel. Min. Nancy Andrighi, Terceira Turma, j. 11/12/2018; STJ, AgInt no AREsp n. 2.056.204/RJ, Rel. Min. Marco Buzzi, Quarta Turma, j. 27/6/2022."
1054577-78.2024.8.26.0224,20777619,Embargos de Declaração Cível,Tratamento médico-hospitalar,Enio Zuliani,Guarulhos,4ª Câmara de Direito Privado,4,Direito Privado,29/07/2026,29/07/2026,,True,False,157,"Embargos declaratórios desafiando acórdão com a seguinte ementa: ""Efeito suspensivo em apelação do plano de saúde – Pedido prejudicado – Concessão que seria inócua por ocasião do julgamento do feito. PLANO DE SAÚDE . Ação cominatória cumulada com indenização por danos morais. Negativa de cobertura de transplante cardíaco sob alegação de doença preexistente. Ausência de exigência de exames médicos prévios à contratação e inexistência de prova de má-fé do segurado. Incidência da Súmula 609 do STJ e da Súmula 105 do TJSP. Quadro clínico gravíssimo, com urgência e risco iminente de morte, que inviabilizava a remoção do paciente. Dever de custeio integral do procedimento mantido. Dano moral caracterizado. Sentença mantida.
Não provimento.""


Alegação de omissão decorrente da ausência de intimação da pauta de julgamento presencial e consequente supressão do direito de sustentação oral. Certidão posterior da serventia atestando regular disponibilização da intimação no DJEN. Inexistência de omissão, obscuridade, contradição ou erro material no acórdão. 
Embargos declaratórios rejeitados."
1018691-71.2024.8.26.0562,20777239,Apelação Cível,Tratamento médico-hospitalar,Carlos Castilho Aguiar França,Santos,4ª Câmara de Direito Privado,4,Direito Privado,29/07/2026,29/07/2026,,False,False,312,"DIREITO DO CONSUMIDOR. APELAÇÃO. OBRIGAÇÃO DE FAZER CUMULADA COM INDENIZAÇÃO POR DANOS MORAIS. MEDICAMENTO. IMPROCEDÊNCIA DO PEDIDO.
I. Caso em Exame
1. Ação ajuizada contra Unimed de Santos Cooperativa de Trabalho Médico, buscando o fornecimento de medicamento à base de óleo de canabidiol e indenização por danos morais.
O medicamento foi prescrito para beneficiário, portador de Transtorno do Espectro Autista e outras condições de saúde. A operadora de saúde negou o custeio do medicamento.
II. Questão em Discussão
2. A questão em discussão consiste em definir se a operadora de plano de saúde está obrigada a custear medicamentos à base de canabidiol para uso domiciliar; e se há dever de indenizar por danos morais.
III. Razões de Decidir
3. O medicamento postulado é de uso domiciliar, excluído da cobertura obrigatória pela Lei nº 9.656/1998.
4. A autorização de importação pela ANVISA não implica obrigatoriedade de cobertura contratual, conforme jurisprudência do STJ.
IV. Dispositivo e Tese
5. Recurso provido. Pedido julgado improcedente. Revogação da tutela provisória.
Tese de julgamento: 1. Medicamentos de uso domiciliar não são cobertos pela saúde suplementar, salvo exceções legais. 2. A exclusão de cobertura para medicamentos de uso domiciliar não é afastada por autorização de importação pela ANVISA. 3. Ausência de conduta ilícita afasta o dever de indenizar por danos morais.
Legislação Citada: Lei nº 9.656/1998, art. 10, VI.
Jurisprudência Citada:
STJ, REsp n. 2.173.999/SC, Rel. Min. Nancy Andrighi, Terceira Turma, j. 17/6/2025.
STJ, REsp n. 2.224.539/SP, Rel. Min. Raul Araújo, Quarta Turma, j. 3/2/2026.
STJ, REsp n. 2.243.350/SP, Rel. Min. Moura Ribeiro, Terceira Turma, j. 9/2/2026.
STJ, AREsp n. 2.759.399/RJ, Rel. Min. Raul Araújo, Quarta Turma, j. 16/3/2026.
STJ, REsp n. 2.088.707/SP, Rel. Min. João Otávio de Noronha, Quarta Turma, j. 1º/6/2026.
STJ, REsp n. 2.249.029/RJ, Rel. Min. Humberto Martins, Terceira Turma, j. 8/6/2026.
STJ, REsp n. 2.142.996/SP, Rel. Min. João Otávio de Noronha, Quarta Turma, j. 8/6/2026."
1001239-95.2024.8.26.0514,20777086,Apelação Cível,Planos de saúde,Lucilia Alcione Prata,Itupeva,6ª Câmara de Direito Privado,6,Direito Privado,29/07/2026,29/07/2026,,False,False,145,"APELAÇÃO – AÇÃO DE OBRIGAÇÃO DE FAZER CUMULADA COM INDENIZAÇÃO POR DANOS MORAIS – PLANO DE SAÚDE – Sentença de procedência – Insurgência da operadora – Alegação de licitude da rescisão, inaplicabilidade do Tema 1.082 do STJ, impossibilidade de restabelecimento da cobertura e de oferta de plano individual, bem como inexistência de danos morais – Descabimento – Exercício do direito de resilição limitado pelos princípios da boa-fé objetiva, da função social do contrato e do direito à saúde – Incidência do Tema Repetitivo nº 1.082 do STJ – Necessidade de manutenção da cobertura assistencial enquanto perdurar o tratamento e de preservação da continuidade da assistência médica – Danos morais – Ausência de demonstração de efetiva lesão a direitos da personalidade – Mero inadimplemento contratual que não enseja reparação extrapatrimonial – Sentença parcialmente reformada apenas para afastar a condenação por danos morais – RECURSO PARCIALMENTE PROVIDO"
1032769-94.2024.8.26.0554,20776967,Apelação Cível,Planos de saúde,Paulo Toledo,Santo André,Núcleo 4.0-T. III (DP1),,,29/07/2026,29/07/2026,,False,False,361,"DIREITO DO CONSUMIDOR. APELAÇÃO CÍVEL. PLANO DE SAÚDE . PROCEDIMENTO CIRÚRGICO. NEGATIVA DE COBERTURA . COBRANÇAS EFETUADAS PELO NOSOCÔMIO. DANOS MATERIAIS E MORAIS. AÇÃO PARCIALMENTE PROCEDENTE. RECURSOS DAS PARTES.
I. CASO EM EXAME: ação de obrigação de fazer e indenizatória ajuizada por beneficiário de plano de saúde em razão da cobrança por procedimento cirúrgico realizado em hospital pertencente à rede credenciada. Sentença que julgou parcialmente procedente a demanda, condenando o hospital a se abster das cobranças e à devolução de valores, bem como a operadora requerida ao pagamento do tratamento prestado. Os requeridos apelam, sustentando, em suma, a ausência de ato ilícito que lhes possa ser imputado. A parte autora, de seu turno, pugna, tão somente, por uma indenização por danos morais.
II. QUESTÃO EM DISCUSSÃO: (i) analisar a admissibilidade dos recursos; (ii) verificar legitimidade da operadora e a ocorrência de eventual falha na prestação de serviços; e (iii) examinar a existência de danos morais indenizáveis.
III. RAZÕES DE DECIDIR: 1. O preparo é pressuposto de admissibilidade do recurso, conforme determinado em lei. 2. Corré Ímpar Serviços que, embora devidamente intimada, não providenciou o integral complemento do preparo, fato a impedir o conhecimento de seu recurso. 2. Operadora que é parte legítima para figurar na demanda, posto se tratar de serviço por ela diretamente prestado. 3. Aplicabilidade do Código de Defesa do Consumidor aos contratos de plano de saúde (Súmula 608/STJ). 4. Documentos que demonstram a indevida recusa, pela operadora requerida, quanto ao procedimento realizado, fato a ensejar cobranças por parte do hospital em face da parte autora. 5. Recusa que, na hipótese, revelou-se injustificada, caracterizando falha na prestação do serviço (art. 14 do CDC). 6. Inexigibilidade de cobrança frente ao beneficiário e restituição dos valores por ele desembolsados que se revelavam imperiosas. 7. Recusa e cobranças indevidas que, todavia, não importaram danos morais indenizáveis. 8. Parte autora que realizou o procedimento, sem demonstração de que o valor desembolsado era imprescindível à sua subsistência. Não comprovação, ademais, de cobrança vexatória ou negativação. 9. Sentença que fica, portanto, preservada.
IV. DISPOSITIVO: recurso do corréu Ímpar Serviços não conhecido. Preliminar do recurso da operadora rejeitada. Recursos da operadora ré e do autor desprovidos."
1194165-84.2024.8.26.0100,20776971,Apelação Cível,Tratamento médico-hospitalar,Paulo Toledo,São Paulo,Núcleo 4.0-T. III (DP1),,,28/07/2026,29/07/2026,,False,True,336,"APELAÇÃO. DIREITO CIVIL E PROCESSUAL CIVIL. AÇÃO DE OBRIGAÇÃO DE FAZER. PLANO DE SAÚDE . NEGATIVA DE COBERTURA NECESSIDADE DE ADEQUAÇÃO DE TRATAMENTO E MATERIAIS NÃO COMPROVADAS. LAUDO PERICIAL. INSUFICIÊNCIA DOCUMENTAL IMPUTÁVEL AO AUTOR. ÔNUS DA PROVA (ART. 373, I, CPC). INEXISTÊNCIA DE CERCEAMENTO DE DEFESA.
I. CASO EM EXAME: Trata-se de ação de obrigação de fazer proposta por beneficiário de plano de saúde , visando compelir a ré a autorizar e custear procedimento cirúrgico com substituição de prótese de ATM direita e fornecimento de materiais especiais, sob alegação de infecção. A sentença julgou improcedente o pedido por ausência de comprovação da necessidade e adequação do tratamento, fundamentada na conclusão do laudo pericial. Apela a parte autora.
II. QUESTÃO EM DISCUSSÃO: Analisar se: (i) restou comprovada a necessidade do tratamento e a adequação dos materiais prescritos, aptas a impor a cobertura pelo plano de saúde ; e (ii) houve cerceamento de defesa pela não expedição de ofício para obtenção de prontuário médico essencial à perícia.
III. RAZÕES DE DECIDIR: 1. A controvérsia possui natureza técnico-científica, exigindo prova pericial para aferição da necessidade do procedimento e da adequação dos materiais indicados. 2. A perícia odontológica foi regularmente realizada, tendo a expert reiterado a imprescindibilidade de apresentação de exames específicos, cuja juntada incumbia ao autor. 3. O autor, embora cientificado e instado reiteradamente, deixou de apresentar a documentação essencial, não comprovando impossibilidade concreta de obtenção, nem adotando providências para suspensão da perícia ou renovação tempestiva do pedido de expedição de ofício. 4. Nos termos do art. 373, I, do CPC, incumbia ao autor o ônus de provar os fatos constitutivos de seu direito, não sendo possível transferir ao Juízo ou à parte ré o encargo decorrente de sua inércia probatória. Ausência de cerceamento de defesa. 5. O laudo pericial, elaborado com os elementos disponíveis, concluiu pela impossibilidade de confirmar o diagnóstico de infecção da prótese e, consequentemente, de atestar a necessidade e adequação do tratamento e dos materiais pleiteados. 6. Sentença mantida. Honorários majorados.
IV. DISPOSITIVO: Recurso desprovido."
1001387-85.2025.8.26.0348,20776925,Apelação Cível,Tratamento médico-hospitalar,Ricardo Pereira Junior,Mauá,Núcleo 4.0-T. V (DP1),,,29/07/2026,29/07/2026,,False,False,98,"PLANO DE SAÚDE . AÇÃO DE RESSARCIMENTO DE DESPESAS. Pedido de reembolso integral de despesas médicas – Sentença de improcedência – Irresignação da autora – Descabimento – Exames realizados em hospital da rede credenciada, porém sem cobertura para o procedimento específico – Pretendido reembolso de despesas havidas a título particular pelo segurado - Descabimento – Contrato que licitamente, limita a cobertura à prestação direta da assistência na rede conveniada da ré – Autora que sequer demonstrou que havia cobertura para o exame no hospital escolhido para a realização do exame - Sentença confirmada – Recurso da autora desprovido."
1020468-77.2024.8.26.0114,20776705,Apelação Cível,Planos de saúde,Rui Porto Dias,Campinas,Núcleo 4.0-T. V (DP1),,,28/07/2026,28/07/2026,,True,False,215,"JUÍZO DE REAPRECIAÇÃO. ART. 1.030, II, DO CPC. APELAÇÃO CÍVEL. PLANO DE SAÚDE . NEGATIVA DE INTERNAÇÃO HOSPITALAR. DANOS MORAIS. TEMA 1.365 DO SUPERIOR TRIBUNAL DE JUSTIÇA. Acórdão anterior à fixação da Tese Repetitiva. Matéria já afetada à época do julgamento, mas sem ordem de suspensão das apelações. Sobrestamento restrito aos Recursos Especiais e Agravos em Recursos Especiais em tramitação na origem ou no STJ. Inexistência de inobservância de precedente vinculante ou descumprimento de ordem de suspensão pelo colegiado. Orientação qualificada superveniente durante a tramitação do Recurso Especial. NECESSIDADE DE AFERIÇÃO DA COMPATIBILIDADE ATUAL DO JULGAMENTO. Tese segundo a qual a simples recusa indevida de cobertura não gera, por si só, dano moral presumido. HIPÓTESE QUE NÃO SE LIMITA À NEGATIVA CONTRATUAL ABSTRATAMENTE CONSIDERADA. Beneficiária acometida por intensa dor abdominal. Indicação de internação para investigação de quadro agudo. Recusa fundada em carência. Necessidade de busca imediata de atendimento em hospital público. Internação e cirurgia de urgência poucas horas depois. Constatação de torção ovariana com isquemia e sangramento intracavitário. Circunstâncias objetivas que evidenciam situação concreta de desamparo, insegurança e aflição, superior ao mero dissabor. Dano extrapatrimonial reconhecido a partir das particularidades comprovadas, e não como consequência automática da ilicitude. Adequação da fundamentação ao Tema 1.365 do STJ sem alteração do resultado. ACÓRDÃO MANTIDO por fundamentação diversa."
1000971-76.2025.8.26.0006,20775826,Apelação Cível,Tratamento médico-hospitalar,Luiz Arcuri,São Paulo,Núcleo 4.0-T. VI (DP1),,,28/07/2026,28/07/2026,,False,False,123,"PLANO DE SAÚDE . COBRANÇA DE MEDICAMENTO ADMINISTRADO DURANTE INTERNAÇÃO COBERTA PELO PLANO DE SAÚDE . Exame do caso. Hospital que realizou a cobrança de débito referente a uma medicação que, segundo alega, não foi coberta pelo plano. Ausência de prova de informação adequada ao consumidor, seja durante a sua internação, seja logo após para que pudesse tomar as devidas providências junto ao seu plano de saúde . Hospital apelante que somente efetuou a cobrança e imediatamente inscreveu o débito em órgão de proteção ao crédito mais de dois anos após a internação. Hospital que integra a cadeia de consumo junto com o plano de saúde . Observância ao caso das normas do Código de Defesa do Consumidor. Recurso do hospital corréu desprovido."
1007963-39.2025.8.26.0625,20775824,Apelação Cível,Tratamento médico-hospitalar,Luiz Arcuri,Tremembé,Núcleo 4.0-T. VI (DP1),,,28/07/2026,28/07/2026,8000.0,True,True,104,"PLANO DE SAÚDE . CIRURGIA. VIA ENDOSCÓPICA. Exame do caso concreto. Cirurgia da coluna autorizada, contudo, houve negativa quanto à utilização da via endoscópica (e materiais pertinentes a tal). Adequação da técnica que foi comprovada pela prova pericial médica. Ausência de elementos suficientes da operadora a infirmar as conclusões periciais. Negativa indevida que faz postergar o tratamento necessário. Ocorrência de dano moral, que não presumia, mas se verificou no caso concreto, à vista do Tema 1.365 do STJ. Fixado o valor de R$ 8.000,00, conforme princípio da razoabilidade. Recurso da ré desprovido, com majoração dos honorários advocatícios de sucumbência. Recurso da autora parcialmente provido."
1025237-39.2024.8.26.0564,20775821,Apelação Cível,Tratamento médico-hospitalar,Luiz Arcuri,Diadema,Núcleo 4.0-T. VI (DP1),,,28/07/2026,28/07/2026,,False,False,144,"PROCESSO CIVIL. CERCEAMENTO DE DEFESA. PROVA PERICIAL. Ré apelante que não justifica a efetiva necessidade de dilação probatória, apresentando alegações apenas genéricas de cerceamento de defesa. Preliminar rejeitada. PLANO DE SAÚDE . INTERNAÇÃO. TRATAMENTO DE ADICÇÃO EM SUBSTÂNCIAS PSICOATIVAS. Exame do caso concreto. Parte autora que não demonstrou solicitação à operadora ré anterior à sua internação em clínica particular. Não demonstrada conduta abusiva da operadora, nem que não exista clínica adequada na rede credenciada para o tratamento. Necessidade de observância das cláusulas contratuais, no que se inclui a coparticipação a partir do 31º dia de internação. Decisão recorrida que deu adequada solução ao feito, ao ser atribuído à ré o custeio no mesmo valor que arcaria caso fosse a internação realizada em clínica da rede credenciada, o que pode ser apurado em fase própria de cumprimento de sentença. Recursos de ambas as partes desprovidos."
1002244-79.2024.8.26.0506,20775718,Apelação Cível,Fornecimento de medicamentos,Augusto Rezende,Ribeirão Preto,1ª Câmara de Direito Privado,1,Direito Privado,28/07/2026,28/07/2026,,False,False,170,"DIREITO CIVIL. APELAÇÃO. OBRIGAÇÃO DE FAZER. RECURSO DESPROVIDO.
I. Caso em Exame
1. Ação de obrigação de fazer, em que a autora, beneficiária de plano de saúde , teve negado o fornecimento dos medicamentos daratumumabe, bortezomibe, ciclofosfamida e dexametasona para tratamento de amiloidose renal refratária. A sentença de primeira instância condenou a ré a fornecer o tratamento e confirmou a tutela de urgência, tornando definitivas as astreintes em caso de descumprimento.
II. Questão em Discussão
2. A questão em discussão consiste em (i) a negativa de cobertura do tratamento prescrito por não estar no rol da ANS e (ii) a alegação de que o medicamento daratumumabe é de uso experimental.
III. Razões de Decidir
3. A necessidade do tratamento é incontroversa, devidamente respaldada por prescrição do médico assistente e parecer técnico favorável do Nat-Jus.
4. A jurisprudência do STF, STJ e a Lei 14.454/2022 asseguram que a indicação médica prevalece sobre a negativa de cobertura , desde que haja comprovação científica e regulamentação pela ANVISA.
IV. Dispositivo 
5. Recurso desprovido."
1017691-58.2020.8.26.0309,20776238,Apelação Cível,Fornecimento de medicamentos,Débora Brandão,Jundiaí,6ª Câmara de Direito Privado,6,Direito Privado,28/07/2026,28/07/2026,,True,False,183,"DIREITO DO CONSUMIDOR. APELAÇÃO CÍVEL. PLANO DE SAÚDE . FORNECIMENTO DE MEDICAMENTO (DUPILUMABE). NEGATIVA DE COBERTURA . ABUSIVIDADE. DANOS MORAIS AFASTADOS. RECURSO PARCIALMENTE PROVIDO. I. Caso em exame: Apelação contra sentença que determinou o fornecimento de Dupilumabe a paciente com dermatite atópica grave e condenou ao pagamento de danos morais. II. Questão em discussão: (i) Legalidade da negativa de cobertura ; (ii) Configuração de dano moral. III. Razões de decidir: Aplicação do CDC e mitigação do rol da ANS, com preenchimento dos requisitos legais (Lei 9.656/98 e Lei 14.454/2022). Medicamento com prescrição médica, registro na ANVISA, eficácia comprovada e ausência de alternativa terapêutica. Negativa abusiva, impondo o custeio do tratamento. Dano moral não configurado, por se tratar de mero inadimplemento contratual sem prova de lesão extrapatrimonial relevante. IV. Dispositivo e tese: Recurso parcialmente provido, para afastar os danos morais. Tese de julgamento: É abusiva a negativa de cobertura de tratamento essencial prescrito, ainda que fora do rol da ANS, quando presentes os requisitos legais. A recusa indevida, por si só, não gera dano moral sem demonstração de efetiva lesão aos direitos da personalidade."
1007612-72.2024.8.26.0020,20776059,Apelação Cível,Tratamento médico-hospitalar,Débora Brandão,São Paulo,6ª Câmara de Direito Privado,6,Direito Privado,28/07/2026,28/07/2026,7000.0,False,True,216,"DIREITO CIVIL. APELAÇÃO. OBRIGAÇÃO DE FAZER CUMULADA COM INDENIZAÇÃO POR DANOS MORAIS. PARCIAL PROVIMENTO. I. Caso em Exame 1. Apelação interposta por menor representado por sua genitora, contra sentença que extinguiu o pedido de obrigação de fazer e julgou procedente o pedido indenizatório, condenando a ré ao pagamento de R$ 7.000,00. O autor busca a conversão da obrigação de fazer em perdas e danos, alegando descumprimento contratual pela operadora de saúde. II. Questão em Discussão 2. A questão em discussão consiste em (i) a possibilidade de conversão da obrigação de fazer em perdas e danos, diante da rescisão do contrato de plano de saúde , e (ii) a adequação dos honorários advocatícios fixados. III. Razões de Decidir 3. A superveniente extinção do contrato não elimina a responsabilidade da operadora pelo período anterior, em que subsistia vínculo obrigacional. 4. A conversão da obrigação de fazer em perdas e danos é juridicamente viável, com apuração do montante em liquidação. A majoração dos honorários advocatícios é devida, fixando-se em 12% do proveito econômico alcançado. IV. Dispositivo e Tese 5. Recurso parcialmente provido. Tese de julgamento: 1. A rescisão contratual não afasta a responsabilidade por inadimplemento durante a vigência do contrato. 2. A conversão da obrigação de fazer em perdas e danos é cabível, com apuração do valor em liquidação."
1110891-67.2020.8.26.0100,20775861,Apelação Cível,Tratamento médico-hospitalar,Débora Brandão,São Paulo,6ª Câmara de Direito Privado,6,Direito Privado,28/07/2026,28/07/2026,,True,False,358,"DIREITO CIVIL E DO CONSUMIDOR. APELAÇÃO CÍVEL. PLANO DE SAÚDE . CIRURGIAS REPARADORAS PÓS-BARIÁTRICA. COBERTURA OBRIGATÓRIA PARCIAL. EXCLUSÃO DE PRÓTESES DE FINALIDADE ESTÉTICA. RECURSO PARCIALMENTE PROVIDO. I. Caso em exame: Trata-se de apelação interposta por operadora de plano de saúde contra sentença que, em ação de obrigação de fazer cumulada com indenização por danos morais, julgou parcialmente procedentes os pedidos para confirmar tutela de urgência e condenar a ré ao custeio integral de cirurgias reparadoras pós-bariátricas, com fornecimento de materiais, afastando o dano moral e reconhecendo sucumbência recíproca. II. Questão em discussão: Há duas questões em discussão: (i) saber se é obrigatória a cobertura, pelo plano de saúde , de cirurgias plásticas indicadas a paciente pós-bariátrica; (ii) saber se é devido o custeio de próteses mamárias e de glúteo prescritas como parte dos procedimentos indicados. III. Razões de decidir: O contrato de assistência à saúde submete-se às normas do Código de Defesa do Consumidor, nos termos da Lei nº 9.656/1998 e da Súmula 608 do STJ. A jurisprudência consolidada reconhece que cirurgias reparadoras pós-bariátricas, quando indicadas pelo médico assistente, possuem caráter funcional e complementar ao tratamento da obesidade mórbida, sendo de cobertura obrigatória, conforme orientação do TJSP e do STJ (Tema 1.069). A negativa de cobertura sob o argumento de caráter estético genérico não prevalece diante de indicação médica que evidencia necessidade funcional, inclusive para prevenção de complicações físicas e psíquicas decorrentes do excesso de pele. A prova pericial concluiu que os procedimentos de dermolipectomia e mamoplastia corretiva são adequados à correção das disfunções pós-bariátricas, possuindo caráter reparador. Todavia, consignou expressamente que as próteses mamárias e glúteas possuem finalidade estética, não se inserindo na cobertura obrigatória, à luz da jurisprudência e dos critérios técnicos aplicáveis. Assim, impõe-se a manutenção da obrigação de custeio das cirurgias reparadoras, com exclusão dos materiais de natureza estética, notadamente as próteses. IV. Dispositivo e tese: Recurso parcialmente provido. Tese de julgamento: ""1. É obrigatória a cobertura de cirurgias plásticas reparadoras indicadas a paciente pós-bariátrica, por constituírem etapa complementar do tratamento da obesidade mórbida. 2. Não é devida a cobertura de próteses mamárias ou glúteas quando comprovado, por prova pericial, seu caráter exclusivamente estético."""
1002024-03.2024.8.26.0338,20775901,Embargos de Declaração Cível,Tratamento médico-hospitalar,Inah de Lemos e Silva Machado,Mairiporã,Núcleo 4.0-T. V (DP1),,,28/07/2026,28/07/2026,,True,False,174,"EMBARGOS DE DECLARAÇÃO. PLANO DE SAÚDE . INDENIZATÓRIA POR DANO MATERIAL E MORAL. PROCEDIMENTO CIRÚRGICO. OMISSÃO E CONTRADIÇÃO. INEXISTÊNCIA.
Acórdão que deu parcial provimento ao recurso da ré, para limitar o ressarcimento das despesas médicas aos parâmetros contratuais de reembolso, e negou provimento ao recurso da autora, mantendo o afastamento do dano moral. Insurgência da autora.
Alegação de contradição entre o reconhecimento de negativa administrativa de item específico e a conclusão pela ausência de recusa absoluta de cobertura. Inocorrência. Distinção expressamente estabelecida pelo julgado entre negativa pontual e recusa integral do procedimento, condicionado o afastamento das regras contratuais de reembolso à demonstração de circunstância excepcional, não evidenciada.
Alegação de omissão quanto à responsabilidade solidária da operadora por ato de profissional credenciado e ao dano moral. Inocorrência. Acórdão que enfrentou de forma expressa a pretensão indenizatória, afastando a caracterização de erro médico e de nexo causal. Desnecessidade de manifestação sobre todos os dispositivos legais invocados.
Pretensão de rediscussão do mérito e de atribuição de efeitos infringentes. Caráter infringente incompatível com a via eleita.
EMBARGOS REJEITADOS."
1000953-54.2023.8.26.0514,20775864,Embargos de Declaração Cível,Reajuste contratual,Inah de Lemos e Silva Machado,Itupeva,Núcleo 4.0-T. V (DP1),,,28/07/2026,28/07/2026,,True,False,172,"EMBARGOS DE DECLARAÇÃO. PLANO DE SAÚDE . OBRIGAÇÃO DE FAZER. RESTITUIÇÃO DE VALORES. OMISSÃO PARA FINS DE PREQUESTIONAMENTO.
Acórdão que deu parcial provimento à apelação da ré, para afastar a condenação por danos morais, mantidas a determinação de migração do plano e a restituição das diferenças de mensalidade. Insurgência da operadora.
Alegação de omissão quanto a dispositivos constitucionais e infraconstitucionais suscitados ao longo da demanda. Inocorrência. Julgado que enfrentou de forma expressa e suficiente a controvérsia, com exame do ônus probatório, da falha na prestação do serviço, do cabimento da restituição e da não caracterização do dano moral. Desnecessidade de manifestação expressa sobre todos os dispositivos legais invocados. Normas que, quando não apreciadas em sua essência, não constituem fundamento determinante da conclusão ou são estranhas ao objeto do julgamento. Pretensão de rediscussão do mérito. Inadmissibilidade.
Prequestionamento. Matéria que se reputa incluída no acórdão, nos termos do artigo 1.025 do Código de Processo Civil, conforme consignação expressa do próprio julgado. Ausência de propósito protelatório. Súmula 98 do Superior Tribunal de Justiça.
EMBARGOS REJEITADOS."
1009337-79.2025.8.26.0564,20775863,Embargos de Declaração Cível,Tratamento médico-hospitalar,Inah de Lemos e Silva Machado,São Bernardo do Campo,Núcleo 4.0-T. V (DP1),,,28/07/2026,28/07/2026,,True,False,145,"EMBARGOS DE DECLARAÇÃO. PLANO DE SAÚDE . OBRIGAÇÃO DE FAZER. INDENIZAÇÃO. DANO MORAL. EXAME PET-CT.
Acórdão que negou provimento ao recurso da ré e não conheceu do recurso adesivo da autora, mantida a sentença de parcial procedência. Insurgência da operadora ré, com finalidade exclusiva de prequestionamento.
Alegação de omissão quanto a dispositivos constitucionais e infraconstitucionais. Inocorrência. Julgado que enfrentou de forma expressa e suficiente a controvérsia, afastando o cerceamento de defesa, reconhecendo a suficiência do conjunto probatório e a abusividade da negativa de cobertura de exame expressamente previsto no rol da Agência Nacional de Saúde Suplementar, com distinção fundamentada da Ação Direta de Inconstitucionalidade nº 7.265. Desnecessidade de manifestação expressa sobre todos os dispositivos legais invocados. Matéria apreciada em sua essência.
Prequestionamento ficto já consignado no acórdão, nos termos do artigo 1.025 do Código de Processo Civil. Pretensão de rediscussão do mérito. Inadmissibilidade.
EMBARGOS REJEITADOS."
1004853-37.2025.8.26.0009,20775846,Apelação Cível,Fornecimento de insumos,Inah de Lemos e Silva Machado,São Paulo,Núcleo 4.0-T. V (DP1),,,28/07/2026,28/07/2026,,False,False,266,"APELAÇÃO CÍVEL. PLANO DE SAÚDE . OBRIGAÇÃO DE FAZER. QUIMIOTERAPIA INTRAPERITONEAL HIPERTÉRMICA (HIPEC). CARCINOMATOSE PERITONEAL DECORRENTE DE ADENOCARCINOMA DE CÉLULAS CALICIFORMES DO APÊNDICE. NEGATIVA DE COBERTURA .
Ação de obrigação de fazer ajuizada por beneficiária de plano de saúde , objetivando o custeio de cirurgia citorredutora associada à quimioterapia intraperitoneal hipertérmica (HIPEC) e respectivos materiais necessários ao procedimento. 
Sentença de procedência. Insurgência da ré.
Preliminares de não conhecimento do recurso. Afastadas. Razões recursais a impugnar os fundamentos da sentença. Não configurada inovação recursal. Recurso conhecido.
Nulidade da sentença por ausência de consulta ao Núcleo de Apoio Técnico do Poder Judiciário não configurada. Consulta que constitui instrumento facultativo de auxílio ao magistrado e não requisito obrigatório para julgamento da demanda. Conjunto probatório suficiente para formação do convencimento judicial.
Cobertura indevidamente recusada. Existência de prescrição médica expressa para realização do procedimento. Quadro clínico caracterizado por adenocarcinoma de células caliciformes do apêndice associado à carcinomatose peritoneal. Ausência de demonstração técnica concreta de inadequação, desnecessidade ou contraindicação do tratamento indicado à paciente.
Inaplicabilidade, ao caso concreto, da tese defendida pela apelante com fundamento na Ação Direta de Inconstitucionalidade nº 7.265. Controvérsia não versa sobre procedimento experimental ou desprovido de respaldo técnico, mas sobre negativa fundada em interpretação restritiva das diretrizes de utilização da Agência Nacional de Saúde Suplementar.
Materiais cirúrgicos diretamente relacionados ao procedimento prescrito. Ausência de prova de excesso, inadequação ou desnecessidade dos insumos solicitados.
Discussão a respeito da Mitomicina incapaz de alterar a conclusão adotada na sentença, por não constituir objeto específico da condenação imposta.
Abusividade da negativa reconhecida.
Apelo acolhido. Manutenção da sentença.
RECURSO DA RÉ DESPROVIDO."
1200490-75.2024.8.26.0100,20776502,Apelação Cível,Fornecimento de medicamentos,Alexandre Lazzarini,São Paulo,9ª Câmara de Direito Privado,9,Direito Privado,28/07/2026,28/07/2026,,False,False,201,"DIREITO CIVIL. APELAÇÃO. PLANO DE SAÚDE . CANABIDIOL. USO DOMICILIAR. SENTENÇA DE IMPROCEDÊNCIA. RECURSO DO AUTOR. APELO DESPROVIDO.
I. Caso em Exame: 
1. O autor, diagnosticada com Parkinson, busca a cobertura de medicamento à base de canabidiol prescrito para tratamento domiciliar. 
II. Questão em Discussão: 
2. A questão em discussão consiste em determinar se a operadora de plano de saúde é obrigada a custear medicamento de uso domiciliar não incluído no rol de coberturas obrigatórias. 
III. Razões de Decidir: 
3. O artigo 10, inciso VI, da Lei Federal n.º 9.656/1998, exclui do rol de cobertura obrigatória pelos planos de saúde os medicamentos de uso domiciliar, salvo exceções específicas. 
4. A jurisprudência do STJ e deste Tribunal reconhece a licitude da exclusão contratual de medicamentos de uso domiciliar, não configurando ato ilícito a negativa de cobertura .
5. A interpretação da norma infraconstitucional, conforme entendimento dos C. STJ e C. STF, levam à inaplicabilidade das teses fixadas na ADI 7265. 
IV. Dispositivo: 
6. Nega-se provimento ao recurso do autor.
Jurisprudência Citada: STJ: REsp nº 1.692.938/SP, Rel. Min. Ricardo Villas Bôas Cueva, j. 27.04.2021; REsp nº 1.883.654/SP, Rel. Min. Nancy Andrighi, j. 05.03.2024; TJSP: Apelação Cível 1001666-89.2024.8.26.0224, Rel. Luis Fernando Cirillo, j. 26.02.2026."
1002401-13.2024.8.26.0228,20776352,Apelação Cível,Tratamento médico-hospitalar,Claudio Godoy,São Paulo,1ª Câmara de Direito Privado,1,Direito Privado,28/07/2026,28/07/2026,,False,False,205,"DIREITO CIVIL. PLANO DE SAÚDE . APELAÇÃO. OBRIGAÇÃO DE FAZER CUMULADA COM INDENIZAÇÃO POR DANOS MORAIS. TERAPIAS EM REGIME DOMICILIAR. AÇÃO IMPROCEDENTE. RECURSO PROVIDO.
I. Caso em Exame
1. Recurso de apelação interposto contra sentença que julgou improcedente ação de obrigação de fazer, cumulada com indenização por danos morais, condenando o autor ao pagamento de custas e honorários. O espólio do autor alega cerceamento de defesa e falhas na perícia médica, além de abusividade na negativa de cobertura de tratamento domiciliar.
II. Questão em Discussão
2. A questão em discussão consiste em (i) verificar a suficiência do laudo pericial produzido por especialista em medicina legal e perícia médica e (ii) a abusividade da negativa de cobertura de tratamento domiciliar.
III. Razões de Decidir
3. O perito nomeado é devidamente capacitado, sendo especialista em medicina legal e perícia médica, apto para a realização da perícia. Inocorrência de cerceamento de defesa. 
4. A negativa de cobertura do tratamento domiciliar é considerada abusiva, pois viola a orientação médica e a finalidade do contrato de saúde, que deve garantir o atendimento necessário ao paciente. Simples modificação do local do tratamento não basta para exonerar a operadora da cobertura. 
5. Danos morais configurados. Indenização devida. 
IV. Dispositivo 
5. Recurso provido."
1009489-89.2024.8.26.0006,20776098,Embargos de Declaração Cível,Planos de saúde,Inah de Lemos e Silva Machado,São Paulo,Núcleo 4.0-T. V (DP1),,,28/07/2026,28/07/2026,,True,False,99,"EMBARGOS DE DECLARAÇÃO. PLANO DE SAÚDE . RESCISÃO DO CONTRATO POR INADIMPLEMENTO. INVALIDADE DA NOTIFICAÇÃO. DANO MORAL.
Acórdão deu parcial provimento ao recurso da ré, reformando em parte a sentença de procedência da ação para afastar a condenação por dano moral. 
Alegação de contradição e omissão. Omissão configurada apenas quanto à ausência de apreciação do pedido de condenação da ré à pena de multa por litigância de má-fé, não configurada no caso concreto. Demais alegações veiculam mero inconformismo. Vícios inexistentes. Objetivo infringente. Prequestionamento. Desnecessidade de manifestação explícita. 
EMBARGOS ACOLHIDOS parcialmente para sanar parcial omissão; sem efeito infringente ao julgado."
1002774-12.2024.8.26.0659,20775204,Apelação Cível,Fornecimento de medicamentos,Alcides Leopoldo,Vinhedo,4ª Câmara de Direito Privado,4,Direito Privado,28/07/2026,28/07/2026,,False,False,261,"Direito Civil. Apelação. Plano de Saúde . Obrigação de Fazer e Indenização por Danos Morais. Pedido julgado procedente em parte.
I. Caso em Exame
Autor menor diagnosticado com Transtorno do Espectro Autista busca fornecimento de Canabidiol Nunature™ após ineficácia de tratamento com Risperidona. Operadora de plano de saúde negou cobertura. Sentença condenou a operadora a fornecer o fitofármaco.
II. Questão em Discussão
2. A questão em discussão consiste em (i) se a operadora de plano de saúde é obrigada a fornecer produto de uso domiciliar não registrado na ANVISA, mas com autorização sanitária, e (ii) se a negativa de cobertura viola direitos do consumidor.
III. Razões de Decidir
3. A jurisprudência pacificada aplica o Código de Defesa do Consumidor aos contratos de plano de saúde , não permitindo exclusão de cobertura de tratamento necessário.
4. A autorização sanitária pela ANVISA para produtos de Cannabis permite sua comercialização, dispensando registro, conforme RDC nº 327/2019, não havendo violação aos temas 500 do STF e 990 do STJ.
IV. Dispositivo e Tese
5. Recurso desprovido.
Tese de julgamento: 1. A operadora de plano de saúde deve fornecer fitofámaco prescrito, mesmo sem registro na ANVISA, se houver autorização sanitária. 2. A negativa de cobertura de tratamento necessário viola o Código de Defesa do Consumidor.
Legislação Citada: CF/1988, art. 199, § 1º; Lei 9.656/98, art. 10, VI, §§ 12 e 13; CPC, art. 85, § 11. Jurisprudência Citada: STJ, AgInt no REsp n. 2.058.692/SP, Rel. Min. Humberto Martins, Terceira Turma, j. 8/4/2024; STJ, AgInt no REsp n. 2.101.052/SP, Rel. Min. Humberto Martins, Terceira Turma, j. 8/4/2024."
1077454-93.2024.8.26.0100,20774713,Apelação Cível,Planos de saúde,Léa Duarte,São Paulo,Núcleo 4.0-T. IV (DP1),,,28/07/2026,28/07/2026,,False,False,296,"DIREITO DO CONSUMIDOR. APELAÇÃO CÍVEL. PLANO DE SAÚDE COLETIVO EMPRESARIAL. CLÁUSULA DE AVISO PRÉVIO E MULTA RESCISÓRIA. ABUSIVIDADE. RECURSO DESPROVIDO.
I. CASO EM EXAME
1. Apelação cível contra sentença que declarou a rescisão do contrato de plano de saúde coletivo empresarial, a nulidade da cláusula de fidelização e a inexigibilidade de débitos decorrentes de aviso prévio de 60 dias ou multa. A autora requereu o cancelamento após reajustes elevados, negativa de cobertura e descredenciamento de hospitais da rede referenciada.
II. QUESTÃO EM DISCUSSÃO
2. Discute-se se é abusiva a cláusula que impõe aviso prévio de 60 dias e multa por rescisão imotivada em plano de saúde coletivo empresarial.
III. RAZÕES DE DECIDIR
3. É nula a cobrança de aviso prévio de 60 dias, mensalidades antecipadas ou multas após o pedido de cancelamento, por impor desvantagem exagerada ao consumidor e violar a boa-fé.
4. O parágrafo único do art. 17 da RN nº 195/2009 da ANS foi declarado inválido com eficácia erga omnes na Ação Civil Pública nº 0136265-83.2013.4.02.5101, vedando a exigência de fidelização e aviso prévio em rescisões solicitadas pelo usuário.
IV. DISPOSITIVO E TESE
5. Recurso desprovido.
Tese de julgamento: ""1.É nula a cláusula que prevê fidelização, aviso prévio de 60 dias ou cobrança de encargos após o pedido de cancelamento de plano de saúde coletivo empresarial, ressalvados os serviços efetivamente utilizados até o distrato.""
Dispositivos relevantes citados: CPC, arts. 252, 355, I, e 487, I; CDC, arts. 2º, 3º, 47 e 51, IV; RN nº 195/2009 da ANS, art. 17, p.u.
Jurisprudência relevante citada: TRF2, ACP nº 0136265-83.2013.4.02.5101; TJSP, Apelação Cível nº 1033903-63.2024.8.26.0100, Rel. Des. Fatima Cristina Ruppert Mazzo, 4ª Câmara de Direito Privado, j. 28/01/2025; TJSP, Apelação Cível nº 1016138-37.2024.8.26.0405, Rel. Des. Marcus Vinicius Rios Gonçalves, 6ª Câmara de Direito Privado, j. 08/11/2024."
2085454-06.2026.8.26.0000,20774751,Agravo de Instrumento,Tratamento médico-hospitalar,Rosana Santiso,Ubatuba,Núcleo 4.0-T. IV (DP1),,,28/07/2026,28/07/2026,,False,False,411,"DIREITO CIVIL E DO CONSUMIDOR. AGRAVO DE INSTRUMENTO. PLANO DE SAÚDE . TUTELA DE URGÊNCIA. FORNECIMENTO DE MEDICAMENTO À BASE DE CANABIDIOL. AUTORIZAÇÃO DE IMPORTAÇÃO QUE NÃO SE EQUIPARA A REGISTRO. USO DOMICILIAR. EXCLUSÃO LEGAL PELO ART. 10, VI, DA LEI Nº 9.656/98. AUSÊNCIA DE PERIGO DE DANO. REQUISITOS DO ART. 300 DO CPC NÃO PREENCHIDOS. RECURSO PROVIDO.
I. CASO EM EXAME
Agravo de instrumento interposto pela operadora de plano de saúde contra decisão que deferiu parcialmente a antecipação dos efeitos da tutela, para determinar o fornecimento e o custeio mensal de medicamento à base de canabidiol, de uso domiciliar, prescrito a paciente menor portadora de múltiplas patologias neurológicas graves.
II. QUESTÃO EM DISCUSSÃO
A questão em discussão consiste em saber se estão presentes os requisitos cumulativos da probabilidade do direito e do perigo de dano, previstos no art. 300 do Código de Processo Civil, à concessão da tutela de urgência para o fornecimento do medicamento.
III. RAZÕES DE DECIDIR
1. A tutela de urgência exige a presença cumulativa da probabilidade do direito e do perigo de dano ou risco ao resultado útil do processo (art. 300 do CPC).
2. O medicamento pleiteado não possui registro sanitário na ANVISA para comercialização no Brasil. A autorização individual de importação não se equipara ao registro sanitário.
3. A negativa de cobertura fundamenta-se na legislação vigente (Lei nº 9.656/98, art. 10, VI, e art. 12, I, 'c', e II, 'g'), que exclui expressamente a obrigatoriedade de custeio de medicamentos e equipamentos de uso domiciliar, salvo nos casos especificados, o que não inclui o medicamento requerido e não é excepcionado em razão de autorização de importação pela Anvisa.
4. Encontra-se consolidado na jurisprudência o entendimento de ser lícita a exclusão, na saúde suplementar, do fornecimento de medicamentos para tratamento domiciliar, isto é, aqueles prescritos pelo médico assistente para administração em ambiente externo ao de unidade de saúde, salvo os antineoplásicos orais (e correlacionados), a medicação assistida (home care) e os incluídos no rol da Agência Nacional de Saúde Suplementar (ANS) para esse fim. Precedentes do C. STJ.
5. Não há comprovação do preenchimento das diretrizes fixadas pelo E. Supremo Tribunal Federal no julgamento da ADI 7.265/DF para a concessão judicial de tratamento não incorporado.
6. O decurso de aproximadamente sete meses entre a negativa administrativa e o ajuizamento da ação afasta a configuração do perigo de dano na extensão exigida para a tutela de urgência. Revogação da tutela provisória de rigor.
IV. DISPOSITIVO
Recurso provido."
1002663-72.2023.8.26.0009,20773818,Apelação Cível,Tratamento médico-hospitalar,José Joaquim dos Santos,São Paulo,2ª Câmara de Direito Privado,2,Direito Privado,28/07/2026,28/07/2026,8000.0,True,False,193,"DIREITO CIVIL. APELAÇÃO CÍVEL. INDENIZAÇÃO POR DANOS MORAIS. RECURSO DESPROVIDO.

I. Caso em Exame. Ação indenizatória em que a autora, beneficiária de plano de saúde , teve atendimento médico negado para sua filha menor, diagnosticada com bronquiolite e insuficiência respiratória, devido ao prazo de carência. A sentença condenou a ré ao pagamento de indenização por danos morais.

II. Questão em Discussão. A questão em discussão consiste em (i) a ilegitimidade ativa da coautora Danyell para pleitear indenização em nome próprio e (ii) a abusividade da cláusula contratual que impõe período de carência superior a 24 horas em casos de urgência.

III. Razões de Decidir. Rejeita-se a preliminar de ilegitimidade ativa da coautora Danyell, pois a genitora experimentou dano moral próprio devido à negativa de internação da filha. A negativa de cobertura em situação de urgência é abusiva, conforme artigo 12, inciso V, alínea ""c"", da Lei nº 9.656/98, que garante cobertura após 24 horas da contratação.

IV. Dispositivo e Tese. Recursos desprovidos. 

Tese de julgamento: 1. A negativa de cobertura em situação de urgência configura dano moral indenizável. 2. O montante de indenização fixado em R$8.000,00 para cada autora é razoável e proporcional."
1128532-29.2024.8.26.0100,20773683,Apelação Cível,Tratamento médico-hospitalar,José Joaquim dos Santos,São Paulo,2ª Câmara de Direito Privado,2,Direito Privado,28/07/2026,28/07/2026,,False,False,190,"DIREITO CIVIL. APELAÇÃO CÍVEL. PLANO DE SAÚDE . RECURSO DESPROVIDO.

I. Caso em Exame. Recurso de apelação interposto contra sentença que condenou a ré a autorizar e custear procedimento cirúrgico de coluna vertebral do autor, incluindo materiais e monitorização neurofisiológica, conforme laudo pericial. A ré alega observância de normas da ANS e contesta a necessidade dos materiais.

II. Questão em Discussão. A questão em discussão consiste em aferir (i) a legitimidade da negativa de cobertura pela operadora de plano de saúde para o procedimento cirúrgico e materiais prescritos e (ii) a adequação da sentença que determinou a cobertura integral.

III. Razões de Decidir. A constituição de Junta Médica é legítima, mas não afasta o controle jurisdicional sobre a necessidade do tratamento, especialmente quando a perícia judicial conclui pela necessidade dos materiais e procedimentos. A negativa de cobertura baseada em divergência técnica interna é abusiva quando há indicação médica e confirmação pericial da necessidade dos materiais e procedimentos.

IV. Dispositivo e Tese. Nega-se provimento ao recurso.

Tese de julgamento: 1. A operadora de plano de saúde deve cobrir procedimentos e materiais prescritos quando prescritos por médico e confirmados por perícia judicial."
1000162-70.2024.8.26.0540,20773152,Apelação Cível,Tratamento médico-hospitalar,Fernando Marcondes,Santo André,2ª Câmara de Direito Privado,2,Direito Privado,18/07/2026,28/07/2026,,True,False,275,"Direito civil e do consumidor. Apelação. Plano de saúde . Ação de obrigação de fazer c/ indenização por danos morais. Cirurgia pós-bariátrica. Procedimento não reparador. Recurso desprovido.

I. Caso em exame
1. Apelação interposta contra sentença que julgou improcedente pedido de cobertura, por plano de saúde , de cirurgia plástica pós-bariátrica, bem como de indenização por danos morais, ao fundamento de que os procedimentos possuem caráter estético.

II. Questão em discussão
2. A questão em discussão consiste em: (i) a natureza das cirurgias pleiteadas (reparadora/funcional ou estética) e a consequente obrigatoriedade de cobertura; (ii) a caracterização de dano moral decorrente da negativa.

III. Razões de decidir
3. A prova pericial concluiu, de forma objetiva, que o procedimento pretendido não apresenta caráter funcional ou reparador, inexistindo incapacidade, lesões dermatológicas ou comprometimento relevante à saúde da paciente.
4. O Tema 1.069 do STJ condiciona a cobertura obrigatória à natureza reparadora ou funcional da cirurgia, hipótese não verificada no caso concreto.
5. Negativa de cobertura fundada em interpretação legítima do contrato e em suporte técnico não configura ato ilícito, afastando o dever de indenizar.

IV. Dispositivo e tese
6. Recurso desprovido.

Tese de julgamento: ""A cobertura de cirurgia plástica pós-bariátrica pelo plano de saúde depende da comprovação de seu caráter reparador ou funcional, não sendo obrigatória quando demonstrada sua finalidade estética por prova pericial.""

Legislação citada: Lei nº 9.656/98; CPC, arts. 85, § 2º e 98, § 3º.

Jurisprudência citada: STJ, Tema 1.069; TJSP, Apelação Cível 1009366-22.2024.8.26.0320, Rel. Alexandre Lazzarini, 9ª Câmara de Direito Privado, j. 19/11/2025; Apelação Cível 1038287-46.2022.8.26.0001, Relatora: Mara Trippo Kimura, Núcleo de Justiça 4.0 em Segundo Grau Turma III (Direito Privado 1), j. 19/11/2025."
1002770-52.2021.8.26.0344,20773257,Apelação Cível,Tratamento médico-hospitalar,Alcides Leopoldo,Marília,4ª Câmara de Direito Privado,4,Direito Privado,28/07/2026,28/07/2026,,True,False,226,"DIREITO CIVIL. APELAÇÃO. PLANO DE SAÚDE . OBRIGAÇÃO DE FAZER C.C. INDENIZAÇÃO POR DANOS MORAIS. PEDIDO JULGADO IMPROCEDENTE.
I. Caso em Exame
A autora, beneficiária de plano de saúde , realizou cirurgia bariátrica em 2019, com perda ponderal de 40kg. Foram prescritos procedimentos cirúrgicos complementares, cuja cobertura foi negada pela operadora do plano de saúde . A autora busca a condenação da operadora na obrigação de autorizar a cobertura dos procedimentos e indenização por danos morais pela negativa.
II. Questão em Discussão
2. A questão em discussão consiste em determinar se os procedimentos cirúrgicos pleiteados têm caráter reparador ou estético, e se há obrigatoriedade de cobertura pelo plano de saúde .
III. Razões de Decidir
3. O laudo pericial concluiu que os procedimentos têm características de cirurgias estéticas, não sendo obrigatória a cobertura pelo plano de saúde .
4. A jurisprudência do STJ, no Tema 1069, estabelece que cirurgias plásticas de caráter reparador ou funcional são de cobertura obrigatória, mas procedimentos estéticos não são cobertos.
IV. Dispositivo e Tese
5. Recurso desprovido.
Tese de julgamento: 1. Cirurgias plásticas de caráter estético não são de cobertura obrigatória pelos planos de saúde . 2. A negativa de cobertura de procedimentos estéticos não configura dano moral.
Legislação Citada: CDC, arts. 4º, III, 51, IV; CC, arts. 422, 765; CPC, arts. 479, 1.026, § 2º. Jurisprudência Citada: STJ, Tema 1069."
1002137-30.2023.8.26.0228,20773642,Embargos de Declaração Cível,Tratamento médico-hospitalar,Viviani Nicolau,São Paulo,3ª Câmara de Direito Privado,3,Direito Privado,28/07/2026,28/07/2026,,False,False,220,"""DIREITO CIVIL E PROCESSUAL CIVIL. EMBARGOS DE DECLARAÇÃO. PLANO DE SAÚDE . MEDICAMENTO DE USO DOMICILIAR. OMISSÃO INEXISTENTE. REJEIÇÃO.
I. Caso em exame
Embargos de declaração opostos contra acórdão que manteve a negativa de cobertura de medicamento de uso domiciliar e confirmou a improcedência da ação.
II. Questão em discussão
A questão em discussão consiste em saber se o acórdão deixou de apreciar a alegada violação aos arts. 10, VI, 12, I, ""b"" e ""c"", e 13 da Lei nº 9.656/1998, bem como aos arts. 421 e 422 do Código Civil.
III. Razões de decidir
Não há omissão, contradição, obscuridade ou erro material, pois o acórdão enfrentou a controvérsia e concluiu, de forma fundamentada, pela licitude da negativa de cobertura de medicamento de uso domiciliar.
A insurgência da parte pretende rediscutir o mérito e obter prequestionamento, finalidade incompatível com os embargos de declaração.
O art. 1.025 do CPC resguarda o prequestionamento, sem necessidade de acolhimento dos embargos.
IV. Dispositivo e tese
EMBARGOS DE DECLARAÇÃO REJEITADOS.
Tese de julgamento: '1. Os embargos de declaração não se prestam à rediscussão do mérito. 2. Não há omissão quando o acórdão enfrenta, de forma suficiente, a negativa de cobertura de medicamento de uso domiciliar'.
Dispositivos relevantes citados: CPC, arts. 489, § 1º, 1.022 e 1.025; Lei nº 9.656/1998, art. 10, VI"".
(VOTO nº 51641)."
1005931-46.2025.8.26.0048,20773624,Apelação Cível,Tratamento médico-hospitalar,José Joaquim dos Santos,Atibaia,2ª Câmara de Direito Privado,2,Direito Privado,28/07/2026,28/07/2026,,True,False,228,"APELAÇÃO CÍVEL. PLANO DE SAÚDE . RECURSO PROVIDO AO AUTOR E DESPROVIDO À RÉ.

I. Caso em Exame. Recurso de apelação interposto contra sentença que julgou parcialmente procedente a ação, obrigando a ré a prover cirurgia e tratamento ao autor, além de condená-la ao pagamento de custas e honorários advocatícios. O autor busca indenização por danos morais devido à negativa de cobertura . A ré contesta a cobertura dos materiais cirúrgicos e solicita redução dos honorários.

II. Questão em Discussão. A questão em discussão consiste em aferir (i) a obrigação do plano de saúde em cobrir materiais cirúrgicos prescritos pelo médico do autor e (ii) a indenização por danos morais devido à negativa de cobertura .

III. Razões de Decidir. O Código de Defesa do Consumidor permite cláusulas limitativas, desde que redigidas com clareza. A escolha do tratamento deve ser feita pelo médico do paciente, não pelo plano de saúde . A negativa de cobertura contraria o art. 51, IV do CDC, colocando o autor em desvantagem. A jurisprudência confirma que o plano de saúde não pode escolher o procedimento ou materiais cirúrgicos. Dano moral. Ocorrência. 

IV. Dispositivo e Tese. Dá-se provimento ao recurso do autor e nega-se provimento ao recurso da ré.

Tese de julgamento: 1. O plano de saúde deve cobrir materiais cirúrgicos prescritos pelo médico do paciente. 2. A negativa de cobertura configura dano moral."
1020026-22.2024.8.26.0564,20772700,Apelação Cível,Tratamento médico-hospitalar,Carlos Castilho Aguiar França,São Bernardo do Campo,4ª Câmara de Direito Privado,4,Direito Privado,28/07/2026,28/07/2026,,False,False,184,"DIREITO CIVIL – PLANO DE SAÚDE – APELAÇÃO - CERCEAMENTO DE DEFESA – OCORRÊNCIA – RECURSO PROVIDO.
I. Caso em Exame
Apelação interposta contra sentença que condenou a ré a custear e realizar cirurgias prescritas, além de fornecer medicamentos necessários, sob pena de multa diária. Ré condenada ao pagamento das custas e honorários advocatícios.
II. Questão em Discussão
2. A questão em discussão consiste em (I) a natureza dos procedimentos solicitados, se estéticos ou reparadores, e (II) a alegação de cerceamento de defesa por falta de prova pericial.
III. Razões de Decidir
3. A necessidade de perícia médica para esclarecer a natureza dos procedimentos, conforme teses do STJ sobre cirurgias pós-bariátricas.
4. Configurado cerceamento de defesa pela ausência de prova pericial, devendo a sentença ser cassada.
IV. Dispositivo e Tese
5. Recurso provido.
Tese de julgamento: 1. É obrigatória a cobertura de cirurgias reparadoras pós-bariátricas. 2. A realização de perícia médica é necessária para dirimir dúvidas sobre a natureza dos procedimentos.
Legislação Citada:
Lei nº 9.656/98, art. 10.
Jurisprudência Citada:
STJ, REsp nº 1872.321/SP, Rel. Min. Ricardo Villas Bôas Cueva, Segunda Seção, j. 13.09.2023."
1000125-98.2021.8.26.0200,20772498,Apelação Cível,Tratamento médico-hospitalar,MARIO CHIUVITE JUNIOR,Gália,3ª Câmara de Direito Privado,3,Direito Privado,28/07/2026,28/07/2026,10000.0,True,False,808,"""DIREITO DO CONSUMIDOR. APELAÇÃO. PLANO DE SAÚDE . CIRURGIA MAMÁRIA PÓS-BARIÁTRICA. PRELIMINAR DE CERCEAMENTO DE DEFESA REJEITADA. COBERTURA OBRIGATÓRIA. TEMA REPETITIVO Nº 1.069 DO STJ. DANOS MORAIS NÃO CONFIGURADOS. RECURSO PARCIALMENTE PROVIDO. I. Caso em Exame: Trata-se de ação de obrigação de fazer cumulada com tutela de urgência e indenização por danos morais ajuizada por beneficiária de plano de saúde em face da operadora ré. A autora alega que, após se submeter à cirurgia bariátrica para tratamento de obesidade mórbida, com perda ponderal aproximada de 40 kg, passou a apresentar excesso cutâneo, ptose mamária grau IV, dermatites e processos inflamatórios, tendo recebido indicação médica para realização de mamoplastia reparadora. A operadora negou a cobertura do procedimento mamário ao fundamento de sua natureza estética e da ausência de previsão específica no rol da ANS. A sentença julgou procedentes os pedidos para condenar a requerida ao custeio da mamoplastia reparadora e ao pagamento de indenização por danos morais no valor de R$ 10.000,00. Inconformada, a ré interpôs recurso de apelação, arguindo preliminar de nulidade da sentença por cerceamento de defesa, em razão da alegada insuficiência da prova pericial, e, no mérito, sustentando a natureza estética do procedimento, a inexistência de cobertura obrigatória e a ausência dos pressupostos da responsabilidade civil. II. Questões em Discussão: A questão em discussão consiste em aferir a ocorrência de cerceamento de defesa em razão da alegada insuficiência da prova pericial, a obrigatoriedade de cobertura da mamoplastia indicada à autora após cirurgia bariátrica, diante da controvérsia acerca de sua natureza reparadora ou meramente estética, bem como a configuração de dano moral indenizável em decorrência da negativa de cobertura . III. Razões de Decidir: A preliminar não merece acolhimento. A prova pericial foi regularmente produzida por perito oficial do IMESC, mediante exame clínico direto, análise da documentação médica constante dos autos e posterior prestação de esclarecimentos complementares. Ademais, a recorrente não demonstrou a existência de prejuízo concreto ao exercício do contraditório e da ampla defesa, nem de deficiência probatória apta a justificar a produção de nova perícia. O fato de o exame ter sido realizado após a concretização da cirurgia não compromete a validade da prova técnica, especialmente porque o expert também examinou a documentação médica pretérita disponível nos autos. No mérito, os relatórios médicos contemporâneos à negativa de cobertura registram quadro de ptose mamária grau IV, excesso cutâneo, dermatites e processos inflamatórios após expressiva perda ponderal decorrente da cirurgia bariátrica, circunstâncias consideradas em conjunto com a prova pericial produzida. O acervo probatório revela a natureza reparadora do procedimento, atraindo a incidência do Tema Repetitivo nº 1.069 do STJ, segundo o qual possuem cobertura obrigatória as cirurgias plásticas reparadoras ou funcionais indicadas a pacientes pós-bariátricos. Igualmente não merece acolhimento a tese recursal fundada nos artigos 10, II, e 10-A da Lei nº 9.656/98, no Tema 1.069 do STJ e na ADI nº 7.265 do STF. A controvérsia dos autos não reside na cobertura de procedimento reconhecidamente estético, mas na própria caracterização da natureza da mamoplastia indicada à autora. Reconhecido, à luz do conjunto probatório examinado pelo Juízo de origem, o caráter reparador da intervenção, não se mostram aplicáveis as hipóteses de exclusão invocadas pela operadora. Assiste razão à apelante quanto aos danos morais. A despeito da indevida negativa de cobertura , a controvérsia decorreu de divergência técnico-jurídica objetivamente justificável acerca da natureza do procedimento indicado, circunstância incompatível com a caracterização de conduta manifestamente abusiva. Ausente comprovação de lesão autônoma aos direitos da personalidade da autora, não se configuram os pressupostos da responsabilidade civil extrapatrimonial. Diante do parcial provimento do recurso para afastar a condenação por danos morais, impõe-se a redistribuição do ônus sucumbencial, reconhecida a sucumbência recíproca. Custas e despesas processuais rateadas igualmente entre as partes. Honorários advocatícios fixados em 10% sobre o proveito econômico obtido pela autora, em favor de seu patrono, e em 10% sobre o valor atualizado do pedido de danos morais julgado improcedente, em favor da patrona da requerida, vedada a compensação. Quanto à verba sucumbencial devida pela autora, fica suspensa a exigibilidade, em razão da gratuidade da justiça. IV. Dispositivo e Tese: Dá-se parcial provimento ao recurso para afastar a condenação imposta à requerida a título de indenização por danos morais e promover a redistribuição do ônus sucumbencial, preservados os demais capítulos da sentença. Tese de Julgamento: 1. A perícia realizada após a intervenção cirúrgica não se revela nula quando amparada em exame clínico e na documentação médica constante dos autos. 2. Demonstrado o caráter reparador da mamoplastia em paciente submetida à cirurgia bariátrica, impõe-se a cobertura do procedimento pela operadora de saúde, nos termos do Tema 1.069 do STJ. 3. A existência de controvérsia técnica razoável acerca da abrangência da cobertura contratual afasta a configuração de dano moral indenizável. Ante o provimento em parte do recurso não se aplica o disposto no § 11 do art. 85 do CPC."". (v. 13355)"
1006508-86.2021.8.26.0590,20772452,Apelação Cível,Tratamento médico-hospitalar,MARIO CHIUVITE JUNIOR,São Vicente,3ª Câmara de Direito Privado,3,Direito Privado,28/07/2026,28/07/2026,,True,True,687,"DIREITO CIVIL. APELAÇÃO CÍVEL. EM EXAME, AÇÃO DE OBRIGAÇÃO DE FAZER CUMULADA COM INDENIZAÇÃO POR DANOS MORAIS. SENTENÇA QUE DETERMINOU A COBERTURA PARCIAL DE CIRURGIAS PÓS-BARIÁTRICAS E AFASTOU O DANO MORAL. INSURGÊNCIA DA AUTORA. SEM RAZÃO. A PROVA PERICIAL (FLS. 400/420) FOI CLARA AO APONTAR QUE APENAS PARTE DOS PROCEDIMENTOS POSSUI NATUREZA REPARADORA, JUSTIFICANDO SUA COBERTURA, ENQUANTO OS DEMAIS DETÊM CARÁTER ESTÉTICO. A SENTENÇA OBSERVOU O ENTENDIMENTO DO STJ (TEMA 1.069), QUE EXIGE ANÁLISE INDIVIDUALIZADA DAS CIRURGIAS, NÃO HAVENDO PRESUNÇÃO DE CARÁTER REPARADOR. A NEGATIVA PARCIAL DE COBERTURA BASEOU-SE EM INTERPRETAÇÃO CONTRATUAL PLAUSÍVEL, NÃO CONFIGURANDO CONDUTA ILÍCITA OU ABALO MORAL INDENIZÁVEL. AUSENTE URGÊNCIA OU RISCO À INTEGRIDADE FÍSICA, O CASO NÃO ULTRAPASSA O MERO INADIMPLEMENTO CONTRATUAL, INSUSCETÍVEL DE GERAR DANOS MORAIS. DECISÃO MANTIDA. MAJORAÇÃO DOS HONORÁRIOS PARA 12% SOBRE O VALOR DA CAUSA, CONFORME O ART. 85, § 11 DO CPC, OBSERVADA A GRATUIDADE DA JUSTIÇA NOS TERMOS DO ART. 98, §3º DO CPC. RECURSO NÃO PROVIDO. 
I. CASO EM EXAME: 
1. Recurso de apelação interposto por Ana Lucia Neris Torres Marotti contra sentença que julgou parcialmente procedente ação de obrigação de fazer cumulada com indenização por danos morais, proposta em face de Unimed de Santos. A autora, beneficiária de plano de saúde administrado pela ré, após submeter-se à cirurgia bariátrica, apresentou acentuada flacidez cutânea e excesso de pele, com indicação médica para realização de cirurgias reparadoras. A sentença vergastada determinou a cobertura de parte dos procedimentos, reconhecendo o caráter reparador de alguns, enquanto afastou o pedido de indenização por danos morais.
II. QUESTÃO EM DISCUSSÃO:
2. A controvérsia recursal cinge-se à obrigatoriedade de a operadora de plano de saúde custear a integralidade dos procedimentos cirúrgicos indicados à apelante, em decorrência de quadro pós-bariátrico. A apelante sustentou que todos os procedimentos possuem natureza reparadora e que o laudo pericial adotou critérios indevidos. Aduziu, ainda, a incidência do Tema 1.069 do STJ e pleiteou indenização por danos morais. A ré, em contrarrazões, pugnou pela manutenção integral da sentença, argumentando que os procedimentos indeferidos possuem caráter meramente estético e que não houve conduta ilícita apta a ensejar dano moral.
III. RAZÕES DE DECIDIR:
3. Afigura-se que o laudo pericial judicial (fls. 400/426), exarado por profissional de confiança do Juízo, concluiu que apenas parte das cirurgias indicadas ostentava natureza reparadora, justificando a imposição de cobertura pela operadora de saúde. Ressalta-se que a negativa de cobertura não decorreu de conduta arbitrária, mas de interpretação contratual plausível, não configurando dano moral. Ademais, a sentença objurgada observou o entendimento consolidado pelo STJ no Tema 1.069, que não presume o caráter reparador de todas as intervenções pós-bariátricas, exigindo análise individualizada. 
4. O pedido de indenização por danos morais foi corretamente rejeitado, pois a negativa de cobertura pela operadora não se mostrou abusiva, mas baseada em interpretação plausível do contrato e da legislação, em contexto de controvérsia jurídica relevante. O caso não ultrapassa o mero inadimplemento contratual, decorrente de divergência legítima sobre as obrigações assumidas, sem caracterizar ato ilícito ou violação aos direitos da personalidade. Ademais, não houve urgência, risco à vida ou à integridade física que justificasse excepcionalmente a reparação moral. Assim, trata-se de simples dissabor, insuficiente para gerar indenização, sob pena de banalização do instituto, razão pela qual se mantém a improcedência do pedido.
IV. DISPOSITIVO E TESE:
5. Diante do exposto, nego provimento ao presente recurso, mantendo-se in totum a decisão vergastada pelos seus próprios termos e jurídicos fundamentos. Majoram-se os honorários advocatícios para 12% (doze por cento) do valor atualizado da causa, nos termos do art. 85, § 11, do Código de Processo Civil, observada a suspensão da exigibilidade de tal verba por ser a apelante beneficiária da justiça gratuita, nos termos do art. 98, §3º do CPC.
Tese de julgamento: 1. A cobertura de cirurgias pós-bariátricas deve ser analisada caso a caso, considerando a natureza reparadora ou estética dos procedimentos. 2. A negativa de cobertura , quando baseada em interpretação contratual razoável, não configura dano moral.
Legislação Citada:
Código de Processo Civil, art. 487, I; art. 85, § 11; art. 98, § 3º.
Jurisprudência Citada:
TJSP, Apelação Cível 1008444-87.2022.8.26.0566, Rel. Des. Salles Rossi, 8ª Câmara de Direito Privado, j. 22/05/2025."
1011276-12.2024.8.26.0344,20771478,Apelação Cível,Tratamento médico-hospitalar,Wilson Lisboa Ribeiro,Marília,9ª Câmara de Direito Privado,9,Direito Privado,27/07/2026,27/07/2026,,True,False,143,"APELAÇÕES CÍVEIS - Plano de saúde . Ação de obrigação de fazer cumulada com indenização por danos morais. Sentença de parcial procedência. Cobertura do tratamento multidisciplinar da autora pelo método MIG. Preliminares da operadora afastadas. Revogação da Súmula 102 do TJSP que não impede o exame concreto da abusividade da negativa à luz da Lei nº 9.656/98, da Lei nº 14.454/2022, da RN ANS nº 539/2022 e dos precedentes do STJ e do STF. Prescrição médica individualizada. Ausência de demonstração de alternativa terapêutica adequada e equivalente. Custeio devido. Coparticipação que permanece submetida a processo autônomo, sem definição definitiva neste feito. Danos morais indevidos. Tema 1365 do STJ. Simples negativa de cobertura que não gera, por si só, dano moral presumido. Valor da causa que deve corresponder ao proveito econômico perseguido no ajuizamento. Recurso da ré improvido, com observação. Recurso da autora parcialmente provido."
1004461-41.2022.8.26.0191,20771012,Apelação Cível,Planos de saúde,James Siano,Ferraz de Vasconcelos,5ª Câmara de Direito Privado,5,Direito Privado,27/07/2026,27/07/2026,5000.0,True,False,257,"DIREITO CIVIL. APELAÇÕES. OBRIGAÇÃO DE FAZER. PARCIAL PROVIMENTO DO RECURSO DA RÉ. NEGADO PROVIMENTO AO RECURSO DA AUTORA. Plano de saúde . Recusa ao custeio de cirurgia sob o argumento de necessidade prévia de submeter o autor à perícia e junta médica do plano de saúde . Sentença de procedência para confirmar a obrigação de custeio e fornecimento do procedimento indicado pelo médico do beneficiário do plano, sem necessidade de perícia médica, e condenar a ré à indenização por danos morais, arbitrados em R$5.000,00.
I. Caso em Exame
Apelações interpostas contra sentença que julgou parcialmente procedente ação de obrigação de fazer, condenando a ré ao pagamento de indenização por danos morais ao autor, arbitrados em R$5.000,00. O autor, portador de lombalgia crônica, teve prescrito procedimento cirúrgico específico, cuja cobertura foi negada pela ré sob alegação de ausência no rol da ANS.
II. Questão em Discussão
A questão em discussão consiste em: (i) a obrigatoriedade de cobertura de procedimento médico não constante do rol da ANS; (ii) a configuração de danos morais pela negativa de cobertura .
III. Razões de Decidir
O plano de saúde não pode se recusar a custear tratamento prescrito por médico, pois cabe ao profissional definir o melhor método para o tratamento. A negativa constitui, a princípio, negativa ao próprio objeto do contrato.
 A negativa de cobertura não gera automaticamente dano moral, conforme entendimento consolidado pelo Tema 1365 do STJ, sendo necessária a comprovação de sofrimento psíquico anômalo, o que não foi demonstrado pelo autor.
Recurso da ré parcialmente provido. Recusa do autor improvido."
1010273-58.2020.8.26.0248,20771002,Apelação Cível,Tratamento médico-hospitalar,James Siano,Indaiatuba,5ª Câmara de Direito Privado,5,Direito Privado,27/07/2026,27/07/2026,,False,False,200,"DIREITO CIVIL. APELAÇÃO. OBRIGAÇÃO DE FAZER E INDENIZAÇÃO POR DANOS MORAIS. RECURSO IMPROVIDO.
I. Caso em Exame
Apelação contra sentença que julgou improcedente a ação de obrigação de fazer e indenização por danos morais proposta devido à negativa de cobertura de cirurgias plásticas reparadoras pós-bariátricas. A autora alegou cerceamento de defesa e abusividade na negativa de cobertura , pleiteando a anulação da sentença ou sua reforma para condenar a ré ao custeio dos procedimentos e ao pagamento de indenização.
II. Questão em Discussão
A questão em discussão consiste em verificar se houve cerceamento de defesa e se a negativa de cobertura das cirurgias plásticas pós-bariátricas foi abusiva, considerando a ausência de prova pericial devido à mudança da autora para o exterior.
III. Razões de Decidir
A preliminar de cerceamento de defesa não prospera, pois a perícia foi regularmente deferida para apurar a natureza dos procedimentos, e a autora não compareceu ao exame. A realização de perícia remota é inviável para procedimentos que demandam exame físico. A mudança da autora para o exterior não justifica a adaptação da produção de prova pelo Judiciário. Sem a prova técnica necessária, não se pode reconhecer a abusividade da negativa de cobertura .
Recurso improvido."
1005329-92.2021.8.26.0663,20770861,Apelação Cível,Planos de saúde,James Siano,Votorantim,5ª Câmara de Direito Privado,5,Direito Privado,27/07/2026,27/07/2026,949.2,False,False,222,"DIREITO CIVIL. APELAÇÃO. PLANO DE SAÚDE . OBRIGAÇÃO DE FAZER C.C. INDENIZAÇÃO. 
I. Caso em Exame:
Trata-se de apelação interposta contra sentença que julgou procedente ação de obrigação de fazer c.c. indenização por danos morais para reconhecer a responsabilidade da ré em arcar com os custos do exame de ressonância e da cirurgia com a utilização do neuronavegador, assim como condená-la ao ressarcimento do valor R$ 949,20 e ao pagamento de indenização por danos morais no valor de R$ 5.000,00.
Foi negado provimento à apelação do plano de saúde .
II. Questão em Discussão:
Reexame da apelação nos termos do art. 1.030, II, do CPC em relação à ocorrência de danos morais em razão da tese fixada pelo STJ no tema 1365.
III. Razões de Decidir:
Autor diagnosticado com tumor hipofisário, com indicação médica para realização de tratamento cirúrgico de fístula liquórica em caráter de urgência. Foi reconhecida a abusividade da negativa de cobertura para o tratamento prescrito. A fixação da indenização por danos morais não ocorreu somente pela indevida negativa de cobertura . Os fatos narrados na hipótese em julgamento ultrapassam os meros aborrecimentos inerentes à vida em sociedade, tendo em vista a gravidade do quadro clínico do autor e o agravamento do seu abalo psicológico em decorrência da conduta do plano de saúde .
Mantido o v. acórdão de 619/625"
1024249-29.2022.8.26.0001,20770185,Apelação Cível,Tratamento médico-hospitalar,Donegá Morandini,São Paulo,3ª Câmara de Direito Privado,3,Direito Privado,27/07/2026,27/07/2026,,True,False,210,"DIREITO CIVIL. APELAÇÃO. PLANO DE SAÚDE . RECURSO DESPROVIDO.
I. Caso em Exame 1. Apelação contra sentença que julgou parcialmente procedentes os pedidos, condenando a operadora de plano de saúde ao custeio da dermolipectomia de coxas, reconhecida como cirurgia reparadora, e julgando improcedentes os pedidos relativos a outros procedimentos cirúrgicos e indenização por danos morais. A autora sustenta que todas as cirurgias são parte do tratamento da obesidade mórbida e devem ser custeadas pela operadora.
II. Questão em Discussão 2. A questão em discussão consiste na natureza dos procedimentos cuja cobertura foi afastada pela sentença, especificamente mamoplastia, dermolipectomia braquial e correção de lipodistrofia dorsal.
III. Razões de Decidir 3. O laudo pericial concluiu pelo caráter reparador da dermolipectomia de coxas, mas afastou tal natureza para os demais procedimentos, por não apresentarem prejuízo funcional relevante. 4. A negativa de cobertura não gera dano moral presumido, sendo necessária a demonstração de sofrimento psíquico relevante, o que não foi comprovado no caso.
IV. Dispositivo e Tese 5. Recurso desprovido. Tese de julgamento: 1. A cobertura obrigatória de cirurgias pós-bariátricas exige demonstração concreta de finalidade funcional ou reparadora. 2. A recusa de cobertura não gera dano moral presumido sem demonstração de sofrimento psíquico relevante.
Jurisprudência Citada: STJ, Tema nº 1.069. STJ, Tema nº 1.365."
1175948-90.2024.8.26.0100,20770260,Apelação Cível,Tratamento médico-hospitalar,Donegá Morandini,São Paulo,3ª Câmara de Direito Privado,3,Direito Privado,27/07/2026,27/07/2026,,False,False,275,"DIREITO CIVIL. APELAÇÃO. PLANO DE SAÚDE . COBERTURA DE TRATAMENTO. APELO DESPROVIDO.
I. Caso em Exame 1. Recurso de apelação contra sentença que confirmou tutela e condenou operadora de plano de saúde ao custeio integral de tratamento para linfoma de células do manto variante blastoide, com uso dos medicamentos Obinutuzumabe, Zanubrutinibe e Venetoclax.
II. Questão em Discussão 2. A questão em discussão consiste em (i) verificar a obrigatoriedade de cobertura dos medicamentos prescritos, (ii) análise da utilização off label, e (iii) aplicação das Diretrizes de Utilização da ANS.
III. Razões de Decidir 3. A sentença está em consonância com a evolução jurisprudencial e legislativa, incluindo a Lei nº 14.454/2022 e a ADI nº 7.265 do STF. 4. A prescrição médica é corroborada por avaliações técnicas independentes do sistema NATJUS, confirmando a eficácia e segurança dos medicamentos. 5. A invocação genérica das Diretrizes de Utilização da ANS não afasta a obrigação contratual de cobertura, considerando o quadro clínico individual da autora.
IV. Dispositivo e Tese 5. Apelo desprovido. Tese de julgamento: 1. A cobertura de tratamento prescrito é obrigatória quando demonstrada a eficácia e necessidade clínica, mesmo que não conste no rol da ANS. 2. A utilização off label não impede a cobertura quando há evidências científicas favoráveis.
Legislação Citada: Código de Processo Civil, art. 85, §11. Lei nº 9.656/98, art. 10, §§12 e 13. Lei nº 14.454/2022.
Jurisprudência Citada: STJ, Embargos de Divergência nos REsp nº 1.886.929/SP e nº 1.889.704/SP. STF, ADI nº 7.265. TJSP, Apelação nº 1006667-65.2018.8.26.0224, Rel. Des. Schmitt Corrêa, j. 02.05.2023. TJSP, Apelação nº 1033047-02.2024.8.26.0100, Rel. Des. Schmitt Corrêa, j. 28.04.2026. TJSP, Apelação nº 1081473-84.2020.8.26.0100, Rel. Des. Beretta da Silveira, j. 27.05.2021."
1008340-87.2025.8.26.0664,20770359,Apelação Cível,Fornecimento de medicamentos,Mônica Soares Machado,Votuporanga,Núcleo 4.0-T. VIII (DP1),,,27/07/2026,27/07/2026,384000.0,True,True,674,"APELAÇÃO. DIREITO CIVIL E PROCESSUAL CIVIL. PLANO DE SAÚDE . FORNECIMENTO DE MEDICAMENTO ANTINEOPLÁSICO (OSIMERTINIBE). NEGATIVA DE COBERTURA SOB ALEGAÇÃO DE USO OFF LABEL E AUSÊNCIA NO ROL DA ANS. SENTENÇA DE PARCIAL PROCEDÊNCIA. RECURSO DA RÉ DESPROVIDO, NA PARTE CONHECIDA. RECURSO DO AUTOR PARCIALMENTE PROVIDO.
I - CASO EM EXAME: Apelações interpostas pela ré e pelo autor contra sentença que julgou parcialmente procedente a ação para condenar a operadora ao fornecimento e custeio do medicamento Osimertinibe 80 mg, bem como ao pagamento de custas e honorários fixados por equidade. A ré sustenta a licitude da negativa por se tratar de uso off label, a taxatividade do rol da ANS, requerendo, subsidiariamente, dilação probatória, redução de multa e afastamento de danos morais. O autor, por sua vez, pleiteia a condenação da ré ao pagamento de danos morais e a revisão dos honorários advocatícios. Em contrarrazões, o autor suscita preliminar de não conhecimento do recurso da ré por ofensa ao princípio da dialeticidade.
II - QUESTÃO EM DISCUSSÃO: Consiste em saber se é válida a negativa de cobertura de medicamento antineoplásico prescrito para tratamento de neoplasia grave sob o argumento de uso off label e ausência no rol da ANS; se há interesse recursal da ré quanto a matérias não decididas na sentença; se a hipótese enseja condenação por danos morais; e se é cabível a fixação de honorários por equidade diante do valor da causa e do proveito econômico obtido.
III - RAZÕES DE DECIDIR: A preliminar de não conhecimento do recurso da ré é parcialmente acolhida em razão da ausência de interesse recursal quanto a pedidos não acolhidos na sentença – Aplicação do Código de Defesa do Consumidor aos contratos de plano de saúde (Súmula 608 do STJ) – Abusividade da negativa de cobertura de medicamento antineoplásico prescrito por médico assistente, ainda que fora das diretrizes do rol da ANS, especialmente após a Lei 14.454/22 e preenchimento dos requisitos fixados pelo STF na ADI 7265 – Existência de prescrição médica fundamentada, ausência de alternativa terapêutica eficaz, registro do medicamento na ANVISA e comprovação de eficácia conforme medicina baseada em evidências – Natureza antineoplásica do fármaco que enseja cobertura obrigatória (Lei 9.656/98) – Aplicação da Súmula 95 do TJSP – Descabimento de indenização por danos morais, ausente demonstração de abalo extraordinário, tratando-se de mero inadimplemento contratual – Inadequação da fixação de honorários por equidade em causas de elevado valor, nos termos do Tema 1.076 do STJ, devendo ser observados os percentuais do art. 85, §2º, do CPC – Arbitramento dos honorários em 10% sobre o proveito econômico, majorados em grau recursal para 13%.
IV - Dispositivo e tese: Recurso da ré desprovido na parte conhecida; recurso do autor parcialmente provido para afastar a fixação por equidade e arbitrar honorários em 10% sobre o proveito econômico (R$ 384.000,00), majorados para 13% em grau recursal, mantida a improcedência do pedido de danos morais.
Teses de julgamento: 1. É abusiva a negativa de cobertura de medicamento antineoplásico prescrito por médico assistente, ainda que sob alegação de uso off label, desde que presentes os requisitos da Lei 14.454/22 e da ADI 7265. 2. A ausência de interesse recursal impede o conhecimento do recurso quanto a pedidos não acolhidos na sentença. 3. A negativa indevida de cobertura, por si só, não configura dano moral, ausente prova de abalo extraordinário. 4. É vedada a fixação de honorários por equidade em causas de elevado valor, devendo ser observados os percentuais do art. 85, §2º, do CPC, conforme Tema 1.076 do STJ.
Legislação citada: Lei 9.656/98, arts. 10, I e VI, 12, I, ""c"", e II, ""g""; Lei 14.454/22; CPC, arts. 85, §§1º, 2º, 8º e 11, e 1.010; CDC.
Jurisprudência citada: STJ, Súmula 608; STJ, Tema 1.076 (REsp 1.850.512/SP e correlatos); STF, ADI 7265; TJSP, Súmula 95; (TJSP, Ap 1003108-85.2024.8.26.0452, Rel. Marcos de Lima Porta, Órgão Julgador: Núcleo 4.0-T. V, j. 11.06.2025); (TJSP, Ap 1014339-12.2024.8.26.0161, Rel. Alexandre Coelho, Órgão Julgador: Núcleo 4.0-T. I, j. 30.04.2025). TJSP; Ap 1021544-35.2021.8.26.0602, Rel.: Luiz Fernando Cardoso Dal Poz, Órgão Julgador: Núcleo 4.0-T. VIII, j.: 24/03/2026)."
1000701-79.2025.8.26.0191,20770404,Apelação Cível,Tratamento médico-hospitalar,Mônica Soares Machado,Ferraz de Vasconcelos,Núcleo 4.0-T. VIII (DP1),,,27/07/2026,27/07/2026,,True,False,437,"APELAÇÃO. PLANO DE SAÚDE . CIRURGIAS PLÁSTICAS REPARADORAS PÓS-BARIÁTRICAS. NEGATIVA DE COBERTURA . DANOS MORAIS. SENTENÇA DE PROCEDÊNCIA. RECURSO PARCIALMENTE PROVIDO.
I - CASO EM EXAME: Apelação interposta pela ré contra sentença de procedência que a condenou a autorizar e custear a realização de cirurgias plásticas reparadoras pós-bariátricas indicadas à autora, bem como todos os materiais necessários, inclusive com possibilidade de custeio fora da rede credenciada, além do pagamento de indenização por danos morais. Sustenta a apelante que os procedimentos possuem natureza estética, sem cobertura obrigatória, notadamente pela ausência de previsão no rol da ANS, defendendo a regularidade das negativas apresentadas e a inexistência de dano moral, ou, subsidiariamente, a redução do quantum indenizatório.
II - QUESTÃO EM DISCUSSÃO: Se os procedimentos cirúrgicos indicados à autora, após cirurgia bariátrica, possuem natureza reparadora ou meramente estética, a justificar ou não a obrigatoriedade de cobertura pelo plano de saúde , bem como se é devida a condenação ao pagamento de indenização por danos morais em razão da negativa de cobertura .
III - RAZÕES DE DECIDIR: A prova pericial judicial concluiu de forma categórica possuírem os procedimentos caráter predominantemente reparador e funcional, decorrentes de sequelas da cirurgia bariátrica, com repercussões clínicas, dermatológicas e psicossociais – A inexistência de alternativa terapêutica não cirúrgica reforça a imprescindibilidade das intervenções indicadas – A alegação de caráter estético e ausência de previsão no rol da ANS não prevalece diante da comprovação técnica da finalidade reparadora – Quanto aos danos morais, a controvérsia decorreu de divergência técnica razoável sobre a natureza dos procedimentos, sem demonstração de lesão a direitos da personalidade, situação de urgência, agravamento clínico imputável ou circunstância excepcional capaz de ensejar reparação extrapatrimonial – O desconforto experimentado configura mero inadimplemento contratual, insuficiente para caracterizar dano moral indenizável.
IV - DISPOSITIVO E TESE: Recurso parcialmente provido.
Teses de julgamento: 1. As cirurgias plásticas pós-bariátricas com finalidade reparadora e funcional, comprovada por prova pericial, integram a continuidade do tratamento da obesidade mórbida e possuem cobertura obrigatória pelos planos de saúde . 2. A ausência de previsão no rol da ANS não afasta o dever de cobertura quando demonstrada a natureza reparadora do procedimento. 3. A negativa de cobertura fundada em divergência técnica razoável, sem agravamento clínico relevante ou violação a direitos da personalidade, não gera, por si só, dano moral indenizável.
Legislação citada: CDC, arts. 6º, 14 e 47; CPC, art. 479;
Jurisprudência citada: STJ, Súmula 608; STJ, Tema 1069; (TJSP; Apelação Cível 1022161-46.2021.8.26.0003; Rel.: Luiz Fernando Cardoso Dal Poz; Órgão Julgador: Núcleo 4.0-T. VIII (DP1); J.: 20/02/2026); (TJSP; Apelação Cível 1008493-62.2023.8.26.0609; Rel.: Thomaz Carvalhaes Ferreira; Órgão Julgador: Núcleo 4.0-T. VIII (DP1); J.: 06/02/2026)."
1029936-32.2023.8.26.0007,20770852,Apelação Cível,Tratamento médico-hospitalar,Vitor Frederico Kümpel,São Paulo,4ª Câmara de Direito Privado,4,Direito Privado,27/07/2026,27/07/2026,,True,False,193,"DIREITO CIVIL. APELAÇÃO. OBRIGAÇÃO DE FAZER C/C INDENIZAÇÃO POR DANOS MORAIS. RECURSO DESPROVIDO.
I. Caso em Exame
Recurso de Apelação interposto contra sentença que julgou improcedente a Ação de Obrigação de Fazer c/c Indenização por Danos Morais. A autora pleiteia a cobertura de cirurgias plásticas reparadoras após cirurgia bariátrica e indenização por danos morais.
II. Questão em Discussão
2. A questão em discussão consiste em (i) determinar se as cirurgias pleiteadas possuem caráter reparador ou estético e (ii) avaliar a existência de danos morais indenizáveis ??decorrentes da negativa de cobertura pelo plano de saúde .
III. Razões de Decidir
3. O laudo pericial concluiu que as cirurgias possuem caráter estético, não tendo obrigatoriedade de cobertura pelo plano de saúde .
4. Não foram apresentadas evidências concretas que desabonem o laudo pericial ou a conduta da médica perita. 5. A negativa de cobertura não configura ato ilícito capaz de receber indenização por danos morais.
IV. Dispositivo e Tese
6. Recurso desprovido.
Tese de julgamento: 1. Cirurgias plásticas de caráter estético não são de cobertura obrigatória por planos de saúde . 2. A negativa de cobertura , por si só, não configura dano moral indenizável."
1095087-83.2025.8.26.0100,20770882,Apelação Cível,Fornecimento de medicamentos,Vitor Frederico Kümpel,São Paulo,4ª Câmara de Direito Privado,4,Direito Privado,27/07/2026,27/07/2026,,False,False,265,"DIREITO CIVIL. APELAÇÃO. OBRIGAÇÃO DE FAZER CUMULADA COM INDENIZAÇÃO POR DANOS MORAIS. PARCIAL PROVIMENTO.
I. Caso em Exame 1. Leonice Mauricio Camillo, idosa e portadora de Doença de Alzheimer, ajuizou ação contra Prevent Senior Private Operadora de Saúde Ltda., buscando o fornecimento de medicamento à base de canabidiol, prescrito por médico especialista, e indenização por danos morais. A operadora negou a cobertura, alegando exclusão contratual e ausência de previsão no rol da ANS.
II. Questão em Discussão 2. A questão em discussão consiste em: (i) a obrigatoriedade de cobertura do medicamento prescrito, à luz do Código de Defesa do Consumidor; (ii) a eficácia clínica do canabidiol para o tratamento da Doença de Alzheimer; (iii) a abusividade da cláusula contratual que exclui medicamentos de uso domiciliar; (iv) a ocorrência de danos morais pela negativa de cobertura .
III. Razões de Decidir 3. O contrato de plano de saúde deve ser interpretado de forma a garantir a saúde do beneficiário, sendo abusiva a exclusão de medicamentos necessários ao tratamento de doença coberta. 4. A prescrição médica especializada e a melhora clínica documentada justificam a cobertura do canabidiol, apesar da Nota Técnica do NAT-JUS/SP. A negativa de cobertura foi considerada abusiva, mas não enseja danos morais.
IV. Dispositivo e Tese 5. Recurso parcialmente provido. Redistribuição do ônus sucumbencial, com cada parte arcando com 50% das custas e despesas processuais. Tese de julgamento: 1. A cláusula que exclui medicamentos de uso domiciliar é abusiva quando compromete o tratamento de doença coberta. 2. A prescrição médica e a melhora clínica justificam a cobertura do medicamento, mesmo sem evidência científica robusta."
1065560-33.2025.8.26.0053,20770449,Apelação Cível,Posturas Municipais,Heloísa Mimessi,São Paulo,5ª Câmara de Direito Público,5,Direito Público,22/07/2026,27/07/2026,,False,False,150,"APELAÇÃO CÍVEL. MANDADO DE SEGURANÇA.
Pedido de Alvará de Aprovação e Execução de Edificação Nova. Alegação de demora na análise do processo administrativo, em desatendimento aos prazos previstos no artigo 33 da Lei Municipal nº 11.141/06, combinado com o artigo 70 do Código de Obras e Edificações do Município de São Paulo (Lei Municipal nº 16.642/17). Extinção do feito, sem resolução do mérito, pela perda do objeto, diante da apreciação do pedido administrativo antes do sentenciamento. Atribuição do pagamento das custas processuais ao Município de São Paulo. Cabimento. Princípio da causalidade. Juízo de probabilidade de êxito favorável à empresa impetrante. Requerimento apreciado pela Coordenadoria de Aprovação de Edificações de Pequeno Porte (CAEPP) da Secretaria Municipal de Urbanismo e Licenciamento, após o decurso do prazo de noventa (90) dias previsto no artigo 70 do Código de Obras e Edificações do Município de São Paulo. Precedentes.
Manutenção da sentença. Recurso não provido."
1107722-36.2024.8.26.0002,20769623,Apelação Cível,Fornecimento de medicamentos,Hertha Helena de Oliveira,São Paulo,2ª Câmara de Direito Privado,2,Direito Privado,27/07/2026,27/07/2026,,True,False,699,"DIREITO CIVIL. DIREITO DO CONSUMIDOR. APELAÇÃO CÍVEL. AÇÃO DE OBRIGAÇÃO DE FAZER. PLANO DE SAÚDE . FORNECIMENTO DE MEDICAMENTO À BASE DE CANABIDIOL PARA TRATAMENTO DE TRANSTORNO DO ESPECTRO AUTISTA. NEGATIVA DE COBERTURA . ABUSIVIDADE. ROL DA ANS. CARÁTER EXEMPLIFICATIVO. PRESCRIÇÃO MÉDICA. DANOS MORAIS NÃO CONFIGURADOS. SUCUMBÊNCIA RECÍPROCA. RECURSO PARCIALMENTE PROVIDO.
I. CASO EM EXAME
Apelação cível interposta por operadora de plano de saúde contra sentença que julgou procedente ação de obrigação de fazer para condená-la ao fornecimento de medicamento à base de canabidiol (CBD Medicinal Nabix 1500 Farmausa 50 mg/ml de CBD e 3 mg/ml de THC) a paciente diagnosticado com Transtorno do Espectro Autista. A recorrente sustenta a ausência de cobertura contratual, a exclusão do medicamento do rol obrigatório da ANS, a existência de parecer técnico desfavorável e a inexistência de danos morais, requerendo a improcedência da demanda. 
II. QUESTÃO EM DISCUSSÃO
Há duas questões em discussão: (i) definir se a operadora de plano de saúde está obrigada a custear medicamento à base de canabidiol prescrito para tratamento de Transtorno do Espectro Autista, ainda que não previsto no rol obrigatório da ANS; e (ii) estabelecer se a negativa de cobertura configura dano moral indenizável. 
III. RAZÕES DE DECIDIR
Aplica-se o Código de Defesa do Consumidor aos contratos de plano de saúde , devendo as cláusulas contratuais ser interpretadas de forma mais favorável ao consumidor e reputando-se abusivas as limitações que esvaziem a finalidade do contrato. 
O relatório médico comprova o diagnóstico de Transtorno do Espectro Autista e a necessidade do tratamento com medicamento à base de canabidiol, cuja indicação compete exclusivamente ao médico assistente. 
A autorização da ANVISA para importação do medicamento demonstra a licitude de sua utilização no território nacional, afastando a incidência da tese firmada pelo STJ no Tema 990 quanto a medicamentos sem registro. 
Havendo cobertura contratual para a enfermidade, a operadora não pode restringir o tratamento prescrito, pois lhe é permitido limitar as doenças cobertas, mas não os procedimentos necessários ao tratamento da patologia abrangida pelo contrato. 
O rol de procedimentos da ANS possui caráter exemplificativo e representa cobertura mínima obrigatória, especialmente após a alteração promovida pela Lei nº 14.454/2022. 
A operadora não demonstrou a existência de alternativa terapêutica eficaz prevista no rol da ANS capaz de substituir o tratamento indicado pelo médico assistente. 
A negativa de cobertura , embora ilícita, decorreu de controvérsia contratual e regulatória plausível, não caracterizando, por si só, violação a direitos da personalidade apta a ensejar reparação por danos morais. 
A ausência de demonstração de circunstâncias excepcionais que ultrapassem o mero inadimplemento contratual afasta a configuração do dano moral indenizável. 
O afastamento da condenação por danos morais impõe o reconhecimento da sucumbência recíproca, com rateio das despesas processuais e fixação recíproca de honorários advocatícios. 
IV. DISPOSITIVO E TESE
Recurso parcialmente provido. 
Tese de julgamento:
A operadora de plano de saúde deve custear medicamento à base de canabidiol regularmente autorizado pela ANVISA quando houver prescrição médica e cobertura contratual da enfermidade tratada. 
O rol de procedimentos da ANS possui caráter exemplificativo e não pode restringir tratamento indispensável indicado pelo médico assistente. 
A ausência de demonstração de alternativa terapêutica eficaz prevista no rol da ANS impede a recusa de cobertura do tratamento prescrito. 
A negativa de cobertura fundada em controvérsia contratual ou regulatória, sem circunstâncias excepcionais, não configura automaticamente dano moral indenizável. 

Dispositivos relevantes citados: CF/1988, art. 196; CDC, arts. 47 e 51, IV; CPC, arts. 487, I, 85, § 11, e 1.026, § 2º; Lei nº 9.656/1998, art. 10, § 13; Lei nº 14.454/2022.
Jurisprudência relevante citada: STJ, Súmula 608; STJ, AgRg no Ag nº 1.355.252/MG, Rel. Min. Maria Isabel Gallotti, 4ª Turma, j. 24.06.2014; STJ, EREsp nº 1.886.929/SP; STJ, EREsp nº 1.889.704/SP; TJSP, Apelação Cível nº 1025835-28.2021.8.26.0554, Rel. Des. Hertha Helena de Oliveira, 2ª Câmara de Direito Privado, j. 17.08.2022; TJSP, Apelação Cível nº 1003051-19.2021.8.26.0114, Rel. Des. Maria Salete Corrêa Dias, 2ª Câmara de Direito Privado, j. 18.03.2022; TJSP, Apelação Cível nº 1011981-10.2022.8.26.0302, Rel. Des. Alvaro Passos, 2ª Câmara de Direito Privado, j. 07.12.2023; TJSP, Apelação Cível nº 1026101-78.2022.8.26.0554, Rel. Des. Fernando Marcondes, 2ª Câmara de Direito Privado, j. 16.04.2024; TJSP, Apelação Cível nº 1004381-70.2022.8.26.0161, Rel. Des. José Joaquim dos Santos, 2ª Câmara de Direito Privado, j. 31.03.2023."
1055995-90.2024.8.26.0114,20769546,Apelação Cível,Tratamento médico-hospitalar,Hertha Helena de Oliveira,Campinas,2ª Câmara de Direito Privado,2,Direito Privado,27/07/2026,27/07/2026,,True,True,781,"DIREITO CIVIL E PROCESSUAL CIVIL. APELAÇÕES. PLANO DE SAÚDE . OBRIGAÇÃO DE FAZER C.C. INDENIZAÇÃO POR DANOS MORAIS. NEGATIVA DE COBERTURA DE MEDICAMENTO BEVACIZUMABE (AVASTIN). TRATAMENTO OFF LABEL. ABUSIVIDADE DA RECUSA. COBERTURA DEVIDA. DANO MORAL NÃO CONFIGURADO. SUCUMBÊNCIA RECÍPROCA. RECURSOS DESPROVIDOS.
I. CASO EM EXAME
Apelações interpostas contra sentença que, em ação de obrigação de fazer cumulada com reparação por danos morais, julgou parcialmente procedentes os pedidos para tornar definitiva a tutela de urgência e condenar a operadora de plano de saúde ao custeio integral do tratamento da autora com o medicamento Bevacizumabe (Avastin), incluindo insumos e honorários profissionais necessários à sua aplicação, julgando improcedente o pedido de indenização por danos morais. A operadora sustenta a licitude da negativa de cobertura por se tratar de tratamento off label e fora do rol da ANS. A autora pleiteia o reconhecimento dos danos morais, a exclusão da sucumbência recíproca e a majoração dos honorários advocatícios. 
II. QUESTÃO EM DISCUSSÃO
Há 3 questões em discussão: (i) definir se a operadora de plano de saúde está obrigada a custear tratamento com medicamento Bevacizumabe prescrito pelo médico assistente, ainda que indicado para uso off label e não previsto no rol da ANS; (ii) estabelecer se a negativa de cobertura configura dano moral indenizável; e (iii) determinar se é cabível o reconhecimento da sucumbência recíproca diante da procedência parcial dos pedidos. 
III. RAZÕES DE DECIDIR
O contrato de plano de saúde submete-se às normas do Código de Defesa do Consumidor, devendo suas cláusulas ser interpretadas de forma mais favorável ao consumidor, sendo abusivas aquelas que imponham desvantagem exagerada ou contrariem a boa-fé objetiva. 
O relatório médico comprova a necessidade do tratamento com Bevacizumabe para o quadro clínico da autora, sendo a prescrição médica elemento suficiente para demonstrar a pertinência terapêutica do medicamento. 
Compete exclusivamente ao médico responsável indicar o tratamento mais adequado ao paciente, não cabendo à operadora substituir o critério técnico adotado pelo profissional assistente. 
A existência de cobertura contratual para a enfermidade impede a exclusão de cobertura do tratamento necessário ao seu enfrentamento, ainda que o medicamento seja utilizado de forma off label. 
O uso off label não se confunde com tratamento experimental e não autoriza, por si só, a recusa de cobertura quando o medicamento possui registro na ANVISA e prescrição médica fundamentada. 
O rol de procedimentos da ANS possui caráter exemplificativo e estabelece cobertura mínima obrigatória, não podendo restringir tratamento indispensável à preservação da saúde do beneficiário. 
A operadora não demonstrou a existência de alternativa terapêutica eficaz e coberta contratualmente capaz de substituir o tratamento prescrito. 
A finalidade essencial do contrato de assistência médica consiste na proteção da saúde do beneficiário, devendo prevalecer a efetividade da tutela contratada. 
A negativa de cobertura , embora ilícita, não gera automaticamente dano moral, especialmente quando decorre de controvérsia relacionada à interpretação contratual e não evidencia situação excepcional apta a caracterizar sofrimento moral indenizável. 
A improcedência do pedido de danos morais caracteriza sucumbência recíproca, justificando a distribuição dos ônus sucumbenciais entre as partes. 
A majoração dos honorários advocatícios em grau recursal deve observar a sucumbência recíproca reconhecida e o trabalho desenvolvido em ambas as instâncias. 
IV. DISPOSITIVO E TESE
Recursos desprovidos. 
Tese de julgamento:
A prescrição médica fundamentada impõe à operadora de plano de saúde o custeio do tratamento necessário à enfermidade coberta contratualmente. 
O uso off label de medicamento registrado na ANVISA não autoriza, por si só, a negativa de cobertura securitária. 
O rol de procedimentos da ANS possui natureza exemplificativa e não limita tratamentos indispensáveis à preservação da saúde do beneficiário. 
A negativa indevida de cobertura contratual não configura automaticamente dano moral indenizável quando ausentes circunstâncias excepcionais que demonstrem efetiva lesão extrapatrimonial. 
A procedência parcial da demanda, com rejeição do pedido de danos morais, justifica o reconhecimento da sucumbência recíproca. 

Dispositivos relevantes citados: CDC, arts. 47 e 51, IV; CPC, arts. 85, § 2º, 85, § 11, 86, 319, 487, I, e 1.026, § 2º; Lei nº 9.656/1998, art. 10, § 13; Lei nº 14.454/2022.
Jurisprudência relevante citada: STJ, Súmula 608; STJ, AgRg no Ag 1.355.252/MG, Rel. Min. Maria Isabel Gallotti, 4ª Turma, j. 24.06.2014; STJ, REsp nº 1.726.563/SP e REsp nº 1.712.163/SP (Tema 990); STJ, EREsp nº 1.886.929/SP; STJ, EREsp nº 1.889.704/SP; TJSP, Apelação Cível nº 1006819-60.2018.8.26.0565, Rel. Des. Christine Santini, j. 14.10.2019; TJSP, Apelação Cível nº 1014136-10.2022.8.26.0003, Rel. Des. Ademir Modesto de Souza, j. 27.06.2023; TJSP, Apelação Cível nº 1076999-36.2021.8.26.0100, Rel. Des. Fernanda Gomes Camacho, j. 28.06.2022; TJSP, Apelação Cível nº 1025835-28.2021.8.26.0554, Rel. Des. Hertha Helena de Oliveira, j. 17.08.2022; TJSP, Apelação Cível nº 1026101-78.2022.8.26.0554, Rel. Des. Fernando Marcondes, j. 16.04.2024; TJSP, Apelação Cível nº 1004381-70.2022.8.26.0161, Rel. Des. José Joaquim dos Santos, j. 31.03.2023; STJ, EDROMS 18205/SP, Rel. Min. Felix Fischer, DJ 08.05.2006."
1077354-07.2025.8.26.0100,20769595,Apelação Cível,Fornecimento de medicamentos,Hertha Helena de Oliveira,São Paulo,2ª Câmara de Direito Privado,2,Direito Privado,27/07/2026,27/07/2026,,False,False,636,"DIREITO CIVIL. DIREITO DO CONSUMIDOR. APELAÇÃO CÍVEL. PLANO DE SAÚDE . OBRIGAÇÃO DE FAZER. FORNECIMENTO DE MEDICAMENTO. RUXOLITINIBE (JAKAVI). POLICITEMIA VERA. NEGATIVA DE COBERTURA FUNDADA EM DIRETRIZ DE UTILIZAÇÃO DA ANS. ABUSIVIDADE. PRESCRIÇÃO MÉDICA. ATENDIMENTO DOS REQUISITOS FIXADOS PELO STF NA ADI Nº 7.265. ROL DA ANS. CARÁTER NÃO EXCLUDENTE. SENTENÇA MANTIDA. RECURSO DESPROVIDO.
I. CASO EM EXAME
Apelação cível interposta por operadora de plano de saúde contra sentença que julgou procedente ação de obrigação de fazer, confirmando tutela de urgência para determinar o fornecimento do medicamento Ruxolitinibe 10mg (Jakavi) à autora, diagnosticada com Policitemia Vera. A recorrente sustenta a ausência dos requisitos fixados pelo Supremo Tribunal Federal na ADI nº 7.265 e a inexistência de cobertura obrigatória diante do não enquadramento da beneficiária na Diretriz de Utilização nº 64 da ANS. 
II. QUESTÃO EM DISCUSSÃO
Há duas questões em discussão: (i) definir se a negativa de cobertura do medicamento Ruxolitinibe, fundada no alegado descumprimento da Diretriz de Utilização da ANS, é legítima; e (ii) estabelecer se estão presentes os requisitos que autorizam o custeio do tratamento pela operadora do plano de saúde , à luz da legislação aplicável e dos parâmetros fixados pelo STF. 
III. RAZÕES DE DECIDIR
A relação jurídica estabelecida entre as partes submete-se ao Código de Defesa do Consumidor, impondo interpretação contratual mais favorável ao consumidor e vedando cláusulas abusivas que o coloquem em desvantagem exagerada. 
O relatório médico comprova o diagnóstico de Policitemia Vera e a necessidade do tratamento com Ruxolitinibe 10mg, cabendo ao médico assistente, e não à operadora, a definição da terapêutica mais adequada ao paciente. 
Havendo cobertura contratual para a enfermidade, a operadora não pode restringir os meios terapêuticos necessários ao seu tratamento, sob pena de esvaziar a finalidade do contrato. 
A mera invocação das Diretrizes de Utilização da ANS não afasta o dever de cobertura quando demonstrada a necessidade clínica do tratamento e ausente alternativa terapêutica igualmente eficaz prevista no rol da ANS. 
A operadora não comprovou a existência de tratamento substitutivo eficaz e coberto pelo rol da ANS para a enfermidade apresentada pela autora. 
O tratamento atende aos requisitos fixados pelo Supremo Tribunal Federal na ADI nº 7.265, pois foi prescrito por médico assistente, possui registro na Anvisa, conta com respaldo em evidências científicas qualificadas e não há demonstração de negativa expressa da ANS ou de alternativa terapêutica adequada prevista no rol. 
A Lei nº 14.454/2022 afastou a compreensão de taxatividade absoluta do rol da ANS, admitindo a cobertura de tratamentos não expressamente previstos quando preenchidos os requisitos legais. 
IV. DISPOSITIVO E TESE
Recurso desprovido. 
Tese de julgamento:
A negativa de cobertura de medicamento prescrito por médico assistente, fundada exclusivamente no não preenchimento de Diretriz de Utilização da ANS, é abusiva quando demonstrada a necessidade clínica do tratamento e inexistente alternativa terapêutica eficaz coberta pelo plano de saúde . 
A operadora de plano de saúde não pode substituir o médico assistente na definição da terapêutica adequada ao paciente quando há cobertura contratual para a enfermidade. 
O custeio de tratamento não previsto expressamente no rol da ANS é devido quando atendidos os requisitos legais e jurisprudenciais, inclusive aqueles fixados pelo STF na ADI nº 7.265. 
O rol de procedimentos da ANS constitui referência mínima de cobertura obrigatória e não exclui, por si só, tratamentos necessários e cientificamente respaldados. 

Dispositivos relevantes citados: CF/1988, art. 196; CDC, arts. 47 e 51, IV; CPC, arts. 487, I, 85, §11, e 1.026, §2º; Lei nº 9.656/1998, art. 10, §13; Lei nº 14.454/2022.
Jurisprudência relevante citada: STF, ADI nº 7.265; STJ, Súmula 608; STJ, AgRg no Ag nº 1.355.252/MG, Rel. Min. Maria Isabel Gallotti, 4ª Turma, j. 24.06.2014; STJ, EREsp nº 1.886.929/SP; STJ, EREsp nº 1.889.704/SP; TJSP, Apelação Cível nº 1006819-60.2018.8.26.0565, Rel. Des. Christine Santini, 1ª Câmara de Direito Privado, j. 14.10.2019; STJ, EDROMS nº 18.205/SP, Rel. Min. Felix Fischer, DJ 08.05.2006."
3008033-20.2026.8.26.0000,20768720,Agravo de Instrumento,Tratamento Domiciliar (Home Care),Claudio Augusto Pedrassi,Tupã,2ª Câmara de Direito Público,2,Direito Público,27/07/2026,27/07/2026,,False,False,56,"AGRAVO DE INSTRUMENTO. TUTELA ANTECIPADA. Pretensão de fornecimento de serviços ""home care"". Decisão impugnada que deferiu a liminar. Impossibilidade. Questão controversa, que será dirimida nos autos principais, após contraditório. Não há comprovação de que a autora necessite de cuidados médicos durante todo o dia. Ausência dos pressupostos processuais autorizadores da antecipação pretendida. Decisão alterada. Recurso provido."
1002365-75.2024.8.26.0161,20769215,Apelação Cível,Tratamento médico-hospitalar,Clara Maria Araújo Xavier,Diadema,8ª Câmara de Direito Privado,8,Direito Privado,27/07/2026,27/07/2026,,False,False,101,APELAÇÃO. PLANO DE SAÚDE . CIRURGIAS PÓS- BARIÁTRICAS. COBERTURA. DANOS MORAIS. PLANO DE SAÚDE . AÇÃO DE OBRIGAÇÃO DE FAZER CUMULADA COM INDENIZAÇÃO POR DANOS MORAIS. PACIENTE SUBMETIDA A CIRURGIA BARIÁTRICA. PRETENSÃO DE COBERTURA DE CIRURGIAS PLÁSTICAS REPARADORAS. Sentença de procedência. Inconformismo da ré. Parcial acolhimento. 1. Cirurgias reparadoras que integram o tratamento da obesidade mórbida. Tema 1.069 do STJ. Ausência de prova de caráter meramente estético. Ônus da ré não cumprido. Cobertura devida. 2. Danos morais. Inocorrência. Situação que configura mero inadimplemento contratual. Ausência de circunstância excepcional apta a configurar lesão a direitos da personalidade. Sentença reformada. RECURSO PARCIALMENTE PROVIDO.
1000545-90.2025.8.26.0547,20769216,Apelação Cível,Tratamento médico-hospitalar,Clara Maria Araújo Xavier,Santa Rita do Passa Quatro,8ª Câmara de Direito Privado,8,Direito Privado,27/07/2026,27/07/2026,,False,False,102,"APELAÇÃO. PLANO DE SAÚDE . CIRURGIAS PÓS- BARIÁTRICAS. COBERTURA. DANOS MORAIS. Sentença de parcial procedência, para condenar a operadora a dar cobertura aos procedimentos prescritos pelo médico. Inconformismo de ambas as partes. 1.Anulação da sentença. Necessidade de produção da prova pericial, para o fim de esclarecer, de forma pormenorizada, se cada um dos procedimentos solicitados pelo cirurgião plástico possui caráter reparador/funcional ou estético. Tema 1069 do STJ. Sentença anulada, com o consequente retorno dos autos à origem para realização de perícia. 2. Recurso da autora que resta prejudicado, ante à necessária anulação da sentença. RECURSO DA RÉ PROVIDO. RECURSO DA AUTORA PREJUDICADO."
1003885-90.2022.8.26.0565,20769205,Apelação Cível,Tratamento médico-hospitalar,Clara Maria Araújo Xavier,São Caetano do Sul,8ª Câmara de Direito Privado,8,Direito Privado,27/07/2026,27/07/2026,,False,False,94,"APELAÇÃO. PLANO DE SAÚDE . CIRURGIAS PÓS- BARIÁTRICAS. COBERTURA. Sentença de parcial procedência. Inconformismo da autora. Não acolhimento. Perícia médica que concluiu pelo caráter estético das cirurgias excluídas pela sentença. Laudo técnico bem fundamentado e que respondeu a todos os quesitos apresentados. Aplicação da tese firmada pelo STJ quando do julgamento do Tema 1.069, pelo rito dos recursos repetitivos. 2. Impossibilidade e se impor o reembolso integral das cirurgias realizadas fora da rede credenciada. 3. Danos morais. Inocorrência. Negativa de cobertura que decorreu de interpretação contratual. Existência de dúvida razoável. Sentença mantida. RECURSO DESPROVIDO."
1010857-57.2025.8.26.0020,20768840,Apelação Cível,Tratamento médico-hospitalar,Swarai Cervone de Oliveira,São Paulo,Núcleo 4.0-T. VI (DP1),,,27/07/2026,27/07/2026,,False,False,154,"DIREITO DO CONSUMIDOR. APELAÇÃO. PLANO DE SAÚDE . NEGATIVA DE COBERTURA . RECURSO DESPROVIDO. Recurso de apelação contra sentença que julgou procedente pedido de obrigação de fazer, condenando a operadora de plano de saúde ao custeio integral de procedimento cirúrgico e internação para tratamento de cálculo renal obstrutivo, além do pagamento de custas e honorários advocatícios. A questão em discussão consiste na legalidade da negativa de cobertura de procedimento cirúrgico de urgência por operadora de plano de saúde , sob o fundamento de existência de doença preexistente sujeita à Cobertura Parcial Temporária (CPT). A relação jurídica entre as partes é de consumo, aplicando-se o Código de Defesa do Consumidor, conforme Súmula 608 do STJ. A urgência médica afasta restrições contratuais, inclusive carência ou CPT, conforme entendimento consolidado do STJ e do TJSP. A negativa de cobertura em situação de urgência é abusiva, violando princípios da boa-fé objetiva e função social do contrato. Recurso desprovido."
1016859-31.2024.8.26.0003,20767983,Apelação Cível,Tratamento médico-hospitalar,Viviani Nicolau,São Paulo,3ª Câmara de Direito Privado,3,Direito Privado,27/07/2026,27/07/2026,,False,False,228,"""APELAÇÃO CÍVEL. DIREITO CIVIL E PROCESSUAL CIVIL. PLANO DE SAÚDE . AÇÃO DE OBRIGAÇÃO DE FAZER CUMULADA COM REEMBOLSO DE DESPESAS MÉDICAS. TRATAMENTO DE MIGRÂNEA CRÔNICA COM TOXINA BOTULÍNICA E FREMANEZUMABE (AJOVY). PROCEDIMENTOS NÃO PREVISTOS NO ROL DA ANS PARA A INDICAÇÃO CLÍNICA. AUSÊNCIA DOS REQUISITOS DO ART. 10, §13, DA LEI Nº 9.656/1998. PARECERES DESFAVORÁVEIS DO NAT-JUS. SENTENÇA REFORMADA. RECURSO PROVIDO.
I. CASO EM EXAME
Apelação interposta pela operadora de plano de saúde contra sentença que julgou procedente ação de obrigação de fazer cumulada com indenização por danos materiais para condená-la ao reembolso das despesas pretéritas e futuras relativas ao tratamento de migrânea crônica mediante aplicações de toxina botulínica e Fremanezumabe (Ajovy), observados os limites contratuais.
II. QUESTÃO EM DISCUSSÃO
Há uma questão em discussão: verificar se a operadora está obrigada ao custeio de tratamento não previsto no rol da ANS.
III. RAZÕES DE DECIDIR
Após a Lei nº 14.454/2022, a cobertura de tratamento não constante do rol da ANS exige o preenchimento dos requisitos previstos no art. 10, §13, da Lei nº 9.656/1998.
Caso concreto em que inexistente comprovação dos pressupostos legais para afastamento excepcional das limitações do rol da ANS. Pareceres técnicos do NAT-Jus desfavoráveis à cobertura da toxina botulínica e do Fremanezumabe (Ajovy) para tratamento de migrânea crônica.
Sentença reformada para julgar o pedido inicial improcedente.
IV. DISPOSITIVO
6. RECURSO PROVIDO"" 
(voto nº 51908)."
1008193-62.2020.8.26.0009,20767976,Apelação Cível,Tratamento médico-hospitalar,Viviani Nicolau,São Paulo,3ª Câmara de Direito Privado,3,Direito Privado,27/07/2026,27/07/2026,,False,False,228,"""DIREITO CIVIL E DO CONSUMIDOR. APELAÇÃO. PLANO DE SAÚDE . CIRURGIA BUCOMAXILOFACIAL. CUSTEIO DE INSUMOS E TÉCNICA ESPECÍFICA. PROVA PERICIAL PELA DESNECESSIDADE. NEGATIVA DE COBERTURA LEGÍTIMA. RECURSO DESPROVIDO.
I. CASO EM EXAME
1. Apelação interposta contra sentença que julgou improcedente pedido de custeio de procedimento cirúrgico bucomaxilofacial e de insumos especiais, em ação proposta por beneficiário de plano de saúde .
II. QUESTÃO EM DISCUSSÃO
2. Discute-se se a operadora de saúde deve custear, além do procedimento autorizado, materiais e técnica cirúrgica específicos indicados pelo médico assistente, apesar de laudo pericial apontar sua desnecessidade.
III. RAZÕES DE DECIDIR
3. A prova pericial concluiu que o procedimento autorizado pela operadora foi suficiente e que os insumos recusados eram dispensáveis, podendo ser substituídos por materiais convencionais sem prejuízo ao tratamento.
4. A recusa parcial da cobertura foi precedida de junta técnica e amparada na regulamentação do setor, não havendo abusividade quando a desnecessidade dos itens foi tecnicamente demonstrada.
5. A soberania da prescrição médica não impede o controle técnico do custeio, sobretudo quando ausente evidência de eficácia superior ou necessidade dos insumos pleiteados.
IV. DISPOSITIVO E TESE
6. NEGADO PROVIMENTO AO RECURSO.
Tese de julgamento: 'a operadora de plano de saúde não é obrigada a custear insumos ou técnica cirúrgica específica quando prova pericial idônea demonstra a desnecessidade dos itens recusados e a adequação do procedimento autorizado'."". (voto nº 51816)."
1103549-63.2024.8.26.0100,20767774,Apelação Cível,Prestação de Serviços,Sérgio Shimura,São Paulo,35ª Câmara de Direito Privado,35,Direito Privado,25/07/2026,27/07/2026,,False,False,574,"AÇÃO MONITÓRIA - PRESTAÇÃO DE SERVIÇOS MÉDICO-HOSPITALARES - DENUNCIAÇÃO DA LIDE – NEGATIVA DE COBERTURA .

I. CASO EM EXAME
Hospital que ajuizou ação monitória visando à cobrança de despesas hospitalares decorrentes de tratamento de neoplasia maligna. Réus que denunciaram a lide à operadora de plano de saúde (UNIMED JOÃO PESSOA) ante a recusa administrativa de custear as despesas hospitalares. Sentença de procedência tanto da ação principal (monitória) como a secundária (denunciação da lide). 

II. QUESTÃO EM DISCUSSÃO
As questões em discussão consistem em analisar: (1) cabimento da denunciação da lide; (2) legalidade da recusa de cobertura de pagamento das despesas hospitalares; (3) condenação direta e exclusiva da litisdenunciada.

III. RAZÕES DE DECIDIR

1. Apelação da denunciada UNIMED. Não procede o argumento da denunciante, de que a situação não era de emergência ou que a ré denunciante tenha introduzido fato novo. A operadora do plano de saúde tem o dever de prestar garantia de cobertura financeira pelas despesas hospitalares ou reembolsar o beneficiário de tais despesas (art. 1º, § 1º, e art. 2º, I, da Lei n. 9.656/1998). No caso, o que interessa pontuar é que a situação do paciente era grave, com quadro clínico de ""neoplasia maligna de encéfalo"" – Incidência do art. 35-C, da Lei n. 9.656/1998. Não prospera o argumento da denunciada UNIMED, de limitação do custeio à sua ""tabela de preços"", especialmente diante da negativa de cobertura das despesas hospitalares, sem justificativa clara e expressa sobre quais documentos estariam faltando. A facilitação de defesa é direito básico do consumidor (art. 6º, VIII, CDC).

2. Apelação dos réus denunciantes. A denunciação da lide é uma secundária, incidental à principal (arts. 126 e 128, CPC). Há duas ações, com vínculo de prejudicialidade. Se a ação principal for julgada procedente, passa-se à análise da denunciação da lide (art. 129, CPC). No caso, há duas relações contratuais. Uma, entre a autora (hospital) e os Réus, fundada no contrato de prestação de serviços; outra, de prestação de assistência à saúde, firmada entre os réus (beneficiários) e a UNIMED. A ação monitória, amparada no contrato de serviços médicos, foi julgada procedente. A partir disso, é que o MM. Juízo ""a quo"" passou a analisar a lide secundária, lastreada no contrato de assistência à saúde, julgando-a também procedente. Dessa forma, não se pode cogitar de condenação direta e exclusiva contra a litisdenunciada. A Súmula 537-STJ vai ao encontro do entendimento dos réus apelantes (""Em ação de reparação de danos, a seguradora denunciada, se aceitar a denunciação ou contestar o pedido do autor, pode ser condenada, direta e solidariamente junto com o segurado, ao pagamento da indenização devida à vítima""). Se tal enunciado alude à condenação solidária da denunciada, juntamente com a denunciante, é porque pressupõe condenação de ambos (denunciante e denunciada). E sobre isso, o art. 128, parágrafo único, CPC, autoriza que o cumprimento de sentença seja instaurado contra ambos (denunciante e denunciado).

3. Observação. Quanto às verbas sucumbenciais, tratando-se de consectários legais, cumpre ajustar a r. sentença, nos seguintes termos: a) na ação principal, os réus ficam obrigados ao pagamento das respectivas despesas e honorários advocatícios sucumbenciais, fixados em 10% da condenação, a favor do patrono da autora REAL E BENEMÉRITA ASSOCIAÇÃO PORTUGUESA DE BENEFICÊNCIA; b) Na denunciação da lide, a denunciada UNIMED fica obrigada ao pagamento das respectivas despesas e honorários advocatícios sucumbenciais, fixados em 10% da condenação, a favor do patrono dos réus ESPÓLIO DE GERALDO e JULIANA.

IV. DISPOSITIVO 
Recursos desprovidos, com observação."
1004776-14.2023.8.26.0198,20767677,Apelação Cível,Prestação de Serviços,Sérgio Shimura,Franco da Rocha,35ª Câmara de Direito Privado,35,Direito Privado,22/07/2026,27/07/2026,,False,False,167,"AÇÃO MONITÓRIA – SERVIÇOS DE ATENDIMENTO MÉDICO E HOSPITALAR – Ação monitória visando à cobrança de despesas médico-hospitalares decorrentes de internação, instruída com Termo de Autorização para Internação e/ou Atendimento Médico-Hospitalar, faturas e nota fiscal - Sentença que rejeitou os embargos monitórios dos réus e constituiu título executivo judicial, reconhecendo a responsabilidade do paciente réu e dos sucessores da responsável financeira pelo pagamento do débito - Inconformismo do réu CÍCERO - Não acolhimento - Prova documental idônea a aparelhar a ação monitória, nos termos do art. 700 do CPC. Prestação dos serviços incontroversa. Termo de internação regularmente assinado pela esposa do paciente, na qualidade de responsável financeira, com cláusula expressa prevendo a cobrança particular em caso de negativa de cobertura pelo plano de saúde . Existência de contrato de assistência médica que não afasta a obrigação assumida perante o hospital, sendo eventual controvérsia sobre a recusa da operadora matéria a ser discutida em ação própria - Sentença de procedência da ação que fica mantida - RECURSO DESPROVIDO."
1002805-27.2025.8.26.0132,20767878,Apelação Cível,Associação,Emerson Sumariva Júnior,Catanduva,5ª Câmara de Direito Privado,5,Direito Privado,27/07/2026,27/07/2026,,False,False,218,"APELAÇÃO CÍVEL - AÇÃO DE INDENIZAÇÃO POR DANOS MATERIAIS E MORAIS - DESCONTO ASSOCIATIVO - BIOMETRIA FACIAL - MANUTENÇÃO DA IMPROCEDÊNCIA.
I - CASO EM EXAME: Ação de indenização por danos materiais e morais movida por aposentada em face de sindicato, na qual alega a autora ausência de contratação de contribuição sindical, descontada diretamente em seu benefício previdenciário. A r. sentença julgou os pedidos improcedentes. Recurso da demandante.
II - QUESTÃO EM DISCUSSÃO: A questão consiste em verificar a ocorrência de cerceamento de defesa pelo julgamento antecipado e ausência de oportunidade para especificação de provas. No mérito, discute-se a validade da contratação eletrônica realizada via biometria facial (""selfie"") e assinatura digital, contestada pela autora.
III - RAZÕES DE DECIDIR: Preliminar de nulidade afastada, pois o magistrado é o destinatário das provas, sendo o acervo documental suficiente para o deslinde da causa (Art. 355, CPC). No mérito, a ré comprovou a adesão mediante robusta prova tecnológica: termo de adesão, autorização de desconto, captura de biometria facial compatível com o documento de identidade da autora. O livre consentimento foi manifestado na plataforma digital.
IV - DISPOSITIVO E TESE: Recurso não provido. Tese: É válida a contratação de serviços ou filiações por meio eletrônico quando a identificação do contratante é assegurada por métodos tecnológicos idôneos, como biometria facial.
Recurso não provido."
2117925-75.2026.8.26.0000,20767115,Agravo de Instrumento,Planos de saúde,João Pazine Neto,São Paulo,3ª Câmara de Direito Privado,3,Direito Privado,27/07/2026,27/07/2026,,False,False,71,"Agravo de instrumento. Plano de saúde . Ação cominatória. Liquidação de sentença. Prova pericial. Laudo homologado. Decisão agravada que reconheceu o valor do montante devido pela Operadora de saúde, frente aos documentos juntados ao incidente, pelas partes. Insurgência. Não acolhimento. Laudo pericial que restou inconclusivo, em razão da ausência de juntada, pela Operadora, das tabelas de reembolso pertinentes. Tabela paradigma que não se presta a tanto. Decisão mantida. Recurso não provido."
1071107-10.2025.8.26.0100,20766775,Apelação Cível,Tratamento médico-hospitalar,Marcio Bonetti,São Paulo,Núcleo 4.0-T. II (DP1),,,24/07/2026,27/07/2026,6000.0,True,False,409,"DIREITO DO CONSUMIDOR E PROCESSUAL CIVIL. APELAÇÃO CÍVEL. PLANO DE SAÚDE . REEMBOLSO DE MATERIAL CIRÚRGICO PRESCRITO. NEGATIVA DE COBERTURA . JULGAMENTO CITRA PETITA. CAUSA MADURA. ABUSIVIDADE DA RECUSA. DANOS MORAIS NÃO CONFIGURADOS. RECURSO PARCIALMENTE PROVIDO.
I. CASO EM EXAME
1- Apelação cível interposta contra sentença de improcedência em ação de reembolso de despesas médicas e indenização por danos morais. A autora pleiteia o reembolso de R$ 6.000,00 gastos com o gel cirúrgico Oxiplex IU, utilizado em procedimento ginecológico, cuja cobertura foi negada pela operadora de saúde. 
II. QUESTÃO EM DISCUSSÃO
2- Há duas questões em discussão: (i) definir se a sentença incorreu em julgamento citra petita ao não analisar a legalidade da negativa de cobertura ; e (ii) estabelecer se a operadora deve reembolsar o valor despendido e indenizar a autora por danos morais. 
III. RAZÕES DE DECIDIR
3- A sentença é citra petita por não apreciar a controvérsia principal relativa à abusividade da negativa de cobertura . 
4- A causa está madura para julgamento, nos termos do art. 1.013, § 3º, III, do CPC. 
5- A documentação apresentada comprova o desembolso de R$ 6.000,00 pela autora. 
6- É abusiva a negativa de cobertura de material prescrito pelo médico assistente, necessário ao tratamento de doença coberta pelo plano, sob fundamento de ausência no Rol da ANS ou uso off-label. 
7- O material possui registro na ANVISA, há indicação médica fundamentada e não foi demonstrada alternativa terapêutica eficaz pela operadora. 
8- Não há dano moral indenizável, pois a cirurgia foi regularmente autorizada e realizada, limitando-se a controvérsia ao reembolso de despesa patrimonial. 
IV. DISPOSITIVO E TESE
9- Recurso parcialmente provido. 
Tese de julgamento: 1- Configura julgamento citra petita a sentença que deixa de apreciar a legalidade da negativa de cobertura deduzida como causa de pedir da ação. 2- É abusiva a recusa de cobertura de material prescrito pelo médico assistente quando necessário ao tratamento de doença coberta e preenchidos os requisitos legais para cobertura fora do Rol da ANS. 3- A negativa indevida de reembolso não gera dano moral automaticamente quando ausente efetiva lesão extrapatrimonial. 
Dispositivos relevantes citados: CF/1988, art. 196; CDC, arts. 47 e 51, IV; CPC, arts. 141, 492 e 1.013, § 3º, III; Lei nº 9.656/98, art. 35-F.
Jurisprudência relevante citada: STF, ADI nº 7.265; STJ, Súmula 608; STJ, REsp nº 2.175.022/SP, Rel. Min. Ricardo Villas Bôas Cueva; STJ, REsp nº 2.219.735/DF, Rel. Min. Moura Ribeiro; STJ, AgInt no REsp nº 1.349.647/RJ, Rel. Min. Raul Araújo."
1000375-73.2024.8.26.0541,20766298,Apelação Cível,Tratamento médico-hospitalar,Fernando Marcondes,Santa Fé do Sul,2ª Câmara de Direito Privado,2,Direito Privado,14/07/2026,27/07/2026,,False,False,156,"Direito do consumidor. Apelação. Plano de saúde . Ação de obrigação de fazer. Ação reparatória por danos materiais e morais. Deserção. Não conhecimento.

I. Caso em exame
1. Apelação interposta contra sentença que julgou procedente ação de reparação por danos materiais c/c danos morais decorrente de plano de saúde . 

II. Questão em discussão
2. A questão em discussão consiste na análise do mérito recursal, diante da ausência de complementação do valor referente ao preparo recursal. 

III. Razões de decidir
3. A não complementação do valor referente ao preparo recursal, recolhido a menor na interposição do recurso, conforme determinado, caracteriza deserção, conforme art. 1.007, § 2º, do CPC. A ausência de complementação inviabiliza o conhecimento do recurso, conforme art. 932, III, do CPC.

IV. Dispositivo e tese 
4. Recurso não conhecido. 

Tese de julgamento: ""A ausência de complementação do preparo recursal inviabiliza o conhecimento do recurso.""

Legislação citada: CPC, art. 1.007, § 2º; art. 932, III."
1030211-80.2024.8.26.0577,20766297,Apelação Cível,Tratamento médico-hospitalar,Fernando Marcondes,São José dos Campos,2ª Câmara de Direito Privado,2,Direito Privado,14/07/2026,27/07/2026,,False,False,247,"Direito do consumidor. Apelação. Plano de saúde . Prescrição médica de tratamento a menor, diagnosticado com transtorno do espectro autista, cujo número de sessões excede 20 horas semanais. Necessidade de perícia. Sentença anulada de ofício. Recurso prejudicado.

I. Caso em exame 
1. Apelação interposta contra sentença que julgou parcialmente procedente ação cominatória c/c indenização por danos morais, para compelir operadora de saúde a autorizar e custear tratamento multidisciplinar prescrito a menor diagnosticado com TEA e a reparação moral. 

II. Questão em discussão
2. A questão em discussão consiste em determinar se a sentença foi proferida prematuramente, pelo fato de este ter julgado antecipadamente a lide, não realizada, dessa forma, prova pericial. 

III. Razões de decidir
3. A sentença deve ser anulada por ter sido proferida sem produção de prova pericial, necessária para determinar a necessidade da carga horária do tratamento prescrito à menor pelo médico assistente. 
4. A reabertura da fase instrutória é necessária para garantir que todas as evidências relevantes sejam consideradas, permitindo uma decisão fundamentada e justa.

IV. Dispositivo e tese
5. Sentença anulada de ofício. Recurso prejudicado. 

Tese de julgamento: ""1. Necessidade de prova pericial para determinar a carga horária do tratamento. 2. Anulação da sentença por prematura.""

Legislação citada: CPC, art. 370; Lei nº 9.656/98, art. 10, § 13.

Jurisprudência citada: STJ, EREsp 1.889.704/SP; TJSP, Apelação Cível 1001388-43.2024.8.26.0045, Rel. Hertha Helena de Oliveira, 2ª Câmara de Direito Privado, j. 10/11/2025; Apelação Cível 1001483-04.2024.8.26.0068, Rel. Giffoni Ferreira, 2ª Câmara de Direito Privado, j. 10/03/2025."
1019003-18.2023.8.26.0001,20766290,Apelação Cível,Tratamento médico-hospitalar,Fernando Marcondes,São Paulo,2ª Câmara de Direito Privado,2,Direito Privado,14/07/2026,27/07/2026,,True,False,375,"Direito do consumidor. Apelação. Plano de saúde . Inclusão de neta de titular de contrato, filha recém-nascida de dependente. Recusa injustificada. Danos morais. Taxa Selic. Não provimento, na parte conhecida.

I. Caso em exame
1. Apelação interposta contra sentença que julgou parcialmente procedente ação proposta para compelir operadora de plano de saúde a incluir recém-nascida, filha de dependente, como beneficiária, bem como condenar a ré ao pagamento de indenização por danos morais, em razão de negativa administrativa indevida.

II. Questão em discussão
2. Há 3 questões em discussão: (i) possibilidade de inclusão de recém-nascida, neta do titular e filha de dependente, como beneficiária do plano de saúde ; (ii) configuração do dano moral decorrente da negativa de cobertura ; e (iii) aplicação da taxa SELIC como fator de atualização.

III. Razões de decidir
3. A sentença estabeleceu aplicação de atualização e de juros moratórios conforme o disposto na legislação vigente, de modo que o recurso não pode ser conhecido nesse ponto.
4. O art. 12, III, ""b"", da Lei nº 9.656/98 assegura a inclusão de recém-nascido como dependente, devendo o termo ""consumidor"" ser interpretado de forma extensiva para abranger também o beneficiário dependente, em consonância com os princípios do Código de Defesa do Consumidor.
5. A cláusula contratual que restringe o grupo segurável, embora válida em abstrato, mostra-se abusiva no caso concreto, por contrariar norma de proteção ao recém-nascido e violar a boa-fé objetiva e a função social do contrato.
6. A negativa indevida de inclusão de recém-nascido em plano de saúde , sobretudo diante de necessidade médica e posterior descumprimento tempestivo da ordem judicial, ultrapassa o mero inadimplemento contratual e configura dano moral indenizável.

IV. Dispositivo e tese
6. Recurso desprovido, na parte conhecida. 

Tese de julgamento: ""1. É abusiva a negativa de inclusão de recém-nascido, filho de beneficiário dependente, no plano de saúde , quando formulado o pedido no prazo legal, sendo inaplicável cláusula contratual restritiva em afronta à Lei nº 9.656/98 e aos princípios do Código de Defesa do Consumidor. 2. A recusa injustificada da operadora configura danos morais.""

Legislação citada: Lei nº 9.656/98, art. 12, III, ""b""; CDC, arts. 4º, 6º, 47 e 51.

Jurisprudência citada: REsp nº 2.049.636/SP, Rel. Min. Villas Bôas Cueva, Terceira Turma, j. 25/04/2023, DJe de 28/04/2023."
1045289-90.2024.8.26.0100,20766285,Apelação Cível,Tratamento médico-hospitalar,Fernando Marcondes,São Paulo,2ª Câmara de Direito Privado,2,Direito Privado,24/07/2026,27/07/2026,,False,False,255,"Direito do consumidor. Apelação. Plano de saúde . Internação. Despesas médicas. Recusa injustificada. Danos morais. Fixação com razoabilidade e proporcionalidade. Parcial provimento.

I. Caso em exame
1. Apelação interposta contra sentença que condenou operadora de saúde a pagar diretamente a hospital credor valor cobrado de autor a título de despesas médicas decorrentes de internação, a reembolsar quantia dispendida com honorários médicos e a pagamento de indenização por danos morais. 

II. Questão em discussão
2. A questão em discussão consiste em: (i) a obrigação da operadora de saúde de arcar com despesas hospitalares autorizadas; e (ii) a configuração de danos morais pela recusa indevida de pagamento e a razoabilidade do valor fixado. 

III. Razões de decidir
3. A operadora deve arcar com as despesas médicas decorrentes das internações, pois os tratamentos foram realizados em hospital credenciado e autorizado.
4. Os danos morais são configurados pela recusa indevida de pagamento, causando sofrimento ao autor, devendo, no entanto, serem fixados em atendimento aos princípios da razoabilidade e proporcionalidade.

IV. Dispositivo e tese 
5. Recurso parcialmente provido. 

Tese de julgamento: ""1. A operadora de saúde deve arcar com despesas hospitalares autorizadas. 2. A recusa indevida de pagamento configura danos morais, que devem ser fixados com razoabilidade e proporcionalidade.""

Legislação citada: CF/1988, art. 5º, XXXV, V e X; CPC, arts. 1.010, II, 373, II, 487, I, 85, § 2º, 86, parágrafo único; CC, arts. 421, 944, 945, 186, 187, 389, parágrafo único, e 406, § 1º; Lei nº 14.905/2024.

Jurisprudência citada: STJ, Súmula 362; Súmula 326; Resolução CMN nº 5.171/2024."
1004225-59.2025.8.26.0361,20766210,Apelação Cível,Tratamento médico-hospitalar,Fernando Marcondes,Mogi das Cruzes,2ª Câmara de Direito Privado,2,Direito Privado,18/07/2026,27/07/2026,,False,False,331,"Direito do consumidor. Apelação. Plano de saúde . Fornecimento de medicamento. Neuropatia motora associada a síndrome de Sjogren. Negativa. Abusividade. Limitação temporal. Recurso desprovido.

I. Caso em exame
1. Apelação interposta contra sentença que condenou operadora de saúde a fornecer medicamento para tratamento prescrito a autora, diagnosticada com neuropatia motora associada a síndrome de Sjogren, enquanto perdurar o tratamento. 

II. Questão em discussão
2. Há 3 questões em discussão: (i) a obrigatoriedade de cobertura de medicamento não previsto no rol da ANS e prescrito em uso off label; (ii) a possibilidade de recusa com base em ausência de comprovação científica específica; (iii) a admissibilidade de limitação temporal da obrigação de custeio do tratamento.

III. Razões de decidir
3. A negativa de cobertura revela-se abusiva diante da existência de prescrição médica e da natureza da doença coberta, sendo inaplicável a limitação fundada no rol da ANS quando demonstrada a necessidade do tratamento.
4. O uso off label não afasta, por si só, o dever de cobertura, cabendo ao médico assistente a definição da terapêutica adequada, não podendo a operadora substituir o juízo técnico clínico. Não comprovada a existência de alternativa terapêutica eficaz, impõe-se o custeio do medicamento prescrito, nos termos dos arts. 14 e 51, IV, do CDC.
5. A limitação temporal previamente fixada mostra-se indevida, pois a obrigação deve subsistir enquanto houver indicação médica, sendo inviável restringir a cobertura por prazo abstrato dissociado da evolução clínica do paciente.

IV. Dispositivo e tese
6. Recurso desprovido.

Tese de julgamento: ""A operadora de plano de saúde deve custear tratamento prescrito pelo médico assistente, ainda que fora do rol da ANS ou em uso off label, não sendo admissível a limitação temporal do custeio quando persistir a indicação clínica.""

Legislação citada: CC, arts. 421 e 422; CDC, arts. 14 e 51, IV; Lei nº 9.656/98, art. 10.

Jurisprudência citada: STJ, AgInt no REsp 2.036.691/MG, Rel. Min. Moura Ribeiro, DJe de 29/03/2023; AgInt no AREsp 1.683.820/SP, Rel. Ministro Paulo de Tarso Sanseverino, DJe de 10/03/2021."
1174090-24.2024.8.26.0100,20766196,Apelação Cível,Planos de saúde,Fernando Marcondes,São Paulo,2ª Câmara de Direito Privado,2,Direito Privado,14/07/2026,27/07/2026,,False,False,496,"Direito civil e do consumidor. Apelação. Plano de saúde . Negativa de cobertura de parto durante carência contratual. Ausência de urgência ou emergência. Não provimento.

I. Caso em exame
1. Apelação interposta contra sentença que julgou improcedente ação de obrigação de fazer cumulada com indenização por danos materiais e morais, proposta em razão de negativa de cobertura de parto pela operadora de plano de saúde , com fundamento em período de carência contratual. O autor sustenta existência de situação de urgência/emergência e pleiteia o reembolso das despesas médicas e indenização por danos morais.

II. Questão em discussão
2. A questão em discussão consiste em saber: (i) se a negativa de cobertura de parto, durante o período de carência contratual, é ilícita; e (ii) se o trabalho de parto, no caso concreto, configura situação de urgência ou emergência apta a afastar a carência prevista no art. 12, V, da Lei nº 9.656/98.

III. Razões de decidir
3. O capítulo da sentença relativo ao hospital não foi impugnado em recurso, operando-se coisa julgada parcial.
4. O contrato de plano de saúde prevê carência de 300 dias para cobertura de parto a termo, em conformidade com o art. 12, V, ""a"", da Lei nº 9.656/98, sendo incontroverso o não cumprimento do prazo no momento da internação. A exceção prevista no art. 35-C da Lei nº 9.656/98 exige demonstração de risco imediato de vida ou de lesão irreparável, não configurada no caso concreto, diante da ausência de comprovação de intercorrência gestacional.
5. O trabalho de parto, por si só, constitui evento previsível do curso normal da gestação e não se enquadra automaticamente nas hipóteses legais de urgência ou emergência.
6. A cláusula de carência é válida e encontra respaldo legal, não sendo possível sua flexibilização com base em critérios subjetivos ou na proximidade de seu término, sob pena de violação ao equilíbrio atuarial do contrato.
7. Não configurada ilicitude na conduta da operadora, resta afastado o dever de ressarcimento das despesas médicas e de indenização por danos morais, nos termos dos arts. 186 e 927 do Código Civil.

IV. Dispositivo e tese
8. Recurso desprovido. 

Tese de julgamento: ""1. A negativa de cobertura de parto durante o período de carência contratual é lícita quando ausente comprovação de situação de urgência ou emergência. 2. O trabalho de parto, desacompanhado de intercorrência gestacional com risco imediato à vida, não afasta a carência prevista no art. 12, V, da Lei nº 9.656/98.""

Legislação citada: CF/1988, arts. 6º e 196; CC, arts. 186 e 927; CDC, arts. 2º e 3º; Lei nº 9.656/98, arts. 12, V, ""a"" e 35-C; CPC, arts. 487, I, e 85, § 11.

Jurisprudência citada: STF, RE 666.589, Rel. Min. Marco Aurélio, 1ª Turma, j. 25/03/2014; STJ, Súmula 608; REsp 1.909.451/SP, Rel. Min. Marco Buzzi, 4ª Turma, DJe 13/04/2021; TJSP, Apelação Cível 1000056-40.2025.8.26.0228, Rel. Des. Enéas Costa Garcia, 1ª Câmara de Direito Privado, j. 09/04/2026; TJSP, Apelação Cível 1009283-80.2024.8.26.0554, Rel. Des. Elcio Trujillo, 10ª Câmara de Direito Privado, j. 24/01/2025."
1010457-03.2024.8.26.0562,20764377,Apelação Cível,Tratamento médico-hospitalar,Gustavo Santini Teodoro,Santos,Núcleo 4.0-T. VII (DP1),,,24/07/2026,24/07/2026,5000.0,True,False,151,"DIREITO DO CONSUMIDOR. APELAÇÃO CÍVEL. PLANO DE SAÚDE . COBERTURA. DOENÇA PREEXISTENTE. MÁ-FÉ DO BENEFICIÁRIO. LIPOMA. DANOS MORAIS.

Apelação de operadora de plano de saúde contra sentença que julgou procedente pedido indenizatório por recusa de cobertura cirúrgica.

Incide a Súmula 609 do STJ: é ilícita a recusa de cobertura sob alegação de doença preexistente se não houve exigência de exames admissionais prévios à contratação.

A má-fé pressupõe não apenas omissão objetiva na declaração de saúde, mas intenção específica de ocultar diagnóstico para obter cobertura indevida, ônus que incumbe à operadora.

Ausência de exame admissional, autorização do procedimento por duas vezes e inércia probatória da operadora afastam a caracterização de má-fé qualificada.

A morosidade administrativa superior a um ano na marcação cirúrgica, com crescimento comprovado do tumor e agravamento de dores, configura falha do serviço e dano moral indenizável. O quantum de R$ 5.000,00 é proporcional à gravidade do caso. 

Recurso desprovido."
1009536-90.2025.8.26.0309,20764303,Apelação Cível,Tratamento médico-hospitalar,Gustavo Santini Teodoro,Jundiaí,Núcleo 4.0-T. VII (DP1),,,24/07/2026,24/07/2026,,False,True,181,"DIREITO CIVIL. APELAÇÃO CÍVEL. PLANO DE SAÚDE . OBRIGAÇÃO DE FAZER. DEMORA NA AUTORIZAÇÃO DE CIRURGIA DE URGÊNCIA. NEGATIVA POR OMISSÃO.

Apelação cível interposta por operadora de saúde contra sentença que julgou procedente ação de obrigação de fazer relativa à cobertura de cirurgia de reconstrução nervosa.

A demora injustificada na autorização de procedimento cirúrgico urgente equivale à negativa de cobertura por omissão, configurando falha na prestação do serviço, nos termos do art. 14 do CDC.

Caracteriza urgência o risco de lesão irreparável, nos termos do art. 35-C, I, da Lei nº 9.656/98. É abusiva a conduta da operadora que protela a autorização e oferece consulta em data incompatível com a urgência.

É vedada a recusa de cobertura fundada exclusivamente no fato de o profissional solicitante não pertencer à rede credenciada, nos termos do art. 2º, VI, da Resolução CONSU nº 8, de 3 de novembro de 1998.

A condenação ao pagamento dos ônus da sucumbência observa o princípio da causalidade. Os honorários são majorados em grau recursal com fundamento no art. 85, § 11, do Código de Processo Civil.

Recurso desprovido."
1003566-41.2025.8.26.0073,20764771,Apelação Cível,Tratamento médico-hospitalar,Gustavo Santini Teodoro,Avaré,Núcleo 4.0-T. VII (DP1),,,24/07/2026,24/07/2026,5000.0,True,False,238,"DIREITO DO CONSUMIDOR. APELAÇÃO CÍVEL. PLANO DE SAÚDE . CARÊNCIA CONTRATUAL. URGÊNCIA E EMERGÊNCIA. NEOPLASIA MALIGNA. REEMBOLSO. DANO MORAL.

Apelação de operadora de saúde contra sentença que determinou custeio de cirurgias oncológicas e condenou ao reembolso e a danos morais.

A carência contratual para procedimentos cirúrgicos não pode ser oposta quando a situação de urgência ou emergência está configurada após as primeiras 24 horas da contratação, nos termos do art. 12, V, ""c"", da Lei nº 9.656/1998.

O diagnóstico de adenocarcinoma com risco de metástases e óbito, atestado por médico assistente, caracteriza emergência nos termos do art. 35-C, I, da Lei nº 9.656/1998, afastando a carência contratual.

O intervalo entre a solicitação e a realização do procedimento, causado pela negativa administrativa da operadora, não descaracteriza a urgência clínica; admitir o contrário equivaleria a premiar o inadimplemento contratual.

O reembolso das despesas de emergência fora da rede credenciada é devido quando comprovada a impossibilidade de utilização da rede própria, nos termos do art. 12, VI, da Lei nº 9.656/1998 e da cláusula contratual de reembolso.

A negativa de cobertura para cirurgia oncológica urgente, que impõe ao beneficiário o ônus de custear o procedimento e acionar o Judiciário para obter autorização indispensável à preservação da vida, gera dano moral indenizável.

O valor indenizatório fixado em R$ 5.000,00 mostra-se adequado aos princípios da razoabilidade e proporcionalidade, consideradas a gravidade da conduta e a condição de paciente oncológica em urgência.

Recurso desprovido."
1023924-83.2024.8.26.0001,20765143,Apelação Cível,Tratamento médico-hospitalar,Corrêa Patiño,Campinas,2ª Câmara de Direito Privado,2,Direito Privado,21/07/2026,24/07/2026,10000.0,True,False,553,"DIREITO CIVIL E PROCESSUAL CIVIL. APELAÇÕES. PLANO DE SAÚDE . TRATAMENTO MULTIDISCIPLINAR. TRANSTORNO DO ESPECTRO AUTISTA. DESCREDENCIAMENTO DE CLÍNICA. DEVER DE INFORMAÇÃO. DANO MORAL. 
I. CASO EM EXAME
1. Apelações interpostas pela Ré e pelo Autor contra r. sentença que julgou parcialmente procedente ação de obrigação de fazer cumulada com indenização por danos morais para determinar o custeio integral de tratamento multidisciplinar de menor diagnosticado com TEA, sem limitação de sessões, mantendo tutela de urgência, com previsão de custeio fora da rede credenciada em caso de inexistência de prestador adequado, e fixando sucumbência recíproca, sem condenação por dano moral. 
II. QUESTÃO EM DISCUSSÃO
2. A questão em discussão diz respeito a verificar a legalidade do descredenciamento de clínica sem comunicação prévia adequada e sem comprovação de equivalência técnica, bem como a existência de dano moral indenizável em razão da interrupção de tratamento de menor com TEA. 
III. RAZÕES DE DECIDIR
3. Aplica-se o Código de Defesa do Consumidor aos contratos de plano de saúde , salvo os administrados por entidades de autogestão (Súmula 608/STJ). 4. O Autor, menor com TEA, é pessoa com deficiência, sendo assegurado acesso integral a tratamento multiprofissional, nos termos da legislação específica e princípios constitucionais de proteção à saúde. 5. O descredenciamento de prestador exige comunicação prévia mínima e substituição por outro equivalente, conforme art. 17 da Lei nº 9.656/98, ônus não cumprido pela Ré. 6. A ausência de comprovação de comunicação prévia e de equivalência técnica configura falha na prestação do serviço e violação ao dever de informação, colocando o consumidor em desvantagem exagerada (art. 51, IV, do CDC). 7. O descumprimento desse dever legal torna prejudicadas as alegações relativas à suficiência da rede credenciada e à limitação contratual de cobertura. 8. A interrupção abrupta de tratamento essencial de menor com TEA, sem adequada transição, configura falha grave, com risco concreto à saúde e ao desenvolvimento do paciente. 9. O dano moral resta caracterizado, pois a conduta ilícita extrapola o mero inadimplemento contratual e atinge direitos da personalidade, causando angústia e insegurança. 10. A indenização fixada em R$ 10.000,00 mostra-se adequada, proporcional e suficiente para compensar o dano e cumprir função pedagógica, sem ensejar enriquecimento sem causa. 
IV. DISPOSITIVO E TESE
11. SENTENÇA PARCIALMENTE REFORMADA – RECURSO DA RÉ NÃO PROVIDO. RECURSO DO AUTOR PROVIDO.
Tese de Julgamento: ""O descredenciamento de prestador de plano de saúde sem comunicação prévia adequada e sem comprovação de equivalência técnica viola o dever de informação e legitima o custeio de tratamento fora da rede credenciada, sendo devida indenização por dano moral quando houver interrupção de tratamento essencial, especialmente de paciente hipervulnerável, fixada conforme critérios de proporcionalidade e razoabilidade."" 

Legislação relevante citada:
CF, art. 197; CPC, arts. 373, II, 487, I, 85, §§ 2º e 11, 98, § 3º, 1.026, § 2º; CDC, art. 51, IV; Lei nº 9.656/98, art. 17; Lei nº 12.764/12, art. 3º, III, ""b""; Lei nº 13.146/15; ECA, art. 4º; Súmula 608/STJ; RN 566/2022 da ANS. 

Jurisprudência relevante citada:
TJSP; Apelação Cível 1000903-81.2024.8.26.0291; 2ª Câmara de Direito Privado; Rel. José Joaquim dos Santos; j. 25/09/2025. TJSP; Apelação Cível 0002021-51.2024.8.26.0084; 2ª Câmara de Direito Privado; Rel. Hertha Helena de Oliveira; j. 17/09/2025. TJSP; Apelação Cível 1003520-82.2023.8.26.0506; 1ª Câmara de Direito Privado; Rel. Alberto Gosson; j. 05/05/2026. TJSP; Apelação Cível 1055455-03.2024.8.26.0224; 10ª Câmara de Direito Privado; Rel. Coelho Mendes; j. 17/11/2025."
1008349-77.2023.8.26.0451,20764782,Apelação Cível,Tratamento médico-hospitalar,Corrêa Patiño,Piracicaba,2ª Câmara de Direito Privado,2,Direito Privado,21/07/2026,24/07/2026,5000.0,True,False,413,"DIREITO CIVIL E PROCESSUAL CIVIL. APELAÇÃO CÍVEL. PLANO DE SAÚDE . TRATAMENTO MULTIDISCIPLINAR. TRANSTORNO DO ESPECTRO AUTISTA. CARÊNCIA CONTRATUAL. URGÊNCIA. DANO MORAL. 
I. CASO EM EXAME
1. Recursos de apelação interpostos por Autor e Ré contra r. sentença que julgou parcialmente procedente ação de obrigação de fazer c.c. indenização, para condenar a operadora de plano de saúde ao custeio de tratamento multidisciplinar pelo método MIG, afastar a carência contratual e fixar indenização por dano moral no valor de R$ 5.000,00. 
II. QUESTÃO EM DISCUSSÃO
2. A questão em discussão diz respeito à obrigatoriedade de cobertura de tratamento multidisciplinar prescrito a menor portador de Transtorno do Espectro Autista, durante período de carência contratual, bem como à configuração de dano moral indenizável em razão da negativa de cobertura . 
III. RAZÕES DE DECIDIR
3. Aplica-se o Código de Defesa do Consumidor aos contratos de plano de saúde , salvo os administrados por entidades de autogestão (Súmula 608/STJ). 4. O Autor, menor de idade, possui diagnóstico de Transtorno do Espectro Autista, com prescrição médica de tratamento multidisciplinar intensivo e urgente. 5. O tratamento indicado é essencial ao adequado desenvolvimento neuropsicomotor e social do paciente. 6. A carência contratual não prevalece em hipóteses de urgência, nos termos dos arts. 12, V, ""c"", e 35-C da Lei nº 9.656/98. 7. Mostra-se abusiva a negativa de cobertura fundada em carência superior a 24 horas. 8. Mantém-se a condenação da Ré ao custeio integral do tratamento prescrito. 9. A negativa, contudo, decorreu de controvérsia contratual juridicamente plausível. 10. Ausente demonstração de violação a direitos da personalidade, é indevida a indenização por dano moral. 
IV. DISPOSITIVO E TESE
11. SENTENÇA PARCIALMENTE REFORMADA – RECURSO DO AUTOR NÃO PROVIDO. RECURSO DA CORRÉ PARCIALMENTE PROVIDO.
Tese de Julgamento: ""A operadora de plano de saúde deve custear tratamento multidisciplinar prescrito a menor portador de Transtorno do Espectro Autista em situação de urgência, ainda que em curso período de carência contratual, sendo indevida, contudo, a indenização por dano moral quando a negativa decorre de interpretação contratual juridicamente plausível.""

Legislação relevante citada:
Lei nº 9.656/98, arts. 12, V, ""c"", e 35-C; Código de Defesa do Consumidor; Código de Processo Civil, arts. 85, §§ 2º e 11, 98, § 3º, e 1.026, § 2º.

Jurisprudência relevante citada:
Súmula 608/STJ; Súmula 597/STJ; Súmula 103/TJSP; AgInt no AREsp nº 858.013/DF, 3ª Turma, STJ; REsp nº 2.209.351/SP, 3ª Turma, STJ; TJSP, Apelação Cível nº 1033947-02.2022.8.26.0602, 2ª Câmara de Direito Privado; TJSP, Apelação Cível nº 1000447-26.2024.8.26.0229, 2ª Câmara de Direito Privado."
1006153-37.2025.8.26.0008,20764930,Apelação Cível,Fornecimento de medicamentos,Alberto Gosson,São Paulo,1ª Câmara de Direito Privado,1,Direito Privado,24/07/2026,24/07/2026,,False,False,193,"APELAÇÃO. AÇÃO DE OBRIGAÇÃO DE FAZER CUMULADA COM COMPENSAÇÃO POR DANOS MORAIS. PLANO DE SAÚDE . Sentença de procedência para determinar o custeio do medicamento antineoplásico 'ATEZOLIZUMABE'. Recursos da operadora de saúde e da empregadora Companhia Siderúrgica Nacional – CSN, que ingressou voluntariamente nos autos. Mantida a rejeição ao ingresso da CSN, por ser parte ilegítima para figurar no polo passivo. Eventual insurgência deve ser buscada em ação autônoma. Cobertura do medicamento pleiteado. Alegação de uso 'off label' do fármaco. Embora o rol da ANS seja, em regra, taxativo, são admitidas flexibilizações, conforme entendimento sedimentado pela Segunda Seção do C. STJ (ERESP n. 1.886.929/SP e n. 1.889.704/SP). Inclusão dos §§12 e 13 ao art. 10 da Lei n. 9.656/1998 pela Lei n. 14.454/2022. Adição, ainda, de requisitos para a admissibilidade excepcional apesar da ausência de expressa previsão no rol da ANS ante a fixação de teses pelo E. STF no julgamento da ADI 7.265. Insuficiência da prova dos autos, considerando a ausência de parecer do NATJUS acerca do caso concreto. Conversão do julgamento em diligência para consulta ao NATJUS acerca do preenchimento dos requisitos estabelecidos no julgamento da ADI 7.265 no caso vertente."
1006601-50.2024.8.26.0297,20765105,Apelação Cível,Fornecimento de insumos,Alberto Gosson,Jales,1ª Câmara de Direito Privado,1,Direito Privado,24/07/2026,24/07/2026,,False,False,172,"REAPRECIAÇÃO. ARTIGO 1.030, II, DO CPC. PLANO DE SAÚDE . AÇÃO DE OBRIGAÇÃO DE FAZER. SISTEMA DE MONITORAMENTO CONTÍNUO DE GLICOSE. DEVOLUÇÃO DOS AUTOS PELA PRESIDÊNCIA EM RAZÃO DO JULGAMENTO DO TEMA REPETITIVO Nº 1.316 DO C. STJ. MANUTENÇÃO DO ACÓRDÃO.
Juízo de retratação realizado em decorrência da tese firmada pelo C. STJ no Tema Repetitivo nº 1.316. Acórdão que reconheceu a abusividade da negativa de cobertura do dispositivo FreeStyle Libre a paciente portadora de Diabetes Mellitus Tipo 1, diante da existência de prescrição médica, prévio requerimento administrativo, registro do produto perante a ANVISA e demonstração de sua utilidade terapêutica. Hipótese em que a solução adotada por esta Câmara mostra-se compatível com os parâmetros estabelecidos pelo STF na ADI nº 7.265 e com a orientação consolidada pelo STJ quanto à possibilidade de cobertura de tratamento não previsto no rol da ANS, desde que preenchidos os requisitos legais e jurisprudenciais. Ausência de desconformidade entre o acórdão recorrido e o precedente vinculante superveniente. Manutenção integral do julgado. Juízo de retratação não exercido. acórdão mantido."
1012211-37.2025.8.26.0564,20765100,Apelação Cível,Tratamento médico-hospitalar,Alberto Gosson,São Bernardo do Campo,1ª Câmara de Direito Privado,1,Direito Privado,24/07/2026,24/07/2026,,False,False,97,"PLANO DE SAÚDE . APELAÇÃO. AÇÃO DE OBRIGAÇÃO DE FAZER CUMULADA COM REEMBOLSO. Sentença de improcedência. Inconformismo do autor. Ausência de comprovação de recusa da operadora ao tempo do ajuizamento, não obstante determinação judicial para sua apresentação. Ônus da prova do fato constitutivo não atendido (art. 373, I, CPC). Inexistência de demonstração de inadequação da rede credenciada. Musicoterapia não disponibilizada na rede, com indicação de possibilidade de realização mediante reembolso, nos termos contratuais, o que não caracteriza recusa injustificada. Impossibilidade de condenação ao custeio integral fora da rede ou reembolso integral. Sentença mantida. Presquestionamento implícito. Recurso desprovido."
1002750-44.2024.8.26.0348,20765095,Apelação Cível,Tratamento médico-hospitalar,Alberto Gosson,Mauá,1ª Câmara de Direito Privado,1,Direito Privado,24/07/2026,24/07/2026,5000.0,True,False,282,"APELAÇÃO CÍVEL. PLANO DE SAÚDE . CIRURGIAS REPARADORAS PÓS-PERDA PONDERAL. COBERTURA PARCIAL E DANO MORAL POR NEGATIVA INDEVIDA. RECURSO PARCIALMENTE PROVIDO. I. Caso em exame. 1. Apelação interposta contra sentença que julgou parcialmente procedente ação de obrigação de fazer cumulada com indenização por danos morais, determinando à operadora de plano de saúde o custeio de parte dos procedimentos cirúrgicos indicados à autora, após perda ponderal significativa, e rejeitando os demais pedidos, inclusive o indenizatório. 2. A recorrente sustenta a natureza reparadora de todas as cirurgias prescritas, bem como a abusividade da negativa de cobertura e a ocorrência de danos morais decorrentes da recusa. II. Questão em discussão. 2. Há duas questões em discussão: (i) saber se a operadora está obrigada a custear a totalidade das cirurgias plásticas indicadas à autora como decorrência de perda de peso; e (ii) saber se a negativa parcial de cobertura enseja indenização por danos morais. III. Razões de decidir. 3. A cobertura de procedimentos cirúrgicos por plano de saúde exige a comprovação de sua natureza reparadora ou funcional. 4. A perícia judicial, realizada por especialista, concluiu pela ausência de excesso de pele, lesões cutâneas ou comprometimento funcional que justificassem a maior parte das cirurgias pretendidas, bem como pela inexistência de indicação atual em razão do estado clínico da autora. 5. A negativa de cobertura quanto ao procedimento de exérese de mama supranumerária, reconhecida na r. sentença, revelou-se indevida, uma vez que a perícia reconheceu sua necessidade para prevenção de patologia potencialmente grave. 7. A recusa injustificada, nessas circunstâncias, ultrapassa o mero inadimplemento contratual e configura dano moral indenizável, fixado em R$ 5.000,00, conforme os princípios da razoabilidade e proporcionalidade. IV. Dispositivo e tese. 5. Recurso parcialmente provido."
1002042-25.2021.8.26.0404,20763920,Apelação Cível,Tratamento médico-hospitalar,Cesar Mecchi Morales,Orlândia,6ª Câmara de Direito Privado,6,Direito Privado,24/07/2026,24/07/2026,,True,False,82,"APELAÇÃO CÍVEL. PLANO DE SAÚDE . Cirurgias plásticas pós-bariátrica. Ação de obrigação de fazer cumulada com indenização por danos morais. Sentença de improcedência. Preliminar de nulidade por cerceamento de defesa. Laudo pericial e complementação suficientes à solução da controvérsia. Ausência de demonstração de prejuízo. Prova técnica conclusiva quanto à natureza estética dos procedimentos, sem repercussão clínica patológica. Aplicação do Tema 1069 do Superior Tribunal de Justiça. Ausência de ilicitude na negativa de cobertura . Dano moral não configurado. Sentença mantida. RECURSO DESPROVIDO."
1012744-49.2024.8.26.0008,20763482,Apelação Cível,Planos de saúde,Marcia Tessitore,São Paulo,Núcleo 4.0-T. II (DP1),,,24/07/2026,24/07/2026,,False,False,58,APELAÇÃO CÍVEL. DIREITO CIVIL E DO CONSUMIDOR. PLANO DE SAÚDE . PROCEDIMENTO CIRÚRGICO COBERTO PELO CONTRATO. REALIZAÇÃO FORA DA REDE CREDENCIADA ANTES DA CONCLUSÃO DA ANÁLISE ADMINISTRATIVA. AUSÊNCIA DE SITUAÇÃO DE URGÊNCIA OU EMERGÊNCIA. NEGATIVA POSTERIOR DA OPERADORA. IRRELEVÂNCIA PARA AFASTAR AS REGRAS CONTRATUAIS DE REEMBOLSO. LIMITAÇÃO PREVISTA EM TABELA CONTRATUAL EXPRESSA. REEMBOLSO PARCIAL MANTIDO. DISPOSITIVO: RECURSO DESPROVIDO.
1010025-75.2025.8.26.0100,20763451,Apelação Cível,Tratamento médico-hospitalar,Marcia Tessitore,São Paulo,Núcleo 4.0-T. II (DP1),,,24/07/2026,24/07/2026,,False,False,79,"APELAÇÃO CÍVEL. DIREITO DO CONSUMIDOR E DIREITO À SAÚDE. PLANO DE SAÚDE . NEGATIVA DE COBERTURA DE PROCEDIMENTO E MATERIAIS CIRÚRGICOS. TAQUICARDIA VENTRICULAR. ABLAÇÃO POR RADIOFREQUÊNCIA COM MAPEAMENTO ELETROANATÔMICO TRIDIMENSIONAL. ENFERMIDADE COBERTA PELO CONTRATO. EXPRESSA PRESCRIÇÃO MÉDICA. IMPOSSIBILIDADE DE RESTRIÇÃO DO TRATAMENTO COM BASE EM ROL DA ANS, DIRETRIZES DE UTILIZAÇÃO TÉCNICA OU CLÁUSULA CONTRATUAL EXCLUDENTE. RECUSA QUE EQUIVALE À NEGATIVA DO PRÓPRIO TRATAMENTO. OFENSA À BOA-FÉ OBJETIVA E À FINALIDADE DO CONTRATO. COBERTURA INTEGRAL DEVIDA. DISPOSITIVO: RECURSO DESPROVIDO."
1000695-79.2024.8.26.0200,20763529,Embargos de Declaração Cível,Tratamento médico-hospitalar,Marcia Tessitore,Gália,Núcleo 4.0-T. II (DP1),,,24/07/2026,24/07/2026,,False,False,103,"PLANO DE SAÚDE . EMBARGOS DE DECLARAÇÃO OPOSTOS CONTRA ACÓRDÃO QUE DEU PARCIAL PROVIMENTO AO RECURSO INTERPOSTO PELA ORA EMBARGANTE. Alegação de omissão e contradição, pois o acórdão reconheceu como procedimentos reparadores a mastoplastia sem implantes e a cruroplastia, validando o laudo pericial judicial, bem como porque não fundamentou a ocorrência de danos morais e a redução do valor da condenação. Não se vislumbra omissão no acórdão, mas sim inconformismo da embargante com a decisão desfavorável. Os embargos de declaração não são meio hábil para reexame da matéria já decidida, mas apenas para sanar omissão, obscuridade ou contradição. DISPOSITIVO: EMBARGOS DE DECLARAÇÃO REJEITADOS."
1044570-51.2023.8.26.0001,20763463,Embargos de Declaração Cível,Fornecimento de medicamentos,Marcia Tessitore,São Paulo,Núcleo 4.0-T. II (DP1),,,24/07/2026,24/07/2026,,True,False,94,"PLANO DE SAÚDE . EMBARGOS DE DECLARAÇÃO OPOSTOS CONTRA ACÓRDÃO QUE NEGOU PROVIMENTO AO RECURSO INTERPOSTO PELA ORA EMBARGANTE. ALELKIHJKHJGAÇÃO DE OMISSÃO, POIS NÃO ANALISADA A ALEGAÇÃO DE FALTA DE ALTERNATIVA TERAPÊUTICA AO ROL DA ANS, BEM COMO PORQUE RECONHECIDA A OCORRÊNCIA DE DANO MORAL PELA MERA NEGATIVA DE FORNECIMENTO DO MEDICAMENTO. NÃO SE VISLUMBRA OMISSÃO NO ACÓRDÃO, MAS SIM INCONFORMISMO DA EMBARGANTE COM A DECISÃO DESFAVORÁVEL. OS EMBARGOS DE DECLARAÇÃO NÃO SÃO MEIO HÁBIL PARA REEXAME DA MATÉRIA JÁ DECIDIDA, MAS APENAS PARA SANAR OMISSÃO, OBSCURIDADE OU CONTRADIÇÃO. DISPOSITIVO: EMBARGOS DE DECLARAÇÃO REJEITADOS."
1030139-59.2024.8.26.0071,20762913,Apelação Cível,Tratamento médico-hospitalar,Augusto Rezende,Bauru,1ª Câmara de Direito Privado,1,Direito Privado,24/07/2026,24/07/2026,5159.0,False,False,583,"DIREITO CIVIL. APELAÇÃO. PLANO DE SAÚDE . REEMBOLSO DE TERAPIAS MULTIDISCIPLINARES. MENOR COM TRANSTORNO DO ESPECTRO AUTISTA. MÉTODO ABA. RECURSO PROVIDO EM PARTE.
I. Caso em Exame
1. Recurso de apelação interposto contra sentença que julgou procedente o pedido de reembolso integral de terapias multidisciplinares pelo método ABA – fonoaudiologia, terapia ocupacional e psicoterapia – , prescritas à menor portadora de Transtorno do Espectro Autista (CID F84), no valor de R$ 5.159,00.
II. Questão em Discussão
2. Discute-se (i) a ocorrência de prescrição da pretensão de reembolso; (ii) a obrigatoriedade de cobertura das terapias multidisciplinares (auxiliar terapêutico em domicílio, psicologia, fonoaudiologia e terapia ocupacional pelo método ABA) à luz do rol da ANS e da Lei nº 14.454/2022; (iii) a legalidade da negativa de reembolso fundada na ausência de registro do prestador no CNES; (iv) a abusividade da exigência de apresentação de nota fiscal com CNPJ para profissionais autônomos; (v) a abusividade da exigência de renovação periódica de relatório médico; e (vi) a possibilidade de limitação do reembolso aos valores fixados em tabela contratual.
III. Razões de Decidir
3. A pretensão de reembolso de despesas médicas nasce com o pagamento e se sujeita ao prazo prescricional de dez anos, conforme entendimento consolidado pelo Superior Tribunal de Justiça.
4. As terapias multidisciplinares pelo método ABA – fonoaudiologia, terapia ocupacional e psicoterapia – têm cobertura obrigatória para beneficiários portadores de Transtorno do Espectro Autista, por força do § 4º do art. 6º da Resolução Normativa nº 465/2021 da ANS, inserido pela RN nº 539/2022.
5. A negativa de reembolso fundada na ausência de registro no CNES é abusiva, pois o cadastro possui finalidade meramente administrativa, não podendo ser oposto ao consumidor como condição para o exercício de direito contratual, conforme orientação da própria ANS e da jurisprudência deste Tribunal.
6. A exigência de nota fiscal com CNPJ para profissionais autônomos contraria a própria cláusula 8.1.5.6 do contrato, que expressamente admite recibo do profissional pessoa física, com identificação por CPF e número de inscrição no Conselho Regional.
7. A exigência de renovação periódica de relatório médico para transtorno sem perspectiva de cura é abusiva e não encontra amparo contratual ou legal.
8. As cláusulas limitativas de reembolso baseadas em fórmulas obscuras (URS e múltiplos) violam o dever de informação do CDC e o próprio contrato, que prevê reembolso integral na modalidade de livre escolha, sendo devida a restituição integral das despesas comprovadas.
9. A obrigação da operadora de custear as terapias multidisciplinares para TEA não se estende ao acompanhamento em ambiente domiciliar.
IV. Dispositivo e Tese
10. Recurso provido em parte para afastar custeio de auxiliar terapêutico em ambiente domiciliar.
Tese de julgamento: 1. A pretensão de reembolso de despesas médicas sujeita-se ao prazo prescricional de dez anos, contado a partir do pagamento. 2. As terapias multidisciplinares pelo método ABA têm cobertura obrigatória para pacientes com TEA, nos termos da RN ANS nº 539/2022. 3. A exigência de registro no CNES como condição para reembolso é abusiva e inaplicável ao consumidor. 4. É abusiva a exigência de nota fiscal com CNPJ quando o contrato admite expressamente recibo de profissional autônomo. 5. A exigência de renovação periódica de relatório médico para transtorno sem cura é abusiva. 6. Cláusulas de reembolso baseadas em fórmulas obscuras violam o CDC e impõem o reembolso integral.
Legislação Citada: Código Civil, arts. 205 e 422; Código de Defesa do Consumidor, arts. 6º, III, 46 e 51, IV; Código de Processo Civil, art. 85, §§ 2º e 11; Resolução Normativa ANS nº 539/2022."
1002093-93.2025.8.26.0372,20762021,Apelação Cível,Tratamento médico-hospitalar,Jair de Souza,Monte Mor,10ª Câmara de Direito Privado,10,Direito Privado,24/07/2026,24/07/2026,10000.0,True,False,104,"APELAÇÃO. Plano de saúde . Obrigação de fazer cumulada com indenização por danos morais. Negativa de cobertura de procedimento cirúrgico endovascular em contexto de urgência. Sentença de procedência. Insurgência da operadora. Descabimento. Relação de consumo. Responsabilidade objetiva. Recusa indevida de cobertura de tratamento essencial à preservação da saúde e da vida do paciente. Procedimento realizado apenas após agravamento do quadro clínico. Descumprimento da tutela de urgência configurado. Astreintes devidas e fixadas em patamar adequado. Dano moral in re ipsa caracterizado. Indenização fixada em R$ 10.000,00 mantida por observância aos princípios da razoabilidade e proporcionalidade. Sentença mantida. Adoção do art. 252 do RITJ. RECURSO DESPROVIDO."
1004854-23.2024.8.26.0602,20762540,Embargos de Declaração Cível,Fornecimento de medicamentos,Vitor Frederico Kümpel,Sorocaba,4ª Câmara de Direito Privado,4,Direito Privado,24/07/2026,24/07/2026,10000.0,True,False,216,"DIREITO PROCESSUAL CIVIL. EMBARGOS DE DECLARAÇÃO. ÔNUS SUCUMBENCIAIS. ACOLHIMENTO.
I. Caso em Exame
1. Embargante sustenta contradição e omissão não julgado colegiado sobre a distribuição dos ônus sucumbenciais. Reforma parcial da sentença julgando procedente o pedido de indenização por danos morais, fixados em R$ 10.000,00, enquanto o valor inicial postulado era de R$ 20.000,00. Embargante pugna pelo afastamento da sucumbência recíproca e específica exclusiva da embargada aos ônus sucumbenciais.
II. Questão em Discussão
2. A questão em discussão consiste em determinar se a contribuição em montante inferior ao postulado na inicial implica sucumbência recíproca, considerando a Súmula nº 326 do STJ e o artigo 86, parágrafo único, do CPC.
III. Razões de Decidir
3. O acórdão embargado incorreu em omissão e contradição ao redimensionar os honorários advocatícios sem abordar a sucumbência recíproca.
4. O embargante obteve êxito na totalidade dos seus pedidos e o decaimento mínimo não autoriza a manutenção da sucumbência recíproca, conforme entendimento pacificado pelo STJ.
IV. Dispositivo e Tese
5. Embargos de declaração acolhidos. Ônus da sucumbência integralmente atribuída à operadora de saúde embargada.
Tese de julgamento: 1. Na ação de indenização por dano moral, a remuneração em montante inferior ao postulado na inicial não implica sucumbência recíproca. 2. Decaimento mínimo da autora atrai a incidência do artigo 86, parágrafo único, do CPC."
1004715-69.2022.8.26.0108,20762303,Embargos de Declaração Cível,Serviços Hospitalares,Issa Ahmed,São Paulo,34ª Câmara de Direito Privado,34,Direito Privado,04/07/2026,24/07/2026,,False,False,119,"EMBARGOS DE DECLARAÇÃO – AÇÃO DE COBRANÇA – PRESTAÇÃO DE SERVIÇOS MÉDICO-HOSPITALARES – Rediscussão de matéria de mérito – Inadmissibilidade – Inexistência de omissão ou erro fático no v. acórdão embargado – Decisão colegiada clara e inteligível ao assentar que a instituição de saúde autora não discriminou, na petição inicial, os itens que compõem a pretensa dívida, tampouco comprovou a efetiva recusa de cobertura por parte da operadora do plano de saúde – Aresto que enfrentou de forma suficiente a controvérsia posta em juízo – Caráter nitidamente infringente – Inadequação da via eleita – Pretensão de prequestionamento que não prescinde da real demonstração de algum dos vícios estabelecidos no artigo 1.022 do Código de Processo Civil – Embargos rejeitados."
1020253-18.2025.8.26.0001,20762578,Apelação Cível,Tratamento médico-hospitalar,Alexandre Marcondes,São Paulo,1ª Câmara de Direito Privado,1,Direito Privado,24/07/2026,24/07/2026,,False,False,186,"DIREITO CIVIL. APELAÇÃO. PLANO DE SAÚDE . CIRURGIA ENDOSCÓPICA. NEGATIVA DE COBERTURA . ABUSIVIDADE. RECURSO DESPROVIDO. 1.- Ação cominatória movida pelo beneficiário em face da ré visando a cobertura integral dos procedimentos cirúrgicos prescritos, incluindo materiais necessários. 2.- O autor, idoso de 78 anos, sofre de dores e fraqueza nos membros inferiores, necessitando de cirurgia endoscópica minimamente invasiva. 3.- A questão em discussão consiste em verificar (i) se houve cerceamento de defesa devido à ausência de produção de provas requeridas, (ii) a validade da recusa de cobertura baseada em parecer de junta médica e (iii) a limitação do reembolso conforme regras contratuais. 4.- A preliminar de cerceamento de defesa é rejeitada, pois a prova documental é clara quanto à adequação da prescrição médica. Procedimentos cirúrgicos indicados que se inserem no rol da ANS e melhor se ajustam às condições clínicas do autor. 5.- A opinião do médico assistente prevalece sobre a junta médica, que não examinou o autor presencialmente. 6.- A recusa de cobertura pela ré é abusiva, violando os arts. 14 e 51 do CDC, conforme jurisprudência do STJ. Cobertura determinada. Sentença mantida. Recurso desprovido."
1065498-80.2024.8.26.0100,20761433,Apelação Cível,Fornecimento de insumos,Fabiana Calil Canfour de Almeida,São Paulo,Núcleo 4.0-T. VII (DP1),,,22/07/2026,24/07/2026,,False,False,152,"Apelação – Plano de saúde – Ação de Obrigação de Fazer – Beneficiário portador de osteoartrose de quadril esquerdo – Pretensão de custeio de procedimento cirúrgico e materiais prescritos pelo médico assistente – Sentença de parcial procedência que confirmou a tutela antecipada e condenou a operadora ao custeio do ato cirúrgico, ressalvada a diferença de custo relativa à prótese de cerâmica – Insurgência da ré – Inadmissibilidade – Prescrição médica expressa – Junta médica da operadora que não se sobrepõe à indicação do profissional que acompanha o paciente – Doença coberta pelo contrato – Ilegalidade da negativa de cobertura do tratamento adequado – Parecer pericial que confirma a adequação e necessidade dos materiais indicados – Conduta que é contrária ao direito fundamental à saúde, à vida e, inclusive ao princípio fundamental da dignidade da pessoa humana, direitos abrangidos na cobertura do plano de saúde contratado – Manutenção da sentença – Recurso desprovido"
1011654-90.2024.8.26.0562,20760052,Apelação Cível,Serviços de Saúde,Mariella Ferraz de Arruda Pollice Nogueira,Santos,2ª Câmara de Direito Privado,2,Direito Privado,23/07/2026,23/07/2026,5270.0,False,True,246,"DIREITO CIVIL. APELAÇÕES. OBRIGAÇÃO DE FAZER CUMULADA COM RESTITUIÇÃO DE VALORES E INDENIZAÇÃO POR DANOS MORAIS. RECURSOS NÃO CONHECIDOS.

I. Caso em Exame
1. Ação de obrigação de fazer cumulada com restituição de valores e indenização por danos morais proposta por consumidora contra franqueadora e clínica responsável pela prestação de serviços odontológicos. A sentença condenou as rés a restituírem R$ 5.270,00 à requerente e ao pagamento de R$ 5.000,00 por danos morais. Recurso da franqueadora que alega ilegitimidade passiva e ausência de relação jurídica direta com a autora. A autora apela pela majoração dos danos morais e inclusão de custos de tratamento futuro.

II. Questão em Discussão
2. Determinar a competência para julgamento dos recursos, considerando que a matéria envolve responsabilidade civil por descumprimento de contrato de prestação de serviços odontológicos.

III. Razões de Decidir
3. A matéria não se inclui na competência da 2ª Câmara de Direito Privado, conforme Resolução nº 623/2013, mas das Subseções Segunda e Terceira de Direito Privado, que tratam de ações relativas à prestação de serviços.
4. A causa de pedir está fundada em contrato de prestação de serviços odontológicos e falha na prestação de serviços, sem qualquer referência a eventual erro médico odontológico.
 
IV. Dispositivo e Tese
5. Recursos não conhecidos, com determinação de redistribuição.
6. Tese de julgamento: ""1. Ações envolvendo discussão exclusiva acerca da prestação de serviços odontológicos, sem abordagem a eventual erro procedimental (erro médico) são de competência comum das Segunda e Terceira Subseções de Direito Privado."""
1148614-81.2024.8.26.0100,20760027,Apelação Cível,Tratamento médico-hospitalar,Mariella Ferraz de Arruda Pollice Nogueira,São Paulo,2ª Câmara de Direito Privado,2,Direito Privado,23/07/2026,23/07/2026,,False,False,478,"DIREITO DO CONSUMIDOR E DIREITO CIVIL. APELAÇÃO CÍVEL. PLANO DE SAÚDE . NEGATIVA DE COBERTURA DE MATERIAL CIRÚRGICO. TECNOLOGIA DE RADIOFREQUÊNCIA POR PLASMA (COBLATION II). ROL DA ANS. COMPROVAÇÃO DE EFICÁCIA. AUSÊNCIA DE OFERTA DE MATERIAL EQUIVALENTE. RESTITUIÇÃO DE DESPESAS ANTECIPADAS. RECURSO DESPROVIDO. 
I.CASO EM EXAME. 
Apelação cível interposta por operadora de plano de saúde contra sentença que julgou procedente ação de obrigação de fazer ajuizada por menor impúbere, representada por sua genitora, para condenar a ré a custear material cirúrgico consistente em ponteira de radiofrequência bipolar por plasma Coblation II, indicada para procedimento de amigdalectomia, adenoidectomia e cauterização de conchas nasais inferiores, bem como a restituir os valores antecipados pela autora para aquisição do material. 
II. QUESTÃO EM DISCUSSÃO. 
Há duas questões em discussão: (i) definir se a operadora de plano de saúde estava obrigada a custear o material cirúrgico de radiofrequência por plasma indicado pela médica assistente, apesar de não constar expressamente do rol da ANS; e (ii) estabelecer se é devida a restituição dos valores antecipados pela autora para viabilização do procedimento cirúrgico.
III. RAZÕES DE DECIDIR. 
1. Cobertura genericamente negada pela ré, sob a justificativa de não inclusão em rol do ANS.
2. Necessidade de observância do quanto estabelecido pelo artigo 10,§ 13 da Lei 9.656/87, com nova redação conferida pela Lei 14.454/2022 e requisitos cumulativos definidos no julgamento da ADI 7.265 pelo STF. 
3. Falta de expressa previsão no rol da ANS que não é obstáculo à cobertura, quando há comprovação de sua eficácia à luz das ciências da saúde, baseada em evidências científicas e plano terapêutico, e ausente indicação de alternativa ao tratamento .
4. Hipótese dos autos em que todos os requisitos foram comprovados, realizada prova pericial que atestou estar-se diante de tratamento adequado e seguro à luz da medicina baseada em evidências, sem oferecimento de alternativa terapêutica adequada pela ré. Não há parecer contrário da ANS e o material tem registro ANVISA. 
5. Ofício Nat-Jus invocado que se referiu à situação não tratada nos autos, sendo inaplicável. 
6. O princípio da força obrigatória dos contratos não autoriza a frustração do objeto essencial do contrato de assistência à saúde. 
7. Reconhecida a abusividade da negativa de cobertura , impõe-se a restituição integral dos valores antecipados pela autora para viabilizar a realização do procedimento cirúrgico. 
IV. DISPOSITIVO E TESE 
Recurso desprovido. 
Tese de julgamento: 1. A operadora de plano de saúde deve custear procedimento ou material não previsto expressamente no rol da ANS quando houver comprovação de eficácia baseada em evidências científicas e indicação médica fundamentada, nos termos do art. 10, § 13, da Lei nº 9.656/1998. 2. A negativa de cobertura é abusiva quando a operadora deixa de oferecer alternativa terapêutica equivalente ao tratamento indicado pelo médico assistente. 3. Reconhecida a abusividade da negativa de cobertura , é devida a restituição integral das despesas antecipadas pelo beneficiário para realização do tratamento."
1040226-71.2022.8.26.0224,20760060,Apelação Cível,Planos de saúde,Mariella Ferraz de Arruda Pollice Nogueira,Guarulhos,2ª Câmara de Direito Privado,2,Direito Privado,23/07/2026,23/07/2026,,False,False,545,"DIREITO DO CONSUMIDOR E DIREITO À SAÚDE. APELAÇÃO CÍVEL. PLANO DE SAÚDE . DIABETES MELLITUS TIPO 1. BOMBA DE INFUSÃO CONTÍNUA DE INSULINA. TEMA REPETITIVO Nº 1.316 DO STJ. COBERTURA OBRIGATÓRIA. CLÁUSULA EXCLUDENTE INVÁLIDA. MANUTENÇÃO DO ACÓRDÃO EM JUÍZO DE CONFORMAÇÃO. RECURSO DESPROVIDO.

I.CASO EM EXAME. 
Apelação cível interposta por operadora de plano de saúde contra sentença que julgou procedente ação de obrigação de fazer proposta por beneficiária diagnosticada com Diabetes Mellitus Tipo 1, condenando a ré ao custeio integral do tratamento mediante fornecimento de bomba de infusão contínua de insulina e respectivos insumos, conforme prescrição médica, enquanto perdurar a indicação terapêutica. Após o desprovimento do recurso pela Câmara julgadora, os autos retornaram para juízo de conformação em razão do julgamento do Tema Repetitivo nº 1.316 pelo Superior Tribunal de Justiça.

II. QUESTÃO EM DISCUSSÃO. 
Há três questões em discussão: (i) definir se a bomba de infusão contínua de insulina e seus insumos estão sujeitos à cobertura obrigatória pelos planos de saúde ; (ii) estabelecer se foram preenchidos, no caso concreto, os requisitos fixados pelo Superior Tribunal de Justiça no julgamento do Tema Repetitivo nº 1.316; e (iii) determinar se o acórdão anteriormente proferido deve ser mantido em modulação ao referido tema. 

III. RAZÕES DE DECIDIR. 
O Superior Tribunal de Justiça, no julgamento do Tema Repetitivo nº 1.316, firmou entendimento de que o sistema de infusão contínua de insulina não se enquadra nas hipóteses de exclusão previstas nos incisos VI e VII do art. 10 da Lei nº 9.656/1998, sendo inválida cláusula contratual que exclua sua cobertura. As alterações promovidas pela Lei nº 14.454/2022 possuem aplicação imediata aos contratos de assistência à saúde em curso. A tese repetitiva exige, para a cobertura obrigatória, a demonstração de prescrição por médico assistente habilitado, a inexistência de alternativa terapêutica adequada prevista no rol da ANS e a regularidade sanitária do dispositivo. A documentação médica constante dos autos comprova a imprescindibilidade da bomba de infusão contínua de insulina para o tratamento da autora, criança portadora de Diabetes Mellitus Tipo 1, diante da necessidade de doses reduzidas de insulina e do risco de graves oscilações glicêmicas. A operadora não impugnou especificamente a idoneidade da prescrição médica, não apresentou alternativa terapêutica equivalente incorporada ao rol da ANS e tampouco questionou a regularidade do equipamento perante os órgãos sanitários competentes. A insurgência recursal restringiu-se à alegada taxatividade do rol da ANS, à ausência de cobertura contratual para tratamento domiciliar e a argumentos de ordem econômica, sem demonstrar a existência de substituto terapêutico apto a produzir resultados equivalentes. 
Análise do julgado que se mostra em conformidade com oos parâmetros estabelecidos no Tema Repetitivo nº 1.316, sem alteração do resultado do recurso.

IV. DISPOSITIVO E TESE. 
Recurso desprovido. 
Tese de julgamento: 1. O sistema de infusão contínua de insulina não se enquadra nas hipóteses legais de exclusão de cobertura previstas no art. 10, VI e VII, da Lei nº 9.656/1998. 2. É inválida a cláusula contratual que exclui a cobertura de bomba de infusão contínua de insulina quando preenchidos os requisitos estabelecidos no Tema Repetitivo nº 1.316 do Superior Tribunal de Justiça. 3. A ausência de impugnação específica quanto à prescrição médica, à inexistência de alternativa terapêutica adequada e à regularidade sanitária do dispositivo autoriza a manutenção da obrigação de cobertura integral do tratamento."
1011324-85.2023.8.26.0576,20760053,Apelação Cível,Indenização por Dano Moral,Mariella Ferraz de Arruda Pollice Nogueira,São José do Rio Preto,2ª Câmara de Direito Privado,2,Direito Privado,23/07/2026,23/07/2026,,False,False,223,"DIREITO CIVIL. APELAÇÕES. RESCISÃO CONTRATUAL E INDENIZAÇÃO POR DANOS MATERIAIS E MORAIS. PRESTAÇÃO DE SERVIÇOS ODONTOLÓGICOS. RECURSOS NÃO CONHECIDOS.

I. Caso em Exame
Ação de rescisão contratual cumulada com cobrança de multa, declaração de inexistência de débito e indenização por danos materiais e morais proposta por consumidor contra clínica odontológica e franqueadora. A sentença condenou as rés a restituírem valores pagos e a recompor gastos com tratamento odontológico necessário devido à falha na prestação de serviços.

II. Questão em Discussão
Determinar a competência para julgamento dos recursos, considerando que a matéria envolve responsabilidade civil por descumprimento de contrato de prestação de serviços odontológicos.

III. Razões de Decidir
1. A matéria não se inclui na competência da 2ª Câmara de Direito Privado, conforme Resolução nº 623/2013, mas das Subseções Segunda e Terceira de Direito Privado, que tratam de ações relativas à prestação de serviços.
2. A causa de pedir está fundada em contrato de prestação de serviços odontológicos e falha na prestação de serviços, sem qualquer referência a plano de saúde odontológico ou eventual erro médico odontológico.

IV. Dispositivo e Tese
5. Recursos não conhecidos, com determinação de redistribuição.
6. Tese de julgamento: ""1. Ações envolvendo discussão exclusiva acerca da prestação de serviços odontológicos, sem abordagem a eventual erro procedimental (erro médico) são de competência comum das Segunda e Terceira Subseções de Direito Privado."""
1015488-81.2024.8.26.0019,20760008,Apelação Cível,Tratamento Domiciliar (Home Care),Hertha Helena de Oliveira,Americana,2ª Câmara de Direito Privado,2,Direito Privado,23/07/2026,23/07/2026,15000.0,True,False,693,"DIREITO CIVIL E PROCESSUAL CIVIL. PLANO DE SAÚDE . APELAÇÃO. AÇÃO DE OBRIGAÇÃO DE FAZER C.C. INDENIZAÇÃO POR DANOS MORAIS. HOME CARE. FALECIMENTO DA BENEFICIÁRIA NO CURSO DA DEMANDA. DIREITO PERSONALÍSSIMO À SAÚDE. EXTINÇÃO SEM RESOLUÇÃO DO MÉRITO QUANTO À OBRIGAÇÃO DE FAZER. AUSÊNCIA DE DANO MORAL INDENIZÁVEL. INVERSÃO DOS ÔNUS SUCUMBENCIAIS. PARCIAL PROVIMENTO.
I. CASO EM EXAME
1. Apelação interposta por operadora de plano de saúde contra sentença que, em ação de obrigação de fazer cumulada com pedido de indenização por danos morais, julgou parcialmente procedentes os pedidos para condenar a ré ao pagamento de R$ 15.000,00 a título de danos morais em favor dos herdeiros da beneficiária falecida, extinguindo sem resolução do mérito o pedido de obrigação de fazer referente ao custeio de tratamento na modalidade home care, insumos, medicamentos, móveis e ambulância UTI, em razão do falecimento da autora originária. A ré sustentou inexistência de ato ilícito indenizável, ausência de agravamento clínico ou prejuízo concreto, cumprimento da tutela de urgência antes da alta hospitalar programada, inexistência de dano moral presumido em litígios de saúde suplementar e ausência de cobertura contratual, legal ou normativa para a internação domiciliar pretendida.
II. QUESTÃO EM DISCUSSÃO
2. Há três questões em discussão: (i) definir se, diante do falecimento da beneficiária no curso da demanda, deve ser mantida a extinção sem resolução do mérito quanto ao pedido de obrigação de fazer relativo ao tratamento domiciliar; (ii) estabelecer se a controvérsia sobre cobertura de home care configura dano moral indenizável, apesar do cumprimento da tutela de urgência e da permanência da assistência à beneficiária; e (iii) determinar a distribuição dos ônus sucumbenciais após o afastamento da condenação indenizatória.
III. RAZÕES DE DECIDIR
3. O falecimento da parte autora no curso da demanda impõe a extinção sem resolução do mérito quanto ao pedido de obrigação de fazer, em razão do caráter personalíssimo do direito à saúde.
4. A controvérsia contratual relativa à cobertura de atendimento domiciliar, embora envolva matéria sensível ligada à assistência à saúde, não configura automaticamente dano moral indenizável.
5. A ausência de demonstração de agravamento do quadro clínico, interrupção efetiva do tratamento ou abalo autônomo decorrente da conduta da operadora afasta a caracterização de violação a direito da personalidade.
6. O cumprimento da tutela de urgência e a permanência da beneficiária assistida até o seu falecimento impedem o reconhecimento de dano moral autônomo, nas circunstâncias concretas do caso.
7. A negativa ou controvérsia de cobertura de home care, por si só, não gera dever de indenizar quando não comprovado efetivo abalo imaterial relevante.
IV. DISPOSITIVO E TESE
8. Recurso parcialmente provido.
Tese de julgamento: 1. O falecimento da beneficiária no curso do processo extingue, sem resolução do mérito, o pedido de obrigação de fazer relativo ao custeio de tratamento domiciliar, em razão do caráter personalíssimo do direito à saúde. 2. A controvérsia sobre cobertura de home care não configura dano moral indenizável quando ausentes agravamento clínico, interrupção efetiva do tratamento ou abalo autônomo a direito da personalidade. 3. O cumprimento da tutela de urgência e a manutenção da assistência à beneficiária até o falecimento afastam, no caso concreto, a configuração de dano moral. 4. A rejeição da pretensão indenizatória transmissível impõe a responsabilização dos sucessores processuais pelos ônus sucumbenciais.
Dispositivos citados: CC, arts. 389, parágrafo único, 405 e 406, § 1º; CPC, arts. 85, § 2º, 485, VI, 487, I, e 1.026, § 2º; Lei nº 9.656/1998; Lei nº 14.905/2024; Resolução Normativa ANS nº 465/2021.
Jurisprudência citada: STJ, Súmula 362; STJ, Súmula 608; STJ, Tema 1059; STJ, AgInt no AREsp nº 1.071.680/MG; STJ, REsp nº 1.722.666/RJ; STJ, EAREsp nº 1.595.021/SP; STJ, AgInt no REsp nº 1.950.603/SP, Rel. Min. Humberto Martins, 3ª Turma, j. 11.03.2024; STJ, AgInt no AREsp nº 2.387.394/SP, Rel. Min. Antonio Carlos Ferreira, 4ª Turma, j. 20.11.2023; STJ, EDROMS 18205/SP, Rel. Min. Felix Fischer, DJ 08.05.2006; TJSP, Apelação Cível nº 1019903-14.2020.8.26.0451, Rel. Des. Corrêa Patiño, 2ª Câmara de Direito Privado, j. 11.05.2026; TJSP, Apelação Cível nº 1002644-56.2023.8.26.0368, Rel. Des. Hertha Helena de Oliveira, 2ª Câmara de Direito Privado, j. 04.02.2025; TJSP, Apelação Cível nº 1000546-32.2023.8.26.0002, Rel. Des. Álvaro Passos, j. 06.07.2024; TJSP, Apelação Cível nº 1001248-47.2023.8.26.0076, Rel. Des. Corrêa Patiño, j. 18.06.2024."
1019809-41.2023.8.26.0005,20759998,Apelação Cível,Tratamento médico-hospitalar,Hertha Helena de Oliveira,São Paulo,2ª Câmara de Direito Privado,2,Direito Privado,23/07/2026,23/07/2026,,True,True,535,"DIREITO CIVIL, PROCESSUAL CIVIL E DO CONSUMIDOR. APELAÇÃO CÍVEL. AÇÃO DE OBRIGAÇÃO DE FAZER C.C. INDENIZAÇÃO. PLANO DE SAÚDE . CIRURGIAS PLÁSTICAS PÓS-BARIÁTRICAS. TEMA 1.069 DO STJ. COBERTURA OBRIGATÓRIA LIMITADA A PROCEDIMENTOS REPARADORES OU FUNCIONAIS. LAUDO PERICIAL JUDICIAL CONCLUSIVO PELO CARÁTER ESTÉTICO DOS PROCEDIMENTOS. AUSÊNCIA DE DEVER DE COBERTURA. DANOS MORAIS NÃO CONFIGURADOS. SENTENÇA DE IMPROCEDÊNCIA MANTIDA. RECURSO DESPROVIDO.
I. CASO EM EXAME
1. Apelação cível interposta pela autora contra sentença que, em ação de obrigação de fazer c.c. pedido indenizatório, julgou improcedentes os pedidos de cobertura de cirurgias plásticas pós-bariátricas e de indenização por danos morais, sob o fundamento de ausência de comprovação do caráter reparador ou funcional dos procedimentos pleiteados.
II. QUESTÃO EM DISCUSSÃO
2. Há duas questões em discussão: (i) definir se as cirurgias plásticas indicadas à beneficiária após cirurgia bariátrica possuem caráter reparador ou funcional, de cobertura obrigatória pelo plano de saúde , ou finalidade eminentemente estética; (ii) estabelecer se a negativa de cobertura configura ato ilícito apto a gerar indenização por danos morais.
III. RAZÕES DE DECIDIR
3. O Superior Tribunal de Justiça, no Tema 1.069, firmou entendimento no sentido de que a cobertura obrigatória de cirurgia plástica pós-bariátrica se restringe aos procedimentos de caráter reparador ou funcional, quando indicados como parte do tratamento da obesidade mórbida.
4. A perícia médica judicial, produzida sob contraditório, concluiu que os procedimentos pleiteados possuem cunho estético, sem demonstração de abdome em avental, patologia cutânea aguda ou crônica, deformidade, neoplasia, déficit funcional ou benefício funcional suficiente a caracterizar finalidade reparadora.
5. A Súmula 97 do Tribunal de Justiça de São Paulo não se aplica automaticamente a toda cirurgia plástica pós-bariátrica, pois sua incidência pressupõe demonstração do caráter reparador ou funcional do procedimento.
6. Ausente comprovação clínica inequívoca da finalidade reparadora ou funcional das cirurgias, inexiste dever de cobertura pela operadora do plano de saúde .
7. A negativa de cobertura fundada em controvérsia técnica razoável e confirmada pela perícia judicial não configura ilicitude apta a ensejar reparação por danos morais.
IV. DISPOSITIVO E TESE
8. Recurso desprovido, com majoração dos honorários recursais.
Tese de julgamento: 1. A cobertura obrigatória de cirurgia plástica pós-bariátrica pelo plano de saúde depende da comprovação de caráter reparador ou funcional do procedimento, nos termos do Tema 1.069 do STJ. 2. A perícia médica judicial específica, individualizada e produzida sob contraditório pode prevalecer sobre relatório médico assistente e parecer técnico genérico do NAT-Jus. 3. A Súmula 97 do TJSP pressupõe demonstração concreta da necessidade reparadora ou funcional da cirurgia plástica complementar ao tratamento da obesidade mórbida. 4. A negativa de cobertura de procedimento considerado estético por perícia judicial não configura, por si só, dano moral indenizável.
Dispositivos citados: CPC, arts. 85, § 11, 98, § 3º, e 1.026, § 2º; Lei nº 9.656/1998; CDC; Portaria nº 492/2007 do Ministério da Saúde.
Jurisprudência citada: STJ, Tema 1.069, REsp nº 1.870.834/SP e REsp nº 1.872.321/SP, Rel. Min. Ricardo Villas Bôas Cueva, j. 13.09.2023; STJ, Tema 1.059; TJSP, Súmula 97; STJ, EDROMS 18205/SP, Rel. Min. Felix Fischer, DJ 08.05.2006; TJSP, Apelação Cível nº 1013353-48.2021.8.26.0554, Rel. Des. Thomaz Carvalhaes Ferreira, j. 22.05.2026; TJSP, Apelação Cível nº 1011343-80.2023.8.26.0127, Rel. Des. Alcides Leopoldo, j. 26.01.2026; TJSP, Apelação Cível nº 1008681-60.2019.8.26.0006, Rel. Des. Rosana Santiso, j. 24.02.2025."
1164189-32.2024.8.26.0100,20759922,Apelação Cível,Tratamento médico-hospitalar,Hertha Helena de Oliveira,São Paulo,2ª Câmara de Direito Privado,2,Direito Privado,23/07/2026,23/07/2026,10000.0,True,False,695,"DIREITO CIVIL, DIREITO DO CONSUMIDOR E PROCESSUAL CIVIL. APELAÇÃO CÍVEL. PLANO DE SAÚDE . CIRURGIAS PÓS-BARIÁTRICAS. PROCEDIMENTOS REPARADORES E ESTÉTICOS. TEMA 1069 DO STJ. COBERTURA PARCIAL. PREVALÊNCIA DA PROVA PERICIAL. DANO MORAL NÃO CONFIGURADO. SUCUMBÊNCIA RECÍPROCA. RECURSO PARCIALMENTE PROVIDO.
I. CASO EM EXAME
Apelação cível interposta por operadora de plano de saúde contra sentença que, em ação de obrigação de fazer cumulada com indenização por danos morais, determinou o custeio integral de cirurgias reparadoras pós-bariátricas indicadas à autora, incluindo mastopexia com próteses, cruroplastia, braquioplastia, flancoplastia, lipoaspiração complementar, ninfoplastia e revisão abdominal, além de condenar a ré ao pagamento de indenização por danos morais no valor de R$ 10.000,00. A apelante sustenta que parte dos procedimentos possui finalidade meramente estética, em desacordo com a prova pericial produzida, e requer a exclusão da condenação por danos morais. 
II. QUESTÃO EM DISCUSSÃO
Há duas questões em discussão: (i) definir quais procedimentos cirúrgicos pós-bariátricos possuem natureza reparadora e devem ser obrigatoriamente custeados pela operadora de saúde; e (ii) estabelecer se a negativa de cobertura dos procedimentos indicados enseja indenização por danos morais. 
III. RAZÕES DE DECIDIR
A relação jurídica entre as partes submete-se às disposições do Código de Defesa do Consumidor, nos termos da Súmula 608 do Superior Tribunal de Justiça. 
O Tema 1069 do Superior Tribunal de Justiça firmou entendimento de que as cirurgias plásticas reparadoras ou funcionais indicadas a pacientes submetidos à cirurgia bariátrica integram o tratamento da obesidade mórbida e possuem cobertura obrigatória pelos planos de saúde . 
A prova pericial produzida sob o crivo do contraditório possui maior grau de imparcialidade e confiabilidade do que os relatórios unilaterais apresentados pelo médico assistente. 
O laudo pericial conclui que apenas a mastopexia sem inclusão de prótese e a cruroplastia sem lipoaspiração complementar apresentam natureza reparadora e constituem continuidade do tratamento da obesidade mórbida. 
Os demais procedimentos indicados possuem finalidade estética ou destinam-se à modificação de características corporais da autora em contexto de peso corporal saudável, não se caracterizando como desdobramento necessário do tratamento bariátrico. 
As cirurgias reparadoras destinadas à remoção de excesso de pele decorrente da perda substancial de peso integram o tratamento da obesidade mórbida, conforme entendimento consolidado pelo Superior Tribunal de Justiça e pela Súmula 97 do Tribunal de Justiça de São Paulo. 
A Lei nº 14.454/2022 reconhece a natureza exemplificativa do rol da ANS, afastando a negativa de cobertura de procedimento indicado como necessário ao tratamento da enfermidade. 
A negativa de cobertura contratual, embora indevida em parte, decorre de controvérsia relacionada à interpretação das cláusulas contratuais e à extensão da cobertura assistencial, circunstância que, por si só, não configura dano moral indenizável. 
A ausência de demonstração de violação concreta aos direitos da personalidade afasta a reparação moral, caracterizando-se a hipótese como mero dissabor decorrente de controvérsia contratual. 
O acolhimento parcial das pretensões de ambas as partes impõe o reconhecimento da sucumbência recíproca, com rateio das despesas processuais e honorários advocatícios. 
IV. DISPOSITIVO E TESE
Recurso parcialmente provido. 
Tese de julgamento:
A cobertura obrigatória de cirurgias pós-bariátricas restringe-se aos procedimentos de natureza reparadora ou funcional que integrem o tratamento da obesidade mórbida. 
A prova pericial produzida sob contraditório prevalece sobre relatórios médicos unilaterais para definição da necessidade e da natureza dos procedimentos cirúrgicos. 
A mastopexia sem inclusão de prótese e a cruroplastia sem lipoaspiração complementar possuem caráter reparador e devem ser custeadas pela operadora de saúde. 
Procedimentos destinados exclusivamente à modificação estética do contorno corporal não integram a cobertura obrigatória dos planos de saúde . 
A negativa de cobertura fundada em controvérsia contratual ou médica razoável não gera, por si só, dano moral indenizável. 

Dispositivos relevantes citados: CF/1988, art. 5º, XXXII; CDC, arts. 47 e 51, IV; CPC, arts. 85, § 11, e 1.026, § 2º; Lei nº 9.656/1998; Lei nº 14.454/2022.
Jurisprudência relevante citada: STJ, Súmula 608; STJ, REsp nº 1.870.834/SP e REsp nº 1.872.321/SP (Tema 1069), Rel. Min. Ricardo Villas Bôas Cueva, j. 13.09.2023; TJSP, Súmula 97; TJSP, Apelação Cível nº 1025485-13.2022.8.26.0196, Rel. Des. Giffoni Ferreira, j. 09.04.2024; TJSP, Apelação Cível nº 1001066-29.2022.8.26.0292, Rel. Des. José Joaquim dos Santos, j. 26.03.2024; TJSP, Apelação Cível nº 1002648-54.2019.8.26.0006, Rel. Des. José Carlos Ferreira Alves, j. 26.02.2024; STJ, REsp nº 215.666, Rel. Min. Cesar Asfor Rocha."
1007293-48.2021.8.26.0008,20760801,Apelação Cível,Tratamento médico-hospitalar,Daniela Cilento Morsello,São Paulo,9ª Câmara de Direito Privado,9,Direito Privado,23/07/2026,23/07/2026,10000.0,True,False,121,"APELAÇÃO. AÇÃO DE OBRIGAÇÃO DE FAZER C.C. INDENIZAÇÃO POR DANO MORAL. PLANO DE SAÚDE . CIRURGIA BARIÁTRICA. Sentença que julgou a demanda procedente para compelir a operadora de saúde a autorizar os procedimentos cirúrgicos e custear os materiais especificados, bem como condená-la ao pagamento de indenização por danos morais no valor de R$10.000,00 (dez mil reais). Apelo da requerida. Acolhimento. Doença pré-existente. Divergência entre os dados declarados pela autora quando da contratação do plano de saúde e sua condição clínica, atestada em laudo médico. Violação ao princípio da boa-fé objetiva. Artigo 422 do Código Civil. Inteligência da Súmula 609 do C. STJ. Ausência de demonstração de urgência na realização do procedimento. Incidência da Cobertura Parcial Temporária (CPT). Sentença reformada. Recurso provido."
1024860-38.2023.8.26.0068,20760858,Apelação Cível,Planos de saúde,Inah de Lemos e Silva Machado,Barueri,Núcleo 4.0-T. V (DP1),,,23/07/2026,23/07/2026,,True,False,321,"NULIDADE DA SENTENÇA. Vicio de fundamentação. Não ocorrência. Sentença que preenche os requisitos do artigo 489 do Código de Processo Civil. Ausente contradição. Ônus da ré provar qualquer fato impeditivo, modificativo ou extintivo do direito da autora. Prova da alteração do plano de saúde para categoria superior pertence a ré, até porque, incabível se exigir da autora prova de fato negativo, conhecido como ""prova diabólica"", considerando a impossibilidade de sua produção. 
APELAÇÃO CÍVEL. PLANO DE SAÚDE . REEMBOLSO. REPETIÇÃO DE INDÉBITO. DANO MORAL.
Autora alega ter ocorrido o ""upgrade"" de seu plano, sem autorização, bem como pagamento de mensalidade em duplicidade e reembolso em valor inferior ao contratado. Pretensão de restituição em dobro do valor pago em duplicidade, ressarcimento do valor pago a maior e pagamento da diferença de reembolso. Pedido de condenação da ré no pagamento de indenização por dano moral.
Sentença de parcial procedência. Insurgência da ré.
Aplicação do Código de Defesa do Consumidor. Beneficiários do plano são consumidores finais. Plano que abrange apenas quatro vidas. Precedente do Superior Tribunal de Justiça.
""Upgrade. Não comprovada a contratação de plano em categoria superior. Ônus da ré. Alteração considerada inválida. Dever de restituição dos valores cobrados a maior da autora. Incontroverso nos autos se tratar de restituição simples, por ausência de recurso da autora.
Reembolso de valores. Ré alega ser indevido o reembolso dos honorários do médico auxiliar. Contrato prevê o pagamento de honorários a médicos cirurgiões, auxiliares, anestesistas etc.. Abusividade da glosa aplicada pela operadora de plano de saúde . Devida a complementação do reembolso, conforme tabela da ré.
Dano moral. Não configurado. Descumprimento contratual. Mero aborrecimento. Não comprovação de negativa de atendimento aos beneficiários ou de ofensa à honra objetiva da estipulante do contrato. Ausente negativação.
Apelo acolhido em parte para afastar a condenação ao pagamento de indenização por dano moral. Honorários de sucumbência mantidos, devendo ser observada a alteração da base de cálculo.
Recurso da ré parcialmente provido."
1007129-78.2024.8.26.0590,20760428,Agravo Interno Cível,Tratamento médico-hospitalar,Roberto Mac Cracken (Pres. Seção de D. Privado),São Vicente,Câmara Especial de Presidentes,,,23/07/2026,23/07/2026,,False,False,272,"Direito do Consumidor. Agravo Interno em Recurso Especial. Plano de saúde . Paciente pós-cirurgia bariátrica. Dever de cobertura de cirurgia plástica reparadora ou funcional. Decisão em consonância com o tema 1069 do E. STJ. Desprovimento.
I. Caso em exame
1. Agravo Interno contra decisão que negou seguimento a Recurso Especial, que versa sobre o dever de custeio, por parte da operadora de plano de saúde , de cirurgia plástica após a realização de cirurgia bariátrica.
II. Questão em discussão
2. Aplicação do regime de recursos repetitivos ao caso concreto.
III. Razão de decidir
3. Ao julgar o tema 1069, o E. STJ assim decidiu: ""(i) é de cobertura obrigatória pelos planos de saúde a cirurgia plástica de caráter reparador ou funcional indicada pelo médico assistente, em paciente pós-cirurgia bariátrica, visto ser parte decorrente do tratamento da obesidade mórbida, e, (ii) havendo dúvidas justificadas e razoáveis quanto a o caráter eminentemente estético da cirurgia plástica indicada ao paciente pós-cirurgia bariátrica, a operadora de plano de saúde pode se utilizar do procedimento da junta médica, formada para dirimir a divergência técnico-assistencial, desde que arque com os honorários dos respectivos profissionais e sem prejuízo do exercício do direito de ação pelo beneficiário, em caso de parecer desfavorável à indicação clínica do médico assistente, ao qual não se vincula o julgador"".
4. Acórdão em consonância com o entendimento firmado sob o regime dos recursos repetitivos, ao decidir a matéria acerca da responsabilidade da operadora pelo custeio da cirurgia plástica, ante as peculiaridades do caso concreto.
5. Agravo que não trouxe elementos aptos à reforma da decisão.
IV. Dispositivo
6. Agravo Interno a que se nega provimento."
1016230-97.2023.8.26.0001,20760429,Agravo Interno Cível,Tratamento médico-hospitalar,Roberto Mac Cracken (Pres. Seção de D. Privado),São Paulo,Câmara Especial de Presidentes,,,23/07/2026,23/07/2026,,False,False,272,"Direito do Consumidor. Agravo Interno em Recurso Especial. Plano de saúde . Paciente pós-cirurgia bariátrica. Dever de cobertura de cirurgia plástica reparadora ou funcional. Decisão em consonância com o tema 1069 do E. STJ. Desprovimento.
I. Caso em exame
1. Agravo Interno contra decisão que negou seguimento a Recurso Especial, que versa sobre o dever de custeio, por parte da operadora de plano de saúde , de cirurgia plástica após a realização de cirurgia bariátrica.
II. Questão em discussão
2. Aplicação do regime de recursos repetitivos ao caso concreto.
III. Razão de decidir
3. Ao julgar o tema 1069, o E. STJ assim decidiu: ""(i) é de cobertura obrigatória pelos planos de saúde a cirurgia plástica de caráter reparador ou funcional indicada pelo médico assistente, em paciente pós-cirurgia bariátrica, visto ser parte decorrente do tratamento da obesidade mórbida, e, (ii) havendo dúvidas justificadas e razoáveis quanto a o caráter eminentemente estético da cirurgia plástica indicada ao paciente pós-cirurgia bariátrica, a operadora de plano de saúde pode se utilizar do procedimento da junta médica, formada para dirimir a divergência técnico-assistencial, desde que arque com os honorários dos respectivos profissionais e sem prejuízo do exercício do direito de ação pelo beneficiário, em caso de parecer desfavorável à indicação clínica do médico assistente, ao qual não se vincula o julgador"".
4. Acórdão em consonância com o entendimento firmado sob o regime dos recursos repetitivos, ao decidir a matéria acerca da responsabilidade da operadora pelo custeio da cirurgia plástica, ante as peculiaridades do caso concreto.
5. Agravo que não trouxe elementos aptos à reforma da decisão.
IV. Dispositivo
6. Agravo Interno a que se nega provimento."
1022138-09.2021.8.26.0001,20760079,Agravo Interno Cível,Planos de saúde,Roberto Mac Cracken (Pres. Seção de D. Privado),São Paulo,Câmara Especial de Presidentes,,,23/07/2026,23/07/2026,,False,False,272,"Direito do Consumidor. Agravo Interno em Recurso Especial. Plano de saúde . Paciente pós-cirurgia bariátrica. Dever de cobertura de cirurgia plástica reparadora ou funcional. Decisão em consonância com o tema 1069 do E. STJ. Desprovimento.
I. Caso em exame
1. Agravo Interno contra decisão que negou seguimento a Recurso Especial, que versa sobre o dever de custeio, por parte da operadora de plano de saúde , de cirurgia plástica após a realização de cirurgia bariátrica.
II. Questão em discussão
2. Aplicação do regime de recursos repetitivos ao caso concreto.
III. Razão de decidir
3. Ao julgar o tema 1069, o E. STJ assim decidiu: ""(i) é de cobertura obrigatória pelos planos de saúde a cirurgia plástica de caráter reparador ou funcional indicada pelo médico assistente, em paciente pós-cirurgia bariátrica, visto ser parte decorrente do tratamento da obesidade mórbida, e, (ii) havendo dúvidas justificadas e razoáveis quanto a o caráter eminentemente estético da cirurgia plástica indicada ao paciente pós-cirurgia bariátrica, a operadora de plano de saúde pode se utilizar do procedimento da junta médica, formada para dirimir a divergência técnico-assistencial, desde que arque com os honorários dos respectivos profissionais e sem prejuízo do exercício do direito de ação pelo beneficiário, em caso de parecer desfavorável à indicação clínica do médico assistente, ao qual não se vincula o julgador"".
4. Acórdão em consonância com o entendimento firmado sob o regime dos recursos repetitivos, ao decidir a matéria acerca da responsabilidade da operadora pelo custeio da cirurgia plástica, ante as peculiaridades do caso concreto.
5. Agravo que não trouxe elementos aptos à reforma da decisão.
IV. Dispositivo
6. Agravo Interno a que se nega provimento."
1002012-57.2023.8.26.0650,20759876,Apelação Cível,Tratamento médico-hospitalar,Benedito Antonio Okuno,Valinhos,8ª Câmara de Direito Privado,8,Direito Privado,18/07/2026,23/07/2026,,False,False,71,PLANO DE SAÚDE . OBRIGAÇÃO DE FAZER. Doença de Niemann-Pick Tipo C e transtorno global do desenvolvimento. Prescrição de terapias multidisciplinares e medicamento à base de canabidiol. Recusa indevida. Sentença de procedência. Insurgência da parte ré. Rol da ANS que não limita métodos terapêuticos. RN nº 539/2022. Necessidade do tratamento comprovada. Ausência de rede credenciada apta em localidade próxima. Descumprimento de tutela provisória evidenciado. Abusividade caracterizada. Sentença mantida. RECURSO NÃO PROVIDO.
1000037-68.2025.8.26.0540,20759943,Apelação Cível,Tratamento médico-hospitalar,Benedito Antonio Okuno,Santo André,8ª Câmara de Direito Privado,8,Direito Privado,18/07/2026,23/07/2026,8000.0,False,False,107,"PLANO DE SAÚDE . OBRIGAÇÃO DE FAZER C.C. INDENIZAÇÃO POR DANOS MORAIS. Sentença de procedência parcial. Insurgência da parte ré. Negativa de cobertura . Internação em UTI. Paciente idoso (97 anos). Alegação de atendimento fora da rede credenciada. Ausência de comprovação do descredenciamento do hospital. Ônus da prova da operadora. Art. 6º, VIII, do CDC. Dever de informação. Inobservância. Ausência de prova de prévia e adequada comunicação ao consumidor. Abusividade da negativa. Dever de custeio integral. Danos morais configurados. Negativa indevida em situação de urgência que extrapola mero aborrecimento. Indenização fixada em R$ 8.000,00. Valor adequado aos princípios da razoabilidade e proporcionalidade. Sentença mantida. RECURSO NÃO PROVIDO."
1002034-64.2024.8.26.0300,20759892,Apelação Cível,Fornecimento de medicamentos,Benedito Antonio Okuno,Jardinópolis,8ª Câmara de Direito Privado,8,Direito Privado,18/07/2026,23/07/2026,15000.0,False,False,226,"AÇÃO DE OBRIGAÇÃO DE FAZER C.C. INDENIZAÇÃO POR DANOS MORAIS – Plano de saúde – Sentença de procedência – Apelação da ré – Negativa de cobertura de tratamento quimioterápico com uso de medicamento prescrito Pembrolizumabe (Keytruda) – Desacolhimento – Autora diagnosticada com doença grave (Neoplasia de colo uterino) - Existência de indicação médica expressa para o tratamento – Previsão de cobertura da patologia – Entendimento do STJ – Aplicação da Lei nº 14.454/2022 – Adoção da ADI 7265 do STF – Ré não provou a existência de outra terapia eficaz para o tratamento prescrito à paciente, bem como de outros procedimentos adequados e eficientes previstos no Rol da ANS ainda não realizados – Ré não se desincumbiu do ônus probatório – Abusividade na conduta da ré reconhecida – Perda superveniente do objeto, em relação ao pedido de obrigação de fazer, ante o falecimento da autora – Possibilidade de apreciar pedido de danos morais – Substituição do polo ativo pelos sucessores do crédito da falecida – Danos morais – Ocorrência – Autora temeu o agravamento da doença – Circunstância que não se equipara a mero aborrecimento do dia a dia – Fixação em R$ 15.000,00 – Admissibilidade – Operadora noticiou a liberação do medicamento somente após a sentença - Fato que repercute no valor da indenização – Redução inviável – Precedentes – Sentença mantida – RECURSO IMPROVIDO."
1085138-74.2021.8.26.0100,20759747,Apelação Cível,Tratamento médico-hospitalar,Benedito Antonio Okuno,São Paulo,8ª Câmara de Direito Privado,8,Direito Privado,09/07/2026,23/07/2026,,False,False,195,"REEXAME – PLANO DE SAÚDE – AÇÃO DE OBRIGAÇÃO DE FAZER – Autor com diagnostico de ceratocone – Indicação para implante de anel intracorneano por meio de laser 'femtosegundo' – Ação julgada procedente, confirmada em por Acórdão – Interposto recurso especial, foi determinada a reapreciação de acordo com a orientação do CSTJ no EREsp n° 1.886.929/SP – Rol taxativo da ANS que autoriza mitigação quando preenchidos os seguintes requisitos: não houver substituto terapêutico eficaz; inexistir vedação expressa da ANS; houver comprovação de eficácia científica; houver recomendação de órgãos técnicos de renome como Conitec e NatJus – Na hipótese em comento não há prova técnica idônea nos autos apta a demonstrar o preenchimento dos requisitos exigidos pelo Superior Tribunal de Justiça, notadamente quanto à inexistência de substituto terapêutico eficaz, a comprovação de eficácia do método indicado, mediante perícia ou obtenção de nota técnica especializada – Necessária a dilação probatória, com eventual realização de perícia ou obtenção de nota técnica especializada, não sendo suficiente o relatório do médico assistente – SENTENÇA ANULADA, determinando o retorno dos autos ao Juízo de origem para reabertura da instrução processual, com a produção de prova técnica adequada, nos termos da fundamentação."
1151076-11.2024.8.26.0100,20760256,Apelação Cível,Tratamento médico-hospitalar,Luiz Fernando Cardoso Dal Poz,São Paulo,Núcleo 4.0-T. VIII (DP1),,,21/07/2026,23/07/2026,,False,False,250,"DIREITO CIVIL. APELAÇÃO. PLANO DE SAÚDE . RECURSO DESPROVIDO.
I. Caso em Exame 
1. Recurso de apelação interposto contra sentença que confirmou tutela de urgência, condenando a operadora de saúde a custear cirurgia de discectomia percutânea para tratamento de hérnia discal em L5-S1, incluindo materiais e equipamentos necessários. A autora, diagnosticada com lombociatalgia severa, teve o pedido negado pela operadora, levando ao ajuizamento da ação.
II. Questão em Discussão
2. A questão em discussão consiste em determinar a obrigatoriedade de custeio pela operadora de saúde da cirurgia indicada, frente à alegação de que o procedimento não preenche os critérios da DUT 133 da RN 465/2021 da ANS.
III. Razões de Decidir
3. A sentença foi confirmada com base nos fundamentos de que a indicação médica para a cirurgia é fundamentada e necessária, não sendo afastada pela alegação de taxatividade do rol da ANS. 4. A operadora não apresentou prova técnica que infirmasse a indicação médica, não se desincumbindo do ônus de comprovar a desnecessidade do procedimento.
IV. Dispositivo e Tese
5. Recurso desprovido.
Tese de julgamento: 1. A negativa de cobertura afronta a função social do contrato e a boa-fé objetiva. 2. O rol da ANS possui natureza taxativa mitigada, não afastando o dever de custeio quando demonstrada a necessidade médica.
Legislação Citada: Código de Defesa do Consumidor, art. 373, II, do CPC, art. 85, §11, do CPC, art. 1.026, § 2º, do CPC.
Jurisprudência Citada:STF, ADI 7.265, Rel. Min. Luís Roberto Barroso, j. 18.09.2025; STJ, EREsp 1.886.929/SP e 1.889.704/SP."
1071590-40.2025.8.26.0100,20758863,Apelação Cível,Tratamento médico-hospitalar,Luiz Fernando Cardoso Dal Poz,São Paulo,Núcleo 4.0-T. VIII (DP1),,,21/07/2026,23/07/2026,15000.0,True,False,289,"Direito Civil e do Consumidor. Apelação. Plano de saúde . Negativa de internação em situação de emergência. Parcial provimento. 
I. Caso em Exame 
1. Trata-se de recurso de apelação interposto contra sentença que julgou procedente ação de obrigação de fazer cumulada com indenização por danos morais, para condenar a operadora ao custeio integral da internação e ao pagamento de indenização fixada em R$ 15.000,00, em razão de negativa de cobertura durante período de carência contratual. 
II. Questão em Discussão 
2. A questão em discussão consiste em verificar: (i) a legalidade da negativa de cobertura de internação sob o argumento de cumprimento de carência contratual e limitação do atendimento emergencial às primeiras 12 horas; e (ii) a configuração e o valor do dano moral indenizável. 
III. Razões de Decidir 
3. Incidência do Código de Defesa do Consumidor aos contratos de plano de saúde – Súmula 608 do STJ. 
4. Situação de emergência comprovada por relatório médico, com indicação de internação. Aplicação do prazo máximo de carência de 24 horas, já cumprido. Ilicitude da negativa. 
5. Inadmissível a distinção entre atendimento emergencial e internação para fins de cobertura – Garantia legal que abrange todos os procedimentos necessários, inclusive internação. 
6. Abusividade de cláusula contratual que limita o atendimento emergencial a 12 horas. 
7. Dano moral configurado, mesmo sob a luz do Tema 1365 do E. STJ, diante da recusa indevida em contexto de urgência/emergência. Redução do quantum indenizatório para R$ 10.000,00, em observância aos princípios da razoabilidade e proporcionalidade. 
IV. Dispositivo e Tese 
8. Recurso parcialmente provido. 
Tese de julgamento: 1. É abusiva a negativa de cobertura de internação em situação de emergência após o cumprimento da carência de 24 horas. 3. Dano moral configurado, com indenização fixada em R$ 10.000,00."
1002412-69.2023.8.26.0101,20758722,Apelação Cível,Tratamento Domiciliar (Home Care),Benedito Antonio Okuno,Caçapava,8ª Câmara de Direito Privado,8,Direito Privado,18/07/2026,23/07/2026,,False,False,88,"APELAÇÃO. PLANO DE SAÚDE . HOME CARE. NEGATIVA DE COBERTURA . ABUSIVIDADE. SENTENÇA DE PROCEDÊNCIA. Insurgência da parte ré. Preliminares afastadas. Paciente menor portadora de grave patologia, com indicação médica de internação domiciliar confirmada por perícia judicial. Invalidez da recusa fundada em exclusão contratual. Aplicação do Código de Defesa do Consumidor. Cobertura da doença que impõe o custeio do tratamento adequado, conforme prescrição médica. Rol da ANS como referência mínima, à luz da Lei nº 14.454/2022. Jurisprudência consolidada do STJ e desta Corte. Sentença mantida. RECURSO NÃO PROVIDO."
1018044-62.2024.8.26.0114,20758709,Apelação Cível,Tratamento Domiciliar (Home Care),Benedito Antonio Okuno,Campinas,8ª Câmara de Direito Privado,8,Direito Privado,18/07/2026,23/07/2026,10000.0,True,False,190,"APELAÇÃO CÍVEL. Plano de saúde . Fornecimento integral de home care. Negativa de cobertura . Abusividade. Preliminar de nulidade por julgamento extra petita afastada. O provimento jurisdicional limitou-se a assegurar a efetividade do pedido inicial, em consonância com os arts. 141 e 492 do CPC. Relação jurídica de natureza consumerista, incidindo o Código de Defesa do Consumidor (art. 3º, §2º), conforme Súmula 608 do STJ, impondo interpretação mais favorável ao consumidor. Comprovação, mediante prova pericial, da condição clínica grave da autora, portadora de esclerose lateral amiotrófica (ELA), com dependência integral e necessidade de cuidados contínuos. Imprescindibilidade do home care como alternativa à internação hospitalar. Abusividade da negativa de cobertura do tratamento domiciliar quando há expressa indicação médica, nos termos da Súmula 90 do TJSP. Inadmissibilidade de limitação da atuação do médico assistente quanto à periodicidade das terapias, bem como de recusa de fornecimento de equipamentos e insumos prescritos, diante da prevalência do laudo pericial e da ausência de comprovação técnica idônea em sentido contrário. Dano moral configurado pela negativa indevida de cobertura de tratamento essencial. O quantum fixado em R$ 10.000,00 está adequado e não comporta redução. RECURSO NÃO PROVIDO."
1026954-75.2024.8.26.0309,20758678,Apelação Cível,Tratamento médico-hospitalar,Luiz Fernando Cardoso Dal Poz,Jundiaí,Núcleo 4.0-T. VIII (DP1),,,07/07/2026,23/07/2026,,False,False,243,"DIREITO CIVIL. APELAÇÃO. PLANO DE SAÚDE . REEMBOLSO DE DESPESAS MÉDICO-HOSPITALARES. RECURSO DESPROVIDO.
I. Caso em Exame
Recurso de apelação interposto contra sentença que condenou a operadora de plano de saúde ao pagamento de indenização por danos materiais, referente ao ressarcimento de despesas médicas e hospitalares de cirurgia realizada fora da rede credenciada. O autor, portador de neoplasia maligna da próstata, realizou procedimento de urgência após a operadora manter-se inerte diante de pedidos administrativos.
II. Questão em Discussão
2. A questão em discussão consiste em (i) verificar se a operadora de plano de saúde deve reembolsar integralmente as despesas médicas realizadas fora da rede credenciada, diante da urgência do procedimento e da negativa tácita de cobertura.
III. Razões de Decidir
3. A omissão da operadora em tempo hábil para o tratamento de doença grave e urgente equivale à negativa tácita de cobertura.
4. A cláusula contratual que limita o reembolso, quando inviabiliza o acesso ao tratamento necessário em situação de urgência, é abusiva, conforme o artigo 12, inciso VI, da Lei nº 9.656/98.
IV. Dispositivo e Tese
5. Recurso desprovido.
Tese de julgamento: 1. A negativa tácita de cobertura por omissão da operadora em casos de urgência justifica o reembolso integral das despesas médicas realizadas fora da rede credenciada. 2. Cláusulas limitativas de reembolso que inviabilizam tratamento urgente são abusivas.

Legislação Citada:

Lei nº 9.656/98, art. 12, VI.
Jurisprudência Citada:

TJSP, Apelação Cível nº 1003012-98.2024.8.26.0281, Rel. Des. Swarai Cervone De Oliveira, j. 13.11.2025."
1000188-94.2025.8.26.0617,20758751,Apelação Cível,Tratamento médico-hospitalar,Luiz Fernando Cardoso Dal Poz,São José dos Campos,Núcleo 4.0-T. VIII (DP1),,,16/07/2026,23/07/2026,15000.0,True,False,418,"em>PLANO DE SAÚDE – APELAÇÃO CÍVEL – FORNECIMENTO DE MEDICAMENTO ANTINEOPLÁSICO ORAL – LENALIDOMIDA (REVLIMID) – MIELOMA MÚLTIPLO – COBERTURA OBRIGATÓRIA – MEDICAMENTO CONSTANTE DO ROL DA ANS – COBERTURA LEGAL MANDATÓRIA – DIRETRIZES DE UTILIZAÇÃO QUE NÃO AFASTAM OBRIGAÇÃO PREVISTA EM LEI – DANOS MORAIS CONFIGURADOS – NEGATIVA DE TRATAMENTO ONCOLÓGICO ESSENCIAL – MULTA POR DESCUMPRIMENTO DE TUTELA DE URGÊNCIA – INTIMAÇÃO ELETRÔNICA DETERMINADA PELO JUÍZO – VALIDADE – RECURSO DESPROVIDO.
1. Aplica-se o Código de Defesa do Consumidor aos contratos de plano de saúde , nos termos da Súmula 608 do Superior Tribunal de Justiça.
2. A lenalidomida (Revlimid) figura expressamente no rol de procedimentos obrigatórios da ANS como terapia antineoplásica oral para tratamento do câncer na modalidade Mieloma Múltiplo (RN 465/2021, DUT nº 64). Independentemente da discussão em torno da taxatividade do rol, a cobertura de antineoplásicos de uso oral é obrigação legal expressa e cogente decorrente do art. 12, inciso I, alínea ""c"", da Lei nº 9.656/1998, insuscetível de limitação por cláusula contratual ou diretriz administrativa.
3. As Diretrizes de Utilização editadas pela ANS não podem restringir cobertura que a própria lei impõe de forma mandatória. Cláusula contratual ou critério regulatório que pretenda excluir antineoplásico oral prescrito para enfermidade coberta é nulo de pleno direito, por conflitar com norma cogente e com os princípios do Código de Defesa do Consumidor.
4. A decisão proferida pelo Plenário do Supremo Tribunal Federal na ADI 7.265 (set./2025), que estabeleceu requisitos cumulativos para cobertura de tratamentos não incluídos no rol da ANS, não incide no caso em exame, porquanto o medicamento em questão está expressamente listado no rol de procedimentos obrigatórios da autarquia reguladora.
5. A negativa de cobertura de tratamento oncológico essencial imposta ao beneficiário acometido por neoplasia maligna grave, nas circunstâncias dos autos, extrapola o mero inadimplemento contratual e configura dano moral, por atentar diretamente contra a dignidade e a integridade psíquica do paciente em situação de vulnerabilidade acentuada, ensejando a indenização por danos morais mesmo sob a luz do Tema 1365 do E. STJ. O valor de R$ 15.000,00, comporta redução para R$8.000,00, que melhor atende aos critérios de razoabilidade e proporcionalidade.
6. A intimação realizada por meio eletrônico na forma expressamente determinada pelo próprio juízo ao deferir a tutela de urgência possui plena validade processual. A emissão de mera autorização de cobertura (VPP) não equivale ao fornecimento efetivo do medicamento, subsistindo o descumprimento da obrigação de fazer no tocante ao prazo assinalado na decisão liminar. Mantida a multa de R$ 30.000,00.
Recurso parcialmente provido."
1016416-18.2025.8.26.0562,20758740,Apelação Cível,Fornecimento de medicamentos,Luiz Fernando Cardoso Dal Poz,Santos,Núcleo 4.0-T. VIII (DP1),,,16/07/2026,23/07/2026,,True,False,226,"DIREITO DO CONSUMIDOR E DA SAÚDE SUPLEMENTAR. APELAÇÃO CÍVEL. PLANO DE SAÚDE . AÇÃO DE OBRIGAÇÃO DE FAZER. FORNECIMENTO DE MEDICAMENTO À BASE DE CANABIDIOL PARA USO DOMICILIAR. PORTADOR DE TRANSTORNO DO ESPECTRO AUTISTA. IMPOSSIBILIDADE. LEGITIMIDADE DA RECUSA. RECURSO DESPROVIDO.
I. CASO EM EXAME
1. Apelação cível objetivando a reforma de sentença que julgou improcedente o pedido de custeio de medicamentos à base de canabidiol e de indenização por danos morais.
II. QUESTÃO EM DISCUSSÃO
2. A questão em discussão consiste em saber se a operadora de plano de saúde está obrigada a custear os medicamentos ""Alivitta Rich – Full Spectrum 2250mg CBD"" e ""Alivitta Calming – Broad Spectrum 1500mg CBN"", prescritos para tratamento do Transtorno do Espectro Autista (CID F84.0), de uso domiciliar, e se a recusa enseja indenização por danos morais.
III. RAZÕES DE DECIDIR
3. Medicamentos de uso domiciliar. Inexistência de obrigação de fornecimento. 
4. O § 13 do art. 10 da Lei nº 9.656/1998, introduzido pela Lei nº 14.454/2022, não supera as exclusões previstas nos incisos do caput do mesmo artigo. 
5. O medicamento prescrito não se enquadra em nenhuma das exceções legais que tornam obrigatório o custeio domiciliar: não é antineoplásico oral, não é administrado em home care e não consta do rol da ANS para essa finalidade.
7. Ausência de ato ilícito. Não configuração de dano moral indenizável.
Recuro Desprovido."
1021063-27.2024.8.26.0001,20759181,Apelação Cível,Planos de saúde,Marcia Tessitore,São Paulo,Núcleo 4.0-T. II (DP1),,,23/07/2026,23/07/2026,,True,False,77,APELAÇÃO CÍVEL. DIREITO CIVIL E PROCESSUAL CIVIL. RESPONSABILIDADE CIVIL. ENTIDADE DE ASSISTÊNCIA À SAÚDE. DEMORA INJUSTIFICADA NA AUTORIZAÇÃO DE TRATAMENTO ONCOLÓGICO INOVADOR (CAR-T CELL – YESCARTA). PACIENTE PORTADOR DE LINFOMA NÃO HODGKIN DE ALTA GRAVIDADE. VIOLAÇÃO AO DIREITO À SAÚDE E À DIGNIDADE DA PESSOA HUMANA. FALHA NA PRESTAÇÃO DO SERVIÇO. AGRAVAMENTO DO ESTADO DE VULNERABILIDADE. DANO MORAL IN RE IPSA. ÓBITO NO CURSO DO PROCESSO. TRANSMISSIBILIDADE DA PRETENSÃO INDENIZATÓRIA. MANUTENÇÃO DO QUANTUM FIXADO. DISPOSITIVO: RECURSO DESPROVIDO.
1011463-07.2024.8.26.0704,20759234,Apelação Cível,Tratamento médico-hospitalar,Marcia Tessitore,São Paulo,Núcleo 4.0-T. II (DP1),,,23/07/2026,23/07/2026,,False,False,117,"PLANO DE SAÚDE . AÇÃO DE OBRIGAÇÃO DE FAZER. Negativa de cobertura aos procedimentos cirúrgicos de angioplastia com litotripsia intravascular de membros inferiores (shockwave). Procedência. A relação entre as partes é de consumo, regida pelo Código de Defesa do Consumidor e pela Lei dos Planos de Saúde . A negativa de cobertura foi considerada abusiva, pois o procedimento foi indicado por médico e necessário à saúde do autor. Danos morais. Ocorrência ""in re ipsa"" pela inscrição indevida do nome do autor perante os cadastros restritivos dos órgãos de proteção ao crédito. Honorários advocatícios fixados com correção e razoabilidade. Ação de natureza dúplice. Verba honorária que deve observar o pedido condenatório e declaratório. Sentença mantida. DISPOSITIVO: RECURSO DESPROVIDO."
1024317-03.2021.8.26.0554,20759133,Apelação Cível,Tratamento médico-hospitalar,Marcia Tessitore,Santo André,Núcleo 4.0-T. II (DP1),,,23/07/2026,23/07/2026,,True,False,74,"APELAÇÕES CÍVEIS. DIREITO CIVIL E DO CONSUMIDOR. DIREITO À SAÚDE SUPLEMENTAR. PLANO DE SAÚDE . ESCLEROSE LATERAL AMIOTRÓFICA (ELA). TRATAMENTO DOMICILIAR. HOME CARE. DIFERENCIAÇÃO ENTRE INTERNAÇÃO DOMICILIAR E ATENÇÃO DOMICILIAR MULTIPROFISSIONAL. PROVA PERICIAL CONCLUSIVA. AUSÊNCIA DE INDICAÇÃO DE ENFERMAGEM CONTÍNUA OU INTERNAÇÃO DOMICILIAR INTEGRAL. LIMITAÇÃO DA COBERTURA A TRATAMENTOS ESPECIALIZADOS (FISIOTERAPIA, FONOAUDIOLOGIA E TERAPIA OCUPACIONAL). CUSTEIO DE CUIDADOR. INEXISTÊNCIA DE OBRIGAÇÃO SECURITÁRIA. RECUSA PARCIAL JUSTIFICADA. DANO MORAL NÃO CONFIGURADO. SUCUMBÊNCIA MANTIDA. DISPOSITIVO: RECURSOS DESPROVIDOS."
1013145-47.2025.8.26.0482,20759316,Apelação Cível,Tratamento médico-hospitalar,Inah de Lemos e Silva Machado,Presidente Prudente,Núcleo 4.0-T. V (DP1),,,23/07/2026,23/07/2026,,False,True,182,"APELAÇÃO. PLANO DE SAÚDE . INDENIZAÇÃO POR DANOS MATERIAIS E MORAIS. REEMBOLSO DE DESPESAS MÉDICAS. DEMORA NA INDICAÇÃO DE PROFISSIONAL PARA REALIZAÇÃO DE CIRURGIA.
Ação com pedido de indenização por danos materiais e morais.
Sentença de parcial procedência. Inconformismo de ambas as partes.
Alegação da ré de inexistência de negativa de cobertura e de livre escolha do beneficiário por profissional não credenciado. Tese afastada. Comprovação de datar a solicitação administrativa em 17 de outubro de 2024, sem indicação de profissional credenciado no prazo regulamentar. Resolução Normativa nº 566/2022 da Agência Nacional de Saúde Suplementar estabelece prazo máximo de vinte e um dias úteis para procedimentos eletivos com internação. Descumprimento do prazo. Conduta que configura falha na prestação do serviço e recusa tácita de cobertura.
Contratação de profissional não credenciado decorrente da inércia da operadora, afastada a hipótese de livre escolha do consumidor. Inaplicabilidade de cláusulas contratuais restritivas. Reembolso deve ser integral, nos termos da regulamentação setorial.
Redimensionamento da base de cálculo da condenação e majoração dos honorários advocatícios.
Sentença parcialmente reformada.
RECURSO DA RÉ NÃO PROVIDO E RECURSO DO AUTOR PARCIALMENTE PROVIDO."
1152894-95.2024.8.26.0100,20759369,Apelação Cível,Tratamento médico-hospitalar,Coelho Mendes,São Paulo,10ª Câmara de Direito Privado,10,Direito Privado,23/07/2026,23/07/2026,,False,True,218,"APELAÇÃO. PLANO DE SAÚDE . AÇÃO DE OBRIGAÇÃO DE FAZER. Negativa de cobertura para internação hospitalar. Sentença de procedência. Insurgência da operadora. Preliminar de nulidade por cerceamento de defesa. Inocorrência. Produção de prova técnica pelo NATJUS requerida pela própria operadora. Ausência de insurgência quanto à suficiência da prova após a juntada da nota técnica. Pretensão de realização de perícia médica suscitada apenas após a prolação de sentença desfavorável. Julgamento antecipado da lide que não comprometeu o exercício do contraditório e da ampla defesa. Nota técnica do NATJUS que, embora inconclusiva quanto à caracterização formal da urgência, reconheceu que o quadro clínico justificava a internação e consignou competir à equipe médica assistente a definição acerca da necessidade do tratamento. Prevalência da indicação do médico responsável pelo acompanhamento do paciente. Interferência indevida da operadora na relação médico-paciente. Abusividade da negativa de cobertura . Inteligência do Código de Defesa do Consumidor e da Súmula 96 do TJSP. Hospital São Luiz Itaim. Autor que comprovou integrar a rede credenciada do plano. Ausência de demonstração, pela operadora, de qualquer limitação contratual ou exclusão de cobertura, ônus que lhe incumbia. Descabida a pretensão de limitar genericamente a condenação aos procedimentos que entender contratualmente cobertos. Manutenção integral da sentença. Honorários advocatícios majorados nos termos do artigo 85, §11, do Código de Processo Civil.

RECURSO DESPROVIDO."
1004143-06.2024.8.26.0606,20759186,Apelação Cível,Tratamento médico-hospitalar,Coelho Mendes,Suzano,10ª Câmara de Direito Privado,10,Direito Privado,23/07/2026,23/07/2026,,False,False,201,"APELAÇÃO CÍVEL. PLANO DE SAÚDE . AÇÃO DE OBRIGAÇÃO DE FAZER. PRETENSÃO DE COBERTURA DE PROCEDIMENTO CIRÚRGICO MAMÁRIO. SENTENÇA DE IMPROCEDÊNCIA. Preliminar de cerceamento de defesa. Alegação de indeferimento de pedido de dilação de prazo para manifestação sobre o laudo pericial. Inocorrência. Ausência de demonstração de efetivo prejuízo. Insurgência que traduz mero inconformismo com as conclusões do expert judicial. Nulidade não configurada. Mérito. Controvérsia acerca da natureza do procedimento pretendido. Perícia judicial conclusiva no sentido de que a cirurgia indicada possui caráter eminentemente estético, destinada à correção de resultado insatisfatório decorrente de cirurgias mamárias estéticas anteriores. Ausência de complicação relacionada às próteses mamárias. Nódulo identificado com características benignas (BI-RADS 3), sem indicação cirúrgica para sua retirada. Quadro doloroso incapaz de justificar a intervenção pretendida. Prova técnica produzida por profissional de confiança do Juízo, não infirmada por elementos idôneos em sentido contrário. Art. 479 do CPC. Prescrição do médico assistente que não prevalece sobre a perícia judicial quanto à definição da natureza estética ou reparadora do procedimento. Legitimidade da negativa de cobertura pela operadora. Inexistência de abusividade. Honorários advocatícios fixados em 20% sobre o valor da causa. Percentual compatível com os critérios do art. 85, §2º, do CPC. Redução descabida.

RECURSO DESPROVIDO."
1033496-53.2024.8.26.0554,20759472,Apelação Cível,Tratamento médico-hospitalar,Coelho Mendes,Santo André,10ª Câmara de Direito Privado,10,Direito Privado,23/07/2026,23/07/2026,,False,False,125,"APELAÇÃO. AÇÃO DE OBRIGAÇÃO DE FAZER. PLANO DE SAÚDE . Gonartrose bilateral. Sentença de improcedência. Pretensão ao custeio de procedimentos, materiais e OPMEs prescritos pelo médico assistente. Prova pericial. Conclusão técnica desfavorável quanto à coleta de biópsia de medula óssea, aplicação de células-tronco, bloqueio articular de nervos geniculares e respectivos materiais. Ausência de comprovação dos critérios técnicos para realização dos procedimentos. Laudo pericial, contudo, favorável à realização de infiltração intra-articular de joelhos com ácido hialurônico e ao fornecimento de quatro ampolas de ácido hialurônico Osteonil, diante do diagnóstico de artrose de joelhos. Improcedência integral incompatível com a própria prova técnica produzida nos autos. Cobertura devida apenas em relação ao procedimento reconhecido como pertinente pelo expert judicial. Sucumbência recíproca. Sentença reformada em parte.

RECURSO PARCIALMENTE PROVIDO."
1001973-55.2024.8.26.0220,20759087,Apelação Cível,Tratamento médico-hospitalar,Coelho Mendes,Guaratinguetá,10ª Câmara de Direito Privado,10,Direito Privado,23/07/2026,23/07/2026,,False,False,113,"PLANO DE SAÚDE . Autor portador de lombociatalgia crônica incapacitante, decorrente de múltiplas discopatias lombares. Requerida condenada no custeio integral do procedimento de implante intratecal de bomba para infusão de morfina, incluindo materiais, insumos, honorários médicos e demais despesas necessárias, conforme prescrição médica. Negativa de cobertura . Abusividade se há expressa indicação médica. Compete ao plano estabelecer quais doenças são cobertas, mas não o tipo de tratamento que o paciente deve ser submetido. Afronta à regra do art. 51, IV e § 1º, II, do CDC. Cobertura devida. Exclusão contratual que contraria a própria função social do contrato de plano de saúde . Observado entendimento firmado pelo STF na ADI 7265.

RECURSO DESPROVIDO."
1018627-95.2024.8.26.0001,20758498,Apelação Cível,Tratamento médico-hospitalar,Carlos Castilho Aguiar França,São Paulo,4ª Câmara de Direito Privado,4,Direito Privado,23/07/2026,23/07/2026,30000.0,True,False,338,"Direito do Consumidor. Apelação. Planos de Saúde . Recurso parcialmente provido.
I. Caso em Exame
Apelação interposta contra sentença que julgou procedente o pedido inicial, confirmando tutela de urgência para obrigar a ré a custear tratamento médico indicado à autora e condenando-a ao pagamento de indenização por danos morais de R$ 30.000,00, além de custas e honorários advocatícios.
II. Questão em Discussão 2. A questão em discussão consiste em (I) a necessidade de reapreciação da matéria e correção da base de cálculo dos honorários advocatícios; (II) a alegação de regularidade da conduta da ré com base em junta médica e inexistência de abusividade na negativa parcial; (III) a existência de dano moral e a adequação do valor arbitrado.
III. Razões de Decidir 3. Aplicação do Código de Defesa do Consumidor aos contratos de plano de saúde , invertendo-se o ônus probatório. A negativa parcial de cobertura, atingindo materiais e procedimentos indicados pelo médico assistente, gerou insegurança e angústia, configurando dano moral indenizável. 4. A junta médica administrativa não se sobrepõe à prescrição do médico assistente, especialmente em quadro clínico grave. A recusa de materiais ou procedimentos indispensáveis à cirurgia prescrita configura ingerência indevida na conduta terapêutica.
IV. Dispositivo e Tese 5. Recurso parcialmente provido para reduzir a indenização por danos morais de R$ 30.000,00 para R$ 15.000,00, mantida a obrigação de cobertura do tratamento indicado.
Tese de julgamento: 1. A negativa indevida de cobertura por plano de saúde em situação de urgência e gravidade clínica enseja dano moral. 2. A junta médica administrativa não substitui a prescrição médica em casos de urgência.
Legislação Citada:
Código de Defesa do Consumidor (Lei 8.078/90), arts. 6º, 14 e 47.
Código de Processo Civil (Lei 13.105/2015), art. 85, § 2º, I, II, III e IV, § 11.
Lei 9.656/98, art. 12, II, ""d"", e 35-C.
Jurisprudência Citada:
STJ, Súmula 608 – Aplicação do CDC aos contratos de plano de saúde .
TJSP, Apelação Cível 1025300-56.2024.8.26.0114, Rel. Maria Lúcia Pizzotti, j. 06/07/2026.
TJSP, Apelação Cível 1003415-54.2025.8.26.0565, Rel. Edson Luiz de Queiróz, j. 03/07/2026."
1003566-17.2022.8.26.0309,20758497,Apelação Cível,Tratamento médico-hospitalar,Carlos Castilho Aguiar França,Jundiaí,4ª Câmara de Direito Privado,4,Direito Privado,23/07/2026,23/07/2026,10000.0,True,True,264,"DIREITO PROCESSUAL CIVIL. APELAÇÃO. RESPONSABILIDADE CIVIL CONTRATUAL. DEVOLUÇÃO DO RECURSO À CÂMARA.
I. Caso em Exame
1. Ação de obrigação de fazer cumulada com pedido de indenização por danos morais, ajuizada por Amauri Pedrozo Junior contra Qualicorp Administradora de Benefícios S/A, Amil Assistência Médica Internacional S/A e Sobam Centro Médico Hospitalar Ltda. Sentença procedente, condenando as rés a custear tratamento e despesas médicas, além de indenização por danos morais de R$ 10.000,00. Recurso de apelação interposto unicamente pelo autor visando a majoração da indenização. Recurso especial interposto pela parte ré Qualicorp. Devolução do recurso à Câmara para exercer juízo de retratação.
II. Questão em Discussão
2. A questão em discussão consiste em exercer juízo de retratação, por previsão do artigo 1.030, inciso II, do CPC.
III. Razões de Decidir
3. A ausência de recurso de apelação pela corré Qualicorp Administradora de Benefícios S/A resultou no trânsito em julgado dos capítulos da sentença que lhe diziam respeito, incluindo a condenação por danos morais.
4. A matéria relativa à necessidade de comprovação de elementos para configuração do dano moral, conforme Tema Repetitivo nº 1.365, não foi devolvida a esta Câmara, pois não integrou o objeto da apelação do autor.
IV. Dispositivo e Tese
5. Manutenção da decisão.
Tese de julgamento: 1. A ausência de recurso de apelação pela parte interessada implica trânsito em julgado dos capítulos da sentença a ela desfavoráveis. 2. A devolutividade da matéria em recurso está limitada ao que foi efetivamente impugnado.
Legislação Citada: CF/1988, art. 105, inciso III, alínea ""a""; CPC, art. 1.030, inciso II, art. 1.040, inciso II, art. 1.013, caput."
1006160-06.2024.8.26.0609,20758444,Apelação Cível,Tratamento médico-hospitalar,Carlos Castilho Aguiar França,Taboão da Serra,4ª Câmara de Direito Privado,4,Direito Privado,23/07/2026,23/07/2026,15000.0,True,False,220,"Direito do Consumidor. Apelação. Planos de Saúde . Parcial provimento.
I. Caso em Exame
Apelação contra sentença que condenou a ré a assegurar tratamento à autora no Hospital Santa Paula, incluindo internação, tratamentos indicados e exames, além de indenização por danos morais de R$ 15.000,00. A ré alega não ter havido conduta ilegal no descredenciamento do hospital e ausência de dano moral.
II. Questão em Discussão
2. A questão em discussão consiste em (I) verificar a legalidade do descredenciamento do hospital pela operadora de saúde e (II) a existência de dano moral indenizável à autora.
III. Razões de Decidir
3. Aplicação do Código de Defesa do Consumidor aos planos de saúde , invertendo o ônus probatório.
4. A ré não comprovou que os prestadores indicados possuíam equivalência técnica e estrutural para assegurar a continuidade do tratamento oncológico nas mesmas condições. A interrupção do tratamento oncológico gera dano moral indenizável.
IV. Dispositivo e Tese
5. Recurso parcialmente provido para reduzir a indenização por danos morais de R$ 15.000,00 para R$ 8.000,00, mantida a sentença nos demais termos.
Tese de julgamento: 1. Aplicação do CDC aos planos de saúde . 2. Descredenciamento sem equivalência técnica gera dano moral.
Legislação Citada:
CF/1988, art. 6º; Lei nº 8.078/90, art. 4º; Lei nº 9.656/98, art. 17, § 1º; CPC, art. 373, art. 86, parágrafo único."
1007450-76.2025.8.26.0009,20758068,Apelação Cível,Tratamento médico-hospitalar,Donegá Morandini,São Paulo,3ª Câmara de Direito Privado,3,Direito Privado,23/07/2026,23/07/2026,10000.0,False,False,127,"APELAÇÃO. PLANOS DE SAÚDE . AÇÃO DE OBRIGAÇÃO DE FAZER C/C INDENIZAÇÃO POR DANOS MORAIS. Negativa de cobertura de internação em unidade de terapia em intensiva por conta de cláusula de carência. Sentença de parcial procedência para condenar a operadora à cobertura da referida internação. Irresignação da autora. Danos morais configurados diante da negativa injustificada de cobertura de assistência médica emergencial conforme capítulo da sentença não recorrido. Fixação da indenização em R$ 10.000,00 com base no art. 944 do CC e em precedente recente desta C. Câmara. Juros de mora desde a citação por se tratar de ato ilícito decorrente de relação contratual. Art. 405 do CC. Correção monetária, por seu turno, que deve ser aplicada desde o arbitramento. Súmula 362/STJ. Sentença reformada em parte.
APELO PROVIDO."
1003905-29.2021.8.26.0529,20758437,Apelação Cível,Tratamento médico-hospitalar,João Pazine Neto,Santana de Parnaíba,3ª Câmara de Direito Privado,3,Direito Privado,23/07/2026,23/07/2026,,True,False,142,"Ação de obrigação de fazer c/c danos morais. Plano de Saúde . Negativa de cobertura aos procedimentos cirúrgicos indicados, em razão de quadro ulterior à ""Gastroplastia Redutora"". Cirurgias não estéticas, com exceção da ""prótese mamária, da dermolipectomia braquial e correção de lipodistrofia de braços"". Laudo pericial nesse sentido (pág. 459). Indevida negativa de cobertura , quanto aos demais, segundo inclusive o decidido pelo STJ, em sede de recursos repetitivos (Tema 1069). Abusividade da cláusula contratual que exclui a cobertura, sob alegação de não previsão no rol de procedimentos da ANS. Recusa injustificada, em parte. Dano moral não caracterizado, diante da recusa justificável quanto a alguns dos procedimentos reclamados e ora afastados. Honorários sucumbenciais mantidos como prevalentes à Ré, contudo, agora incidentes sobre 15% do valor da condenação. Sentença reformada em parte. Recurso da Ré parcialmente provido, não provido o recurso da Autora."
1002001-26.2019.8.26.0114,20758436,Apelação Cível,Planos de saúde,João Pazine Neto,Campinas,3ª Câmara de Direito Privado,3,Direito Privado,23/07/2026,23/07/2026,,True,False,152,"Ação de obrigação de fazer c/c dano moral. Plano de saúde . Autor que faleceu no curso da ação. Pretensão à obrigação de fazer que pode prosseguir, pois exercida em vida. Subsistência de interesse em relação à cobertura dos custos até então. Análise excepcional do recurso ofertado pelos herdeiros. Habilitação dos herdeiros verificada. Autor portador de câncer de próstata de alto risco (CID10 C61). Negativa de custeio do procedimento cirúrgico de ""prostatectomia radical laparoscópica assistida por robô"", além dos respectivos insumos, materiais e equipe médica, realizado em hospital credenciado (págs. 270/273), que se mostrou indevida. Abusividade na conduta da Ré verificada. Procedimento robótico recentemente inserido no rol de coberturas obrigatórias da ANS (RN nº 654/2025 da ANS). Aplicação ainda do Código de Defesa do Consumidor. Precedente deste E. Tribunal de Justiça. Dano moral, contudo, não caracterizado. Sentença improcedência reformada em parte. Sucumbência que passa a ser da Ré. Recurso provido em parte."
1005665-68.2023.8.26.0003,20758153,Apelação Cível,Serviços Hospitalares,Lidia Conceição,São Paulo,36ª Câmara de Direito Privado,36,Direito Privado,23/07/2026,23/07/2026,,False,False,108,"Ação monitória. Prestação de serviços médico-hospitalares. Denunciação da lide à operadora de plano de saúde . Sentença de procedência da ação principal e da lide secundária.

APELO DA LITISDENUNCIADA que resvala à inépcia. Recurso que referencia partes e fatos estranhos aos autos. Alegação de ilegitimidade passiva afastada. Operadora que negou cobertura de materiais cirúrgicos necessários. Inadimplemento contratual configurado. Rol da ANS de natureza meramente exemplificativa. Lei nº 14.454/2022. Súmula 102 do C. TJSP. Lide secundária procedente. Manutenção.

APELO DO ESPÓLIO-RÉU. Alegação de nulidade contratual por vício de consentimento. Incapacidade de discernimento da falecida no momento da assinatura do contrato não comprovada. Fato não comprovado. Sentença mantida. Recursos desprovidos."
1001844-36.2022.8.26.0506,20757820,Apelação Cível,Bancários,César Zalaf,Ribeirão Preto,14ª Câmara de Direito Privado,14,Direito Privado,23/07/2026,23/07/2026,,True,False,156,"APELAÇÃO. AÇÃO DECLARATÓRIA DE NULIDADE COM PEDIDO DE REPARAÇÃO DE DANOS MATERIAIS E MORAIS. SENTENÇA DE IMPROCEDÊNCIA. FURTO DE CELULAR. EMPRÉSTIMO E TRANSFERÊNCIAS FRAUDULENTAS. FALHA NA PRESTAÇÃO DE SERVIÇO BANCÁRIO. OPERAÇÕES ATÍPICAS FORA DO PERFIL DO CLIENTE. RESPONSABILIDADE OBJETIVA. SÚMULA 479 DO STJ.
A) BANCO SANTANDER QUE RESPONDE PELA REPETIÇÃO EM DOBRO DOS DESCONTOS, DADA A DECLARAÇÃO DE INEXIGIBILIDADE DOS CONTRATOS DE MÚTUO, ALÉM DE INDENIZAÇÃO POR DANO MORAL DECORRENTE DE RETENÇÃO DE VERBA ALIMENTAR, FACULTADA COMPENSAÇÃO COM EVENTUAL NUMERÁRIO MANTIDO NA POSSE DO AUTOR. 
B) BANCO INTER QUE DEVERÁ RESTITUIR AO BANCO SANTANDER METADE DO MONTANTE TRANSFERIDO A FRAUDADOR, UMA VEZ CONSTATADA FALHA NA PRESTAÇÃO DE SERVIÇO DE AMBAS AS INSTITUIÇÕES FINANCEIRAS, ASSIM COMO O NUMERÁRIO REMANESCENTE EM CONTA, RESPONDENDO, AINDA, POR INDENIZAÇÃO DE DANO MORAL, OBSERVADOS TRANSTORNOS QUE REFOGEM DO MERO ABORRECIMENTO. MONTANTE INDENITÁRIO DA LESÃO EXTRAPATRIMONIAL A SER FIXADA EM CONSONÂNCIA COM OS PRINCÍPIOS DA RAZOABILIDADE E DA PROPORCIONALIDADE. 
C) RECURSO PARCIALMENTE PROVIDO."
1001807-91.2025.8.26.0477,20757347,Embargos de Declaração Cível,Tratamento médico-hospitalar,Clara Maria Araújo Xavier,Praia Grande,8ª Câmara de Direito Privado,8,Direito Privado,23/07/2026,23/07/2026,,False,False,65,EMBARGOS DE DECLARAÇÃO. PLANO DE SAÚDE . HONORÁRIOS ADVOCATÍCIOS. Acórdão que afastou a condenação por danos morais. Omissão configurada quanto à base de cálculo da verba honorária. Aplicação da tese firmada pelo C. STJ no Tema Repetitivo nº 1.076. Honorários advocatícios arbitrados sobre o valor atualizado da causa. Inexistência dos vícios previstos no art. 1.022 do CPC quanto às demais matérias suscitadas. EMBARGOS PARCIALMENTE ACOLHIDOS.
1002576-07.2024.8.26.0228,20757060,Apelação Cível,Tratamento médico-hospitalar,Flávio Pinella Helaehil,São Paulo,Núcleo 4.0-T. VI (DP1),,,23/07/2026,23/07/2026,10000.0,True,False,691,"DIREITO DO CONSUMIDOR E CIVIL. APELAÇÃO CÍVEL. PLANO DE SAÚDE . COBERTURA DE TRATAMENTO ONCOLÓGICO. TRANSPLANTE ALOGÊNICO DE MEDULA ÓSSEA. NEGATIVA DE COBERTURA . RECUSA ABUSIVA. DANOS MORAIS. RECURSO DESPROVIDO.
I. CASO EM EXAME
Apelação cível interposta por operadora de plano de saúde contra sentença que julgou procedentes os pedidos para confirmar tutela de urgência e condenar a ré a autorizar e custear integralmente tratamento oncológico da autora, consistente em transplante alogênico de medula óssea (TMO), incluindo procedimentos, exames, materiais, medicamentos, honorários médicos, despesas hospitalares e custos relacionados ao doador, além do pagamento de indenização por danos morais no valor de R$ 10.000,00. A recorrente sustenta ausência de preenchimento dos requisitos fixados pelo STF na ADI 7.265 para tratamentos não previstos no Rol da ANS e afirma descumprimento das Diretrizes de Utilização nº 70 da RN nº 465/2021 da ANS. 
II. QUESTÃO EM DISCUSSÃO
Há duas questões em discussão: (i) definir se é abusiva a negativa da operadora de plano de saúde em custear transplante alogênico de medula óssea indicado pelo médico assistente para tratamento de Leucemia Mielóide Aguda de alto risco; e (ii) estabelecer se a recusa injustificada de cobertura de tratamento oncológico gera dano moral indenizável. 
III. RAZÕES DE DECIDIR
As relações decorrentes da contratação de plano de saúde submetem-se às normas do Código de Defesa do Consumidor, conforme entendimento consolidado na Súmula 608 do STJ. 
A operadora deve custear o tratamento prescrito pelo médico assistente quando destinado à doença coberta pelo contrato, pois compete ao profissional responsável definir a terapêutica adequada ao paciente, e não à administradora do plano de saúde . 
O transplante alogênico de medula óssea consta expressamente no Rol de Procedimentos e Eventos em Saúde da ANS, afastando a controvérsia sobre exclusão absoluta de cobertura e restringindo a análise ao atendimento das diretrizes administrativas aplicáveis. 
As Diretrizes de Utilização da ANS admitem flexibilização diante das particularidades clínicas do paciente, especialmente quando o tratamento é indicado como única alternativa terapêutica curativa para enfermidade grave e possui respaldo médico. 
A jurisprudência do Superior Tribunal de Justiça reconhece que a negativa de cobertura de tratamento ou medicamento antineoplásico prescrito pelo médico assistente é abusiva, sendo irrelevante a discussão sobre a natureza taxativa ou exemplificativa do Rol da ANS em hipóteses de tratamento contra câncer. 
A recusa ou demora injustificada da operadora em autorizar tratamento médico urgente para paciente acometido por doença grave ultrapassa mero inadimplemento contratual e configura dano moral in re ipsa, em razão da angústia e aflição provocadas pela conduta. 
O valor de R$ 10.000,00 fixado a título de danos morais observa os critérios de razoabilidade e proporcionalidade, considerando a gravidade da conduta e as circunstâncias do caso concreto. 
IV. DISPOSITIVO E TESE
Recurso desprovido. 
Tese de julgamento: 1. A operadora de plano de saúde deve custear tratamento oncológico prescrito pelo médico assistente quando destinado à enfermidade coberta pelo contrato, ainda que haja controvérsia sobre diretrizes administrativas da ANS. 2. A negativa de cobertura de transplante alogênico de medula óssea indicado como terapia necessária para tratamento de câncer configura prática abusiva. 3. A recusa injustificada de tratamento médico urgente por plano de saúde gera dano moral indenizável quando agrava a situação de aflição psicológica do beneficiário.

Dispositivos relevantes citados: CDC, Lei nº 8.078/1990; CPC, art. 487, I; CPC, art. 85, §§ 2º e 11; CC, arts. 389, parágrafo único, e 406, §§ 1º; Lei nº 14.454/2022; Lei nº 14.905/2024; RN nº 465/2021 da ANS; Súmula 608/STJ; Súmula 362/STJ.
Jurisprudência relevante citada: STF, ADI nº 7.265; STJ, EREsp nº 1.889.704/SP e EREsp nº 1.886.929/SP; STJ, AgInt no REsp nº 2.174.659/DF, Rel. Min. Carlos Cini Marchionatti (Desembargador convocado TJRS), Terceira Turma, j. 17.02.2025; STJ, AgInt no AREsp nº 2.462.893/MT, Rel. Min. Marco Aurélio Bellizze, Terceira Turma, j. 15.04.2024; STJ, AgInt no REsp nº 2.037.487/SP, Rel. Min. Humberto Martins, Terceira Turma, j. 26.02.2024; STJ, REsp nº 2.227.884/RS, Rel. Min. Maria Isabel Gallotti, Quarta Turma, j. 01.12.2025; STJ, AREsp nº 2.342.174/RS, Rel. Min. Daniela Teixeira, Terceira Turma, j. 03.11.2025; TJSP, Apelação Cível nº 1001974-86.2025.8.26.0161, Rel. Ricardo Pereira Junior, j. 19.08.2025; TJSP, Apelação Cível nº 10130658820238260309, Rel. Olavo Sá, j. 09.09.2024; TJSP, Apelação Cível nº 10000046820228260545, Rel. Viviani Nicolau, j. 25.11.2022."
1004741-39.2024.8.26.0127,20757012,Apelação Cível,Planos de saúde,Flávio Pinella Helaehil,Carapicuíba,Núcleo 4.0-T. VI (DP1),,,23/07/2026,23/07/2026,5000.0,True,True,633,"DIREITO DO CONSUMIDOR E PLANO DE SAÚDE . APELAÇÕES CÍVEIS. NEGATIVA DE COBERTURA DE EXAME MÉDICO EM PERÍODO DE CARÊNCIA. SITUAÇÃO DE URGÊNCIA E EMERGÊNCIA. CLÁUSULA LIMITATIVA. ABUSIVIDADE. DANOS MORAIS CONFIGURADOS. VALOR INDENIZATÓRIO MANTIDO. RECURSOS DESPROVIDOS.
I. CASO EM EXAME
Apelações cíveis interpostas pela operadora de plano de saúde e pela autora contra sentença que julgou parcialmente procedente a ação para declarar rescindido o contrato por culpa da ré e condená-la ao pagamento de indenização por danos morais no valor de R$ 5.000,00, em razão da negativa de cobertura de exame médico solicitado em contexto de suspeita de apendicite ou gravidez ectópica, sob alegação de existência de prazo de carência contratual. A operadora sustenta a licitude da negativa diante da ausência de cumprimento da carência e inexistência de emergência. A autora requer a majoração da indenização por danos morais para R$ 15.000,00. 
II. QUESTÃO EM DISCUSSÃO
Há duas questões em discussão: (i) definir se a negativa de cobertura do exame médico pela operadora de plano de saúde , fundada em cláusula de carência contratual, é legítima diante de quadro caracterizado como urgência ou emergência; (ii) estabelecer se o valor fixado a título de danos morais deve ser majorado. 
III. RAZÕES DE DECIDIR
A Lei nº 9.656/98 admite cláusulas de carência contratual, desde que respeitados os limites legais, incluindo o prazo máximo de 24 horas para cobertura de atendimentos de urgência e emergência, conforme art. 12, V. 
A situação apresentada caracteriza emergência médica, pois havia solicitação médica para realização de tomografia de abdome total diante da suspeita de apendicite ou gravidez ectópica, exame indispensável para confirmação diagnóstica e definição da conduta terapêutica. 
As cláusulas de carência, embora válidas em regra, não afastam o dever da operadora de garantir cobertura em situações de urgência e emergência, sendo abusiva a limitação da assistência quando incompatível com a proteção assegurada pela Lei nº 9.656/98. 
A relação entre operadora de plano de saúde e consumidor é regida pelo Código de Defesa do Consumidor, conforme entendimento do Superior Tribunal de Justiça, por envolver prestação remunerada de serviço de assistência à saúde. 
A negativa de cobertura em situação emergencial viola direito do consumidor, pois expõe a paciente a risco e ultrapassa os limites do mero inadimplemento contratual, configurando dano moral indenizável. 
O valor de R$ 5.000,00 fixado a título de danos morais observa os princípios da razoabilidade e proporcionalidade, além de se adequar aos parâmetros adotados em casos semelhantes, não comportando majoração. 
A condenação em valor inferior ao indicado na petição inicial não gera sucumbência recíproca em ação de indenização por dano moral, conforme Súmula nº 326 do Superior Tribunal de Justiça. 
IV. DISPOSITIVO E TESE
Recursos desprovidos. 
Tese de julgamento:
A cláusula de carência contratual de plano de saúde não impede a cobertura de procedimentos necessários em situações de urgência ou emergência, observado o limite legal de 24 horas previsto na Lei nº 9.656/98. 
A negativa indevida de cobertura médico-hospitalar em contexto emergencial caracteriza falha na prestação do serviço e pode gerar indenização por danos morais. 
O valor da indenização por dano moral deve observar os princípios da razoabilidade e proporcionalidade, considerando as circunstâncias concretas do caso. 

Dispositivos relevantes citados: Lei nº 9.656/98, arts. 12, V, e 35-C; Código de Defesa do Consumidor, Lei nº 8.078/90; Código de Processo Civil, arts. 487, I, e 85, § 11.
Jurisprudência relevante citada: STJ, REsp 267.530/SP, Rel. Min. Ruy Rosado de Aguiar Jr.; STJ, Súmula 302; STJ, Súmula 326; TJSP, Apelação Cível 1021627-86.2022.8.26.0482, Rel. Pedro Ferronato, Núcleo 4.0-T. III (DP1), j. 11.09.2024; TJSP, Apelação Cível 1038772-75.2024.8.26.0001, Rel. João José Custódio da Silveira, Núcleo de Justiça 4.0 em Segundo Grau – Turma VII (Direito Privado 1), j. 24.11.2025; TJSP, Apelação Cível 1004588-38.2024.8.26.0084, Rel. João José Custódio da Silveira, Núcleo de Justiça 4.0 em Segundo Grau – Turma VII (Direito Privado 1), j. 24.11.2025."
1003090-42.2025.8.26.0157,20757072,Apelação Cível,Tratamento médico-hospitalar,Flávio Pinella Helaehil,Cubatão,Núcleo 4.0-T. VI (DP1),,,23/07/2026,23/07/2026,18660.0,True,False,185,"em>PLANO DE SAÚDE . APELAÇÃO CÍVEL. RECUSA DE REEMBOLSO DE CIRURGIA DE TERMOABLAÇÃO A LASER DE VEIAS SAFENAS EM CONTEXTO DE URGÊNCIA. SENTENÇA QUE JULGOU PROCEDENTE O PEDIDO DE REEMBOLSO INTEGRAL E INDENIZAÇÃO POR DANOS MORAIS.

REEMBOLSO INTEGRAL. Manutenção. Paciente portadora de insuficiência venosa crônica grave (CID 183.2), com úlceras varicosas ativas, dor contínua e edema. Comprovação de urgência e falha regulamentar da operadora que criou embates burocráticos infundados exigindo ""transcrição cirúrgica detalhada"". Abusividade reconhecida. Dever de restituir integralmente o montante de R$ 18.660,00 desembolsado pela consumidora. 

DANO MORAL. Afastamento. Aplicação do Tema 1.365 do STJ. O mero inadimplemento contratual ou a recusa de cobertura/reembolso por parte da operadora de plano de saúde não configura, por si só, dano moral in re ipsa. Ausência de comprovação de agravamento do estado de saúde da autora decorrente da recusa de reembolso, visto que o procedimento cirúrgico foi devidamente realizado e custeado. Mero dissabor e discussão estritamente patrimonial pós-tratamento. 

Precedentes. Sentença, em parte, reformada. RECURSO PARCIALMENTE PROVIDO tão somente para afastar a condenação em danos morais, mantendo-se, no mais, a r. sentença de primeiro grau. Sucumbência recíproca redistribuída."
1010909-94.2023.8.26.0223,20757049,Apelação Cível,Tratamento médico-hospitalar,Léa Duarte,Guarujá,Núcleo 4.0-T. IV (DP1),,,16/07/2026,23/07/2026,,True,False,419,"DIREITO CIVIL E PROCESSUAL CIVIL. APELAÇÃO CÍVEL. INDENIZAÇÃO POR DANO MORAL. RECUSA DE COBERTURA. DANO MORAL NÃO PRESUMIDO. TEMA 1.365 DO STJ. JUÍZO DE RETRATAÇÃO. ACÓRDÃO MODIFICADO. RECURSO DE APELAÇÃO PARCIALMENTE PROVIDO PARA AFASTAR A CONDENAÇÃO AO PAGAMENTO DE INDENIZAÇÃO POR DANOS MORAIS.
I. CASO EM EXAME
1. Ação de obrigação de fazer e indenização por danos morais proposta por beneficiário de plano de saúde , diagnosticado com Transtorno do Espectro Autista (TEA), visando à cobertura integral de terapias prescritas, incluindo sessões de fonoaudiologia, psicopedagogia, terapia ocupacional e musicoterapia, sem limite de sessões. Sentença de procedência condenou a ré a custear integralmente as terapias indicadas, além de indenizar o autor por danos morais. O réu apelou, pleiteando a exclusão do custeio das sessões de psicopedagogia e musicoterapia, bem como o afastamento da condenação em danos morais. Foi proferido acórdão dando parcial provimento ao recurso do requerido afastando sua condenação à obrigação de cobertura das sessões de psicopedagogia. Mantida a obrigação de custear o tratamento de musicoterapia e a indenização por danos morais. O réu interpôs Recurso Especial. A E. Presidência da Seção de Direito Privado determinou a devolução dos autos para reapreciação da questão, nos termos do artigo 1.030, inciso II, do atual Código de Processo Civil.
II. QUESTÃO EM DISCUSSÃO
2. A questão em discussão consiste em saber se o Acórdão anterior que julgou o recurso de Apelação deve ser modificado, em juízo de retratação, em virtude do novo Tema Repetitivo nº 1.365 do STJ.
III. RAZÕES DE DECIDIR
3. O STJ, ao julgar o Tema Repetitivo nº 1.365, fixou que a simples recusa indevida de cobertura médico-assistencial por operadora de plano de saúde não gera, por si só, dano moral presumido (in re ipsa), sendo imprescindível a presença de outros elementos que permitam constatar a alteração anímica da vítima em grau suficiente para ultrapassar o mero aborrecimento ou dissabor.
4. No presente caso, embora a recusa tenha sido reputada abusiva, não se verifica demonstração específica de agravamento clínico, risco concreto de morte, situação emergencial, interrupção definitiva do tratamento ou outro elemento excepcional apto a caracterizar sofrimento extraordinário distinto daquele inerente ao próprio inadimplemento contratual a grau tal que enseje o dever do requerido de indenizar por danos morais.
IV. DISPOSITIVO E TESE
5. Acórdão anterior modificado, em juízo de retratação, para negar provimento ao recurso de Apelação.
Dispositivos relevantes citados: CPC, 1.030, II;
Jurisprudência relevante citada: Recursos Especiais 2165670/SP e 2197574/SP, Relator o D. Ministro Ricardo Villas Bôas Cueva, por Vv. Acórdãos publicados em 20.3.2026 (Tema 1365/STJ)."
1082635-46.2022.8.26.0100,20756897,Apelação Cível,Tratamento médico-hospitalar,Vitor Frederico Kümpel,São Paulo,4ª Câmara de Direito Privado,4,Direito Privado,23/07/2026,23/07/2026,,False,False,265,"DIREITO DO CONSUMIDOR. APELAÇÃO. AÇÃO DE OBRIGAÇÃO DE FAZER. PLANO DE SAÚDE . NEGATIVA DE COBERTURA . IMPROCEDÊNCIA. RECURSO DESPROVIDO.
I. Caso em Exame Ação de obrigação de fazer com pedido de tutela de urgência contra UNIMED SEGUROS SAÚDE S.A., visando à cobertura de procedimentos médicos para tratamento de dor lombossacral e outras condições. Procedimentos negados pela operadora por falta de indicação técnica e ausência de previsão no rol da ANS. Sentença de improcedência após realização de prova pericial.
II. Questão em Discussão 2. A questão em discussão consiste em (i) reforma da sentença para reconhecimento da indevida negativa de cobertura , (ii) reembolso dos valores pagos pela autora, (iii) indenização por danos morais e (iv) inversão dos ônus sucumbenciais.
III. Razões de Decidir 3. A prova pericial confirmou a ausência de comprovação da necessidade e urgência dos procedimentos, bem como a falta de superioridade das técnicas minimamente invasivas. 4. A negativa de cobertura pela operadora foi considerada legítima, pautada em parecer técnico e ratificada pela perícia judicial, configurando exercício regular de direito.
IV. Dispositivo e Tese 5. Recurso desprovido.
Tese de julgamento: 1. A negativa de cobertura por parte da operadora de saúde é legítima quando os procedimentos não cumprem os requisitos legais e técnicos para sua realização. 2. A ausência de comprovação de urgência e eficácia dos procedimentos justifica a improcedência do pedido de reembolso e indenização por danos morais.
Legislação Citada: Lei nº 9.656/98, art. 10, § 13; Lei nº 14.454/2022. Jurisprudência Citada: STJ, EDcl no REsp 2024829 / SC; STJ, AgRg no AREsp nº 377.353/SP; STJ, AgInt no AREsp nº 873.063/SP."
1004294-70.2025.8.26.0562,20756846,Apelação Cível,Tratamento médico-hospitalar,Vitor Frederico Kümpel,Santos,4ª Câmara de Direito Privado,4,Direito Privado,23/07/2026,23/07/2026,,False,False,245,"Direito Civil. Apelação. Plano de Saúde . Obrigação de Fazer e Indenização por Danos Morais. Pedido parcialmente procedente.
I. Caso em Exame 1. Recursos de apelação em razão de sentença que julgou procedente ação de obrigação de fazer cumulada com indenizatória por danos morais, condenando as rés ao custeio de procedimento cirúrgico e ao pagamento de indenização por danos morais.
II. Questão em Discussão 2. A questão em discussão consiste em determinar a legitimidade passiva das rés, a necessidade de produção de prova pericial, a obrigação de cobertura dos materiais cirúrgicos e a existência de danos morais indenizáveis.
III. Razões de Decidir 3. A legitimidade passiva da Unimed de Santos é reconhecida pela teoria da aparência, considerando a identidade visual e operacional do sistema Unimed. 4. O julgamento antecipado da lide não configura cerceamento de defesa, pois a questão controvertida é de direito e as provas nos autos são suficientes. 5. A obrigação de cobertura dos materiais cirúrgicos é confirmada, pois compete ao médico assistente decidir sobre o uso de materiais, sendo abusiva a exclusão de insumos essenciais. 6. A condenação por danos morais é afastada, pois a divergência técnica sobre materiais não configura prática abusiva.
IV. Dispositivo e Tese 5. Recurso parcialmente provido. Tese de julgamento: 1. A legitimidade passiva da Unimed de Santos é reconhecida pela teoria da aparência. 2. O julgamento antecipado da lide é válido. 3. A cobertura dos materiais cirúrgicos é obrigatória. 4. A condenação por danos morais é afastada."
1054927-21.2022.8.26.0100,20756820,Apelação Cível,Tratamento médico-hospitalar,João Battaus Neto,São Paulo,Núcleo 4.0-T. II (DP1),,,23/07/2026,23/07/2026,10000.0,True,False,556,"APELAÇÃO. NOVO JULGAMENTO. DIREITO DO CONSUMIDOR. PLANO DE SAÚDE . NEGATIVA DE COBERTURA EM SITUAÇÃO DE URGÊNCIA. CARÊNCIA CONTRATUAL AFASTADA. DANO MORAL CONFIGURADO. RECURSO DESPROVIDO.
I – Caso em exame: Trata-se de ação de obrigação de fazer c/c indenização por danos morais ajuizada em razão da negativa de cobertura para leito em UTI, sob o argumento de carência contratual, apesar de quadro clínico de urgência caracterizado em relatório médico. A sentença julgou procedente o pedido, condenando a operadora ao pagamento de indenização por danos morais no valor de R$ 10.000,00. Interposto recurso, o acórdão manteve a sentença. Os autos retornaram a novo julgamento por força da r. decisão da Presidência da Seção de Direito Privado para reapreciação da questão relativa à existência de danos morais indenizáveis à luz do Tema 1365 do C. STJ.
II – Questão em discussão: A questão em discussão consiste em saber se, à luz da tese fixada pelo C. STJ nos REsp's nºs 2.165.670/SP e 2.197.574/SP (Tema 1365) – segundo a qual a simples recusa indevida de cobertura médico-assistencial por operadora de plano de saúde não gera, por si só, dano moral presumido (in re ipsa), sendo imprescindível a presença de outros elementos que permitam constatar a alteração anímica da vítima em grau suficiente para ultrapassar o mero aborrecimento ou dissabor – , o conjunto probatório dos autos é suficiente para configurar o dano moral indenizável.
III – Razões de decidir: O dano moral resta configurado no caso concreto, diante de elementos fáticos documentados que demonstram sofrimento que transcende o mero aborrecimento. A paciente, 67 anos, com comorbidades graves, deu entrada em pronto socorro com bradicardia sintomática e síncope. O relatório médico foi taxativo ao afirmar que a ausência de vigilância hemodinâmica em UTI submetia a paciente a riscos reais de arritmia, angina e estenose de carótida, declarando que a paciente estava ""sem condições de alta ou transferência"". Os registros hospitalares demonstram que, enquanto a autora aguardava a liberação do leito de UTI, houve ascensão progressiva dos níveis de troponina, com anotação expressa de que o eletrocardiograma já demonstrava bradicardia com troponina ""em ascensão"" no momento da entrada. A negativa da operadora revela-se manifestamente ilícita, porquanto o art. 35-C da Lei nº 9.656/98, a Súmula 103 do TJ/SP e a Súmula 597 do STJ impõem a cobertura obrigatória para casos de urgência após 24 horas da contratação. A tese do Tema 1365 do STJ foi integralmente observada: o dano moral decorre de circunstâncias concretamente comprovadas no caso concreto – risco iminente à vida, progressão documentada de lesão miocárdica durante a espera, idade avançada, comorbidades agravantes e a angústia gerada pela negativa em contexto de urgência médica.
IV – Dispositivo e tese: Julgamento anterior mantido, sendo o recurso desprovido. Tese: configura dano moral indenizável a negativa de cobertura médico-assistencial por operadora de plano de saúde em situação de urgência quando o conjunto probatório demonstra, para além da mera recusa contratual, elementos concretos de agravamento do risco à saúde e sofrimento da vítima, tais como risco iminente à vida, progressão documentada de lesão durante a espera, idade avançada e comorbidades preexistentes.
Legislação relevante citada: Lei nº 9.656/98, art. 35-C; Código de Defesa do Consumidor, arts. 14 e 51; Código Civil, arts. 186 e 927; Súmula 103 do TJ/SP; Súmulas 597 e 83 do STJ; Tema 1365 do STJ (REsp's nºs 2.165.670/SP e 2.197.574/SP)."
1004973-55.2023.8.26.0428,20756668,Apelação Cível,Tratamento médico-hospitalar,Ronnie Herbert Barros Soares,Paulínia,8ª Câmara de Direito Privado,8,Direito Privado,13/05/2026,23/07/2026,2000.0,False,True,192,"DIREITO CIVIL. APELAÇÃO. CONTRATOS. RECURSO PROVIDO.
I. Caso em Exame
Ação contra operadora de plano de saúde para fornecimento de materiais cirúrgicos e indenização por danos morais. Sentença de primeiro grau condenou a requerida a custear materiais e pagar R$ 2.000,00 por danos morais. Autora recorre para majoração da indenização.
II. Questão em Discussão
2. A questão em discussão consiste em determinar se o valor da indenização por danos morais fixado em R$ 2.000,00 é adequado diante das circunstâncias do caso.
III. Razões de Decidir
3. A autora apresentava quadro grave de saúde, com neoplasia maligna, necessitando de intervenção cirúrgica urgente.
4. A conduta da ré foi abusiva, impondo burocracia e resistência injustificada, agravando o sofrimento da autora.
IV. Dispositivo e Tese
5. Recurso provido para majorar a indenização por danos morais para R$ 10.000,00. Mantêm-se os critérios de juros e correção monetária. Honorários advocatícios majorados para 20% do valor da condenação.
Tese de julgamento: 1. A indenização por danos morais deve ser proporcional à gravidade da ofensa e à capacidade econômica das partes. 2. A conduta abusiva da ré justifica a majoração da indenização.
Legislação Citada:
CPC, art. 85, § 2º."
0002190-68.2025.8.26.0483,20756584,Apelação Cível,Fornecimento de medicamentos,Paulo Cícero Augusto Pereira,Presidente Venceslau,3ª Câmara de Direito Público,3,Direito Público,23/07/2026,23/07/2026,,False,False,187,"Direito Processual Civil. Cumprimento de Sentença. Direito à Saúde. Recurso de Apelação não provido. I. Caso em Exame. Cumprimento de sentença iniciado por Amanda Almeida Rodrigues da Costa contra a Fazenda Pública do Estado de São Paulo, visando a execução de título judicial que determinou o fornecimento de bomba de infusão de insulina e insumos para tratamento de Diabetes Mellitus Tipo 1. A Fazenda Pública foi intimada a cumprir a obrigação, mas alegou a descontinuidade dos insumos originalmente indicados. Posteriormente sobreveio notícia do fornecimento do tratamento por meio de plano de saúde particular. Cumprimento de sentença extinto por satisfação da obrigação, não impugnado apesar de efetiva intimação. II. Questão em Discussão. 2. A questão em discussão consiste em determinar se a execução deve ser extinta pela alegada satisfação da obrigação por meio de convênio médico particular. III. Razões de Decidir. 3. A execução foi extinta pela perda superveniente do interesse de agir, uma vez que a obrigação foi satisfeita por meio de convênio médico particular, e a exequente não comprovou a negativa de cobertura pelo plano de saúde . IV. Dispositivo. 4. Recurso de Apelação não provido."
1044673-45.2024.8.26.0576,20756658,Apelação Cível,Tratamento médico-hospitalar,Marcia Rezende Barbosa de Oliveira,São José do Rio Preto,Núcleo 4.0-T. VII (DP1),,,22/07/2026,23/07/2026,10000.0,True,False,219,"APELAÇÃO CÍVEL. OBRIGAÇÃO DE FAZER. CIRURGIA BARIÁTRICA. AFIRMAÇÃO GENÉRICA DE DESCUMPRIMENTO DE DUT NÃO COMPROVADA. RÉ DEIXOU DE PAGAR HONORÁRIOS PERICIAIS. INDENIZAÇÃO POR DANOS MORAIS DEVIDA. RECURSO DESPROVIDO.
I. Caso em Exame: Recurso de apelação interposto pela ré contra sentença que condenou a autorizar procedimento cirúrgico pleiteado pela autora e a pagar indenização por danos morais no valor de R$ 10.000,00, com correção monetária e juros de mora.
II. Questão em Discussão: A questão em discussão consiste em definir (i) a legitimidade da negativa de cobertura da cirurgia bariátrica; (ii) a ocorrência de dano moral indenizável; e (iii) a adequação do valor da indenização por danos morais.
III. Razões de Decidir: (i) A negativa de cobertura foi considerada abusiva, pois a ré não especificou qual critério técnico não foi cumprido pelo autor, que apresentou documentação robusta comprovando a necessidade da cirurgia bariátrica. Ademais, a ré deixou de pagar os honorários periciais, perdendo a oportunidade de produzir prova em seu favor; (ii) A negativa indevida de cobertura, que manteve o autor sem tratamento adequado por quase dois anos, caracteriza dano moral indenizável, extrapolando o mero inadimplemento contratual; (iii) O valor de R$ 10.000,00 para indenização por danos morais é razoável, considerando a extensão do dano e a necessidade de desestimular comportamentos semelhantes pela ré.
IV. Dispositivo e Tese: Recurso desprovido."
1008419-69.2025.8.26.0566,20755850,Apelação Cível,Fornecimento de medicamentos,Marcia Tessitore,São Carlos,Núcleo 4.0-T. II (DP1),,,22/07/2026,22/07/2026,,True,False,70,"APELAÇÃO. PLANO DE SAÚDE . AÇÃO DE OBRIGAÇÃO DE FAZER C/C INDENIZAÇÃO. FORNECIMENTO DE MEDICAMENTO (MOUNJARO/TIRZEPATIDA) PARA TRATAMENTO DE OBESIDADE. MEDICAMENTO DE USO DOMICILIAR NÃO INCLUÍDO NO ROL DA ANS. INTELIGÊNCIA DO ART. 10, VI, DA LEI Nº 9.656/98. EXERCÍCIO REGULAR DE DIREITO PELA OPERADORA AO NEGAR CUSTEIO DE FÁRMACO EXCLUÍDO DA COBERTURA OBRIGATÓRIA. INEXISTÊNCIA DE PRÁTICA ABUSIVA OU DE DANO MORAL INDENIZÁVEL. SENTENÇA MANTIDA. DISPOSITIVO: NEGARAM PROVIMENTO AO RECURSO."
1004410-13.2024.8.26.0077,20756247,Embargos de Declaração Cível,Planos de saúde,Inah de Lemos e Silva Machado,Birigüi,Núcleo 4.0-T. V (DP1),,,22/07/2026,22/07/2026,,True,False,204,"EMBARGOS DE DECLARAÇÃO. PLANO DE SAÚDE . OBRIGAÇÃO DE FAZER CUMULADA COM INDENIZAÇÃO POR DANO MORAL. PET-CT ONCOLÓGICO E CIRURGIA ROBÓTICA.
Acórdão que negou provimento ao recurso do autor e deu parcial provimento ao recurso da ré, para afastar a obrigatoriedade de custeio da cirurgia por via robótica e correlatos, mantida a condenação ao fornecimento do exame PET-CT oncológico, com redistribuição dos ônus sucumbenciais. Insurgência do embargante.
Alegação de contradição quanto à negativa de cobertura da cirurgia robótica e de omissão quanto à configuração de dano moral pela recusa do exame PET-CT. Inocorrência. Julgado que enfrentou de forma expressa e suficiente as comorbidades do paciente e a prova pericial, assentando a equivalência de resultados curativos pelas técnicas aberta e laparoscópica, ambas incluídas no rol da ANS, e o não preenchimento cumulativo dos requisitos fixados pelo Supremo Tribunal Federal na ADI 7265. Pedido indenizatório igualmente apreciado, com afastamento do dano moral ante a ausência de conduta arbitrária e de prova de agravamento clínico. Revaloração da prova e rediscussão do mérito que não configuram negativa de prestação jurisdicional.
Caráter infringente. Pretensão de modificação do julgado, vedada em sede de embargos de declaração. Prequestionamento satisfeito nos termos do art. 1.025 do Código de Processo Civil.
EMBARGOS REJEITADOS."
1018238-73.2025.8.26.0002,20756110,Embargos de Declaração Cível,Tratamento médico-hospitalar,Inah de Lemos e Silva Machado,São Paulo,Núcleo 4.0-T. V (DP1),,,22/07/2026,22/07/2026,,False,False,58,"EMBARGOS DE DECLARAÇÃO. APELAÇÃO. PLANO DE SAÚDE . OMISSÃO. CONTRADIÇÃO.
Alegação de omissão, obscuridade e contradição.
Ausência de qualquer irregularidade no Acórdão. Nítido propósito infringente do julgado. Mero inconformismo contra o resultado.
Finalidade de prequestionamento. Desnecessário que os preceitos de lei invocados estejam mencionados expressamente no acórdão. Inteligência do artigo 1.025 do Código de Processo Civil.
EMBARGOS REJEITADOS."
1001692-86.2022.8.26.0150,20756198,Apelação Cível,Tratamento médico-hospitalar,Galdino Toledo Júnior,Cosmópolis,9ª Câmara de Direito Privado,9,Direito Privado,22/07/2026,22/07/2026,5000.0,True,False,212,"PLANO DE SAÚDE - Ação de obrigação de fazer - Pleito cumulado com indenização por danos morais - Improcedência decretada - Cirurgias indicadas em decorrência da perda de peso - Abusividade parcial reconhecida - Alegação da ré de que os procedimentos são estéticos, não constantes do rol da ANS nem do contrato - Inadmissibilidade - Empresa prestadora de serviços de assistência médica que não pode interferir na indicação feita pelo médico - Aplicação de novas técnicas que decorrem da evolução da medicina, sendo exigível, para defesa do consumidor a especificação de não cobertura nos contratos - Laudo pericial que concluiu pela necessidade de realização de apenas uma das cirurgias indicadas à autora (reconstrução mamária com prótese) - Obrigação da ré de autorizar e custear o procedimento, consoante laudo pericial, incluindo as próteses - Danos morais - Cabimento parcial - Recusa baseada em cláusula contratual que, ao tempo da propositura da ação, já era reconhecida como nula pelo entendimento pretoriano - Conduta que, assim, passou a gerar dano moral pelos enormes dissabores e dificuldades trazidos ao consumidor prejudicado - Fixação da verba reparatória para R$ 5.000,00, considerando-se a obrigação da ré de custear apenas um dos procedimentos pleiteados - Montante que se mostra razoável para compensar o sofrimento moral - Recurso parcialmente provido."
1140834-90.2024.8.26.0100,20756109,Apelação Cível,Planos de saúde,Gilberto Franceschini,São Paulo,Núcleo 4.0-T. III (DP1),,,22/07/2026,22/07/2026,5000.0,True,False,534,"DIREITO DO CONSUMIDOR. PLANO DE SAÚDE . APELAÇÃO CÍVEL. NEGATIVA DE COBERTURA . INTERNAÇÃO E EXAMES DE URGÊNCIA. DOENÇA GRAVE. RECURSO DESPROVIDO.

I. Caso em Exame
1. Apelação interposta por Notre Dame Intermédica Saúde S.A. contra sentença que julgou procedente ação de obrigação de fazer cumulada com indenização por danos morais, proposta por Carolina de Carvalho e Deborah Sousa de Carvalho, sucessoras da autora original Joselita Souza de Santana Carvalho. A sentença condenou a ré ao custeio integral do tratamento médico decorrente da internação da autora original e ao pagamento de R$ 5.000,00 por danos morais.

II. Questão em Discussão
2. A questão em discussão consiste em: (i) a alegada incidência de carência contratual devido à suposta natureza eletiva do procedimento; (ii) a suposta má-fé da autora por omissão de doença preexistente; (iii) a validade da oferta de transferência para a rede pública de saúde; e (iv) o cabimento e a configuração do dano moral.

III. Razões de Decidir
3. A documentação médica, incluindo o prontuário e a guia de solicitação de internação, comprova que o procedimento solicitado possuía caráter de urgência, devido à enfermidade neurológica aguda e de alto risco que acometeu a autora, levando-a a óbito pouco tempo depois. A tese da ré de que o quadro era estável e eletivo não se sustenta diante da evolução clínica fatal demonstrada nos autos. 
4. A negativa de cobertura baseada na alegação de descumprimento do prazo de carência contratual é indevida, conforme o artigo 35-C, inciso I, da Lei nº 9.656/98, que impõe aos planos de saúde a obrigatoriedade de cobertura dos casos de emergência. O artigo 12, inciso V, alínea ""c"", do mesmo diploma legal, estabelece carência máxima de 24 horas para atendimentos de urgência. 
5. A oferta de transferência para o SUS foi feita de forma tardia e impraticável, quando a paciente já se encontrava em estado crítico, intubada na UTI, o que não exime a operadora de sua responsabilidade. 
6. A alegação de má-fé por omissão de doença preexistente não prospera, pois a operadora não exigiu exames médicos prévios no momento da contratação. A Doença de Creutzfeldt-Jakob é rara e de diagnóstico complexo, não sendo crível imputar seu conhecimento prévio à paciente. 
7. A jurisprudência reconhece que a recusa de cobertura por doença preexistente é ilícita se não houve exigência de exames prévios ou demonstração de má-fé do segurado.

IV. Dispositivo e Tese
8. Recurso desprovido.

Tese de julgamento: 1. A negativa de cobertura de procedimento em situação de urgência configura prática abusiva, mesmo que fundada em limitações contratuais. 2. A operadora não pode impor transferência hospitalar em situação emergencial quando isso comprometer a segurança do paciente.

Legislação Citada:
CF/1988, art. 1º, III; CDC, arts. 2º, 3º, 6º, I e III, e 47; CPC, arts. 373, II, 487, I, e 85, §§ 2º e 11; Lei nº 9.656/98, art. 35-C, I; CC, art. 422.

Jurisprudência Citada:
STJ, Súmula 608; STJ, AREsp nº 3.057.816/MG, Rel. Min. Raul Araújo, Quarta Turma, j. 09.03.2026; STJ, REsp nº 1.613.644/SP, Rel. Min. Ricardo Villas Bôas Cueva, Terceira Turma, j. 20.09.2016; TJSP, Apelação Cível nº 1002456-82.2025.8.26.0048, Rel. Des. Guilherme Santini Teodoro, j. 12.03.2026; TJSP, Apelação Cível nº 1022826-78.2025.8.26.0114, Rel. Desª Marcia Rezende Barbosa de Oliveira, j. 01.04.2026."
1194590-14.2024.8.26.0100,20755353,Apelação Cível,Tratamento médico-hospitalar,Gilberto Franceschini,São Paulo,Núcleo 4.0-T. III (DP1),,,22/07/2026,22/07/2026,,False,False,363,"DIREITO CIVIL. APELAÇÃO. CONTRATOS. NEGATIVA DE COBERTURA DE PROCEDIMENTO CIRÚRGICO. RECURSO DESPROVIDO.

I. Caso em Exame
1. Apelação cível interposta contra sentença que julgou improcedente ação visando compelir operadora de saúde a autorizar e custear procedimento cirúrgico. Sentença manteve a improcedência dos pedidos e condenou o autor ao pagamento de custas e honorários.

II. Questão em Discussão
2. A questão em discussão consiste em verificar: (i) a alegação de nulidade da sentença por ausência de fundamentação e cerceamento de defesa, (ii) determinar se é cabível a inversão do ônus da prova, à luz do Código de Defesa do Consumido; (iii) verificar se houve negativa ilícita de cobertura por parte da operadora de saúde, considerando a alegação de que o procedimento estava previsto no Rol da ANS e a data agendada para a cirurgia.

III. Razões de Decidir
3. A alegação de nulidade da sentença por ausência de fundamentação foi rejeitada, pois a decisão enfrentou de forma suficiente as questões relevantes; 4. Não houve cerceamento de defesa, pois as provas produzidas foram suficientes para o julgamento sendo que o juiz, como destinatário das provas, tem a prerrogativa de indeferir diligências consideradas desnecessárias, evitando atos protelatórios. 5. A inversão do ônus da prova, conforme o art. 6º, VIII, do Código de Defesa do Consumidor, não é automática e requer verossimilhança das alegações ou hipossuficiência técnica, o que não foi demonstrado no caso. 6. A alegação de negativa de cobertura não foi comprovada por documentação suficiente, como protocolos formais de indeferimento ou registros de comunicação com a operadora. 

IV. Dispositivo e Tese
5. Recurso desprovido.

Tese de julgamento: 1. A sentença foi devidamente fundamentada, não havendo cerceamento de defesa, pois as provas produzidas foram suficientes e adequadas. 2. A inversão do ônus da prova não é automática e requer verossimilhança das alegações e demonstração de hipossuficiência. 3. A ausência de prova documental mínima inviabiliza a alegação de negativa de cobertura , não havendo elementos que comprovem a recusa da operadora em autorizar o procedimento. 


Legislação Citada:
CPC, arts. 373, 489, 490, 85, §11.

Jurisprudência Citada:
STJ, Resp. n. 1.037.819/MT, Rel. Min. Massami Uyeda, j. 23.02.10; TJSP, Apelação Cível nº 1001509-09.2024.8.26.0292, Rel. Ricardo Pereira Júnior, j. 28/01/2026."
1024725-62.2025.8.26.0001,20755021,Apelação Cível,Tratamento médico-hospitalar,Gilberto Franceschini,São Paulo,Núcleo 4.0-T. III (DP1),,,22/07/2026,22/07/2026,,False,False,748,"DIREITO DO CONSUMIDOR. APELAÇÃO CÍVEL. SENTENÇA DE IMPROCEDÊNCIA. PLANO DE SAÚDE . REEMBOLSO DE DESPESAS MÉDICAS. LIVRE ESCOLHA DE PRESTADOR. CLÁUSULA LIMITATIVA DE REEMBOLSO. RECURSO DESPROVIDO.
I. CASO EM EXAME
1. Apelação cível interposta pelo autor contra sentença que julgou improcedente o pedido de condenação ao pagamento da diferença do reembolso efetuado em procedimento cirúrgico realizado fora da rede credenciada. 
2. O apelante busca a reforma da decisão para obter condenação da ré ao pagamento integral do valor despendido com procedimento cirúrgico realizado fora da rede credenciada, alegando abusividade e falta de transparência da cláusula de reembolso. 

II. QUESTÃO EM DISCUSSÃO

3. Há duas questões em discussão: (i) se a cláusula que limita o reembolso de despesas médicas em livre escolha é abusiva por falta de transparência ou violação ao dever de informação; (ii) se é devido o reembolso integral do valor despendido pelo beneficiário em procedimento realizado fora da rede credenciada.

III. RAZÕES DE DECIDIR

4. A relação é de consumo. Incidem os artigos 2ºe 3º do Código de Defesa do Consumidor aos contratos de plano de saúde conforme Súmula 608 do STJ. 
5. É admissível que o contrato contenha cláusulas limitativas quanto ao valor máximo do reembolso, desde que claramente previstas, dentro da liberdade contratual e da necessidade de equilíbrio financeiro da atividade, conforme art. 12, VI da Lei 9.656/98. 
6. A utilização de fórmulas, tabelas ou critérios de cálculo não configura afronta ao dever de informação nem implica tentativa de dificultar a compreensão do consumidor. As tabelas de reembolso estão disponibilizadas pela operadora em seus sites, aplicativos e registradas em cartório. A fórmula de cálculo (VR = Quantidade de US x Múltiplo de Reembolso x Valor da USR) está clara e compreensível no contrato. Não consta dos autos que ao autor tenha sido negado acesso às tabelas. A redação da cláusula contratual informa suficientemente o beneficiário acerca da limitação ao valor do reembolso e da forma de apuração do valor devido.
7. Ao optar pela modalidade de livre escolha de prestador, o beneficiário assume os riscos inerentes a essa opção, incluindo a possibilidade de valores superiores aos praticados pela operadora em sua rede credenciada, sujeitando-se ao reembolso nos limites contratuais. A ré efetuou reembolso parcial de acordo com os limites contratuais. Não houve recusa total de cobertura, mas sim aplicação regular dos critérios contratuais para o reembolso na modalidade livre escolha. Não há que se falar em dano material a ser reparado. 
IV. DISPOSITIVO E TESE
8. Recurso desprovido.
Tese de julgamento: 1. Aplica-se o CDC aos planos de saúde (Súmula 608 do STJ). A relação entre consumidor e operadora de plano de saúde é de consumo, devendo ser observados os deveres de informação, transparência e boa-fé objetiva. 2. O reembolso de despesas médicas realizadas em livre escolha é regulado pelo art. 12, VI, da Lei 9.656/98, que estabelece que o reembolso deve observar os limites das obrigações contratuais e a relação de preços de serviços praticados pela operadora. 3. A cláusula contratual que estabelece o valor do reembolso com base em fórmula (VR = Quantidade de US x Múltiplo de Reembolso x Valor da USR) e tabela de preços da operadora (Tabela SulAmérica Saúde) é válida e não é abusiva, desde que a fórmula e a tabela estejam claramente previstas no contrato e sejam acessíveis ao consumidor. 4. A mera existência de fórmula matemática para cálculo do reembolso não configura obscuridade contratual ou violação ao dever de informação, especialmente quando a memória de cálculo é fornecida ao consumidor e a tabela está registrada em cartório e disponível no site da operadora. 5. O consumidor que opta pela livre escolha de prestador, realizando procedimento fora da rede credenciada, assume os riscos inerentes a essa opção, incluindo a possibilidade de reembolso parcial nos limites contratuais. Não há direito ao reembolso integral quando a operadora não negou cobertura e efetuou reembolso nos limites contratuais. 6. A inversão do ônus da prova (art. 6º, VIII, do CDC) não é automática. A parte autora não demonstrou a verossimilhança de suas alegações (obscuridade contratual, impossibilidade de compreensão da fórmula), sendo incabível a inversão.
Dispositivos relevantes citados: CPC, art. 85, §11; CDC, arts. 6º, III, 46, 51; Lei 9.656/98, art. 12, VI.
Jurisprudência relevante citada: STJ, Súmula 608; TJSP, Apelação Cível 1014444-93.2025.8.26.0309, Rel. Mônica Soares Machado, Núcleo 4.0-T. VIII (DP1), j. 06.05.2026; TJSP, Apelação Cível 1007414-10.2025.8.26.0405, Rel. Elcio Trujillo, 10ª Câmara de Direito Privado, j. 20.03.2026; TJSP, Apelação Cível 1022485-20.2023.8.26.0309, Rel. Enéas Costa Garcia, 1ª Câmara de Direito Privado, j. 20.02.2026."
1026408-31.2025.8.26.0100,20755311,Apelação Cível,Tratamento médico-hospitalar,Gilberto Franceschini,São Paulo,Núcleo 4.0-T. III (DP1),,,22/07/2026,22/07/2026,,False,False,456,"PLANO DE SAÚDE . APELAÇÃO. ENTIDADE DE AUTOGESTÃO. FIBROSE PULMONAR IDIOPÁTICA. ESILATO DE NINTEDANIBE. NEGATIVA DE COBERTURA . PERÍCIA FAVORÁVEL. SENTENÇA DE PROCEDÊNCIA. RECURSO DESPROVIDO.

I. Caso em Exame
1. Recurso de apelação interposto por Caixa Beneficente dos Funcionários do Banco do Estado de São Paulo - CABESP contra sentença que julgou procedente a ação de obrigação de fazer proposta por Rubem Massuia. A sentença determinou que a CABESP fornecesse o medicamento Esilato de Nintedanibe 150mg (OFEV®) para tratamento de Fibrose Pulmonar Idiopática, confirmando a tutela de urgência anteriormente concedida e condenando a ré ao pagamento das custas processuais e honorários advocatícios.

II. Questão em Discussão
2. A questão em discussão consiste em: (i) a legitimidade da negativa de cobertura para medicamento de uso domiciliar não oncológico, à luz da Lei 9.656/1998, que exclui a obrigatoriedade de cobertura para medicamentos de uso domiciliar que não possuam natureza antineoplásica; (ii) o caráter exemplificativo do rol da ANS e a aplicação da Lei nº 14.454/2022, que estabelece critérios para a cobertura de tratamentos fora do rol; e (iii) a valoração da prova pericial judicial específica produzida nos autos frente às notas técnicas desfavoráveis emitidas pelo NAT-JUS e pela CONITEC.

III. Razões de Decidir
3. A operadora de saúde, mesmo sendo entidade de autogestão, deve garantir as coberturas mínimas estabelecidas pela Lei nº 9.656/98 e pela regulação da ANS, que fixam o núcleo de cobertura obrigatória. 
4. A negativa de cobertura baseada na exclusão de medicamentos de uso domiciliar deve ser mitigada quando a indispensabilidade do medicamento é demonstrada por perícia médica. 
5. A prova pericial produzida nos autos atestou categoricamente a necessidade do medicamento Nintedanibe para o tratamento da Fibrose Pulmonar Idiopática do autor, confirmando a inexistência de alternativa terapêutica de igual eficácia.
6. O medicamento pleiteado possui registro regular na Anvisa e indicação em bula para a respectiva enfermidade. 
7. É obrigatória a cobertura quando há preenchimento dos requisitos da Lei nº 14.454/2022 e os parâmetros fixados pelo STF.

IV. Dispositivo e Tese
8. Recurso desprovido.

Tese de julgamento: 1. A operadora de saúde deve fornecer medicamentos indispensáveis ao tratamento, mesmo que de uso domiciliar, quando comprovada sua necessidade por perícia médica. 2. A exclusão de cobertura com base no ambiente de administração do medicamento é abusiva quando não há alternativa terapêutica.

Legislação Citada:
CPC, art. 487, I; CDC, arts. 6º, III e VIII, 47 e 51, IV e XV; Lei nº 9.656/98, art. 35-F; CC, arts. 421 e 422.

Jurisprudência Citada:
STJ, EREsp nº 1.886.929/SP e nº 1.889.704/SP; STF, ADI 7.265, Rel. Min. Luís Roberto Barroso, j. 18.09.2025.
TJSP, Apelação Cível 1006223-78.2024.8.26.0270, Rel. Lia Porto, 7ª Câmara de Direito Privado, j. 30.01.2026.
TJSP, Apelação Cível 1004807-97.2024.8.26.0101, Rel. Ricardo Pereira Junior, Núcleo 4.0-T. V (DP1), j. 01.06.2026."
1045235-90.2025.8.26.0100,20755184,Apelação Cível,Tratamento médico-hospitalar,Gilberto Franceschini,São Paulo,Núcleo 4.0-T. III (DP1),,,22/07/2026,22/07/2026,7000.0,True,False,530,"DIREITO DO CONSUMIDOR. APELAÇÃO. PLANO DE SAÚDE . OBRIGAÇÃO DE FAZER. INDENIZAÇÃO POR DANOS MORAIS. AUTORIZAÇÃO DE PROCEDIMENTO CIRÚRGICO. NEGATIVA TÁCITA. RESPONSABILIDADE SOLIDÁRIA. DANO MORAL MANTIDO. RECURSO DESPROVIDO.

I. Caso em Exame
1. Michele Izidio da Silva Moura ajuizou ação contra Bradesco Saúde S/A e ESHO - Empresa de Serviços Hospitalares, visando à autorização e realização de cirurgia de artrodese da coluna, além de indenização por danos morais. A sentença julgou procedentes os pedidos, condenando as rés a autorizar e realizar o procedimento, além de pagar indenização por danos morais de R$ 7.000,00. 

II. Questão em Discussão
2. A questão em discussão consiste em (i) verificar a legitimidade passiva da ré ESHO - Empresa de Serviços Hospitalares, que alega não integrar a relação contratual entre a operadora e a paciente; (ii) analisar a falta de interesse processual da autora, sustentada pela Bradesco Saúde, que afirma não ter havido recusa formal à cirurgia; (iii) determinar a natureza do procedimento cirúrgico, classificado como eletivo pela operadora; (iv) apurar a responsabilidade pelo entrave administrativo relacionado à cotação e limites de cobertura dos materiais cirúrgicos (OPMEs); (v) avaliar a configuração dos danos morais e a adequação do valor indenizatório fixado em R$ 7.000,00.

III. Razões de Decidir
3. As preliminares de ilegitimidade passiva do hospital e de falta de interesse processual da autora não prosperam. Em demandas fundamentadas no Código de Defesa do Consumidor, todos os integrantes da cadeia de prestação de serviços respondem solidariamente por eventuais danos causados ao paciente. 
4. Entraves administrativos configuram negativa tácita de cobertura, caracterizando falha na prestação do serviço. A paralisação injustificada do processo autorizativo, sem solução efetiva para o impasse instaurado, produziu resultado equivalente à recusa de atendimento, impedindo que a autora tivesse acesso ao tratamento médico necessário. 
5. A responsabilidade solidária das rés é mantida, pois a falha repercutiu diretamente sobre a saúde da autora, que permaneceu privada do tratamento prescrito enquanto suportava quadro doloroso incapacitante. 
6. A demora injustificada na solução do impasse administrativo prolongou o sofrimento da autora e frustrou a expectativa de acesso ao tratamento indicado, configurando dano moral.
7. O montante de indenização por danos morais fixado em R$ 7.000,00 deve ser mantido, pois atende aos critérios de razoabilidade e proporcionalidade, considerando a extensão do prejuízo, a finalidade compensatória e o necessário caráter pedagógico da condenação, sem implicar enriquecimento sem causa.

IV. Dispositivo e Tese
8. Nega-se provimento aos recursos das rés.

Tese de julgamento: 1. Entraves administrativos não afastam a responsabilidade solidária das rés. 2. A urgência do quadro clínico foi comprovada por relatórios médicos, justificando a necessidade do procedimento. 3. A ausência de negativa formal de cobertura não exime a operadora de saúde de sua responsabilidade quando há falha no serviço. 
4. A indenização por danos morais deve ser mantida quando observar critérios de razoabilidade e proporcionalidade, sem implicar enriquecimento sem causa.

Legislação Citada:
Código de Defesa do Consumidor, arts. 7º, parágrafo único, e 25, §1º.
Código de Processo Civil, art. 487, inciso I; art. 85, §2°.
Lei 14.905/2024.

Jurisprudência Citada:
STJ, Súmula nº 326; STJ, Súmula nº 608;
TJSP, Apelação Cível 1004344-10.2024.8.26.0020, Rel. Marcia Rezende Barbosa de Oliveira, j. 27/04/2026.
TJSP, Apelação Cível 1011899-76.2024.8.26.0344, Rel. Moreira Viegas, j. 16/06/2026."
1000417-19.2025.8.26.0564,20755134,Apelação Cível,Fornecimento de insumos,Gilberto Franceschini,São Bernardo do Campo,Núcleo 4.0-T. III (DP1),,,22/07/2026,22/07/2026,,False,False,690,"DIREITO CONSUMIDOR E CIVIL. APELAÇÃO. PLANO DE SAÚDE . ILEGITIMIDADE PASSIVA. BOMBA DE INSULINA E SEUS INSUMOS. SENTENÇA DE IMPROCEDÊNCIA REFORMADA. RECURSO DA AUTORA PARCIALMENTE PROVIDO. DANOS MORAIS NÃO CONFIGURADOS.

I. Caso em Exame
1. Nicoly Kimberly de Souza Ferraz interpôs recurso de apelação contra sentença que julgou improcedente a ação de obrigação de fazer c.c. indenização por danos morais, proposta contra Gama Saúde Ltda. A sentença reconheceu a ilegitimidade passiva da ré e negou o pedido de fornecimento de bomba de insulina e indenização por danos morais. A autora, beneficiária de plano de saúde , foi diagnosticada com Diabetes Mellitus tipo 1 e busca o fornecimento de bomba de insulina Sistema MiniMed 780G, prescrita por seu médico devido à instabilidade glicêmica.


II. Questão em Discussão
2. A questão em discussão consiste em: (i) verificar a legitimidade passiva da ré para figurar no polo passivo da demanda; (ii) a obrigatoriedade de custeio e fornecimento da bomba de infusão contínua de insulina (MiniMed 780G) e respectivos insumos; (iii) a configuração de danos morais em decorrência da negativa de cobertura do tratamento prescrito.

III. Razões de Decidir
3. A relação jurídica entre as partes é de consumo, sendo a ré fornecedora de serviço de seguro saúde adquirido pela autora como destinatária final, o que impõe a aplicação do Código de Defesa do Consumidor. A preliminar de ilegitimidade passiva, acolhida pelo Juízo a quo, merece ser afastada, pois a ré atuou diretamente na análise e recusa da cobertura pretendida, assumindo posição de gestora do risco contratual.
4. A negativa de cobertura pela ré foi indevida, pois a bomba de insulina é classificada como dispositivo médico pela ANVISA, e a autora preenche os requisitos da ADI 7265 e do Tema 1.316 do STJ. A jurisprudência consolidada do STJ é firme no sentido de que o inadimplemento contratual, ainda que indevido, não enseja reparação por dano extrapatrimonial, sendo indispensável a demonstração de circunstâncias excepcionais.
5. A análise do caso concreto à luz do Tema 1.316 do STJ e da ADI 7265 do STF revela que a autora demonstrou a necessidade do tratamento devido à ineficácia de terapias anteriores e a negativa de cobertura pela operadora do plano de saúde . O conjunto probatório evidenciou a gravidade do quadro clínico da autora, caracterizado por grave variabilidade glicêmica e recorrentes episódios de hipoglicemia severa, além da inexistência de alternativa terapêutica adequada.
6. A eficácia e segurança do sistema MiniMed 780G foram comprovadas, bem como a prévia negativa administrativa de cobertura pela operadora de saúde, afastando eventual alegação de que a conclusão adotada decorreu exclusivamente da prescrição médica apresentada. A operadora não se desincumbiu do ônus de demonstrar a existência de alternativa terapêutica eficaz prevista no rol da ANS, apta a substituir o tratamento prescrito.
7. No tocante ao pleito indenizatório por danos morais, tem-se que o inadimplemento contratual não gera automaticamente direito à indenização por danos morais. É necessário demonstrar circunstâncias excepcionais que ultrapassem o mero dissabor, como agravamento do estado de saúde ou risco à vida. No caso concreto, não há elementos que evidenciem agravamento clínico relevante ou sofrimento anormal da autora.

IV. Dispositivo e Tese 
6. Recurso parcialmente provido

Tese de julgamento: 1. As operadoras de planos de saúde que atuam na cadeia de fornecimento e realizam a análise e recusa de cobertura ostentam legitimidade passiva ad causam. 2. O fornecimento do sistema de infusão contínua de insulina deve observar as balizas do Tema 1.316/STJ e da ADI 7.265/STF, incumbindo à operadora o ônus de provar alternativa eficaz no rol da ANS. 3. O inadimplemento contratual não enseja automaticamente reparação por danos morais, sendo necessária a demonstração de circunstâncias excepcionais.

Legislação Citada:
Código de Processo Civil, art. 485, VI, art. 487, I, art. 98, §3º, art. 373, art. 85, §2º. Código de Defesa do Consumidor, arts. 7º, parágrafo único, e 25, §1º. Lei nº 14.454/2022.Lei nº 9.656/1998, art. 10.

Jurisprudência Citada: STJ, REsp nº 2.168.627/SP, Rel. Min. Ricardo Villas Bôas Cueva, Segunda Seção, j. 5/3/2026. TJSP, Apelação Cível 1181835-89.2023.8.26.0100, Rel. Mônica de Carvalho, 1ª Câmara de Direito Privado, j. 03/06/2026. TJSP, Apelação Cível 1003125-95.2023.8.26.0278, Rel. João Pazine Neto, 3ª Câmara de Direito Privado, j. 17/06/2026."
1003678-03.2023.8.26.0001,20754655,Apelação Cível,Tratamento Domiciliar (Home Care),Alcides Leopoldo,São Paulo,4ª Câmara de Direito Privado,4,Direito Privado,22/07/2026,22/07/2026,,False,False,306,"DIREITO DO CONSUMIDOR. APELAÇÃO. PLANO DE SAÚDE . OBRIGAÇÃO DE FAZER. PARCIAL PROVIMENTO.
I. Caso em Exame
A autora, de 83 anos, beneficiária de plano de saúde , sofreu acidente vascular cerebral isquêmico e necessita de cuidados domiciliares. A operadora do plano negou cobertura para tratamento em home care, alegando ausência de previsão contratual. A sentença de primeira instância julgou improcedente a ação, mas a autora apelou, destacando a necessidade de cuidados multiprofissionais contínuos em ambiente domiciliar.
II. Questão em Discussão
2. A questão em discussão consiste em determinar se a operadora do plano de saúde é obrigada a cobrir o tratamento domiciliar (home care) prescrito à autora, considerando a alegação de abusividade na negativa de cobertura e a necessidade de cuidados especializados.
III. Razões de Decidir
3. O Código de Defesa do Consumidor aplica-se aos contratos de plano de saúde , mesmo que celebrados antes da Lei 9.656/98, conforme jurisprudência do STJ.
4. A internação domiciliar é considerada extensão do tratamento hospitalar e deve ser coberta pelo plano de saúde quando prescrita por médico, sendo abusiva a cláusula que exclui tal cobertura.
IV. Dispositivo e Tese
5. Dá-se provimento em parte ao recurso para julgar procedente em parte a pretensão da autora, condenando a operadora a custear a internação domiciliar até a revogação da liminar e a assistência domiciliar atual, conforme laudo pericial.
Tese de julgamento: 1. A negativa de cobertura de home care é abusiva quando há prescrição médica. 2. A atenção domiciliar é extensão do tratamento hospitalar e deve ser coberta pelo plano de saúde , sendo abusiva cláusula de exclusão.
Legislação Citada: Código de Defesa do Consumidor CPC/2015, art. 85, §§ 2º e 11 Jurisprudência Citada: STJ, AgInt no AREsp n. 1.925.946/SP, Rel. Min. Luis Felipe Salomão, Quarta Turma, j. 29/11/2021, STJ, REsp 1662103/SP, Rel. Ministra Nancy Andrighi, Terceira Turma, j. 11/12/2018"
1176012-03.2024.8.26.0100,20754656,Apelação Cível,Tratamento médico-hospitalar,Alcides Leopoldo,São Paulo,4ª Câmara de Direito Privado,4,Direito Privado,22/07/2026,22/07/2026,,True,False,208,"DIREITO CIVIL. APELAÇÃO. PLANO DE SAÚDE . NEGATIVA DE COBERTURA . DANO MORAL. RECURSO DESPROVIDO.
I. Caso em Exame
A autora, idosa e aposentada, beneficiária de plano de saúde , com mobilidade reduzida devido a osteoporose e outras condições, teve negada a cobertura de fisioterapia domiciliar prescrita por médicos da rede credenciada. A ação buscava a obrigação de fazer e indenização por danos morais.
II. Questão em Discussão
2. A questão em discussão consiste em determinar se a negativa de cobertura do tratamento domiciliar pela operadora de plano de saúde configura dano moral indenizável.
III. Razões de Decidir
3. Não há condenação por dano moral, pois a recusa de cobertura não violou direitos imateriais, dada a controvérsia contratual e a ausência de má-fé.
4. Conforme o Tema 1365 do STJ, a recusa indevida de cobertura não gera dano moral presumido sem evidência de alteração anímica significativa.
IV. Dispositivo e Tese
5. Recurso desprovido.
Tese de julgamento: 1. A negativa de cobertura , sem má-fé ou violação de direitos imateriais, não configura dano moral. 2. A controvérsia contratual justifica a ausência de indenização por danos morais.
Legislação Citada: CPC, art. 85, § 11. Jurisprudência Citada: STJ, REsp n. 2.189.875/RJ, Rel. Min. Ricardo Villas Bôas Cueva, Terceira Turma, j. 12.05.2025."
1154579-74.2023.8.26.0100,20755133,Apelação Cível,Tratamento médico-hospitalar,Daniela Cilento Morsello,São Paulo,9ª Câmara de Direito Privado,9,Direito Privado,21/07/2026,22/07/2026,,False,False,152,"APELAÇÕES. AÇÃO DE OBRIGAÇÃO DE FAZER. PLANO DE SAÚDE . 
1. Julgamento de parcial procedência do pedido inicial para compelir a operadora de saúde a autorizar e assegurar ao autor o tratamento com a utilização de órtese craniana, desconsiderada a indicação de marca de modelos específicos.
2. Apelo da requerida. Descabimento. Contrato submetido às disposições da Lei Consumerista. Súmula nº 608, do E. STJ. Autor diagnosticado com Braquicefalia e Plagiocefalia Posicional. Equipamento que constitui instrumento imprescindível à continuidade de seu tratamento, a fim de evitar deformidades e a realização de cirurgia futura. Negativa de cobertura sem respaldo legal. Inteligência do art. 35-F da Lei nº 9.656/98. Súmula 102 e precedentes deste E. Tribunal de Justiça. Não incidência do artigo 10, inciso VII, da Lei nº 9.656/98. Precedente do E. STJ. 
3. Recurso do autor. Não acolhimento. Laudo pericial que atestou a prescindibilidade de fornecimento de órtese de marca específica. 
4. Recursos desprovidos."
1001153-73.2024.8.26.0337,20755425,Apelação Cível,Planos de saúde,Fatima Cristina Ruppert Mazzo,Mairinque,4ª Câmara de Direito Privado,4,Direito Privado,22/07/2026,22/07/2026,,True,False,264,"DIREITO CIVIL. APELAÇÃO CÍVEL. PLANO DE SAÚDE . RECURSO ESPECIAL. RETORNO DO AUTOS PARA ANÁLISE DE JUÍZO DE RETRATAÇÃO. TEMA 1365 DO STJ. ACÓRDÃO MANTIDO. I. Caso em Exame. 1. Ação ajuizada por beneficiário de plano de saúde contra operadora visando ressarcimento de despesas médicas e compensação por danos morais devido à negativa de cobertura de procedimento urgente (angioplastia com stent). Sentença procedente condenou a ré ao pagamento de danos materiais e morais. Apelação da ré negada, mantendo-se a condenação. II. Questão em Discussão. 2. A questão em discussão consiste na verificação de necessidade de retratação do Acórdão quanto ao reconhecimento do dano moral, à luz da tese do STJ no Tema 1365, que exige demonstração de abalo anímico além do mero dissabor. III. Razões de Decidir. 3. O reconhecimento do dano moral não se baseou apenas na negativa de cobertura , mas em elementos fáticos específicos, como a urgência do procedimento e a vulnerabilidade do autor, idoso e usuário do plano há mais de 30 anos. 4. A negativa de cobertura em contexto de urgência médica e risco à vida, obrigando o autor a custear o tratamento, configurou abalo relevante à sua esfera extrapatrimonial, justificando a indenização por dano moral. IV. Dispositivo e Tese. 5. ACÓRDÃO MANTIDO. Tese de julgamento: 1. A negativa de cobertura em situação de urgência médica e risco à vida, com necessidade de custeio imediato, justifica a indenização por dano moral. 2. A decisão está em consonância com o Tema 1365 do STJ. Legislação Citada: CPC, art. 1.030, II; CPC, art. 1.041. Jurisprudência Citada: STJ, Tema Repetitivo nº 1365."
1020131-56.2022.8.26.0309,20754735,Apelação Cível,Planos de saúde,Hertha Helena de Oliveira,Jundiaí,2ª Câmara de Direito Privado,2,Direito Privado,22/07/2026,22/07/2026,,True,False,722,"DIREITO DO CONSUMIDOR E PROCESSUAL CIVIL. APELAÇÃO CÍVEL. AÇÃO DE OBRIGAÇÃO DE FAZER C.C. INDENIZAÇÃO POR DANOS MATERIAIS E MORAIS. PLANO DE SAÚDE . TRANSTORNO DO ESPECTRO AUTISTA (TEA). COBERTURA DE TRATAMENTO MULTIDISCIPLINAR. HIDROTERAPIA. EQUOTERAPIA. MUSICOTERAPIA. EXPRESSA INDICAÇÃO MÉDICA. ROL DA ANS. NATUREZA EXEMPLIFICATIVA. COBERTURA DEVIDA. DANOS MORAIS NÃO CONFIGURADOS. MERA DISCUSSÃO CONTRATUAL. SUCUMBÊNCIA RECÍPROCA. RECURSO PARCIALMENTE PROVIDO.
I. CASO EM EXAME
Apelação cível interposta por operadora de plano de saúde contra sentença que julgou procedente ação de obrigação de fazer cumulada com indenização por danos materiais e morais, ajuizada por beneficiário diagnosticado com Transtorno do Espectro Autista (TEA), para determinar a cobertura de tratamentos multidisciplinares prescritos, confirmar tutela antecipada e condenar a requerida ao pagamento de indenização por danos morais. A apelante suscita preliminar de cerceamento de defesa e, no mérito, sustenta a inexistência de cobertura contratual para hidroterapia, equoterapia e musicoterapia, a natureza taxativa do rol da ANS, a ausência de prescrição médica para alguns tratamentos e a inexistência de danos morais. 
II. QUESTÃO EM DISCUSSÃO
Há três questões em discussão: (i) definir se houve cerceamento de defesa pelo indeferimento da produção de provas pretendidas pela operadora; (ii) estabelecer se a operadora está obrigada a custear os tratamentos de hidroterapia, equoterapia e musicoterapia prescritos ao beneficiário com TEA; e (iii) determinar se a negativa de cobertura gera obrigação de indenizar por danos morais. 
III. RAZÕES DE DECIDIR
O magistrado possui discricionariedade para indeferir provas desnecessárias à formação de seu convencimento, inexistindo cerceamento de defesa quando os elementos constantes dos autos são suficientes para o julgamento da causa. 
A relação jurídica entre as partes submete-se às normas do Código de Defesa do Consumidor, conforme a Súmula 608 do STJ. 
As cláusulas contratuais devem ser interpretadas de forma mais favorável ao consumidor, sendo abusivas aquelas que restringem direitos de maneira incompatível com a boa-fé e a equidade. 
Os relatórios médicos comprovam o diagnóstico de Transtorno do Espectro Autista e a necessidade de tratamento multidisciplinar pelo Método ABA, incluindo as terapias prescritas. 
Compete ao médico assistente, e não à operadora de saúde, definir o tratamento mais adequado ao paciente. 
Havendo cobertura contratual para a patologia, a operadora não pode restringir os procedimentos necessários ao tratamento da enfermidade. 
A Resolução Normativa nº 539/2022 da ANS tornou obrigatória a cobertura de métodos e técnicas indicados pelo médico assistente para pacientes com transtornos enquadrados na CID F84. 
A Lei nº 14.454/2022 reconheceu a natureza exemplificativa do rol de procedimentos da ANS. 
Os documentos dos autos demonstram expressa e fundamentada prescrição médica para hidroterapia e musicoterapia, afastando a alegação de ausência de indicação profissional. 
A operadora deve custear integralmente os tratamentos prescritos caso não demonstre a existência de atendimento adequado em sua rede credenciada. 
A negativa de cobertura , embora indevida, decorre de controvérsia sobre interpretação contratual e não configura, por si só, dano moral indenizável. 
A situação não evidencia violação a direitos da personalidade apta a gerar dor, humilhação ou vexame que ultrapasse o mero dissabor decorrente da relação contratual. 
O afastamento da condenação por danos morais impõe o reconhecimento da sucumbência recíproca e a redistribuição dos ônus sucumbenciais. 
IV. DISPOSITIVO E TESE
Recurso parcialmente provido. 
Tese de julgamento:
Havendo cobertura para a patologia, a operadora de plano de saúde deve custear os tratamentos prescritos pelo médico assistente necessários ao tratamento do paciente. 
A indicação do método terapêutico compete exclusivamente ao profissional de saúde responsável pelo acompanhamento do paciente. 
O rol de procedimentos da ANS possui natureza exemplificativa e não limita, por si só, a cobertura de tratamento regularmente indicado. 
A negativa indevida de cobertura fundada em controvérsia contratual não gera automaticamente dano moral indenizável. 
A exclusão da condenação por danos morais caracteriza sucumbência recíproca e autoriza a redistribuição dos ônus sucumbenciais. 

Dispositivos relevantes citados: CPC, arts. 487, I, 85, §11, e 1.026, §2º; CDC, arts. 47 e 51, IV; Lei nº 14.454/2022; Resolução Normativa ANS nº 539/2022.
Jurisprudência relevante citada: STJ, REsp nº 331.084/MG, Rel. Min. Castro Filho, 3ª Turma, j. 21.10.2003, DJ 10.11.2003; STJ, AgRg no Ag nº 1.355.252/MG, Rel. Min. Maria Isabel Gallotti, 4ª Turma, j. 24.06.2014; STJ, Súmula 608; STJ, EDROMS 18205/SP, Rel. Min. Felix Fischer, DJ 08.05.2006; TJSP, Apelação Cível nº 1008757-94.2021.8.26.0077, Rel. Des. Giffoni Ferreira, 2ª Câmara de Direito Privado, j. 17.11.2022; TJSP, Apelação Cível nº 1002955-94.2022.8.26.0590, Rel. Des. João Baptista Galhardo Júnior, 2ª Câmara de Direito Privado, j. 28.09.2022."
1004133-06.2023.8.26.0441,20754734,Apelação Cível,Fornecimento de medicamentos,Hertha Helena de Oliveira,Peruíbe,2ª Câmara de Direito Privado,2,Direito Privado,22/07/2026,22/07/2026,,False,False,182,"Direito Civil. Apelação Cível. Obrigação de Fazer. Plano de saúde . Medicamento à base de canabidiol. Desprovimento.
I. Caso em Exame
Apelação cível interposta contra sentença que determinou à parte ré o fornecimento de medicamento à base de canabidiol ao autor, menor impúbere diagnosticado com Transtorno do Espectro Autista, sob pena de multa diária.
II. Questão em Discussão
2. A questão em discussão consiste em (i) obrigatoriedade de cobertura de medicamento de uso domiciliar e (ii) aplicação do Tema Repetitivo nº 990 do STJ devido à ausência de registro do medicamento na ANVISA.
III. Razões de Decidir
3. O contrato de plano de saúde se submete às regras do Código de Defesa do Consumidor, conforme Súmula 608 do STJ.
4. A autorização excepcional da ANVISA para importação do medicamento evidencia sua segurança sanitária e eficácia, não se aplicando o Tema Repetitivo nº 990 do STJ.
IV. Dispositivo e Tese
5. Recurso desprovido.
Tese de julgamento: 1. A cobertura de medicamentos importados autorizados pela ANVISA é obrigatória. 2. A evolução da medicina não desobriga operadoras de saúde de custear tratamentos de doenças cobertas."
1007764-17.2023.8.26.0001,20754674,Apelação Cível,Tratamento médico-hospitalar,Rosana Santiso,São Paulo,Núcleo 4.0-T. IV (DP1),,,22/07/2026,22/07/2026,,True,False,446,"DIREITO PROCESSUAL CIVIL. APELAÇÃO CÍVEL. JUÍZO DE RETRATAÇÃO. ART. 1.030, II, DO CPC. PLANO DE SAÚDE . NEGATIVA DE COBERTURA DE PROCEDIMENTO CIRÚRGICO DE URGÊNCIA. DANOS MORAIS. TEMA REPETITIVO 1.365 DO STJ. DEMONSTRAÇÃO DE ABALO MORAL CONCRETO. AGRAVAMENTO DO QUADRO CLÍNICO. SEQUELAS DEFINITIVAS. NECESSIDADE DE NOVA INTERVENÇÃO CIRÚRGICA. MANUTENÇÃO DO ACÓRDÃO.
I. CASO EM EXAME
1. Apelação interposta por operadora de plano de saúde contra sentença que julgou procedente ação de obrigação de fazer cumulada com indenização por danos morais, condenando a ré a autorizar e custear cirurgia para redução e osteossíntese com placas e parafusos em razão de fratura de rádio distal esquerdo, bem como ao pagamento de indenização por danos morais. O recurso foi desprovido por acórdão desta Turma Recursal, sobrevindo, após interposição de recurso especial, determinação de reapreciação da matéria ante fixação da tese pelo C. STJ no Tema Repetitivo 1.365. 
II. QUESTÃO EM DISCUSSÃO
2. A questão em discussão consiste em definir se a condenação ao pagamento de indenização por danos morais decorrente da negativa de cobertura de procedimento cirúrgico está em consonância com a tese firmada pelo C. STJ no Tema Repetitivo 1.365. 
III. RAZÕES DE DECIDIR
3. O C. STJ firmou entendimento, no Tema Repetitivo 1.365, no sentido de que a simples recusa indevida de cobertura médico-assistencial não gera, por si só, dano moral presumido, sendo necessária a demonstração de circunstâncias concretas aptas a evidenciar alteração anímica do beneficiário em grau suficiente para ultrapassar o mero aborrecimento ou dissabor cotidiano.
4. No voto condutor proferido nos Recursos Especiais n. 2.165.670/SP e 2.197.574/SP, foram indicadas hipóteses exemplificativas em que a recusa injustificada de cobertura médico-assistencial, associada à demonstração de abalo moral concreto, pode justificar a reparação por danos extrapatrimoniais, dentre elas a recusa em contexto de emergência médica ou agravamento iminente do quadro clínico.
5. No presente caso, embora o v. acórdão de fls. 254/259 tenha mencionado o entendimento anteriormente adotado por esta Turma Recursal acerca da configuração presumida de dano moral em hipóteses de negativa indevida de cobertura, a manutenção da indenização fixada na r. sentença não se fundamentou exclusivamente nesse aspecto. 
6. Com efeito, também foram consideradas as circunstâncias específicas do caso concreto, que evidenciam ter a recusa ocorrido em contexto de urgência médica e que a realização tardia da cirurgia possivelmente acarretará sequelas definitivas ao autor, havendo referência, inclusive, à necessidade de nova intervenção cirúrgica, conforme nota técnica do NAT-Jus.
7. Assim, o v. acórdão recorrido encontra-se em consonância com a tese firmada pelo C. STJ no Tema Repetitivo 1.365, por estar amparado em elementos concretos que evidenciam alteração anímica do beneficiário em grau suficiente para ultrapassar o mero aborrecimento ou dissabor cotidiano.
IV. DISPOSITIVO
8. Acórdão mantido."
1053989-71.2024.8.26.0224,20754994,Apelação Cível,Reajuste contratual,Enio Zuliani,Guarulhos,4ª Câmara de Direito Privado,4,Direito Privado,16/07/2026,22/07/2026,,False,False,84,"Apelação – Plano de saúde – Ação de nulidade contratual e restituição de valores – Improcedência – Ausência de exigência de exames médicos prévios à contratação e inexistência de prova de má-fé do segurado – Incidência da Súmula 609 do STJ e da Súmula 105 do TJSP – Quadro clínico gravíssimo, com urgência e risco iminente de morte, tanto que o óbito ocorreu durante o tratamento – Inaplicabilidade de cobertura parcial temporária, como quer a operadora de saúde – Sentença mantida – Não provimento."
1014532-74.2023.8.26.0577,20754348,Apelação Cível,Planos de saúde,Clara Maria Araújo Xavier,São José dos Campos,8ª Câmara de Direito Privado,8,Direito Privado,22/07/2026,22/07/2026,,False,False,295,"DIREITO CIVIL E DO CONSUMIDOR. APELAÇÃO. PLANO DE SAÚDE . CIRURGIA. COBERTURA. I. CASO EM EXAME. 1. Recurso interposto pela operadora contra sentença que julgou procedente ação de obrigação de fazer, isto para condenar a ré a custear o procedimento cirúrgico da autora, incluindo a prótese e instrumentações, conforme prescrição médica.
II. QUESTÃO EM DISCUSSÃO. 2. Discute-se a legalidade da negativa de cobertura de procedimento cirúrgico indicado pelo médico assistente, baseada em conclusão de junta médica instaurada pela operadora do plano de saúde .
III. RAZÕES DE DECIDIR. 3. A relação jurídica é de consumo, aplicando-se o Código de Defesa do Consumidor, com interpretação mais favorável ao consumidor e vedação de cláusulas abusivas. 4. Restou comprovada a indicação médica expressa para realização do procedimento cirúrgico, diante de quadro clínico com risco de agravamento. 5. A negativa baseada em junta médica não afasta o dever de cobertura, pois compete ao médico assistente a definição do tratamento adequado, não podendo a operadora substituir sua avaliação clínica individualizada. 6. A divergência médica quanto à técnica empregada não autoriza a recusa do tratamento indicado, sobretudo quando se trata de procedimento reconhecido e compatível com a enfermidade coberta. 7. Cláusulas contratuais limitativas não podem restringir direito essencial inerente à finalidade do contrato, sob pena de afronta à boa-fé objetiva, à função social do contrato e ao art. 51 do CDC.
IV. DISPOSITIVO E TESE. 8. Recurso desprovido.
Tese de julgamento: 1. É abusiva a negativa de cobertura de procedimento médico indicado pelo profissional assistente, ainda que fundada em junta médica, quando o tratamento se relaciona à enfermidade coberta. 2. Cláusulas contratuais não podem restringir a cobertura de procedimento necessário à preservação da saúde do consumidor, sob pena de violação à finalidade do contrato e às normas do CDC.
RECURSO DESPROVIDO."
1005279-50.2024.8.26.0020,20754511,Apelação Cível,Seguro,Beretta da Silveira,São Paulo,3ª Câmara de Direito Privado,3,Direito Privado,22/07/2026,22/07/2026,,False,False,432,"DIREITO CIVIL. APELAÇÃO. CONTRATOS. QUITAÇÃO DE FINANCIAMENTO. INVALIDEZ. PEDIDO JULGADO PARCIALMENTE IMPROCEDENTE. 
I. Caso em Exame
Ação declaratória de quitação de financiamento habitacional cumulada com devolução de parcelas pagas, com pedido de tutela antecipada de urgência, proposta por Patrícia Espinosa da Costa Vettori contra Caixa Seguradora S/A. A sentença determinou a quitação do financiamento habitacional devido à invalidez permanente da segurada, a partir do pedido administrativo realizado em 09/08/2022, e condenou a ré à restituição das parcelas pagas após essa data.
II. Questão em Discussão
2. A questão em discussão consiste em: (i) nulidade da sentença por cerceamento de defesa devido à falta de prova pericial médica; (ii) prescrição da pretensão indenizatória com base no prazo prescricional anual para ações securitárias; (iii) inexistência de comprovação de doença preexistente e incapacidade total e permanente; (iv) impossibilidade de restituição das parcelas pagas após a comunicação do sinistro; (v) limitação da indenização à participação da segurada na renda do financiamento.
III. Razões de Decidir
3. A preliminar de nulidade por cerceamento de defesa não procede, pois a incapacidade permanente da autora foi demonstrada por documentos suficientes.
4. A alegação de prescrição não prospera, aplicando-se o prazo decenal do artigo 205 do Código Civil, pois o mutuário é beneficiário do seguro.
5. A tese de inexistência de invalidez total e permanente não merece acolhimento, pois a aposentadoria por invalidez pelo INSS e documentação médica corroboram a incapacidade.
6. A alegação de doença preexistente é inviável, pois não houve exigência de exames médicos prévios à contratação do seguro.
7. Correta a condenação à restituição das parcelas pagas após o aviso de sinistro, devido à negativa indevida da cobertura.
8. Não há limitação da cobertura ao percentual de 28,62%, pois não foi comprovada a participação da autora na renda financiada.
IV. Dispositivo e Tese
5. Recurso desprovido.
Tese de julgamento: 1. Não há nulidade por cerceamento de defesa quando os documentos são suficientes. 2. O prazo prescricional decenal aplica-se ao seguro habitacional vinculado ao Sistema Financeiro da Habitação.
Legislação Citada:
Código de Processo Civil, art. 355, inciso I; art. 373, inciso II; art. 85, §§ 2º e 11.
Código Civil, art. 205; art. 206, §1º, II, ""b"".
Jurisprudência Citada:
TJSP, Apelação Cível nº 1001613-84.2024.8.26.0038, 4ª Câmara de Direito Privado, Rel. Des. Fátima Cristina Ruppert Mazzo, j. 16.07.2025.
Apelação nº 0057484-50.2012.8.26.0002, 28ª Câmara Extraordinária de Direito Privado, Rel. Des. Hamid Bdine, j. em 7 de junho de 2017.
TJSP; Apelação 0005696-43.2015.8.26.0664; Relator (a): Marcus Vinicius Rios Gonçalves; Órgão Julgador: 2ª Câmara de Direito Privado; Foro de Votuporanga - 1ª Vara Cível; Data do Julgamento: 08/05/2018; Data de Registro: 09/05/2018."
1008490-41.2025.8.26.0576,20754537,Apelação Cível,Tratamento médico-hospitalar,Ricardo Pereira Junior,São José do Rio Preto,Núcleo 4.0-T. V (DP1),,,22/07/2026,22/07/2026,,False,False,138,"Apelação. Ação de indenização por danos materiais e morais. Sentença de procedência condenou a seguradora de saúde ao reembolso integral da cirurgia de emergência realizada pela autora. Apelo da ré. Autora que realizou cirurgia vascular de emergência e implante de endoprótese em aneurisma de aorta abdominal. Hospital que é da rede credenciada da ré. Art. 35-C, I, da Lei n. 9.656/98. Necessidade imediata e urgente do tratamento. Parte autora que realizou o pagamento da diferença de acomodação do hospital. Manifestação genérica da ré a respeito da endoprótese/OPME utilizada. Art. 10, §§ 12 e 13 da Lei nº 9.656/98. ADI 7265/STF que reconheceu a constitucionalidade do art. 10, § 13, da Lei nº 9.656/98. Violação da boa-fé objetiva. Parte ré que não se desincumbiu do ônus que lhe cabia. Art. 373, II, CPC. Sentença mantida. Recurso da ré desprovido."
1026492-59.2025.8.26.0576,20754535,Apelação Cível,Tratamento médico-hospitalar,Ricardo Pereira Junior,São José do Rio Preto,Núcleo 4.0-T. V (DP1),,,22/07/2026,22/07/2026,,False,False,161,"PLANO DE SAÚDE . AÇÃO DE OBRIGAÇÃO DE FAZER – NEGATIVA DE COBERTURA . ESTIMULAÇÃO MAGNÉTICA TRANSCRANIANA (EMT). Autora diagnosticada com transtorno depressivo recorrente grave, transtorno de estresse pós-traumático e transtorno de ansiedade generalizada. Histórico de ideação e tentativas de suicídio. Demonstração de refratariedade a múltiplos tratamentos anteriores (eletroconvulsoterapia e escetamina). Prescrição médica fundamentada. Recusa da operadora sob alegação de ausência de previsão no Rol de Procedimentos da ANS e caráter experimental. Inadmissibilidade. Aplicação do Código de Defesa do Consumidor (Súmula 608 do STJ. Rol da ANS que possui natureza prioritariamente referencial. Inteligência dos §§ 12 e 13 do art. 10 da Lei nº 9.656/1998 (com redação dada pela Lei nº 14.454/2022). Eficácia científica do método reconhecida pelo Conselho Federal de Medicina (Resolução CFM nº 1.986/2012). Experimentalidade afastada. Comprovado o esgotamento das alternativas terapêuticas ordinárias. Abusividade da negativa de cobertura evidenciada (art. 51, IV, do CDC). Alegação genérica de desequilíbrio econômico-financeiro desprovida de comprovação. Sentença de procedência mantida – RECURSO DESPROVIDO."
1008411-32.2024.8.26.0565,20754380,Apelação Cível,Planos de saúde,Ricardo Pereira Junior,São Caetano do Sul,Núcleo 4.0-T. V (DP1),,,22/07/2026,22/07/2026,,False,False,148,"PRELIMINARES. Alegação de inépcia da petição inicial e ausência de interesse de agir. Rejeição. Petição inicial que atende aos requisitos dos arts. 319 e 330 do CPC, com exposição clara dos fatos e fundamentos jurídicos. Existência de pretensão resistida evidenciada pela negativa parcial de cobertura contratual. Interesse processual configurado. Preliminares rejeitadas. PLANO DE SAÚDE . Ação de indenização por danos materiais e morais. Negativa parcial de cobertura. Sentença de parcial procedência. Recursos de ambas as partes. Relação de consumo. Aplicação do Código de Defesa do Consumidor. Materiais hospitalares essenciais ao procedimento cirúrgico. Negativa indevida. Abusividade configurada. Rol da ANS. Taxatividade mitigada em caso de indispensabilidade. Honorários médicos. Equipe não credenciada. Reembolso limitado aos termos contratuais. Legalidade. Art. 12, VI, da Lei nº 9.656/98. Danos morais. Não configuração. Mero inadimplemento contratual. Ausência de prova de agravamento do quadro clínico ou abalo relevante. Sucumbência mínima do autor. Manutenção. RECURSOS DESPROVIDOS"
1005050-35.2024.8.26.0006,20754538,Apelação Cível,Fornecimento de insumos,Marcia Dalla Déa Barone,São Paulo,4ª Câmara de Direito Privado,4,Direito Privado,22/07/2026,22/07/2026,,False,False,377,"DIREITO CIVIL. APELAÇÃO. OBRIGAÇÃO DE FAZER. JUÍZO DE RETRATAÇÃO. RECURSO NÃO PROVIDO.
I. Caso em Exame
Ação de obrigação de fazer referente ao custeio de tratamento indicado à autora, compreendendo tecnologia voltada ao controle intensivo da glicemia, incluindo sistema de infusão contínua de insulina e insumos correlatos, para paciente com diabetes mellitus tipo 1. O acórdão original julgou improcedente o pedido, alegando exclusão de cobertura por ser item de uso domiciliar.
II. Questão em Discussão
2. A questão em discussão consiste em determinar se o sistema de infusão contínua de insulina está excluído da cobertura obrigatória dos planos de saúde , bem como se estão preenchidos, no caso concreto, os requisitos fixados pelo Tema 1316 do STJ e pela ADI 7.265 do STF.
III. Razões de Decidir
3. O STJ, no julgamento do Tema 1316, estabeleceu que o sistema de infusão contínua de insulina não se enquadra automaticamente nas exceções de exclusão de cobertura, invalidando cláusulas contratuais que o excluam.
4. A análise deve seguir os parâmetros da ADI 7265, incluindo prescrição médica, inexistência de alternativa terapêutica no rol da ANS, e registro na Anvisa e suporte técnico idôneo, não podendo a decisão se fundar exclusivamente em relatório médico.
5. No caso concreto, restaram demonstrados os requisitos exigidos, notadamente a prescrição médica, o registro sanitário, a negativa administrativa e a ausência de comprovação de alternativa terapêutica adequada, sendo desnecessária dilação probatória adicional diante da suficiência do conjunto documental..
IV. Dispositivo e Tese
5. Em juízo de retratação, reforma-se o acórdão anterior para negar provimento ao recurso de apelação da ré, restabelecendo-se a sentença de procedência.
Tese de julgamento: 1. As inovações da Lei nº 14.454/2022 aplicam-se imediatamente aos contratos de plano de saúde de trato sucessivo. 2. O sistema de infusão contínua de insulina não pode ser excluído automaticamente da cobertura, devendo-se analisar o caso concreto à luz dos parâmetros fixados no Tema 1316 do STJ e na ADI 7.265 do STF.
Legislação Citada: CPC/2015, arts. 1.036, 1.039, 1.040, 373, 493, 927, 85, §11; Lei nº 9.656/98, art. 10, VI e VII.
Jurisprudência Citada: TJSP, Embargos de Declaração Cível 2187791-10.2025.8.26.0000, Rel. Ramon Mateo Júnior, 6ª Câmara de Direito Privado, j. 11/06/2026; TJSP, Apelação Cível 1028867-91.2021.8.26.0602, Rel. José Rubens Queiroz Gomes, 7ª Câmara de Direito Privado, j. 25/06/2026."
1031588-11.2024.8.26.0602,20754519,Apelação Cível,Tratamento médico-hospitalar,João Pazine Neto,Sorocaba,3ª Câmara de Direito Privado,3,Direito Privado,22/07/2026,22/07/2026,15000.0,True,True,116,"Ação de obrigação de fazer c/c danos morais. Plano de saúde . Indicada internação para parto de emergência. Feto diagnosticado com ""Cardiopatia Gravíssima"" e ""Hidropsia Fetal"". Atendimento de urgência/emergência. Negativa de cobertura , sob o fundamento de não cumprimento do prazo de carência. Aplicação do Código de Defesa do Consumidor, da Súmula 103 deste Tribunal de Justiça e Súmula 597 do C. STJ. Corretamente determinado o custeio das despesas médico-hospitalares. Dano moral igualmente configurado. Dever de indenizar caracterizado. Entendimento do C. STJ no sentido de que o dano é ""in re ipsa"". Valor arbitrado em R$ 15.000,00 que se mostra adequado à hipótese em análise. Honorários sucumbenciais não majorados, pois não apresentadas contrarrazões. Recurso não provido."
1057361-75.2025.8.26.0100,20753441,Apelação Cível,Tratamento médico-hospitalar,Mariella Ferraz de Arruda Pollice Nogueira,São Paulo,2ª Câmara de Direito Privado,2,Direito Privado,21/07/2026,22/07/2026,,False,False,532,"DIREITO DO CONSUMIDOR E SAÚDE SUPLEMENTAR. APELAÇÃO CÍVEL. PLANO DE SAÚDE . TRANSTORNO DO ESPECTRO AUTISTA. ACOMPANHANTE TERAPÊUTICO EM AMBIENTE DOMICILIAR E SOCIAL. PRELIMINAR DE CERCEAMENTO DE DEFESA. JULGAMENTO ANTECIPADO. NATUREZA PEDAGÓGICO-EDUCACIONAL DO SERVIÇO. AUSÊNCIA DE COBERTURA OBRIGATÓRIA. REFORMA DA SENTENÇA. PEDIDO IMPROCEDENTE. RECURSO PROVIDO. 

I. CASO EM EXAME. 
 Apelação interposta por operadora de plano de saúde contra sentença que julgou procedente ação de obrigação de fazer para condená-la ao fornecimento de acompanhante terapêutico a beneficiário diagnosticado com Transtorno do Espectro Autista, em ambiente domiciliar e em outros espaços necessários ao tratamento, com imposição de tutela de urgência, multa cominatória e honorários advocatícios. A recorrente suscita preliminar de cerceamento de defesa e, no mérito, sustenta que o acompanhamento terapêutico possui natureza pedagógico-educacional, não integrando o objeto de cobertura dos contratos de assistência à saúde.
II. QUESTÃO EM DISCUSSÃO. 
Há duas questões em discussão: (i) definir se o julgamento antecipado da lide, sem produção de prova pericial, configurou cerceamento de defesa; e (ii) estabelecer se a operadora de plano de saúde está obrigada a custear acompanhamento terapêutico prestado em ambiente domiciliar e em outros espaços não clínicos a beneficiário com Transtorno do Espectro Autista. 
III. RAZÕES DE DECIDIR. 
1. A controvérsia relativa ao custeio do acompanhamento terapêutico possui natureza predominantemente jurídica, concernente ao enquadramento contratual e regulatório da prestação, sendo desnecessária a produção de prova pericial, nos termos do art. 355, I, do Código de Processo Civil. 
2. O acompanhamento terapêutico, embora prescrito como parte de tratamento multidisciplinar, possui natureza predominantemente pedagógico-educacional e psicossocial, voltada ao desenvolvimento de habilidades adaptativas e à inserção social do paciente. 
3. O acompanhamento terapêutico realizado em ambiente domiciliar, escolar ou social não se confunde com procedimento médico ou assistencial típico sujeito à cobertura obrigatória pelos planos privados de assistência à saúde. 
4. A jurisprudência do Superior Tribunal de Justiça afasta a obrigatoriedade de cobertura de terapias prestadas em ambientes não clínicos quando ausente previsão contratual específica, por não integrarem o núcleo assistencial do contrato de seguro saúde. 
5. O custeio pretérito do serviço pela operadora não gera direito adquirido à manutenção de prestação não prevista em lei, contrato ou regulamentação, sob pena de comprometimento do equilíbrio atuarial do sistema mutualista. 
6. A alegação de existência de contratos distintos com regimes de cobertura diversos, formulada apenas após a fase postulatória, configura inovação processual insuscetível de apreciação em grau recursal, sendo a controvérsia analisada à luz do contrato indicado na petição inicial.. 

IV. DISPOSITIVO E TESE. 
 Recurso provido. 
Tese de julgamento: 1. O julgamento antecipado da lide não configura cerceamento de defesa quando a controvérsia possui natureza predominantemente jurídica e a prova requerida é incapaz de alterar a solução da causa. 2. O acompanhamento terapêutico prestado em ambiente domiciliar, escolar ou social não integra, em regra, a cobertura obrigatória dos planos privados de assistência à saúde. 3. A natureza pedagógico-educacional e psicossocial do acompanhamento terapêutico afasta seu enquadramento como assistência médico-hospitalar típica. 4. O custeio voluntário e pretérito de prestação não prevista contratual ou legalmente não gera obrigação permanente de cobertura pela operadora de plano de saúde . 5. A inovação de tese jurídica em fase recursal impede sua apreciação pelo tribunal, em respeito aos limites objetivos da demanda."
1011326-81.2025.8.26.0577,20753440,Apelação Cível,Planos de saúde,Mariella Ferraz de Arruda Pollice Nogueira,São José dos Campos,2ª Câmara de Direito Privado,2,Direito Privado,21/07/2026,22/07/2026,,False,False,315,"DIREITO CIVIL E DO CONSUMIDOR. APELAÇÃO. PLANO DE SAÚDE . OBRIGAÇÃO DE FAZER. RECURSO DESPROVIDO.
I. Caso em Exame
Apelação interposta por operadora de plano de saúde contra sentença que julgou procedente ação de obrigação de fazer, confirmando tutela de urgência para determinar o custeio do medicamento Spravato, prescrito à autora para tratamento de transtorno depressivo recorrente grave e resistente a terapias anteriores.

II. Questão em Discussão
2. A controvérsia consiste em definir se é legítima a negativa de cobertura fundada na ausência de previsão do medicamento no rol da ANS e em sua alegada natureza domiciliar.

III. Razões de Decidir
3. O cloridrato de escetamina, quando administrado em estabelecimento de saúde, sob supervisão médica e monitoramento do paciente, não se qualifica como medicamento de uso domiciliar, não incidindo a exclusão prevista no art. 10, VI, da Lei nº 9.656/1998.
4. A ausência de previsão específica no rol da ANS não afasta, por si só, o dever de cobertura, devendo a controvérsia ser examinada à luz dos parâmetros técnicos e jurídicos estabelecidos pelo STF no julgamento da ADI nº 7.265. Prescrição médica individualizada, histórico de insucesso das terapias anteriormente empregadas e notas técnicas favoráveis à utilização do fármaco em hipóteses de depressão grave resistente. Registro sanitário demonstrado por referência à bula disponibilizada no sítio eletrônico da ANVISA. Ausência, nos autos, de indicação de alternativa terapêutica específica, prevista no rol da ANS, adequada e eficaz ao quadro clínico concreto da autora.

IV. Dispositivo e Tese
5. Recurso desprovido.
Tese de julgamento: 1. O medicamento administrado sob supervisão profissional, em ambiente clínico ou hospitalar, não se enquadra na exclusão legal relativa a medicamento de uso domiciliar. 2. A cobertura de tratamento não previsto no rol da ANS é devida quando, à luz das particularidades do caso concreto, houver prescrição médica fundamentada e elementos técnicos que corroboram sua adequação, sem demonstração de alternativa terapêutica eficaz apta a substituí-lo."
1002691-98.2025.8.26.0161,20753760,Apelação Cível,Tratamento médico-hospitalar,Mariella Ferraz de Arruda Pollice Nogueira,Diadema,2ª Câmara de Direito Privado,2,Direito Privado,22/07/2026,22/07/2026,15000.0,True,False,517,"DIREITO DO CONSUMIDOR E SAÚDE SUPLEMENTAR. APELAÇÃO CÍVEL. PLANO DE SAÚDE . DESCRENCIAMENTO DE PRESTADORES DE SERVIÇO. AUSÊNCIA DE COMUNICAÇÃO PRÉVIA AO BENEFICIÁRIO. VIOLAÇÃO DO ART. 17 DA LEI Nº 9.656/98. INTERRUPÇÃO DE TRATAMENTO PEDIÁTRICO ESPECIALIZADO. DANO MORAL CONFIGURADO. REDUÇÃO DO QUANTUM INDENIZATÓRIO. RECURSO PARCIALMENTE PROVIDO. 

I.CASO EM EXAME Apelação cível interposta por operadora de plano de saúde contra sentença que julgou procedente ação de obrigação de fazer cumulada com indenização por danos morais, determinando a manutenção dos prestadores UPO Hospital Dia e Hospital Holhos na rede credenciada e condenando a ré ao pagamento de R$ 15.000,00 a título de danos morais. A apelante sustenta inexistência de descredenciamento, afirmando tratar-se de mera ausência de acordo comercial, além de defender a inexistência de ato ilícito, de nexo causal e, subsidiariamente, requerer a redução da indenização. 

II. QUESTÃO EM DISCUSSÃO 
Há duas questões em discussão: (i) definir se a exclusão dos prestadores anteriormente integrantes da rede credenciada, sem comunicação prévia ao beneficiário, caracteriza descredenciamento irregular nos termos da Lei nº 9.656/98; e (ii) estabelecer se a interrupção do tratamento pediátrico especializado configura dano moral indenizável e valor correspondente 

III. RAZÕES DE DECIDIR 
Os estabelecimentos UPO Hospital Dia e Hospital Holhos integravam a rede credenciada da operadora quando da contratação do plano de saúde , circunstância não especificamente impugnada pela ré. 
A distinção entre descredenciamento e ausência de acordo comercial não afasta a incidência do art. 17, § 1º, da Lei nº 9.656/98, pois o efeito prático da exclusão consiste na supressão do acesso do beneficiário a prestador anteriormente disponibilizado. A substituição de prestadores exige comunicação prévia e individualizada ao consumidor, com antecedência mínima legal, além da demonstração de equivalência técnica do prestador substituto, requisitos não comprovados pela operadora. 
A mera indicação genérica de outros estabelecimentos credenciados não supre o dever legal de informação nem legitima a exclusão unilateral de prestadores sem prévia comunicação ao beneficiário. 
A interrupção de tratamento oftalmológico pediátrico em curso, realizado há anos pela mesma equipe médica e às vésperas de procedimento cirúrgico, viola a boa-fé objetiva e a legítima expectativa de continuidade assistencial. O dano moral ultrapassa o mero inadimplemento contratual, diante da incerteza gerada quanto à realização de cirurgia essencial ao desenvolvimento visual de criança em tenra idade. Valor da indenização, contudo, que comporta redução para R$ 8.000,00, em atenção aos princípios da proporcionalidade e da razoabilidade, montante que observa as funções compensatória e pedagógica da reparação. 

IV. DISPOSITIVO E TESE. 
Recurso parcialmente provido. 
Tese de julgamento: A exclusão de prestador integrante da rede credenciada de plano de saúde caracteriza descredenciamento para fins de incidência do art. 17 da Lei nº 9.656/98, independentemente da nomenclatura adotada pela operadora. A substituição de prestador de serviços de saúde exige comunicação prévia e individualizada ao beneficiário, além da observância dos requisitos legais de equivalência. A interrupção de tratamento médico especializado em curso, sem prévia comunicação ao beneficiário, configura conduta abusiva e viola os deveres de informação e boa-fé objetiva. A incerteza quanto à continuidade de tratamento essencial de criança em desenvolvimento caracteriza dano moral indenizável, que deve se fixado em consideração aos princípios da razoabildade e proporcionalidade."
1015130-85.2024.8.26.0482,20753478,Apelação Cível,Tratamento médico-hospitalar,Marcia Rezende Barbosa de Oliveira,Presidente Prudente,Núcleo 4.0-T. VII (DP1),,,22/07/2026,22/07/2026,,True,False,327,"DIREITO DO CONSUMIDOR E DIREITO CIVIL. APELAÇÕES CÍVEIS. PLANO DE SAÚDE COLETIVO EMPRESARIAL. FALSO COLETIVO. FALECIMENTO DO TITULAR. MANUTENÇÃO DE DEPENDENTES NO CONTRATO. COBRANÇA DE MENSALIDADES. DANO MORAL NÃO CONFIGURADO. RECURSOS PARCIALMENTE PROVIDOS. I. CASO EM EXAME: Apelações cíveis interpostas contra sentença que determinou o restabelecimento de plano de saúde coletivo empresarial em favor da viúva e filhas do titular falecido, bem como a análise de pedidos de reembolso e o pagamento de indenização por danos morais. A ré pleiteia a improcedência dos pedidos; as autoras requerem o afastamento da cobrança retroativa das mensalidades e a restituição de valores pagos.
II. QUESTÃO EM DISCUSSÃO: (i) definir se as dependentes possuem direito à manutenção do plano coletivo empresarial após o falecimento do titular; e (ii) estabelecer a legitimidade da cobrança de mensalidades relativas ao período de cancelamento do plano e a existência de dano moral indenizável. III. RAZÕES DE DECIDIR: (i) O contrato possui natureza de ""falso coletivo"", com reduzido número de beneficiários, atraindo proteção reforçada do Código de Defesa do Consumidor e vedando resilição unilateral imotivada. (ii) O falecimento do titular não constitui motivo idôneo para exclusão das dependentes ou extinção da cobertura, em observância aos princípios da boa-fé objetiva, da conservação dos contratos e da função social do contrato. (iii) As dependentes têm direito à manutenção do plano nas mesmas condições anteriormente contratadas, desde que assumam as obrigações financeiras correspondentes. (iv) O direito reconhecido consiste na permanência no próprio plano coletivo empresarial, não em migração para plano individual. (v) A cobrança retroativa das mensalidades é devida em razão da continuidade contratual reconhecida judicialmente, devendo ser excluídas as cobranças referentes ao falecido e observada a remissão contratual concedida à viúva pelo prazo de dois anos após o óbito. (vi) O cancelamento indevido do plano, decorrente de controvérsia interpretativa contratual e desacompanhado de demonstração de agravamento da saúde ou violação a direitos da personalidade, configura mero inadimplemento contratual, insuficiente para caracterizar dano moral. IV. DISPOSITIVO: Recursos parcialmente providos."
1014515-57.2023.8.26.0506,20753468,Apelação Cível,Tratamento médico-hospitalar,Marcia Rezende Barbosa de Oliveira,Ribeirão Preto,Núcleo 4.0-T. VII (DP1),,,22/07/2026,22/07/2026,10000.0,True,False,316,"APELAÇÃO CÍVEL. PLANO DE SAÚDE . NEGATIVA DE INTERNAÇÃO EM CARÁTER DE URGÊNCIA. ABUSIVIDADE. LIMITAÇÃO TEMPORAL DE COBERTURA EM SITUAÇÕES DE URGÊNCIA E EMERGÊNCIA. DANO MORAL CONFIGURADO. REDUÇÃO DO QUANTUM INDENIZATÓRIO. HONORÁRIOS ADVOCATÍCIOS. INAPLICABILIDADE DA APRECIAÇÃO EQUITATIVA. RECURSO PARCIALMENTE PROVIDO.
I. CASO EM EXAME: Apelação cível interposta por operadora de plano de saúde contra sentença que julgou procedente ação de obrigação de fazer cumulada com indenização por danos morais.
II. QUESTÃO EM DISCUSSÃO: (i) definir se a negativa de internação em situação de urgência configura conduta ilícita; (ii) estabelecer se a recusa de cobertura enseja indenização por danos morais no caso concreto; e (iii) determinar o valor adequado da indenização e a forma de fixação dos honorários advocatícios sucumbenciais.
III. RAZÕES DE DECIDIR
(1) A discussão acerca de eventual autorização espontânea da internação não afasta a ilicitude da conduta, pois restou comprovada a existência de duas negativas anteriores de internação urgente.
(2) Nas hipóteses de urgência e emergência, a Lei nº 9.656/1998 limita o prazo de carência a 24 horas após a contratação do plano de saúde . A cláusula contratual que impõe carência superior ao limite legal para atendimento de urgência ou emergência é abusiva.
(3) A limitação de cobertura às primeiras 12 horas de atendimento, prevista na Resolução CONSU nº 13/1998, não prevalece sobre a disciplina estabelecida nos arts. 12, V, ""c"", e 35-C da Lei nº 9.656/1998.
(4) O Tema Repetitivo nº 1.365 do STJ afasta a presunção automática de dano moral.O caso concreto, no entanto, apresenta elementos aptos a justificar a reparação extrapatrimonial, pois a recusa expôs o paciente a risco de agravamento da saúde e submeteu seus genitores a angústia, sofrimento e insegurança. O montante de R$ 10.000,00 fixado na sentença comporta redução para R$ 8.000,00.
(5) A fixação dos honorários advocatícios por equidade mostra-se inadequada, pois o proveito econômico obtido não é irrisório nem inestimável.
IV. DISPOSITIVO
Recurso parcialmente provido."
1002936-04.2025.8.26.0002,20753296,Apelação Cível,Tratamento médico-hospitalar,Débora Brandão,São Paulo,6ª Câmara de Direito Privado,6,Direito Privado,24/06/2026,22/07/2026,,True,False,268,"Direito Civil e do Consumidor. Apelação cível e recurso adesivo. Plano de saúde . TEA. Tratamento multidisciplinar (método ABA). Cobertura obrigatória. Limitação da carga horária. Danos morais não configurados. Parcial provimento. I. Caso em exame Ação de obrigação de fazer julgada parcialmente procedente para compelir operadora de plano de saúde a custear terapias multidisciplinares a menor com TEA. Recursos de ambas as partes: a ré pleiteia improcedência/restrições; o autor busca indenização por danos morais. II. Questão em discussão 2. Há duas questões: (i) obrigatoriedade e extensão da cobertura das terapias prescritas, inclusive fora do rol da ANS; (ii) configuração de dano moral pela negativa inicial de cobertura. III. Razões de decidir 3. Aplicação do CDC e da Lei nº 9.656/1998. Dever de cobertura das terapias indicadas ao paciente com TEA, nos termos da Lei nº 14.454/2022 e Resoluções ANS nº 465/2021 e 539/2022. 4. Possibilidade de inclusão de terapias não previstas no rol da ANS, diante da prescrição médica e peculiaridade do transtorno global do desenvolvimento. 5. Carga horária de 46 horas semanais excessiva, admitindo-se limitação a 20 horas semanais, conforme critérios de razoabilidade e interesse do menor. 6. Dano moral não configurado, ausente prova de abalo relevante, nos termos do Tema 1365 do STJ. IV. Dispositivo e tese 7. Recurso da ré parcialmente provido e recurso adesivo desprovido. Tese de julgamento: É obrigatória a cobertura de tratamento multidisciplinar a paciente com TEA, ainda que fora do rol da ANS, desde que prescrito. A carga horária das terapias pode ser judicialmente limitada por critérios de razoabilidade. A negativa indevida de cobertura não gera, por si só, dano moral."
1116825-64.2024.8.26.0100,20753294,Apelação Cível,Planos de saúde,Márcio Boscaro,São Paulo,10ª Câmara de Direito Privado,10,Direito Privado,14/07/2026,22/07/2026,,False,False,64,"APELAÇÃO. PLANO DE SAÚDE . Cumprimento de sentença. Honorários advocatícios sucumbenciais. Base de cálculo. Decisão que limitou a incidência da verba honorária à condenação por danos morais. Insurgência. Cabimento. Obrigação de fazer de conteúdo econômico aferível, integrando o valor da condenação, para fins de incidência dos honorários sucumbenciais. Interpretação do título executivo em consonância com a jurisprudência do C. STJ. Sentença reformada. RECURSO PROVIDO."
1001813-11.2023.8.26.0464,20753127,Apelação Cível,Tratamento médico-hospitalar,JOAO JOSE CUSTODIO DA SILVEIRA,Pompéia,Núcleo 4.0-T. VII (DP1),,,22/07/2026,22/07/2026,,False,False,100,"APELAÇÃO CÍVEL. PLANO DE SAÚDE . OBRIGAÇÃO DE FAZER. FORNECIMENTO DE MEDICAMENTOS. MIGRÂNEA CRÔNICA. TOXINA BOTULÍNICA E GALCANEZUMABE. EXCLUSÃO LEGAL DE FÁRMACO PARA TRATAMENTO DOMICILIAR. REFORMA PARCIAL. RECURSO PARCIALMENTE PROVIDO.
1. O plano de saúde possui a obrigação de custear o tratamento com toxina botulínica para enxaqueca crônica refratária, uma vez que o procedimento está previsto no rol da agência reguladora e restou demonstrada a sua imprescindibilidade por laudo pericial.
2. O fornecimento do medicamento galcanezumabe configura hipótese de exclusão da cobertura assistencial obrigatória, nos termos do art. 10, inciso VI, da Lei nº 9.656/1998, diante de sua natureza domiciliar."
1019801-19.2023.8.26.0020,20753118,Apelação Cível,Tratamento médico-hospitalar,JOAO JOSE CUSTODIO DA SILVEIRA,São Paulo,Núcleo 4.0-T. VII (DP1),,,22/07/2026,22/07/2026,,True,True,175,"DIREITO DO CONSUMIDOR. PLANO DE SAÚDE . NEGATIVA DE COBERTURA . PROCEDIMENTO CIRÚRGICO. DIRETRIZ DE UTILIZAÇÃO Nº 39. INTERPRETAÇÃO TELEOLÓGICA. ENQUADRAMENTO CONFIGURADO. SUBSIDIARIAMENTE, TAXATIVIDADE MITIGADA DO ROL DA ANS. REQUISITOS DO ART. 10, § 13, DA LEI Nº 9.656/98 E DA ADI 7.265/STF PREENCHIDOS. OBRIGAÇÃO DE FAZER MANTIDA. DANO MORAL NÃO CONFIGURADO. RECURSO ADESIVO PREJUDICADO. RECURSO PARCIALMENTE PROVIDO.
1. Comprovado o preenchimento, ainda que não literalmente, dos requisitos técnicos e clínicos estabelecidos na Diretriz de Utilização nº 39 para a cobertura do procedimento de neuroestimulação sacral prescrito ao beneficiário, é devida a cobertura pleiteada; ainda que assim não se entendesse, subsistiria a obrigação de fazer à luz do preenchimento dos requisitos cumulativos fixados na ADI 7.265/STF para a cobertura excepcional de tratamento extra-rol.
2. A negativa de cobertura fundada em controvérsia administrativa e técnica razoável, ulteriormente superada com a autorização do procedimento, configura mero inadimplemento contratual, insuficiente, por si só, para caracterizar dano moral indenizável.
3. Afastada a condenação por danos morais, resta prejudicada a pretensão do recurso adesivo voltada à majoração do respectivo montante."
1017562-14.2023.8.26.0482,20753098,Apelação Cível,Fornecimento de medicamentos,Fernando Marcondes,Presidente Prudente,2ª Câmara de Direito Privado,2,Direito Privado,21/07/2026,22/07/2026,,False,False,240,"Direito do consumidor. Apelação. Plano de saúde . Paciente menor diagnosticada com diabete mellitus tipo 1. Bomba de insulina. Recusa injustificada. Recurso provido.
I. Caso em exame
1. Apelação interposta contra sentença que julgou improcedente pedido autoral, que visava compelir operadora de saúde a arcar com custos de tratamento médico de autora, especializado na enfermidade ""Diabetes Mellitus Tipo 1"", por prazo indeterminado e sem limite de sessões, até alta médica. 
II. Questão em discussão
2. A questão em discussão consiste em: (i) ausência de previsão contratual e no Rol da ANS para o tratamento prescrito; e (ii) legalidade da recusa em fornecer medicamento de uso domiciliar. 
III. Razões de decidir
3. A relação jurídica é regida pelo Código de Defesa do Consumidor, sendo abusiva a exclusão de cobertura de tratamento prescrito por médico, conforme jurisprudência e legislação vigente. 
IV. Dispositivo e tese 
4. Recurso provido. 
Tese de julgamento: ""1. A exclusão de cobertura de tratamento prescrito por médico é abusiva. 2. A negativa de cobertura com base na ausência de previsão no Rol da ANS é mitigada pela legislação e jurisprudência.""
Legislação Citada: CPC, art. 85, § 2º; CDC, art. 51, IV; Lei nº 9.656/98, art. 35-F, art. 10, §§ 12 e 13; Lei nº 14.454/22.
Jurisprudência Citada: STJ, Súmula 608; Tema nº 1.316; TJSP, Apelação Cível 1010392-42.2023.8.26.0562, Rel. Schmitt Corrêa, 3ª Câmara de Direito Privado, j. 22/05/2025; Apelação 1009982-02.2021.8.26.0320, Rel. Álvaro Passos, 2ª Câmara de Direito Privado, j. 30/05/2023."
1004296-37.2024.8.26.0348,20752979,Apelação Cível,Tratamento médico-hospitalar,Luiz Arcuri,Mauá,Núcleo 4.0-T. VI (DP1),,,21/07/2026,21/07/2026,,True,True,69,"PLANO DE SAÚDE . MATERIAL PARA CIRURGIA. Exame do caso concreto. Cirurgia de osteotomia autorizada, contudo, houve negativa quanto ao enxerto ósseo (sintético). Necessidade do insumo que foi comprovada pela prova pericial médica. Ausência de elementos suficientes da operadora a infirmar as conclusões periciais. Sentença de parcial procedência que é mantida (não acolhido pedido indenizatório por dano moral). Recurso da ré desprovido, com majoração dos honorários advocatícios de sucumbência."
1007578-42.2024.8.26.0006,20752199,Apelação Cível,Fornecimento de medicamentos,Rosana Santiso,São Paulo,Núcleo 4.0-T. IV (DP1),,,21/07/2026,21/07/2026,,True,False,233,"DIREITO DO CONSUMIDOR. APELAÇÃO CÍVEL. AÇÃO DE OBRIGAÇÃO DE FAZER CUMULADA COM INDENIZAÇÃO POR DANO MORAL. IMPROCEDÊNCIA. PLANO DE SAÚDE . TRANSTORNO DO ESPECTRO AUTISTA. INDICAÇÃO DE CANABIDIOL. MEDICAMENTO DE USO DOMICILIAR. EXCLUSÃO DE COBERTURA. RECUSA LÍCITA. FUNDAMENTOS DA SENTENÇA RATIFICADOS. ART. 252, RITJSP. RECURSO DESPROVIDO.
I. Caso em exame
1. Trata-se de apelação interposta pela autora contra sentença que julgou improcedentes os pedidos formulados, objetivando o custeio do medicamento prescrito e a indenização por dano moral.
II. Questão em discussão
2. Discute-se a licitude da recusa de cobertura ao medicamento prescrito, sob fundamento de que seria de uso domiciliar.
III. Razões de decidir
3. Ratificação do pronunciamento recorrido, nos termos do art. 252 do RITJSP. Argumentação recursal que não abala os fundamentos expostos na r. sentença, que conduziram à improcedência da pretensão autoral.
4. Segurada, menor de idade, diagnosticada com transtorno do espectro autista, com indicação da médica assistente para uso de óleo canabidiol, medicamento de uso domiciliar. Expressa disposição legal que exclui a obrigação de cobertura da operadora do plano de saúde a tais medicamentos (art. 10, inciso VI da Lei n. 9.656/1998). Recusa de cobertura lícita. Precedentes do C. STJ. Improcedência mantida.
IV. Dispositivo
5. Negado provimento ao recurso. 
- Jurisprudência relevante citada: REsp n. 2.249.029/RJ, rel. Min. Humberto Martins, Terceira Turma, j. 8/6/2026; e EDcl no REsp n. 2.193.073/SP, rel. Min. Ricardo Villas Bôas Cueva, Terceira Turma, j. 25/8/2025."
1007018-37.2025.8.26.0048,20752401,Apelação Cível,Tratamento médico-hospitalar,Paulo Toledo,Atibaia,Núcleo 4.0-T. III (DP1),,,21/07/2026,21/07/2026,,False,False,202,"DIREITO CIVIL. AÇÃO DE OBRIGAÇÃO DE FAZER. PLANO DE SAÚDE . ALTERAÇÃO DA REDE CREDENCIADA. RECURSO NÃO PROVIDO.
I. CASO EM EXAME: Recurso de apelação interposto contra sentença que julgou parcialmente procedente ação de obrigação de fazer, condenando a ré ao custeio integral de exames de endoscopia e colonoscopia aos autores, a serem realizados no Hospital Novo Atibaia. A parte autora alega omissão quanto ao pedido de obrigação de fazer de caráter preventivo e inibitório para futuros descredenciamentos e requer o reconhecimento de downgrade assistencial do plano.
II. QUESTÕES EM DISCUSSÃO: (i) analisar a obrigação de fazer de natureza preventiva contra descredenciamentos futuros e (ii) determinar se a supressão de exames na instituição em tela configura downgrade assistencial material.
III. RAZÕES DE DECIDIR: 1. As normas do Código de Defesa do Consumidor são aplicáveis, conforme Súmula 608 do STJ. A sentença de primeiro grau conferiu proteção jurídica adequada, não demandando reforma. A condenação deve se restringir a fatos concretos, não abrangendo eventos futuros e incertos, conforme artigos 322, 324 e 492 do CPC. 2. A supressão de exames ambulatoriais simples não configura downgrade assistencial, pois o hospital indicado permanece na rede referenciada para demais serviços.
IV. DISPOSITIVO: Recurso não provido. Sentença mantida."
1002245-84.2025.8.26.0003,20752070,Apelação Cível,Planos de saúde,Paulo Toledo,São Paulo,Núcleo 4.0-T. III (DP1),,,21/07/2026,21/07/2026,7848.12,False,False,246,"APELAÇÃO CÍVEL. PLANO DE SAÚDE . INDENIZAÇÃO POR DANOS MATERIAIS. INTERNAÇÃO DE URGÊNCIA EM HOSPITAL NÃO CREDENCIADO. PRELIMINAR DE DIALETICIDADE REJEITADA. EXIGÊNCIA DE COMPROVAÇÃO DE DESEMBOLSO AFASTADA. NOTA FISCAL QUE SUPRE A EXIGÊNCIA CONTRATUAL. ALEGAÇÃO DE DUPLICIDADE NÃO DEMONSTRADA. RECURSO DESPROVIDO.
I. CASO EM EXAME: Apelação interposta por operadora de plano de saúde contra sentença de procedência que a condenou ao pagamento de indenização por danos materiais (R$ 7.848,12), a título de despesas hospitalares complementares e urgentes realizadas por beneficiária em nosocômio não credenciado.
II. QUESTÕES EM DISCUSSÃO: (i) O preenchimento do princípio da dialeticidade; (ii) a suficiência da nota fiscal desacompanhada de recibo para amparar a pretensão reparatória; (iii) o ônus da prova quanto à alegada duplicidade de cobrança com valores pagos em demanda pretérita.
III. RAZÕES DE DECIDIR: 1. Rejeita-se a preliminar de inadmissibilidade por dialeticidade, eis que o apelo expôs satisfatoriamente os fundamentos de fato e de direito para a reforma do julgado. 2. Tratando-se de pretensão indenizatória decorrente de gastos com internação urgente e necessária, afasta-se a alegação de ""reembolso sem desembolso"". Cláusula contratual que prevê expressamente a nota fiscal ou o recibo como documentos aptos à liberação do ressarcimento. 3. Incumbia à operadora o ônus de provar fato impeditivo, modificativo ou extintivo do direito da autora (art. 373, II, CPC), demonstrando que a quantia já fora paga no feito anterior, providência não realizada e rebatida pela exclusão explícita da referida verba complementar na primeira sentença.
IV. DISPOSITIVO: Nega-se provimento ao recurso."
1000037-97.2026.8.26.0616,20752443,Apelação Cível,Tratamento médico-hospitalar,Paulo Toledo,Poá,Núcleo 4.0-T. III (DP1),,,21/07/2026,21/07/2026,10000.0,False,True,248,"APELAÇÃO CÍVEL. DIREITO À SAÚDE. PLANO DE SAÚDE . INTERNAÇÃO HOSPITALAR. ATENDIMENTO DE URGÊNCIA. RECUSA. CARÊNCIA CONTRATUAL. DANOS MORAIS. AÇÃO PROCEDENTE. RECURSO DA PARTE RÉ.
I. CASO EM EXAME: ação de obrigação de fazer e indenizatória, em razão de negativa de cobertura de atendimento de urgência, sob alegação de carência contratual. Sentença de procedência, ficando a operadora ré condenada a custear integralmente a internação e a reparar os danos morais, no valor de R$ 10.000,00. A parte requerida recorre, alegando, em suma, a validade da cláusula de carência e ausência de ilicitude. Entende, ainda, pela não configuração de danos morais ou pela redução do quanto indenizatório.
II. QUESTÕES EM DISCUSSÃO: (i) saber se a cláusula de carência invocada justificava a recursa operada; e (ii) examinar se a negativa de cobertura autoriza a indenização por danos morais e se o quanto fixado é adequado.
III. RAZÕES DE DECIDIR: 1. Configuração de urgência médica, tornando abusiva a negativa de cobertura fundada em carência superior a 24 horas. 2. Igualmente abusiva a limitação de horas. 3. Elementos dos autos que demonstram, ademais, a mera migração de categoria de plano, sem exigência de novos prazos de carência. 4. A negativa indevida de cobertura expõe a saúde e a vida do paciente a risco e amplifica a angústia e o sofrimento próprios da enfermidade, configurando dano extrapatrimonial indenizável. 5. Indenização por danos morais devida, sendo ela fixada, ademais, em patamar adequado em face dos fatos narrados.
IV. DISPOSITIVO: recurso desprovido. Majoração dos honorários."
1022601-27.2025.8.26.0577,20751963,Apelação Cível,Tratamento médico-hospitalar,Rosana Santiso,São José dos Campos,Núcleo 4.0-T. IV (DP1),,,21/07/2026,21/07/2026,5136.0,True,False,237,"DIREITO DO CONSUMIDOR. APELAÇÃO CÍVEL. AÇÃO DE INDENIZAÇÃO POR DANOS MATERIAIS E MORAIS. PROCEDÊNCIA. PLANO DE SAÚDE . REEMBOLSO DE DESPESAS MÉDICO-HOSPITALARES. PRÉVIA SOLICITAÇÃO DE COBERTURA NÃO DEMONSTRADA. AUSÊNCIA DE COMPROVAÇÃO DO EFETIVO PAGAMENTO PELO BENEFICIÁRIO. NÃO CABIMENTO DE ""REEMBOLSO SEM DESEMBOLSO"". RECURSO PROVIDO.
I. Caso em exame
1. Trata-se de apelação interposta pela operadora ré em face da sentença que julgou procedentes os pedidos formulados pelo autor ex-segurado, condenando a requerida ao reembolso integral das despesas médico-hospitalares (R$5.136,00) e à indenização pelo dano moral causado (R$10.272,00).
II. Questão em discussão
2. Discute-se: (i) o direito de reembolso do ex-segurado pelas despesas médico-hospitalares; e (ii) a existência de dano moral ao segurado pelas recusas de cobertura e de reembolso por parte da operadora do plano de saúde .
III. Razões de decidir
3. Autor que não comprovou a prévia solicitação e a negativa de cobertura da operadora aos procedimentos cirúrgicos realizados em 2019. Sem prova, ademais, do efetivo desembolso das despesas cujo ressarcimento é pretendido.
4. Direito ao reembolso que pressupõe, naturalmente, o prévio desembolso, que não restou demonstrado pelo autor. Apresentação apenas de notas fiscais, desacompanhadas de comprovantes de pagamentos. Não cabimento do ""reembolso sem desembolso"". Precedente do C. STJ. Necessária reforma da r. sentença para julgar improcedentes os pedidos indenizatórios.
IV. Dispositivo
5. Recurso provido para julgar improcedente a ação.
Jurisprudência relevante citada: STJ, REsp 1.959.929/SP, Rel. Min. Marco Aurélio Bellizze, 3ª Turma, j. 22/11/2022."
1013830-30.2025.8.26.0005,20751921,Apelação Cível,Tratamento médico-hospitalar,Alcides Leopoldo,São Paulo,4ª Câmara de Direito Privado,4,Direito Privado,21/07/2026,21/07/2026,10000.0,True,False,284,"DIREITO DO CONSUMIDOR. APELAÇÃO. PLANO DE SAÚDE . DESCREDENCIAMENTO DE HOSPITAL. PRÁTICA ABUSIVA. RECURSO DESPROVIDO.
I. Caso em Exame
A autora, beneficiária de plano de saúde , estava em gestação de risco e realizava pré-natal no Hospital Cruz Azul, que foi descredenciado pela operadora sem notificação prévia e sem substituição por hospital equivalente, violando a Lei 9.656/98 e a Resolução Normativa nº 585/2023 da ANS. A sentença confirmou a tutela antecipada para que a ré finalize o pré-natal e o parto no Hospital Cruz Azul e condenou a ré ao pagamento de R$ 10.000,00 por danos morais.
II. Questão em Discussão
2. A questão em discussão consiste em (i) verificar a legalidade do descredenciamento do hospital sem a devida comunicação e substituição por equivalente e (ii) a existência de danos morais decorrentes da negativa de cobertura .
III. Razões de Decidir
3. A requerida não comprovou a equivalência entre o hospital descredenciado e os atualmente disponibilizados, configurando prática abusiva.
4. A recusa indevida à cobertura pleiteada pela autora, em situação de gravidez de risco, caracteriza dano moral.
IV. Dispositivo e Tese
5. Recurso desprovido. Tese de julgamento: 1. O descredenciamento de hospital sem substituição por equivalente e sem notificação prévia é prática abusiva. 2. A recusa indevida de cobertura em situação de risco caracteriza dano moral.
Legislação Citada: Lei 9.656/98, art. 17; Resolução Normativa nº 585/2023 da ANS; CPC/2015, art. 487, I; CPC/2015, art. 85, § 2º.
Jurisprudência Citada: STF, AI 637177 AgR, Rel. Min. Ricardo Lewandowski, Primeira Turma, j. 09.11.2010; STJ, 
EREsp 603.137/MG, Rel. Min. Castro Meira, Corte Especial, j. 02.08.2010; STJ, REsp 1119044/SP, Rel. Min. Nancy Andrighi, Terceira Turma, j. 22.02.2011; STJ, REsp 1677743/SP, Rel. Min. Nancy Andrighi, Terceira Turma, j. 08.10.2019."
1010060-35.2024.8.26.0079,20751914,Apelação Cível,Tratamento médico-hospitalar,Rosana Santiso,Botucatu,Núcleo 4.0-T. IV (DP1),,,21/07/2026,21/07/2026,5000.0,False,False,540,"DIREITO PROCESSUAL CIVIL. APELAÇÃO CÍVEL. PLANO DE SAÚDE . NEGATIVA DE COBERTURA . TRATAMENTO CIRÚRGICO PARA PÉ PLANO. PARAFUSO DE ARTRORRISE. TÉCNICA NÃO PREVISTA NO ROL DA ANS. ADI 7.265/STF. NECESSIDADE DE OBSERVÂNCIA DOS REQUISITOS CUMULATIVOS. AUSÊNCIA DE CONSULTA AO NATJUS. CERCEAMENTO DE DEFESA. ANULAÇÃO DA SENTENÇA. RETORNO DOS AUTOS À ORIGEM, COM DETERMINAÇÃO. RECURSO PROVIDO.
I. CASO EM EXAME
1. Apelação interposta pela operadora de plano de saúde ré contra sentença que julgou parcialmente procedente a ação para confirmar tutela de urgência e condená-la a autorizar tratamento cirúrgico para correção de pé plano, com utilização de parafuso de artrorrise prescrito pelo médico assistente da autora, bem como ao pagamento de indenização por danos morais no valor de R$5.000,00.
II. QUESTÃO EM DISCUSSÃO
2. Há duas questões em discussão: (i) definir se é obrigatória a cobertura, pelo plano de saúde , de técnica cirúrgica com utilização de parafuso de artrorrise, não prevista no rol de procedimentos e eventos em saúde da ANS, à luz do entendimento firmado pelo Supremo Tribunal Federal na ADI n. 7.265; e (ii) estabelecer se a sentença pode subsistir sem prévia consulta ao Núcleo de Apoio Técnico do Poder Judiciário (Nat-Jus) ou a entes com expertise técnica para aferição dos requisitos cumulativos exigidos pelo STF.
III. RAZÕES DE DECIDIR
3. O Supremo Tribunal Federal, no julgamento da ADI n. 7.265, conferiu interpretação conforme à Constituição ao §13 do art. 10 da Lei n. 9.656/1998, reconhecendo a possibilidade excepcional de cobertura de procedimentos não incluídos no rol da ANS, desde que preenchidos, cumulativamente, requisitos técnicos e jurídicos rigorosos. 
4. O precedente vinculante estabelece que a prescrição médica, isoladamente, não é suficiente para impor a cobertura de tratamento não previsto no rol da ANS, incumbindo ao magistrado verificar a presença dos requisitos fixados, mediante consulta prévia ao NAT-Jus ou a órgãos técnicos especializados. 
5. A Súmula 102 do TJSP, utilizada como fundamento na sentença recorrida, foi revogada, alinhando-se a jurisprudência estadual ao entendimento consolidado pelo STJ e pelo STF. 
6. No caso concreto, a autora foi diagnosticada com pé plano, tendo-lhe sido prescrito tratamento cirúrgico com utilização de parafuso de artrorrise, havendo controvérsia quanto à necessidade e adequação da técnica minimamente invasiva prescrita, inexistindo nos autos demonstração suficiente de que o método indicado seja superior, mais eficaz ou clinicamente imprescindível em relação ao procedimento convencional. 
7. A sentença foi proferida sem a necessária instrução técnica complementar, notadamente sem consulta ao NatJus ou realização de perícia judicial, apesar do requerimento formulado pela ré em sede de especificação de provas, o que inviabiliza a adequada aferição dos requisitos cumulativos exigidos pela ADI n. 7.265. 
8. A ausência dessa providência configura cerceamento de defesa e impõe a anulação da sentença, com determinação de reabertura da instrução probatória. 
IV. DISPOSITIVO
9. Recurso provido para anular a sentença, com determinação. 
Dispositivos relevantes citados: Lei n. 9.656/1998, art. 10, § 13; CPC, art. 1.026, § 2º.
Jurisprudência relevante citada: STF, ADI n. 7.265, j. 18.09.2025; STJ, Súmula 608; TJSP, Súmula 102; TJSP, Apelação Cível 1001720-35.2024.8.26.0554, Rel. Wilson Lisboa Ribeiro, 9ª Câmara de Direito Privado, j. 13/01/2026; TJSP, Apelação Cível 1028232-08.2024.8.26.0602, Rel. Lia Porto, 7ª Câmara de Direito Privado, j. 09/12/2025; TJSP, Apelação Cível 1025922-46.2025.8.26.0100, Rel. Débora Brandão, 6ª Câmara de Direito Privado, j. 24/11/2025."
1004848-03.2024.8.26.0477,20751895,Apelação Cível,Tratamento médico-hospitalar,Rosana Santiso,Praia Grande,Núcleo 4.0-T. IV (DP1),,,21/07/2026,21/07/2026,10000.0,True,False,309,"DIREITO CIVIL E DO CONSUMIDOR. APELAÇÃO CÍVEL. PLANO DE SAÚDE . TRATAMENTO ONCOLÓGICO. NEGATIVA DE COBERTURA . INADIMPLÊNCIA PERANTE A REDE CREDENCIADA. FALHA NA PRESTAÇÃO DO SERVIÇO. DANO MORAL CONFIGURADO. TEMA 1365 DO C. STJ. MONTANTE INDENIZATÓRIO ADEQUADO. RECURSO DESPROVIDO.
I. CASO EM EXAME
Apelação interposta pela ré contra sentença que julgou parcialmente procedente a ação ajuizada para condená-la ao custeio do tratamento médico prescrito, bem como ao pagamento de R$10.000,00 a título de indenização por danos morais.
II. QUESTÃO EM DISCUSSÃO 
As questões em discussão consistem em: (i) analisar a responsabilidade da operadora sucessora (Unimed-FERJ) pela cobertura do tratamento prescrito ao autor; (ii) avaliar a existência de dano moral indenizável decorrente da interrupção de tratamento oncológico, bem como a adequação do montante fixado.
III. RAZÕES DE DECIDIR 
1. Requerida que assumiu a responsabilidade pela assistência à saúde dos beneficiários da Unimed Rio, conforme admitido em habilitação nos autos e comprovado documentalmente, não prosperando a tese de exclusão de responsabilidade por migração de carteira.
2. Compartilhamento da gestão assistencial com a Unimed Brasil que não afasta o dever de cobertura, ante a existência de responsabilidade solidária entre os integrantes da cadeia de fornecimento de serviços, nos termos do artigo 7º, parágrafo único, do Código de Defesa do Consumidor.
3. Falha na prestação do serviço evidenciada. A autorização formal do tratamento sem o correspondente pagamento à clínica credenciada constitui negativa indireta de cobertura, impedindo a continuidade de terapia essencial à saúde do paciente.
4. Dano moral configurado. Preenchimento dos requisitos previstos pelo C. STJ no julgamento do Tema 1365 pois evidenciado ter havido efetiva alteração anímica que extrapolou o mero aborrecimento, causando abalo à esfera extrapatrimonial do autor, justificando a indenização pleiteada. Montante fixado em R$10.000,00 que se mostra adequado à extensão do dano e atende ao propósito educativo e punitivo, sem ensejar enriquecimento sem causa.
IV. DISPOSITIVO
Recurso desprovido."
1019615-82.2025.8.26.0001,20752087,Apelação Cível,Planos de saúde,Regis de Castilho Barbosa Filho,São Paulo,Núcleo 4.0-T. VI (DP1),,,07/07/2026,21/07/2026,10000.0,True,False,359,"DIREITO CIVIL. APELAÇÃO. PLANOS DE SAÚDE . SENTENÇA DE PARCIAL PROCEDÊNCIA. RECURSO PARCIALMENTE PROVIDO. I. Caso em Exame 1. Recurso de apelação contra sentença que julgou parcialmente procedente ação de obrigação de fazer e condenou a ré a autorizar e custear a internação do autor em UTI/quarto, com cobertura integral de procedimentos de urgência, no hospital São Camilo. O autor busca reforma para inclusão de indenização por dano moral de R$ 10.000,00 e fixação de honorários em 10% sobre o valor da causa. II. Questão em Discussão 2. A questão em discussão consiste em (i) a legalidade da exclusão de cobertura do tratamento por prazo de carência e (ii) a fixação de indenização por danos morais e honorários advocatícios.. 3. No caso em apreço, restou suficientemente comprovado o quadro de emergência apresentado pelo apelante. III. Razões de Decidir 3. Constata-se, à luz dos artigos 12, inciso V, alínea ""c"", e 35, inciso I, da Lei n.º 9.656/1998 (Lei dos Planos de Saúde ), a obrigatoriedade da cobertura pelo plano de saúde , nos casos de urgência e emergência dos seus beneficiários, em que haja risco imediato de vida ou de lesões irreparáveis, observado, ainda, que, nessas situações, o período de carência não poderá ser superior a 24 horas. 4. A negativa da operadora em custear a internação e o tratamento médico prescrito à parte demandante violou seu direito, legal e contratualmente assegurado, e lhe causou dano moral, tendo em vista que ele, acometido por séria doença, foi indevidamente exposto a panorama de incerteza, temor e precariedade que extrapola a órbita do ordinário. 5. Fixação da verba honorária em percentual sobre o valor da causa. Inviabilidade. O valor da causa foi artificialmente inflado, de sorte que a fixação resultaria em verba exagerada e não condizente com o trabalho profissional realizado. Incidência do artigo 85, § 8º, do Código de Processo Civil, para a fixação da verba por apreciação equitativa. Manutenção do arbitramento em R$ 1.500,00, valor que melhor atende aos critérios de razoabilidade e proporcionalidade IV. Dispositivo. 4. Recurso parcialmente provido. Sentença parcialmente reformada para condenar a parte requerida a pagar indenização por danos morais no valor de R$ 5.000,00."
1176814-98.2024.8.26.0100,20752094,Apelação Cível,Tratamento médico-hospitalar,Regis de Castilho Barbosa Filho,São Paulo,Núcleo 4.0-T. VI (DP1),,,07/07/2026,21/07/2026,,False,False,246,"DIREITO CIVIL. APELAÇÃO. PLANO DE SAÚDE . REEMBOLSO DE DESPESAS MÉDICAS. SENTENÇA DE PARCIAL PROCEDÊNCIA. RECURSO NÃO CONHECIDO. I. Caso em Exame: 1. Cuida-se de ação de cobrança ajuizada com a finalidade de obter o reembolso das despesas decorrentes de procedimento médico de radioablação de lesão guiada por tomografia computadorizada, integralmente custeado pela autora em nosocômio não credenciado. II. Questão em Discussão: 2. A questão em discussão consiste em aferir a admissibilidade do recurso de apelação interposto pela operadora ré, diante do cumprimento voluntário da condenação e de suposta ofensa ao princípio da dialeticidade, bem como analisar o pleito de condenação por litigância de má-fé formulado em sede de contrarrazões. III. Razões de Decidir: 3. O cumprimento voluntário da obrigação imposta na sentença, realizado pela ré antes da interposição do apelo, constitui ato incompatível com a vontade de recorrer, o que configura aquiescência tácita e preclusão lógica, nos moldes do artigo 1.000 do Código de Processo Civil, de sorte que se impõe o não conhecimento do inconformismo por falta de interesse recursal. 4. Constata-se nítida ofensa ao princípio da dialeticidade, porquanto a recorrente fundamenta sua insurgência na necessidade de observância dos limites contratuais para o reembolso, exatamente nos mesmos termos em que determinado pelo juízo originário, o que demonstra a ausência de interesse recursal pela falta de utilidade. 5. Afasta-se o pleito de condenação às penas da litigância de má-fé, haja vista a ausência de demonstração inequívoca de dolo processual. IV. Dispositivo: 6. Recurso não conhecido."
1021463-62.2024.8.26.0576,20752460,Apelação Cível,Tratamento médico-hospitalar,Lucilia Alcione Prata,São José do Rio Preto,6ª Câmara de Direito Privado,6,Direito Privado,21/07/2026,21/07/2026,,False,False,203,"APELAÇÃO – PLANO DE SAÚDE - AÇÃO DE OBRIGAÇÃO DE FAZER CUMULADA COM INDENIZAÇÃO POR DANOS MORAIS - MENOR PORTADORA DE PARALISIA CEREBRAL –PRESCRIÇÃO MÉDICA DE TRATAMENTO INTENSIVO PELO PROTOCOLO PEDIASUIT E FMS - IMPROCEDÊNCIA -Operadora que não pode restringir a modalidade terapêutica prescrita para tratamento de doença coberta. Autora adolescente, portadora de encefalopatia crônica/paralisia cerebral, com diplegia espástica GMFCS I – Condição neuromotora que exige acompanhamento fisioterapêutico e reabilitação especializada. Tratamento prescrito por médico assistente –Técnica que não se confunde, no caso concreto, com órtese autônoma não ligada a ato cirúrgico, nem com tratamento meramente experimental desprovido de finalidade terapêutica.Ausência de previsão expressa no rol que não autoriza negativa automática de cobertura –Pareceres técnicos – Manifestações administrativas genéricas e pretéritas, de caráter orientativo, sem força vinculante absoluta.Aprovação das terapias pelo CONFITO - Operadora que não comprovou a existência de alternativa terapêutica equivalente, disponível na rede credenciada.Danos morais – Recusa indevida de cobertura que não ultrapassa mero inadimplemento contratual –Dano afastado.Sentença reformada – Obrigação de custeio integral do tratamento pelo protocolo PEDIASUIT e FMS, conforme prescrição médica e plano terapêutico atualizado – faculdade de indicação de prestador credenciado apto, sob pena de custeio em clínica particular ou reembolso integral - RECURSO PARCIALMENTE PROVIDO."
1004056-52.2025.8.26.0400,20751938,Apelação Cível,Tratamento médico-hospitalar,Regis de Castilho Barbosa Filho,Olímpia,Núcleo 4.0-T. VI (DP1),,,07/07/2026,21/07/2026,5000.0,True,False,210,"DIREITO CIVIL. APELAÇÃO. PLANO DE SAÚDE . INDENIZAÇÃO POR DANOS MORAIS. I. Caso em Exame 1. Recurso de apelação interposto por Ludmilla Cristina de Carvalho Gil contra Unimed São José do Rio Preto Coop. Trab. Médico, com vistas à reforma parcial da sentença para incluir indenização por danos morais devido à negativa de cobertura para criopreservação de óvulos, essencial para preservar a fertilidade durante tratamento oncológico. II. Questão em Discussão 2. A questão em discussão consiste em determinar se a negativa de cobertura para criopreservação de óvulos pelo plano de saúde configura ato ilícito passível de indenização por danos morais. III. Razões de Decidir 3. A negativa de cobertura pela ré, em situação de tratamento oncológico, configura ato ilícito, de forma a causar dano moral à autora, que foi exposta a sofrimento e incerteza. 4. A jurisprudência reconhece a obrigatoriedade de cobertura para criopreservação de óvulos em casos de tratamento médico que possa causar infertilidade, o que justifica a indenização por danos morais. IV. Dispositivo e Tese 5. Dá-se provimento ao recurso de apelação para condenar a ré ao pagamento de R$ 5.000,00 a título de indenização por danos morais, com juros e correção monetária. Inversão dos ônus sucumbenciais e fixação dos honorários advocatícios em razão do proveito econômico obtido."
1157093-97.2023.8.26.0100,20752117,Apelação Cível,Tratamento médico-hospitalar,Regis de Castilho Barbosa Filho,São Paulo,Núcleo 4.0-T. VI (DP1),,,07/07/2026,21/07/2026,,False,False,147,"DIREITO CIVIL. APELAÇÃO. CONTRATO DE PLANO DE SAÚDE . SENTENÇA DE PROCEDÊNCIA I. Caso em Exame. Recurso de apelação interposto contra sentença que julgou procedente ação cominatória com pedido de tutela de urgência e determinou que a ré custeie integralmente tratamento oncológico e reembolse despesas realizadas pela autora. II. Questão em Discussão 2. A questão em discussão consiste na legalidade da negativa de cobertura de tratamento oncológico prescrito, sob alegação de exclusão contratual e aplicação indevida do Código de Defesa do Consumidor. III. Razões de Decidir 3. A inaplicabilidade do Código de Defesa do Consumidor aos planos de saúde de autogestão não impede o reconhecimento da abusividade na negativa de cobertura de tratamento prescrito. 4. A prova pericial reconheceu que o tratamento com Lutécio (Lu-177) e o exame PET-CT Gálio 68 são indicados e não possuem alternativas eficazes no rol da ANS. IV. Dispositivo 5. Recurso desprovido."
1066199-44.2024.8.26.0002,20752210,Apelação Cível,Tratamento médico-hospitalar,Regis de Castilho Barbosa Filho,São Paulo,Núcleo 4.0-T. VI (DP1),,,07/07/2026,21/07/2026,,False,False,288,"DIREITO DO CONSUMIDOR E DA SAÚDE. APELAÇÃO CÍVEL. PLANO DE SAÚDE . AÇÃO DE OBRIGAÇÃO DE FAZER CUMULADA COM REPARAÇÃO POR DANOS MATERIAIS. TRATAMENTO MULTIDISCIPLINAR. MENOR DIAGNOSTICADO COM TRANSTORNO DO ESPECTRO AUTISTA (TEA). SENTENÇA DE PARCIAL PROCEDÊNCIA. RECURSO DESPROVIDO. I. Caso em Exame: 1. Cuida-se de ação de obrigação de fazer cumulada com obrigação de pagar ajuizada sob o fundamento de que a operadora ré efetuou apenas o reembolso parcial das despesas decorrentes de tratamento multidisciplinar especializado prescrito por profissional médica assistente. II. Questão em Discussão: 2. Cinge-se a controvérsia em verificar a legalidade da recusa de cobertura integral do tratamento multidisciplinar pelo método ABA fora da rede credenciada, bem como em definir a possibilidade de imposição de atendimento em estabelecimento referenciado situado em localidade distante do domicílio do beneficiário. III. Razões de Decidir: 3. O tratamento multidisciplinar prescrito ao autor possui expressa previsão no rol de procedimentos da Agência Nacional de Saúde Suplementar (ANS), o qual assegura cobertura ilimitada para psicologia, fonoaudiologia e terapia ocupacional voltadas ao Transtorno do Espectro Autista. 4. Conquanto o dever da operadora de saúde consista no fornecimento da assistência médica por meio de sua rede credenciada, tal regra admite mitigação em hipóteses excepcionais, nas quais se verifique a total inexistência de estabelecimento habilitado ou a inaptidão dos profissionais referenciados para o cumprimento da prescrição médica. 5. É ônus da operadora demonstrar de forma inequívoca a aptidão da clínica indicada por ela, encargo do qual não se desincumbiu a ré no caso concreto, visto que a própria demandada reconheceu nos autos a inexistência de estabelecimento credenciado habilitado próximo à residência do autor. 6. Desse modo, impõe-se o custeio do tratamento em clínica de livre escolha da parte autora. IV. Dispositivo: 7. Recurso desprovido."
1003770-77.2024.8.26.0572,20751863,Apelação Cível,Tratamento médico-hospitalar,Guilherme Santini Teodoro,São Joaquim da Barra,Núcleo 4.0-T. II (DP1),,,21/07/2026,21/07/2026,10000.0,True,False,129,"PLANO DE SAÚDE . Obrigação de fazer e reparação por danos morais. Quadro de cólica renal. Cobertura de internação hospitalar. Negativa. Sentença de procedência. Preliminar de ilegitimidade do hospital corréu. Acolhimento. Hospital que não concorreu com a negativa de cobertura , que resultou apenas de falha do serviço da operadora, a que relacionados danos morais. Situação de urgência/emergência (art. 35-C, Lei 9.656/98 e Súmulas 103 deste Tribunal de Justiça e 597 do STJ). Negativa abusiva. Impossibilidade de limitação da cobertura da internação a 12 horas. Resolução CONSU 13/98, ato normativo hierarquicamente inferior à Lei 9.656/98, que não pode limitar direito garantido por lei. Irrelevância da carência contratual. Dano moral configurado. Reparação bem arbitrada em R$ 10.000,00. Ônus sucumbenciais ajustados. Recurso do hospital corréu provido. Apelo da operadora corré desprovido."
1006027-18.2025.8.26.0224,20751864,Apelação Cível,Planos de saúde,Guilherme Santini Teodoro,Guarulhos,Núcleo 4.0-T. II (DP1),,,21/07/2026,21/07/2026,,False,False,106,"PLANO DE SAÚDE . Síndrome da transfusão feto-fetal (STFF – Estágio III - Grave). Prescrição de procedimento de cirurgia fetal a laser para ablação de vasos placentários, com urgência. Sentença de procedência. Recurso da ré. Negativa de cobertura . Inadmissibilidade. Pertinência do tratamento justificada por laudo médico fundamentado. Rol da ANS que é referência básica para os planos de saúde . Lei 14.454/2022, art. 10, §§ 12 e 13, I. Eficácia da prescrição à luz das ciências da saúde, baseada em evidências científicas e plano terapêutico, que determina a obrigação de cobertura pela operadora. Dever de reembolso integral. Despesas comprovadas. Litigância de má-fé. Inocorrência. Recurso desprovido."
1108378-90.2024.8.26.0002,20751870,Apelação Cível,Fornecimento de medicamentos,Guilherme Santini Teodoro,São Paulo,Núcleo 4.0-T. II (DP1),,,21/07/2026,21/07/2026,10000.0,False,False,142,"PLANO DE SAÚDE . Fornecimento de medicamento (Abemaciclibe). Paciente portadora de carcinoma de mama. Abusividade da recusa de cobertura reconhecida. Inconformismo das partes. Rejeição da impugnação ao valor da causa. Custo anual do tratamento reflete melhor o conteúdo econômico da demanda do que custo anual do contrato. Danos morais diretos configurados. Tema 1365 do STJ. Angústia e sofrimento desnecessários durante estado de saúde delicado da paciente e grave risco a sua integridade física. Reparação bem arbitrada em R$ 10.000,00. Danos morais reflexos não configurados. Falta de provas de que negativa repercutiu na esfera extrapatrimonial do marido da paciente em grau suficiente para ultrapassar o mero aborrecimento ou dissabor. Correção dos honorários advocatícios sucumbenciais, ora arbitrados com base no valor da causa, ante indeterminação do efetivo valor da condenação. Tema 1076 do STJ. Apelação da ré e recurso adesivo dos autores parcialmente providos."
1007272-31.2024.8.26.0020,20751277,Apelação Cível,Tratamento médico-hospitalar,Daniella Carla Russo,São Paulo,Núcleo 4.0-T. III (DP1),,,21/07/2026,21/07/2026,,False,False,607,"DIREITO DO CONSUMIDOR. APELAÇÃO. PLANO DE SAÚDE . AÇÃO DE OBRIGAÇÃO DE FAZER. NEGATIVA DE COBERTURA DE CIRURGIAS PLÁSTICAS REPARADORAS PÓS-BARIÁTRICA. PROCEDIMENTOS CIRÚRGICOS PRESCRITOS POR MÉDICO ASSISTENTE. NATUREZA REPARADORA E FUNCIONAL COMPROVADA POR PARECER TÉCNICO ESPECÍFICO DO NAT-JUS/SP. INTELIGÊNCIA DO TEMA Nº 1.069 DO C. STJ. TAXATIVIDADE MITIGADA DO ROL DA ANS. REQUISITOS DA ADI Nº 7265 DO E. STF PREENCHIDOS. RECURSO DA OPERADORA RÉ DESPROVIDO.
I. CASO EM EXAME.
1. Recurso de apelação da ré interposto contra sentença que julgou parcialmente procedente a ação para condenar a requerida na obrigação de autorizar todos os procedimentos, medicamentos, materiais, profissionais e a estrutura hospitalar necessários ao pleno restabelecimento da saúde da paciente, nos termos do relatório médico, bem como os demais procedimentos correlatos e associados à cirurgia plástica de caráter reparador e funcional.
II. QUESTÃO EM DISCUSSÃO.
2. A questão em discussão consiste em: (i) verificar se os procedimentos cirúrgicos pós bariátrica prescritos à autora possuem caráter reparador e funcional ou meramente estético; (ii) analisar a obrigatoriedade de cobertura dos referidos procedimentos à luz do entendimento firmado pelo C. STJ no Tema Repetitivo nº 1069; e (iii) examinar o preenchimentos dos requisitos cumulativos estabelecidos pelo E. STF no julgamento da ADI nº 7265 para a cobertura de procedimentos não previstos no rol da ANS.
III. RAZÕES DE DECIDIR.
3. Os procedimentos cirúrgicos prescritos à autora foram indicados pelo médico assistente para correção das sequelas decorrentes da expressiva perda ponderal obtida após a cirurgia bariátrica. Nos termos do Tema Repetitivo nº 1.069 do C. STJ, é de cobertura obrigatória a cirurgia plástica de caráter reparador ou funcional indicada a paciente submetido à cirurgia bariátrica, por constituir desdobramento do tratamento da obesidade mórbida.
4. A Nota Técnica nº 1976/2025 do NAT-JUS/SP, elaborada especificamente para o caso concreto, concluiu favoravelmente à realização dos procedimentos prescritos, reconhecendo que as cirurgias reparadoras estão associadas à melhora da funcionalidade e da qualidade de vida da autora. Tal conclusão encontra respaldo na Súmula nº 97 deste E. TJSP, segundo a qual não pode ser considerada simplesmente estética a cirurgia plástica complementar de tratamento de obesidade mórbida quando houver indicação médica.
5. A ausência de previsão expressa dos procedimentos no rol da ANS não afasta a obrigatoriedade de cobertura, uma vez que a Lei nº 14.454/2022, ao incluir os §§ 12 e 13 ao artigo 10 da Lei nº 9.656/1998, positivou a tese da taxatividade mitigada do rol, admitindo a cobertura de procedimentos não expressamente previstos quando demonstrada sua eficácia científica e observados os requisitos legais pertinentes
6. Os requisitos cumulativos fixados pelo E. STF no julgamento da ADI nº 7.265 encontram-se preenchidos no caso concreto, diante da existência de prescrição médica, da comprovação da eficácia e segurança dos procedimentos, corroborada pela Nota Técnica nº 1976/2025 do NAT-JUS/SP, da inexistência de negativa expressa da ANS ou de pendência de análise em proposta de atualização do rol, da ausência de alternativa terapêutica adequada indicada pela operadora e da inexistência de qualquer alegação ou prova de utilização de medicamentos, próteses ou dispositivos sem regularização perante a ANVISA.
IV. DISPOSITIVO E TESE
7. Recurso da ré desprovido.
Tese de julgamento: 
""1. É obrigatória a cobertura de cirurgia plástica de caráter reparador ou funcional indicada a paciente submetido à cirurgia bariátrica, quando destinada à correção das sequelas decorrentes da obesidade mórbida e da expressiva perda ponderal subsequente, especialmente quando a indicação médica é corroborada por parecer técnico favorável. 2. A ausência de previsão expressa do procedimento no rol da ANS não afasta, por si só, o dever de cobertura pela operadora de plano de saúde , desde que demonstrada a necessidade clínica do tratamento e preenchidos os requisitos legais aplicáveis."""
2059995-02.2026.8.26.0000,20751305,Agravo de Instrumento,Planos de saúde,Daniella Carla Russo,Osvaldo Cruz,Núcleo 4.0-T. III (DP1),,,21/07/2026,21/07/2026,,False,False,511,"DIREITO PROCESSUAL CIVIL. AGRAVO DE INSTRUMENTO. PLANO DE SAÚDE . PEDIDO DE EXTINÇÃO SEM RESOLUÇÃO DO MÉRITO POR ILEGITIMIDADE DE PARTE NEGADO. RESCISÃO DO CONTRATO COLETIVO ENTRE A EMPRESA ESTIPULANTE E A OPERADORA DE SAÚDE RÉ NO CURSO DA AÇÃO. NEGATIVA DE COBERTURA REALIZADA PELA RÉ, DURANTE A VIGÊNCIA DO CONTRATO. AGRAVO DA REQUERIDA. LEGITIMIDADE PASSIVA RECONHECIDA. RECURSO DA RÉ DESPROVIDO. 
I. CASO EM EXAME. 
1. Recurso de agravo de instrumento interposto pela ré contra decisão que rejeitou a alegação de ilegitimidade passiva, por entender que a negativa de cobertura ocorreu durante a vigência do contrato. 
2. A parte agravante pretende a concessão de tutela recursal para suspender o efeito da decisão agravada, com a posterior reforma, vez que, extinta a relação contratual e transferida a operação do plano de saúde para outra entidade, a operadora anterior não pode ser compelida a cumprir obrigações relativas à nova operadora, sob pena de violação ao devido processo legal e à boa-fé objetiva. Sustenta que não tem qualquer poder de ingerência sobre a apólice coletiva, apenas acatando às solicitações efetivadas pela empresa estipulante (SABESP), que é quem efetivamente controla o contrato coletivo e determina inclusões, exclusões de segurados e demais atos de gestão, devendo, portanto, ser excluída do polo passivo.
II. QUESTÃO EM DISCUSSÃO. 
3. A questão em discussão consiste em apurar a legitimidade passiva da ré para integrar o polo passivo da ação, diante da rescisão do contrato coletivo de plano de saúde celebrado entre a empresa estipulante (SABESP) e a operadora de saúde (Vivest), com a contratação de novo plano junto à operadora Hapvida.
III. RAZÕES DE DECIDIR. 
4. Inaplicável a RN 488/2022 da ANS e o Tema 1034 do C. STJ, como tenta sustentar a agravante, uma vez que não é objeto da lide a análise do direito de manutenção do plano de saúde após rescisão contratual, nos termos dos arts. 30 e 31 da Lei 9656/98.

O objeto da ação versa sobre a validade da negativa de cobertura da totalidade dos materiais e insumos prescritos pelo médico assistente para tratamento da enfermidade do autor, a qual foi praticada pela operadora de saúde responsável pelo contrato coletivo na época dos fatos.
5. O contrato de plano de saúde é de autogestão, razão pela qual não se aplica o Código de Defesa do Consumidor, conforme Súmula 608 do C. STJ. No entanto, os contratos devem obedecer aos princípios da boa-fé contratual e da função social do contrato, previstos nos arts. 421 e 422 do Código Civil.
6. No caso, os fatos narrados e que ensejaram a propositura da ação ocorreram durante a vigência do contrato celebrado com a ré, que foi a responsável pela negativa de cobertura de parte dos materiais prescritos ao autor para realização de procedimento cirúrgico, sendo, portanto, a parte legítima para ocupar o polo passivo da ação.
IV. DISPOSITIVO E TESE 
7. Recurso da ré desprovido. 
Tese de julgamento: 
""A rescisão do contrato coletivo de plano de saúde não afasta a legitimidade passiva da operadora de saúde acerca de atos por ela cometidos durante a vigência do contrato""."
1073243-82.2022.8.26.0100,20751346,Apelação Cível,Tratamento médico-hospitalar,José Carlos Ferreira Alves,São Paulo,2ª Câmara de Direito Privado,2,Direito Privado,21/07/2026,21/07/2026,,False,False,100,"APELAÇÃO CÍVEL – PLANO DE SAÚDE – Negativa de cobertura de prótese ortopédica necessária em razão da amputação da perna esquerda do paciente com trombose resultante Covid19 – Ação julgada procedente para condenar a ré a arcar com os custos do tratamento do autor – Inconformismo da ré – Demonstrada a abusividade da negativa de cobertura – Laudo técnico que elucidou a controvérsia, demonstrando a necessidade de cobertura do material pleiteado, destacando que resulta da continuidade da cirurgia de amputação – Escolha do material que compete ao médico e não ao plano de saúde - Sentença mantida – Recurso desprovido."
1023402-60.2024.8.26.0032,20750868,Apelação Cível,Tratamento médico-hospitalar,J.L. Mônaco da Silva,Araçatuba,5ª Câmara de Direito Privado,5,Direito Privado,21/07/2026,21/07/2026,,True,False,123,"AÇÃO DE OBRIGAÇÃO DE FAZER C.C. INDENIZAÇÃO - Plano de saúde - Procedência parcial do pedido - Inconformismo da ré - Acolhimento em parte - Pacientes portadores de transtorno do espectro autismo - Prescrição médica para tratamento multidisciplinar - Incidência do art. 51, § 1º, inc. II, do Código de Defesa do Consumidor, da Lei n. 14.454/2022 e dos princípios constitucionais do direito à vida e à saúde e da dignidade da pessoa humana - Abusividade da recusa configurada - Dano moral - Liminar deferida para determinar o custeio do tratamento prescrito logo no início da lide, evitando-se, assim, sofrimento desnecessário - Ausência de dano moral - Sentença reformada em parte para afastar a condenação em danos morais - Recurso provido em parte."
1010217-11.2025.8.26.0002,20750344,Apelação Cível,Tratamento médico-hospitalar,Viviani Nicolau,São Paulo,3ª Câmara de Direito Privado,3,Direito Privado,21/07/2026,21/07/2026,,False,False,433,"""DIREITO DO CONSUMIDOR E DIREITO PROCESSUAL CIVIL. APELAÇÃO CÍVEL. PLANO DE SAÚDE . AÇÃO DE OBRIGAÇÃO DE FAZER. DESCREDENCIAMENTO. REDIMENSIONAMENTO DE REDE HOSPITALAR. TRATAMENTO ONCOLÓGICO. HOSPITAL A.C. CAMARGO. AUSÊNCIA DE COMPROVAÇÃO DE SUBSTITUIÇÃO POR PRESTADOR EQUIVALENTE. VIOLAÇÃO AO ARTIGO 17 DA LEI Nº 9.656/98. FALHA NA PRESTAÇÃO DO SERVIÇO. MANUTENÇÃO DO CUSTEIO INTEGRAL DO TRATAMENTO. IMPOSSIBILIDADE DE LIMITAÇÃO AOS PARÂMETROS DE REEMBOLSO CONTRATUAL. SENTENÇA MANTIDA.

NEGADO PROVIMENTO AO RECURSO.
I. CASO EM EXAME
Apelação cível interposta contra sentença que julgou procedente ação de obrigação de fazer ajuizada por beneficiários de plano de saúde , determinando que a operadora mantivesse e custeasse integralmente o tratamento oncológico dos autores junto ao Hospital A.C. Camargo. 
A operadora sustenta a legalidade do descredenciamento/desabilitação do hospital, afirmando ter observado o artigo 17 da Lei nº 9.656/98 e a Resolução Normativa nº 567 da ANS, mediante comunicação prévia aos consumidores e indicação de hospital substituto equivalente. Subsidiariamente, requer a limitação do custeio aos parâmetros de reembolso previstos contratualmente. 
II. QUESTÃO EM DISCUSSÃO.
3. Há duas questões em discussão: (i) verificar a regularidade do descredenciamento/desabilitação do Hospital A.C. Camargo da rede credenciada do plano de saúde contratado pelos autores; e (ii) analisar a possibilidade de limitação do custeio aos parâmetros de reembolso contratualmente previstos.
III. RAZÕES DE DECIDIR.
4. Relação jurídica de consumo configurada. Aplicação do Código de Defesa do Consumidor, nos termos da Súmula nº 608 do Superior Tribunal de Justiça.
5. Beneficiários submetidos a tratamento oncológico contínuo junto ao Hospital A.C. Camargo, instituição de referência nacional em oncologia.
6. Nos termos do artigo 17 da Lei nº 9.656/98, a substituição de prestador hospitalar exige comunicação prévia ao consumidor e indicação de prestador equivalente.
7. Operadora que não se desincumbiu do ônus de demonstrar a efetiva equivalência técnica do hospital substituto indicado, nos termos do artigo 373, II, do Código de Processo Civil.
8. Mera alegação genérica de que o Hospital Paulistano seria referência em oncologia insuficiente para comprovar equivalência assistencial em relação ao Hospital A.C. Camargo.
9. Existência, ainda, de notícia de descumprimento da tutela de urgência deferida no curso da demanda, com alegação de agravamento do quadro clínico da autora após negativa de atendimento.
10. Violação aos princípios da boa-fé objetiva, da confiança legítima e da função social do contrato. Falha na prestação do serviço configurada.
11. Inviabilidade de limitação do custeio aos parâmetros de reembolso contratual, uma vez que a manutenção do tratamento decorre da ineficácia do descredenciamento promovido pela operadora.
12. Precedentes da 3ª Câmara de Direito Privado do Tribunal de Justiça de São Paulo.
IV. DISPOSITIVO
13. NEGADO PROVIMENTO AO RECURSO."" (VOTO nº 51308)."
1007672-87.2024.8.26.0006,20750755,Apelação Cível,Fornecimento de medicamentos,Viviani Nicolau,São Paulo,3ª Câmara de Direito Privado,3,Direito Privado,21/07/2026,21/07/2026,,False,False,179,"""DIREITO CIVIL E PROCESSUAL CIVIL. APELAÇÃO CÍVEL. PLANO DE SAÚDE . COBRANÇA HOSPITALAR. MEDICAMENTO UTILIZADO DURANTE INTERNAÇÃO EM UTI. BERIPLEX. COBERTURA DEVIDA. SENTENÇA PRESERVADA. NEGADO PROVIMENTO AO RECURSO.
I. CASO EM EXAME
1. Apelação cível interposta por operadora de plano de saúde contra sentença que declarou inexigível cobrança hospitalar referente ao medicamento Beriplex, utilizado durante internação do beneficiário, e condenou a operadora ao custeio integral do tratamento realizado. 
II. QUESTÃO EM DISCUSSÃO
2. A questão em discussão consiste em saber se a operadora do plano de saúde está obrigada a custear o medicamento Beriplex. 
III. RAZÕES DE DECIDIR
3. Rol da ANS que não possui caráter absolutamente taxativo. 
4. O beneficiário foi internado em UTI com diagnóstico de adenocarcinoma ductal de pâncreas e complicações clínicas relevantes. 
5. O medicamento possui registro sanitário junto à ANVISA e utilização hospitalar supervisionada, sendo prescrito em contexto de agravamento clínico e alterações laboratoriais objetivas.
6. Operadora que apresentou alegações genéricas, sem demonstrar alternativas terapêuticas adequadas, ineficácia do tratamento prescrito ou controvérsia científica relevante. 
IV. DISPOSITIVO
7. NEGADO PROVIMENTO AO RECURSO."" (voto nº 51578)."
1001071-59.2024.8.26.0008,20750908,Apelação Cível,Planos de saúde,Fatima Cristina Ruppert Mazzo,São Paulo,4ª Câmara de Direito Privado,4,Direito Privado,21/07/2026,21/07/2026,245922.02,True,False,215,"DIREITO CIVIL. APELAÇÃO CÍVEL. PLANO DE SAÚDE . RECURSO ESPECIAL. RETORNO DOS AUTOS PARA ANÁLISE DE JUÍZO DE RETRATAÇÃO. TEMA 1365 DO STJ. I. Caso em Exame. 1. Ação ajuizada por beneficiário de plano de saúde contra operadora para ressarcimento de despesas médicas e indenização por danos morais devido à negativa de cobertura de tratamento médico para enfermidade grave. Sentença de procedência condenou a ré ao reembolso de R$ 245.922,02 e ao pagamento de R$ 5.000,00 por danos morais. Apelação da ré foi negada, mantendo-se a condenação. II. Questão em Discussão. 2. A questão em discussão consiste em verificar se a negativa de cobertura por parte da operadora de saúde, no contexto específico do caso, configura dano moral indenizável, conforme a tese firmada pelo Superior Tribunal de Justiça no Tema 1365. III. Razões de Decidir. 3. O Superior Tribunal de Justiça estabeleceu que a recusa indevida de cobertura não gera automaticamente dano moral, sendo necessário demonstrar abalo anímico significativo. 4. No caso concreto, a negativa de cobertura ocorreu em contexto de vulnerabilidade do autor, com agravamento de doença grave, evidenciando abalo relevante à sua integridade física e psíquica, justificando a indenização por dano moral. IV. Dispositivo. 5. ACÓRDÃO MANTIDO. Legislação Citada: Código de Processo Civil, art. 1.030, II. Jurisprudência Citada: STJ, Tema Repetitivo nº 1365."
1035208-88.2024.8.26.0001,20750354,Embargos de Declaração Cível,Tratamento médico-hospitalar,Marcia Tessitore,São Paulo,Núcleo 4.0-T. II (DP1),,,21/07/2026,21/07/2026,,False,False,75,"PLANO DE SAÚDE . EMBARGOS DE DECLARAÇÃO OPOSTOS CONTRA ACÓRDÃO QUE NEGOU PROVIMENTO AO RECURSO INTERPOSTO PELA ORA EMBARGANTE. ALEGAÇÃO DE OMISSÃO, POIS NÃO ANALISADA A TESE CONTIDA NO TEMA 1365 DO STJ. NÃO SE VISLUMBRA OMISSÃO NO ACÓRDÃO, MAS SIM INCONFORMISMO DA EMBARGANTE COM A DECISÃO DESFAVORÁVEL. OS EMBARGOS DE DECLARAÇÃO NÃO SÃO MEIO HÁBIL PARA REEXAME DA MATÉRIA JÁ DECIDIDA, MAS APENAS PARA SANAR OMISSÃO, OBSCURIDADE OU CONTRADIÇÃO. DISPOSITIVO: EMBARGOS DE DECLARAÇÃO REJEITADOS."
1024208-85.2023.8.26.0564,20750937,Apelação Cível,Tratamento médico-hospitalar,Galdino Toledo Júnior,São Bernardo do Campo,9ª Câmara de Direito Privado,9,Direito Privado,21/07/2026,21/07/2026,,False,False,91,"PLANO DE SAÚDE - Negativa de cobertura de cirurgia de crioneurólise guiado por radioscopia em nervos geniculares e materiais - Improcedência decretada - Alegação da ré de que lícita a negativa de cobertura do procedimento posto não constar do rol de procedimentos obrigatórios da ANS - Conversão do julgamento em diligência - perícia médica realizada que concluiu pela necessidade do procedimento indicado ao autor, incluindo os materiais - Dever da ré, assim, de cobrir a cirurgia indicada ao autor, incluindo os materiais, consoante prescrição médica e laudo pericial - Recurso provido."
1012172-35.2024.8.26.0286,20749704,Apelação Cível,Municipais,Ricardo Chimenti,Itu,18ª Câmara de Direito Público,18,Direito Público,17/07/2026,21/07/2026,,False,False,97,"Apelação. Embargos à Execução Fiscal. Taxa de Fiscalização de Torres e Antenas. Alegação de nulidade da CDA, ante ausência de fundamentação legal. No mérito, alegação de ilegitimidade do Município para exigir a cobrança. Sentença que julgou procedentes os Embargos do executado. Impossibilidade. Recurso que não comporta conhecimento por inobservância a requisito extrínseco de admissibilidade. Município embargado que deduz argumentos relativos à nulidade da CDA, quando a r. sentença recorrida extinguiu o feito por motivo diverso. Razões recursais que se mostram desconexas com os fundamentos da r. sentença. Manifesta violação ao princípio da dialeticidade. Precedentes. Recurso não conhecido."
1011886-26.2025.8.26.0576,20749983,Apelação Cível,Planos de saúde,JOAO JOSE CUSTODIO DA SILVEIRA,São José do Rio Preto,Núcleo 4.0-T. VII (DP1),,,21/07/2026,21/07/2026,,True,False,122,"DIREITO DO CONSUMIDOR. PLANO DE SAÚDE . CANCELAMENTO UNILATERAL. INADIMPLÊNCIA PRETÉRITA SUPERADA. COMPORTAMENTO CONTRADITÓRIO DA OPERADORA. EMISSÃO E RECEBIMENTO DE MENSALIDADE POSTERIOR. VEDAÇÃO AO COMPORTAMENTO CONTRADITÓRIO. RESTABELECIMENTO DO CONTRATO MANTIDO. DANO MORAL NÃO CONFIGURADO. RECURSO PARCIALMENTE PROVIDO.
1.A emissão e o recebimento, pela operadora, de mensalidade vencida em momento posterior à inadimplência que fundamentaria a rescisão configuram comportamento contraditório, incompatível com a alegação de cancelamento válido e eficaz, impondo-se o restabelecimento do vínculo contratual.
2.A mera frustração decorrente de controvérsia contratual sobre a validade da rescisão, dirimida por meio de comportamento ambíguo da operadora e prontamente revertida pela via judicial mediante tutela de urgência, não ultrapassa o mero dissabor, não configurando lesão a direito da personalidade apta a gerar dano moral indenizável."
1006832-38.2024.8.26.0019,20749744,Embargos de Declaração Cível,Tratamento médico-hospitalar,Mônica Soares Machado,Americana,Núcleo 4.0-T. VIII (DP1),,,21/07/2026,21/07/2026,20700.0,False,False,488,"EMBARGOS DE DECLARAÇÃO. DIREITO CIVIL E PROCESSUAL CIVIL. PLANO DE SAÚDE . AUSÊNCIA DE OMISSÃO, CONTRADIÇÃO, OBSCURIDADE OU ERRO MATERIAL. PRETENSÃO DE REDISCUSSÃO DO MÉRITO. LEI Nº 14.454/2022. COBERTURA DE TRATAMENTO NÃO CONSTANTE DO ROL DA ANS. RECURSO DESPROVIDO.
I - CASO EM EXAME: Embargos de declaração opostos por Unimed de Santa Bárbara D'Oeste e Americana Cooperativa de Trabalho Médico contra acórdão que deu parcial provimento à apelação apenas para afastar a condenação por danos morais, mantendo, no mais, a sentença que determinou o ressarcimento de despesas médicas no valor de R$ 20.700,00. A embargante alega omissão quanto à ADI 7265 e parecer desfavorável do NATJUS, além de erro de premissa fática, porque o embargado já estava realizando o tratamento antes da solicitação administrativa e prequestiona a matéria.
II - QUESTÃO EM DISCUSSÃO: Consiste em saber se o acórdão embargado padece de omissão quanto à análise da ADI 7265 e do parecer técnico do NATJUS, bem como se houve erro de premissa fática acerca da livre escolha do médico pelo paciente, e, ainda, se cabível o acolhimento dos embargos para fins de prequestionamento.
III - RAZÕES DE DECIDIR: Os embargos de declaração têm finalidade restrita, não se prestando à rediscussão do mérito nem à revisão do julgamento anteriormente proferido – O acórdão enfrentou de forma suficiente e fundamentada todos os pontos relevantes da controvérsia, não sendo necessário rebater, de forma exaustiva, todos os argumentos das partes – Inexistência de omissão quanto ao parecer do NATJUS, tendo sido expressamente considerada a divergência técnica existente, bem como análise da documentação médica e da eficácia do tratamento – Correta aplicação da Lei nº 14.454/2022, que admite a cobertura de procedimentos não constantes do rol da ANS mediante comprovação científica e prescrição médica – Presença de elementos probatórios consistentes quanto à necessidade e eficácia do tratamento de dessensibilização oral, inclusive com melhora clínica do paciente – Inexistência de erro de premissa fática, pois comprovado que o tratamento inicial com profissional credenciado foi ineficaz, afastando a alegação de livre escolha injustificada de médico particular – Prequestionamento implícito reconhecido, sendo desnecessária menção expressa a dispositivos legais.
IV - Dispositivo e tese: Embargos rejeitados.
Teses de julgamento: 1. Os embargos de declaração não se prestam à rediscussão do mérito, sendo cabíveis apenas nas hipóteses do art. 1.022 do CPC. 2. Não há omissão quando o acórdão enfrenta suficientemente as questões essenciais ao deslinde da controvérsia, ainda que não analise todos os argumentos das partes. 3. O rol da ANS possui caráter exemplificativo mitigado, admitindo cobertura de tratamentos não previstos mediante comprovação de eficácia científica e prescrição médica. 4. A divergência entre pareceres técnicos, como os do NATJUS, deve ser resolvida à luz do conjunto probatório, especialmente da evidência clínica individualizada. 
Legislação citada: Lei nº 9.656/1998, art. 10, § 13 (com redação da Lei nº 14.454/2022).
Jurisprudência citada: TJSP; Embargos de Declaração Cível 1018560-60.2023.8.26.0068; Rel. Carlos Castilho Aguiar França; 4ª Câmara de Direito Privado; j. 22.01.2026."
1000356-12.2025.8.26.0548,20749015,Apelação Cível,Tratamento médico-hospitalar,Léa Duarte,Campinas,Núcleo 4.0-T. IV (DP1),,,21/07/2026,21/07/2026,,True,False,347,"DIREITO CIVIL E DO CONSUMIDOR. APELAÇÃO. PLANO DE SAÚDE . MENOR IMPÚBERE. NEGATIVA DE INTERNAÇÃO EM URGÊNCIA. CARÊNCIA CONTRATUAL. OBRIGAÇÃO DE FAZER. DANOS MORAIS. PARCIAL PROVIMENTO.
I. CASO EM EXAME
1. Apelação em ação de obrigação de fazer cumulada com indenização por danos morais proposta por menor impúbere, representado por sua genitora, em face de operadora de plano de saúde , em razão de negativa de internação hospitalar de urgência sob alegação de carência contratual, apesar de indicação médica de internação imediata. A sentença julgou procedentes os pedidos, determinando o custeio do tratamento e condenando a ré ao pagamento de danos morais.
II. QUESTÃO EM DISCUSSÃO
2. Há duas questões em discussão: (i) definir se houve interesse de agir diante de alegada autorização administrativa posterior; (ii) verificar se a negativa de cobertura em situação de urgência configura dano moral indenizável.
III. RAZÕES DE DECIDIR
3. O interesse de agir está configurado quando há necessidade de provocação do Judiciário diante de recusa ou limitação de cobertura, ainda que posterior autorização administrativa não afaste a resistência inicial.
4. A limitação de cobertura à permanência em pronto-socorro, em contexto de urgência pediátrica, caracteriza resistência suficiente para justificar a demanda judicial.
5. A obrigação de custeio do tratamento decorre da abusividade da negativa de internação em situação de urgência, conforme legislação e jurisprudência aplicáveis.
6. O dano moral não se configura automaticamente pela negativa de cobertura , exigindo demonstração de efetivo abalo extrapatrimonial, nos termos do entendimento do STJ (Tema 1.365).
7. No caso concreto, não há prova de agravamento do quadro clínico, exposição vexatória ou violação concreta a direitos da personalidade, caracterizando mero inadimplemento contratual, afastando a ocorrência de dano moral indenizável em razão da ausência de repercussão significativa do ilícito.
IV. DISPOSITIVO E TESE
9. Recurso parcialmente provido apenas para afastar a condenação da ré ao pagamento de indenização por danos morais.
Dispositivos relevantes citados: CPC, art. 17, art. 485, VI; CF, arts. 196 e 227; Lei nº 9.656/1998, art. 12, V, ""c"", art. 35-C.
Jurisprudência relevante citada: STJ, Tema 1.365; TJSP, Apelações Cíveis nº 1025262-13.2024.8.26.0577 e nº 1002571-82.2024.8.26.0228"
1000125-31.2024.8.26.0544,20747262,Apelação Cível,Tratamento médico-hospitalar,James Siano,Jundiaí,5ª Câmara de Direito Privado,5,Direito Privado,20/07/2026,20/07/2026,10000.0,False,False,176,"DIREITO CIVIL. APELAÇÃO. PLANO DE SAÚDE . OBRIGAÇÃO DE FAZER C.C. INDENIZAÇÃO. 
I. Caso em Exame:
Trata-se de apelações interpostas contra a sentença que julgou procedente ação de obrigação de fazer c.c. indenização para condenar a autorizar e disponibilizar ao autor o tratamento com o medicamento Spravato, conforme prescrição médica, além do pagamento de indenização por danos morais no valor de R$ 10.000,00.
II. Questão em Discussão:
A questão em discussão consiste em verificar: (i) se houve cerceamento de defesa; (ii) a licitude da negativa de cobertura para o tratamento prescrito; (iii) a base de cálculo dos honorários sucumbenciais.
III. Razões de Decidir:
Cerceamento de defesa. Não ocorrência. Compete ao médico e não ao plano de saúde indicar qual o tratamento mais adequado para o paciente. O autor foi diagnosticado com transtorno psiquiátrico grave, com quadros depressivos resistentes e ideação suicida. Prescrição para realização do tratamento com o medicamento Spravato. Cobertura devida. Precedentes. Honorários advocatícios sucumbenciais que devem incidir sobre o valor total da condenação. Precedente do STJ.
Recurso do autor provido, improvido o da ré."
1030324-39.2021.8.26.0577,20748634,Apelação Cível,Tratamento médico-hospitalar,Marcia Dalla Déa Barone,São José dos Campos,4ª Câmara de Direito Privado,4,Direito Privado,20/07/2026,20/07/2026,,True,False,542,"DIREITO CIVIL E DO CONSUMIDOR. APELAÇÕES CÍVEIS. PLANO DE SAÚDE . CIRURGIAS PLÁSTICAS PÓS-BARIÁTRICAS. TEMA 1069 DO STJ. PROCEDIMENTOS DE COBERTURA OBRIGATÓRIA QUANDO DEMONSTRADO CARÁTER REPARADOR OU FUNCIONAL. TORACOPLASTIA DORSAL RECONHECIDA COMO PROCEDIMENTO ESTÉTICO PELA PROVA PERICIAL. DANOS MORAIS NÃO CONFIGURADOS. RECURSO DA RÉ PARCIALMENTE PROVIDO. RECURSO DA AUTORA NÃO PROVIDO.
I. CASO EM EXAME
1. Ação de obrigação de fazer cumulada com indenização por danos morais proposta por beneficiária de plano de saúde que, após cirurgia bariátrica e significativa perda ponderal, pleiteou a cobertura de cirurgias plásticas pós-bariátricas indicadas por médico assistente. A sentença julgou parcialmente procedente o pedido para condenar a operadora ao custeio da abdominoplastia, do tratamento cirúrgico das coxas e da toracoplastia dorsal, afastada a indenização por danos morais.
II. QUESTÃO EM DISCUSSÃO
2. A questão em discussão consiste em definir: (i) se o cancelamento posterior do contrato e a alegação de doença preexistente afastam a obrigação de cobertura; (ii) se os procedimentos indicados possuem caráter reparador ou funcional, nos termos do Tema 1069 do STJ e (iii) se a negativa de cobertura autoriza indenização por danos morais.
III. RAZÕES DE DECIDIR
3. O cancelamento do contrato após o ajuizamento da ação não implica perda superveniente do objeto, pois os procedimentos foram prescritos durante a vigência contratual. A alegação de doença preexistente também não afasta a cobertura quando ausentes exame médico prévio e prova de má-fé da beneficiária, conforme Súmula 609 do STJ e Súmula 105 do TJSP.
4. Nos termos do Tema 1069 do STJ, o plano de saúde deve custear cirurgia plástica pós-bariátrica quando comprovado seu caráter reparador ou funcional. No caso, a prova pericial reconheceu caráter reparador apenas ao tratamento cirúrgico das coxas e retificou a conclusão quanto à toracoplastia dorsal, classificando-a como procedimento de natureza estética.
5. A negativa de cobertura , embora parcialmente indevida, não gera dano moral quando fundada em controvérsia contratual e desacompanhada de circunstância excepcional apta a caracterizar violação a direito da personalidade.
IV. DISPOSITIVO E TESE
6. Recurso da ré parcialmente provido e da autora não provido.
Tese de julgamento: 1. O cancelamento do contrato de plano de saúde após o ajuizamento da ação não afasta o interesse processual quando os procedimentos foram prescritos durante a vigência contratual. 2. A negativa de cobertura por doença preexistente é ilícita quando não comprovados exame médico prévio ou má-fé da beneficiária. 3. A cobertura de cirurgia plástica pós-bariátrica limita-se aos procedimentos de caráter reparador ou funcional, não abrangendo aqueles reconhecidos como estéticos pela prova pericial. 4. A negativa de cobertura fundada em controvérsia contratual não enseja dano moral sem demonstração de circunstância excepcional.
Legislação citada: Código de Processo Civil, art. 85, § 11. Lei 9.656/98, art. 10. RN 162/2007.
Jurisprudência citada: STJ, REsp 1.870.834/SP e REsp 1.872.321/SP, Tema 1069; STJ, Súmula 609; TJSP, Súmula 105; TJSP, Apelação Cível 1010324-55.2019.8.26.0361, Rel. Vitor Frederico Kümpel, 4ª Câmara de Direito Privado, j. 18/11/2024; TJSP, Apelação Cível 1009537-50.2021.8.26.0007, Rel. João Pazine Neto, 3ª Câmara de Direito Privado, j. 22/07/2025; TJSP, Apelação Cível 1057827-40.2023.8.26.0100, Rel. Pedro de Alcântara da Silva Leme Filho, 8ª Câmara de Direito Privado, j. 06/06/2025; TJSP, Apelação Cível 1002509-03.2021.8.26.0566, Rel. Miguel Brandi, 7ª Câmara de Direito Privado, j. 11/12/2024; TJSP, Apelação Cível 1003159-79.2023.8.26.0566, Rel. Márcio Boscaroagu, 10ª Câmara de Direito Privado, j. 06/12/2024."
1031056-82.2024.8.26.0005,20748590,Embargos de Declaração Cível,Planos de saúde,Olavo Sá,São Paulo,Núcleo 4.0-T. I (DP1),,,20/07/2026,20/07/2026,,False,False,57,EMBARGOS DE DECLARAÇÃO. PLANO DE SAÚDE . AÇÃO DE OBRIGAÇÃO DE FAZER CUMULADA COM INDENIZAÇÃO POR DANOS MORAIS. DEMORA NA AUTORIZAÇÃO DE PROCEDIMENTO CIRÚRGICO. ALEGAÇÃO DE OMISSÃO E CONTRADIÇÃO NO V. ACÓRDÃO. VÍCIOS INEXISTENTES. MATÉRIA DEVOLVIDA DEVIDAMENTE ENFRENTADA. NÍTIDO CARÁTER DE REDISCUSSÃO DO MÉRITO. INCONFORMISMO COM O RESULTADO DO JULGAMENTO. VIA RECURSAL INADEQUADA. EMBARGOS DE DECLARAÇÃO REJEITADOS.
1006608-74.2025.8.26.0566,20748564,Apelação Cível,Tratamento médico-hospitalar,Olavo Sá,São Carlos,Núcleo 4.0-T. I (DP1),,,20/07/2026,20/07/2026,,True,False,130,"APELAÇÃO CÍVEL. Direito do Consumidor. Tratamento médico-hospitalar. Ação Indenizatória. Ressarcimento de despesas. Dano moral. Sentença de procedência. Apelo da ré.
Preliminar de cerceamento de defesa rejeitada. Relatório médico e informação NATJUS: suficiente esclarecimento técnico do único fato controvertido. Situação de urgência que restou demonstrado: dengue com sangramento gengival e derrame pleural – tipo C. Elementos dos autos que permitem concluir pela necessidade de internação. Situação de urgência que exige o prazo máximo de carência de 24 horas da contratação. Súmula nº 103 do E. TJSP e Súmula nº 597 do C. STJ. Dano moral afastado. Descumprimento contratual não gera, automaticamente, direito à indenização por danos morais. Ausente a comprovação de efetivo prejuízo extrapatrimonial. Sentença reformada para afastar a condenação indenizatória de ordem moral. Sucumbência recíproca reconhecida. RECURSO PROVIDO EM PARTE."
1003440-52.2021.8.26.0292,20748584,Apelação Cível,Planos de saúde,Maurício Velho,Jacareí,4ª Câmara de Direito Privado,4,Direito Privado,20/07/2026,20/07/2026,,True,False,450,"CONSUMIDOR E DIREITO PRIVADO. APELAÇÃO CÍVEL. JUÍZO DE RETRATAÇÃO. PLANO DE SAÚDE . COMPLICAÇÃO OBSTÉTRICA. SÍNDROME DE TRANSFUSÃO FETO-FETAL. NEGATIVA DE COBERTURA . URGÊNCIA CARACTERIZADA. REEMBOLSO INTEGRAL. DANO MORAL CONFIGURADO POR SOFRIMENTO EXCEPCIONAL COMPROVADO IN CONCRETO. DISTINÇÃO DO TEMA 1365 DO STJ. MANUTENÇÃO INTEGRAL DA SENTENÇA. RECURSO DESPROVIDO.
I. CASO EM EXAME
Apelação interposta contra sentença de fls. 359/364 que determinou o reembolso integral de custos com cirurgia fetal de urgência e condenou a ré ao pagamento de indenização por danos morais. Acórdão originário que afastou a condenação extrapatrimonial por entender inexistir ofensa a direitos da personalidade na mera recusa de cobertura contratual. Devolução dos autos pela Presidência da Seção de Direito Privado para reexame do cabimento da verba compensatória em face das diretrizes do Tema Repetitivo 1365 do Superior Tribunal de Justiça.
II. QUESTÃO EM DISCUSSÃO
As questões em discussão consistem em: a) caracterizar a abusividade de recusa de cobertura de tratamento de urgência gestacional consistente em cirurgia de ablação de vasos por via endoscópica; b) definir o direito ao reembolso integral das despesas diante da ausência de profissionais credenciados aptos na rede da operadora; e c) verificar se o sofrimento decorrente das trágicas consequências da recusa (morte fetal e amputação de perna do sobrevivente) caracteriza dano moral comprovado in concreto, propiciando a distinção do caso em relação ao Tema 1365 do Superior Tribunal de Justiça.
III. RAZÕES DE DECIDIR
A Síndrome de Transfusão Feto-Fetal constitui complicação gestacional severa e urgente com risco iminente de morte intrauterina, atraindo a cobertura obrigatória de urgência obstétrica nos termos do artigo 35-C, inciso II, da Lei nº 9.656/1998, revelando-se abusiva a negativa de cobertura pautada em exclusão do Rol da Agência Nacional de Saúde Suplementar.
Diante da inércia da seguradora em indicar profissional habilitado de sua rede para a realização do procedimento urgente e da falta de credenciados aptos admitida pela própria ré, a autora faz jus ao reembolso integral das despesas suportadas na contratação de equipe médica particular.
O Tema 1365 do Superior Tribunal de Justiça afasta apenas o dano moral presumido (in re ipsa) por recusa indevida de cobertura assistencial, admitindo-se a condenação extrapatrimonial quando comprovado sofrimento anímico extraordinário in concreto. No caso em apreço, o abalo psicológico extraordinário restou configurado pelas trágicas e graves consequências decorrentes do retardamento do atendimento, que culminou no óbito de um dos gêmeos e na amputação da perna direita do filho sobrevivente na UTI neonatal, ultrapassando o mero aborrecimento contratual.
IV. DISPOSITIVO
Juízo de retratação exercido para negar provimento ao recurso de apelação da ré.
LEGISLAÇÃO CITADA:
Artigo 35-C, inciso II, da Lei nº 9.656/1998; Artigos 186 e 927, Código Civil; Artigo 944, caput, Código Civil.
JURISPRUDÊNCIA CITADA:
Tema 1365, Superior Tribunal de Justiça."
1048070-95.2025.8.26.0053,20745466,Apelação Cível,Licitações,Heloísa Mimessi,São Paulo,5ª Câmara de Direito Público,5,Direito Público,20/07/2026,20/07/2026,,False,False,149,"APELAÇÃO CÍVEL. MANDADO DE SEGURANÇA.
Procedimento licitatório instaurado pela CDHU para a contratação de empresas ou consórcio de empresas para prestação de serviços técnicos especializados. Alegação de que o procedimento licitatório foi conduzido de forma ilegal, desrespeitando as normas editalícias. Extinção do feito, sem resolução do mérito, pela perda do objeto. Anulação do certame pelo Tribunal de Contas do Estado antes do sentenciamento. Identificação de irregularidades pela distorção na proporção de ponderação técnica/preço e pela subjetividade na atribuição de pontos quebrados. Atribuição do pagamento das custas processuais à CDHU. Cabimento. Princípio da causalidade. Juízo de probabilidade de êxito favorável à impetração. Vícios que comprometeram a validade do certame e recomendariam a concessão da ordem mandamental para o refazimento da pontuação que foi computada em favor dos licitantes, o que possivelmente refletiria no julgamento das propostas e na classificação final dos interessados. Precedentes jurisprudenciais.
Reforma parcial da sentença. Recurso provido."
1139159-92.2024.8.26.0100,20745341,Apelação Cível,Tratamento médico-hospitalar,Rui Porto Dias,São Paulo,Núcleo 4.0-T. V (DP1),,,17/07/2026,20/07/2026,25248.25,True,False,404,"PLANO DE SAÚDE . Ação de indenização por danos materiais e morais. Mamoplastia redutora indicada para tratamento de hipertrofia mamária severa, com ptose grau III, dorsalgia, lombalgia e alterações posturais. Sentença de parcial procedência. Recurso da operadora e recurso adesivo da autora. Negativa de cobertura fundada na alegação de procedimento estético, ausência de previsão no rol da ANS e limitação contratual de reembolso. Inadmissibilidade no caso concreto. Antiga Súmula 102 do TJSP revogada pelo Órgão Especial. Necessidade de análise à luz do art. 10, § 13, da Lei nº 9.656/98 e dos critérios definidos pelo Supremo Tribunal Federal na ADI 7.265. Prova pericial judicial, submetida ao contraditório, que concluiu pela natureza reparadora e terapêutica da cirurgia, indicada para tratamento de gigantomastia severa com repercussões funcionais comprovadas. Procedimento que não se confunde com cirurgia de mero embelezamento. Ausência de demonstração, pela operadora, de alternativa terapêutica adequada no rol da ANS apta a substituir a correção cirúrgica no caso concreto. Reembolso. Autora que custeou o procedimento com recursos próprios após negativa integral de cobertura. Despesas comprovadas. Situação que não se equipara à livre escolha de prestador particular quando disponível e autorizada a rede credenciada. Operadora que não demonstrou autorização alternativa, indicação de rede apta ou critério contratual claro e especificamente aplicável à redução do reembolso. Restituição simples mantida no valor de R$ 25.248,25. Repetição em dobro. Descabimento. Hipótese que não envolve cobrança indevida típica pela operadora, mas negativa de cobertura seguida de pagamento realizado pela beneficiária a terceiros. Controvérsia técnico-jurídica efetiva sobre a natureza estética ou terapêutica do procedimento, tanto que necessária a produção de prova pericial. Ausência de pressupostos para imposição da sanção do art. 42, parágrafo único, do CDC. Dano moral. Manutenção. Não se adota presunção automática de dano moral pela simples negativa de cobertura . Tema 1.365/STJ. Circunstâncias concretas que evidenciam abalo indenizável: recusa de procedimento terapêutico indicado para quadro doloroso e funcionalmente limitante, necessidade de custeio particular pela beneficiária e conduta administrativa invasiva consistente na solicitação de fotografias das mamas, sem justificativa técnica clara. Indenização de R$ 10.000,00 adequada aos princípios da razoabilidade e proporcionalidade. Juros e correção monetária. Dano material corrigido desde cada desembolso, com juros de mora desde a citação. Dano moral corrigido desde o arbitramento, nos termos da Súmula 362 do STJ, com juros moratórios desde a citação, por se tratar de responsabilidade contratual. Sentença reformada apenas nesse ponto. RECURSO DA RÉ DESPROVIDO. RECURSO ADESIVO DA AUTORA PARCIALMENTE PROVIDO."
2119473-38.2026.8.26.0000,20745274,Agravo de Instrumento,Planos de saúde,Rui Porto Dias,São José dos Campos,Núcleo 4.0-T. V (DP1),,,17/07/2026,20/07/2026,,False,False,75,"AGRAVO DE INSTRUMENTO. Plano de saúde . Ação de obrigação de fazer c/c indenização por danos morais. Decisão que determinou a inversão do ônus da prova. Irresignação da ré. Descabimento. Incidência do CDC. Súmula 608 do C. STJ. A responsabilidade é solidária entre as corrés, conforme o Código de Defesa do Consumidor. Artigo 6º, VIII, do CDC, e peculiaridades do caso que impõe a inversão do ônus da prova. Manutenção da decisão. RECURSO NÃO PROVIDO."
1003154-60.2024.8.26.0004,20743942,Apelação Cível,Tratamento médico-hospitalar,Carlos Castilho Aguiar França,São Paulo,4ª Câmara de Direito Privado,4,Direito Privado,19/07/2026,19/07/2026,,True,False,306,"DIREITO CIVIL. APELAÇÃO. PLANO DE SAÚDE . PARCIAL PROVIMENTO.
I. Caso em Exame
Recurso de apelação interposto pela ré contra sentença que julgou procedente o pedido do autor, determinando o custeio integral de procedimentos médicos e condenando a ré ao pagamento de indenização por danos morais e custas processuais.
II. Questão em Discussão
2. A questão em discussão consiste em (I) verificar a obrigatoriedade de cobertura dos procedimentos e materiais solicitados pelo médico assistente, apesar da ausência de previsão no rol da ANS, e (II) a validade da condenação por danos morais em razão da negativa de cobertura .
III. Razões de Decidir
3. A Lei 14.454/22 estabelece que o rol da ANS não é taxativo, permitindo cobertura de tratamentos não previstos, desde que haja indicação médica expressa.
4. A negativa de cobertura com base na ausência de previsão no rol da ANS é abusiva quando há indicação médica expressa. No entanto, a discussão sobre cláusulas contratuais não gera, por si só, dano moral indenizável.
IV. Dispositivo e Tese
5. Recurso parcialmente provido, mantendo a sentença quanto à cobertura dos procedimentos, mas afastando a condenação por danos morais.
Tese de julgamento: 1. A negativa de cobertura com base na ausência de previsão no rol da ANS é abusiva quando há indicação médica expressa. 2. A discussão sobre cláusulas contratuais não gera dano moral indenizável.
Legislação Citada:
Lei nº 9.656/98, art. 10, VII; art. 12, II.
Lei nº 8.078/90, art. 4º, caput e inciso I.
Lei nº 14.454/2022.
Jurisprudência Citada:
STJ, REsp nº 1.978.386/PB, Rel. Min. Humberto Martins, Terceira Turma, j. 13/10/2025.
TJSP, Apelação Cível 1021757-80.2024.8.26.0361, Rel. Vitor Frederico Kümpel, 4ª Câmara de Direito Privado, j. 30/05/2025.
TJSP, Apelação Cível 1003934-70.2019.8.26.0587, Rel. Marcia Dalla Déa Barone, 4ª Câmara de Direito Privado, j. 30/07/2024.
TJSP, Apelação Cível 1070967-78.2022.8.26.0100, Rel. Alcides Leopoldo, 4ª Câmara de Direito Privado, j. 05/09/2023."
1061463-19.2020.8.26.0100,20743753,Apelação Cível,Tratamento médico-hospitalar,Vito Guglielmi,São Paulo,6ª Câmara de Direito Privado,6,Direito Privado,18/07/2026,19/07/2026,,False,False,109,"SEGURO. PLANO DE SAÚDE . PEDIDO DE CUSTEIO DE MATERIAIS PARA REALIZAÇÃO DE CIRURGIA DE IMPLANTAÇÃO DE DISPOSITIVO DE ASSISTÊNCIA MECÂNICA CIRCULATÓRIA PROLONGADA PARA TRATAMENTO DE QUADRO DE CHOQUE CARDIOGÊNICO E DE INSUFICIÊNCIA CARDÍACA AGUDA, JULGADA PROCEDENTE. DETERMINAÇÃO DE REEXAME DO ARESTO, PELA QUARTA TURMA DO SUPERIOR TRIBUNAL DE JUSTIÇA, NOS TERMOS DO ERESP N. 1.886.929/SP. ALTERAÇÕES PROMOVIDAS, ADEMAIS, PELA LEI Nº 14.454/22, QUE ESTABELECE CRITÉRIOS QUE PERMITAM A COBERTURA DE EXAMES OU TRATAMENTOS DE SAÚDE QUE NÃO ESTÃO INCLUÍDOS NO ROL DE PROCEDIMENTOS E EVENTOS EM SAÚDE SUPLEMENTAR. NECESSIDADE DE PERÍCIA MÉDICA, A FIM DE DIRIMIR A CONTROVÉRSIA ACERCA DA ADEQUAÇÃO DO PROCEDIMENTO PRESCRITO. JULGAMENTO CONVERTIDO EM DILIGÊNCIA."
