processo,cd_acordao,classe,assunto,relator,comarca,orgao_julgador,camara,secao,data_julgamento,data_publicacao,valor_indenizacao,tem_dano_moral,houve_majoracao,n_palavras_ementa,ementa
1002231-02.2023.8.26.0220,20817591,Apelação Cível,Bancários,José Wagner de Oliveira Melatto Peixoto,Guaratinguetá,37ª Câmara de Direito Privado,37,Direito Privado,07/08/2026,07/08/2026,,True,False,424,"DIREITO DO CONSUMIDOR – Contratos de Consumo - Bancários – Ação declaratória de inexistência de contrato c/c repetição de indébito e indenizatória por danos morais – Sentença de parcial procedência – Contratos de empréstimos consignados - Negativa de contratação – Revelia da ré litisconsorte Carvalho Associados e Assessoria Financeira, do que incidente a presunção de veracidade dos fatos narrados na inicial em face desta – Autor que, por engodo praticado por suposto preposto da referida ré litisconsorte, forneceu cópias de seus dados pessoais e de fotografia sua, dando origem a dois contratos de empréstimos consignados firmados junto ao banco réu litisconsorte - Contratos digitais que, nas circunstâncias, não se revelam válidos - Documentação apresentada pelo banco réu que demonstra que os dois contratos de mútuo tiverem início, por suposta ação da parte ativa, no mesmo momento, com identidade, inclusive, dos segundos – Embora não se olvide as facilidades da informática atual, não se mostra crível ter a parte autora dado início a duas contratações ao mesmo tempo – Validação, ademais, por fotografias repetidas que não confere força probatória de biometria facial - Ausência de comprovação de fato impeditivo, modificativo ou extintivo do direito da parte autora – Art. 373, II do CPC – Embora a parte ativa tenha fornecido cópias de seus documentos pessoais e de fotografia de sua face, não há, no caso, culpa concorrente - A permissão do uso da mesma fotografia para a validação de dois contratos revela a ausência da adoção, pela correspondente bancário, de mecanismos de segurança para a prevenção de fraude – Responsabilidade que emerge ao banco contratante, nos termos do art. 3º, da Resolução CMN nº 4.935, de 29 de julho de 2021 - Dever de repetição dos valores indevidamente descontados do benefício previdenciário do autor, sob pena de indevido enriquecimento sem causa da instituição financeira – Descabimento, contudo, da repetição na forma dobrada - Não preenchimento dos requisitos dispostos no artigo 940 do Código Civil, ou 42 do CDC - Dano moral , nas circunstâncias, não caracterizado – Situação que não ultrapassou a seara do mero aborrecimento e contou com a participação do autor – Indenização incabível - Condenação desconstituída – Ausência de dever da parte ativa de restituir/compensar os valores que lhe foram disponibilizados - Observado que a correspondente bancária foi a causadora do evento (contratação irregular) e o banco responde por atos daquela perante clientes e terceiros, não é do autor e sim do beneficiado que a instituição financeira poderá compor seu prejuízo - Sentença parcialmente modificada – Decaimento recíproco - Recurso parcialmente provido."
1005300-21.2025.8.26.0269,20815334,Apelação Cível,Prestação de Serviços,Antonio Conehero Júnior,Itapetininga,34ª Câmara de Direito Privado,34,Direito Privado,07/08/2026,07/08/2026,5000.0,True,True,121,"Apelação – Obrigação de fazer cumulada com indenização por dano moral – Invasão de perfil em rede social – Perda de acesso à conta – Utilização por terceiros para divulgação de ofertas fraudulentas – Sentença de procedência parcial – Recurso do autor – Trânsito em julgado do capítulo da sentença que certificou o defeito na prestação do serviço e impôs a obrigação de fazer – Utilização indevida da identidade digital do apelante para tentativa de aplicação de golpes – Situação que ultrapassa os meros aborrecimentos – Dano moral configurado – Indenização arbitrada em R$ 5.000,00 – Multa diária fixada em conformidade com os critérios de razoabilidade e proporcionalidade, não comportando majoração – Sucumbência integral da apelada – Recurso provido em parte."
1000668-49.2025.8.26.0075,20812019,Apelação Cível,Evicção ou Vicio Redibitório,Barreto e Silva,Bertioga,32ª Câmara de Direito Privado,32,Direito Privado,06/08/2026,06/08/2026,6779.0,False,False,178,"APELAÇÃO. VÍCIO DO PRODUTO. INDENIZAÇÃO POR DANOS MORAIS E MATERIAIS. RECURSO PARCIALMENTE PROVIDO.
I. Caso em exame
1. Ação de devolução de quantia paga c/c indenização por danos morais e materiais proposta por consumidor idoso contra a loja e a fabricante, em razão de vício insanável em refrigerador adquirido em 2024. A sentença julgou parcialmente procedente a demanda, condenando as rés a restituir R$ 6.779,00 ao autor, mas indeferiu os pedidos de danos materiais e morais. 
II. Questão em discussão
2. A questão em discussão consiste em determinar se a privação do bem e a inércia das fornecedoras em sanar o vício configuram lesão a direitos da personalidade.
III. Razões de decidir
3. O vício do produto é incontroverso. O autor tentou solucionar o problema por via administrativa, acionando a assistência técnica e formalizando reclamação junto ao PROCON, sem que as fornecedoras oferecessem qualquer solução. 
4. A conduta desidiosa e omissa das rés transbordou o mero aborrecimento e atingiu a esfera extrapatrimonial do autor.
IV. Dispositivo
5. Recurso parcialmente provido. Indenização por danos morais fixada em R$ 5.000,00."
1053430-56.2024.8.26.0114,20810344,Apelação Cível,Associação,Silvério da Silva,Campinas,8ª Câmara de Direito Privado,8,Direito Privado,06/08/2026,06/08/2026,8000.0,True,False,152,"APELAÇÃO. DECLARATÓRIA DE INEXIGIBILIDADE DE DÉBITO C.C. INDENIZAÇÃO POR DANO MATERIAL E MORAL. SENTENÇA IMPROCEDENTE. INCONFORMISMO DO AUTOR. DESCONTOS EM BENEFÍCIO PREVIDENCIÁRIO. ADESÃO VIA ELETRÔNICA QUE NÃO TEM VALIDADE, DIANTE DA AUSÊNCIA DE INFORMAÇÕES CLARAS SOBRE AS CONDIÇÕES E OBRIGAÇÕES DO CONSUMIDOR. LINK DA GRAVAÇÃO TELEFÔNICA QUE NÃO ELUCIDA O OBJETO DO CONTRATO COM CLAREZA. CONSUMIDOR QUE SE LIMITA A REPETIR A FALA DA ATENDENTE, PALAVRA POR PALAVRA, SEM DEMONSTRAR CONHECIMENTO DA CONTRATAÇÃO. AFRONTA AOS PRINCÍPIOS DO CDC. INEXIGIBILIDADE DO DÉBITO QUE DEVE SE IMPOR. ILICITUDE DOS DESCONTOS. REPETIÇÃO EM DOBRO DEVIDA. MÁ-FÉ CARACTERIZADA. DANO MORAL . OCORRÊNCIA. DANO 'IN RE IPSA'. TESE FIXADA POR OCASIÃO DO JULGAMENTO DO IRDR Nº59 DESTE TRIBUNAL. DESCONTOS INDEVIDOS NO BENEFÍCIO PREVIDENCIÁRIO, QUE DESESTRUTURAM O FLUXO DE CAIXA DO AUTOR. INDENIZAÇÃO ARBITRADA EM R$ 8.000,00. SUCUMBÊNCIA ATRIBUÍDA À RÉ. HONORÁRIOS DE ADVOGADO FIXADOS EM 20% SOBRE O VALOR ATUALIZADO DA CONDENAÇÃO. DADO PROVIMENTO PARCIAL AO RECURSO"
1003716-79.2025.8.26.0248,20810337,Apelação Cível,Associação,Silvério da Silva,Indaiatuba,8ª Câmara de Direito Privado,8,Direito Privado,06/08/2026,06/08/2026,8000.0,True,False,102,"APELAÇÃO. DECLARATÓRIA INEXISTÊNCIA DE RELAÇÃO JURÍDICA C.C. REPETIÇÃO DE INDÉBITO E INDENIZAÇÃO POR DANOS MORAIS . SENTENÇA PARCIALMENTE PROCEDENTE. INCONFORMISMO DO AUTOR. DESCONTOS INDEVIDOS INCIDENTES SOBRE BENEFÍCIO PREVIDENCIÁRIO. DANO MORAL . OCORRÊNCIA. DANO 'IN RE IPSA'. TESE FIXADA POR OCASIÃO DO JULGAMENTO DO IRDR Nº59 DESTE TRIBUNAL. DESCONTOS INDEVIDOS EM BENEFÍCIO PREVIDENCIÁRIO DE BAIXO VALOR, COM REPERCUSSÃO DIRETA NA SUBSISTÊNCIA DO AUTOR. INDENIZAÇÃO ARBITRADA EM R$ 8.000,00. SUCUMBÊNCIA INTEGRAL ATRIBUÍDA À RÉ. HONORÁRIOS ADVOCATÍCIOS QUE DEVEM SER FIXADOS SOBRE O VALOR DA CONDENAÇÃO. TEMA 1076 DO STJ. VERBA HONORÁRIA FIXADA EM 20% SOBRE O VALOR DA CONDENAÇÃO. DADO PROVIMENTO PARCIAL AO RECURSO"
1021772-28.2025.8.26.0001,20804894,Apelação Cível,Tratamento médico-hospitalar,Marcos de Lima Porta,São Paulo,Núcleo 4.0-T. V (DP1),,,05/08/2026,05/08/2026,,False,True,194,"Direito Civil. Apelação. Contratos. Pedido julgado procedente.
I. Caso em Exame
1. A d, beneficiária de plano de saúde, necessitou de internação urgente devido a sintomas respiratórios graves. A operadora negou cobertura alegando período de carência, mas a sentença determinou a cobertura e indenização por danos morais .
II. Questão em Discussão
2. A questão em discussão consiste em: (i) a interpretação de cláusulas contratuais de plano de saúde e a possibilidade de indenização por danos morais ; (ii) a majoração do valor fixado a título de danos morais .
III. Razões de Decidir
3. A negativa de cobertura foi indevida, pois o prazo de carência de 24 horas para urgência já estava superado.
4. A recusa resultou de interpretação de cláusulas contratuais, não ensejando indenização por danos morais . A tutela de urgência reduziu os impactos da negativa.
IV. Dispositivo e Tese
5. Recurso da operadora de saúde provido; recurso da parte requerente desprovido.
Tese de julgamento: 1. Interpretação de cláusulas contratuais não gera indenização por danos morais . 2. A tutela de urgência reduz impactos da negativa de cobertura.
Legislação Citada:
Código Civil, art. 475
Código de Processo Civil, art. 85, §11"
1003732-68.2025.8.26.0010,20803928,Apelação Cível,Prestação de Serviços,Fernando Sastre Redondo,São Paulo,38ª Câmara de Direito Privado,38,Direito Privado,05/08/2026,05/08/2026,,True,False,46,"AÇÃO DE OBRIGAÇÃO DE FAZER C.C. INDENIZAÇÃO POR DANOS MORAIS . Prestação de serviços. Restabelecimento de conta no Instagram. Perfil profissional. Alegada violação aos termos de uso. Ausência de demonstração. Desativação arbitrária. Reconhecimento. Dano moral . Configuração. Quantum indenizatório. Redução. Inadmissibilidade. Sentença mantida. 
RECURSO NÃO PROVIDO."
1011045-98.2025.8.26.0004,20803868,Apelação Cível,Compra e Venda,L. G. Costa Wagner,São Paulo,34ª Câmara de Direito Privado,34,Direito Privado,01/08/2026,04/08/2026,15000.0,True,False,333,"APELAÇÃO. AÇÃO DE OBRIGAÇÃO DE FAZER C./C. INDENIZAÇÃO POR DANOS MORAIS . COMPRA E VENDA À DISTÂNCIA. DIREITO AO ARREPENDIMENTO. DANO MORAL CARACTERIZADO. DESVIO DO TEMPO ÚTIL DO CONSUMIDOR. COMPRA DE NOTEBOOK. AUTORA QUE SOLICITOU A DEVOLUÇÃO DO PRODUTO NO DIA DO RECEBIMENTO, EM FUNÇÃO DE O APARELHO APRESENTAR DIVERSOS DEFEITOS. RÉ QUE CRIOU DIVERSAS CONDICIONANTES A TÍTULO DE ""TESTES"". DIREITO POTESTATIVO DO CONSUMIDOR. AUTORA QUE FICOU VÁRIOS DIAS PRIVADA DO EQUIPAMENTO QUE SERIA UTILIZADO PARA TRABALHO. SITUAÇÃO QUE SOMENTE SE RESOLVEU APÓS A PROPOSITURA DA AÇÃO POR CONTA DO ACEITE DE OUTRO APARELHO. SENTENÇA DE IMPROCEDÊNCIA. RECURSO PARCIALMENTE PROVIDO.
I. Trata-se de recurso de apelação interposto contra sentença que julgou a ação de obrigação de fazer c./c. indenização a título de danos morais pleiteada no importe de R$ 15.000,00 improcedente.
II. A questão em discussão consiste em verificar (i) a responsabilidade da Ré pela não devolução do valor pago, diante do direito potestativo de arrependimento da consumidora a teor do art. 49 do CDC, bem como (ii) os transtornos sofridos na esfera administrativa que levaram a consumidora a gastar parte significativa de seu tempo para resolver problema que não deu causa.
III. Razões de Decidir: O direito de arrependimento do consumidor é garantido pelo art. 49 do CDC, sendo devida a restituição do valor pago. A falha na prestação de serviços caracteriza dano moral , conforme a teoria da perda do tempo útil, que reconhece o tempo desperdiçado pelo consumidor como dano indenizável. Sentimento de impotência, frustração e indignação, que extrapola o mero dissabor e enseja condenação pecuniária. Desvio produtivo do consumidor. Valor indenizatório, no entanto, que deve ser arbitrado no importe de R$ 5.000,00, por critério de razoabilidade e proporcionalidade. Sentença parcialmente reformada. Sucumbência invertida.
IV. Tese de julgamento: 1. A falha na prestação de serviços e o tempo perdido pelo consumidor configuram dano moral indenizável. 2. A indenização deve ser proporcional ao dano e à conduta da Ré, ensejando o valor indenizatório no importe de R$ 5.000,00.
RECURSO PARCIALMENTE PROVIDO"
1016471-42.2023.8.26.0625,20802756,Apelação Cível,Empréstimo consignado,Mônica Soares Machado,Taubaté,Núcleo 4.0-T. VIII (DP2),,,04/08/2026,04/08/2026,5000.0,True,False,643,"APELAÇÃO. DIREITO DO CONSUMIDOR. NULIDADE CONTRATUAL C/C REPETIÇÃO DE INDÉBITO E INDENIZAÇÃO POR DANOS MORAIS . CARTÃO DE CRÉDITO CONSIGNADO. NEGATIVA DE CONTRATAÇÃO. SENTENÇA PROCEDÊNCIA INTEGRADA POR EMBARGOS DE DECLARAÇÃO. RECURSO PARCIALMENTE PROVIDO.
I. CASO EM EXAME: Apelação do banco contra sentença que julgou procedente a ação para declarar a inexistência da relação jurídica, determinar a restituição em dobro dos valores descontados, condenando o réu ao pagamento de indenização por danos morais , autorizando a compensação, bem como ao pagamento de multa por litigância de má-fé. Sustenta o apelante, preliminarmente, prescrição parcial. No mérito, defende a regularidade da contratação e dos documentos apresentados e a inexistência de fraude, requerendo o afastamento ou a redução da indenização por danos morais , a restituição simples dos valores, a observância da modulação fixada pelo STJ quanto à repetição do indébito, a compensação dos valores creditados à autora e a alteração dos consectários legais.
II. QUESTÃO EM DISCUSSÃO: 1. Saber se está consumada a prescrição parcial da pretensão ressarcitória; 2. Se é possível reconhecer a validade do contrato impugnado, cuja assinatura foi reputada falsa pela perícia; 3. Se subsiste a condenação por danos morais e restituição em dobro dos valores descontados; 4. Analisar os pedidos subsidiários relativos à compensação dos valores disponibilizados e aos consectários legais.
III. RAZÕES DE DECIDIR: Pretensão fundada na alegada inexistência de contratação – Incidência do prazo prescricional quinquenal – Prescrição limitada às parcelas vencidas anteriormente ao quinquênio que antecede o ajuizamento da ação, reconhecendo-se a prescrição parcial – Laudo pericial grafotécnico conclusivo atestando que a assinatura aposta no contrato não partiu do punho da autora – Fraude devidamente caracterizada – Ausência, portanto, de autorização expressa e válida para a realização dos descontos, impondo-se a declaração de inexistência da relação jurídica – Era ônus do réu a comprovação iniludível de contratação idônea – Descumprimento – Contratação inválida – Ausência de prova estreme de dúvida da manifestação volitiva válida da parte autora – Falha na prestação do serviço – Responsabilidade objetiva da instituição financeira por fraudes praticadas no âmbito de suas operações – Súmula 479 do STJ e art. 14 do CDC – Inexigibilidade dos valores descontados – Violação à boa-fé objetiva – Devida a repetição do indébito em dobro – Modulação do Tema 929 do STJ e compensação dos valores já apreciadas pelo Juízo de origem em embargos de declaração – Dano moral caracterizado – Descontos incidentes sobre benefício previdenciário, verba de natureza alimentar – Comprometimento da subsistência da autora – Todavia, valor fixado na sentença revela-se excessivo, diante das peculiaridades do caso concreto – Adequada a sua redução para R$ 5.000,00, em observância aos princípios da razoabilidade e da proporcionalidade e em consonância com os parâmetros adotados por esta Corte em casos análogos – Mantido o termo inicial dos juros de mora conforme fixado na sentença – Relação extracontratual – Incidência a partir do evento danoso (Súmula nº 54 do STJ).
IV. DISPOSITIVO E TESES: Recurso parcialmente provido para reconhecer a prescrição das parcelas anteriores ao quinquênio que antecedeu o ajuizamento da ação e reduzir o valor da indenização por danos morais para R$ 5.000,00.
Teses de julgamento: 1. A falsidade da assinatura aposta em contrato bancário impede o reconhecimento da validade da contratação, respondendo objetivamente a instituição financeira pelos danos decorrentes de fraude praticada por terceiro, por se tratar de fortuito interno. 2. A cobrança fundada em contrato inexistente autoriza a repetição do indébito em dobro, diante da violação à boa-fé objetiva. 3. O desconto indevido incidente sobre benefício previdenciário configura dano moral indenizável, cabendo redução quando fixado em valor desproporcional às peculiaridades do caso concreto.
Legislação Citada: CDC, art. 14; CPC, art. 373, II e 479.
Jurisprudência Citada: STJ, Súmulas 54 e 479; (TJSP; Apelação Cível 1005151-79.2025.8.26.0348; Rel.: Marcia Rezende Barbosa de Oliveira; Núcleo 4.0-T. VII; j: 02/07/2026); (TJSP; Apelação Cível 1002878-13.2022.8.26.0032; Rel. Léa Duarte; Núcleo 4.0-T. IV; j: 28/02/2025)."
1009872-72.2021.8.26.0006,20802793,Apelação Cível,Indenização por Dano Moral,Hertha Helena de Oliveira,São Paulo,2ª Câmara de Direito Privado,2,Direito Privado,04/08/2026,04/08/2026,10000.0,False,False,226,"DIREITO CIVIL. APELAÇÃO. RESPONSABILIDADE CIVIL. INDENIZAÇÃO POR DANOS MORAIS . I. Caso em Exame. 1. Recurso de apelação interposto contra sentença que condenou a requerida ao pagamento de indenização por danos morais no valor de R$10.000,00, corrigida monetariamente e acrescida de juros de mora. A sentença também julgou improcedente o pedido reconvencional. A requerida alega que não ofendeu a apelada e que a ação foi movida por vingança, pleiteando a improcedência da ação e a procedência da reconvenção. II. Questão em Discussão. 2. A questão em discussão consiste em (a) determinar se a requerida ultrapassou os limites do tolerável em suas ações contra a autora, justificando a indenização por danos morais , e (b) avaliar se o pedido reconvencional da requerida tem fundamento. III. Razões de Decidir. 3. A sentença foi mantida, pois a apelante não apresentou novos elementos que pudessem modificar a decisão. 4. As provas apresentadas confirmam as agressões verbais e comportamentos inadequados da requerida, ultrapassando o tolerável, ao passo que não comprovou suas observações de perseguição por parte da autora a justificar a procedência da reconvenção. IV. Dispositivo. 5. Recurso desprovido.
 Tese de julgamento: 1. A indenização por danos morais é devida quando comprovada que a requerida ultrapassou os limites do tolerável em suas ações. 2. O pedido reconvencional não pode ser julgado procedente sem demonstração de prejuízos materiais ou danos morais ."
1007468-09.2025.8.26.0006,20798744,Apelação Cível,Prestação de Serviços,Antonio Conehero Júnior,São Paulo,34ª Câmara de Direito Privado,34,Direito Privado,04/08/2026,04/08/2026,,True,False,166,"Apelação cível – Obrigação de fazer cumulada com indenização por dano moral – Invasão de perfil em rede social (Instagram) – Perda de acesso à conta pela usuária – Relação de consumo – Defeito na prestação do serviço – Restabelecimento do perfil – dano moral – Indenização devida. 1. Relação jurídica de consumo submetida às normas do Código de Defesa do Consumidor, aplicando-se a responsabilidade objetiva do fornecedor de serviços digitais, nos termos do art. 14 do CDC. 2. Invasão de perfil em rede social por terceiros e consequente perda de acesso pela usuária. Tentativas administrativas de recuperação da conta frustradas, evidenciando o defeito na prestação do serviço. 3. Inviabilidade do reconhecimento de culpa exclusiva da consumidora ou de terceiro. Serviço defeituoso, por não oferecer a segurança legitimamente esperada pela consumidora. 4. Dano moral configurado. Indevida invasão e perda do controle da conta que ultrapassam meros dissabores cotidianos. Dano moral in re ipsa. 5. Redimensionamento das verbas de sucumbência. 6. Sentença de procedência parcial. Recurso provido."
1012980-97.2025.8.26.0482,20795846,Apelação Cível,Empréstimo consignado,José Wagner de Oliveira Melatto Peixoto,Presidente Prudente,37ª Câmara de Direito Privado,37,Direito Privado,25/07/2026,03/08/2026,,True,False,196,"DIREITO DO CONSUMIDOR – Contratos de Consumo - Bancários – Empréstimo Consignado - Ação declaratória de inexistência de contrato c/c repetição de indébito e indenizatória por danos materiais e morais – Sentença de procedência – Preliminar de cerceamento de defesa rejeitada - Contratação de cartão de crédito consignado (RCC) – Contratação efetivada após a declaração da autora como absolutamente incapaz para os atos da vida civil, por sentença transitada em julgado em 25/10/2010, tendo referida interdição sido averbada no Registro Civil das Pessoas Naturais - Nulidade do contrato controvertido – Art. 166, I, do CC – Autora que, embora declarada incapaz para os atos da vida civil, tem livre acesso a telefone móvel e seus documentos pessoais – Existência de culpa concorrente da representante da parte ativa para a consecução do evento danoso - Indenização material devida pela metade e na forma simples - CC, art. 945 - Dano moral , nas circunstâncias, não caracterizado – Situação que não ultrapassou a seara do mero aborrecimento – Indenização incabível – Condenação desconstituída – Dever da autora de restituir/compensar o valor disponibilizado - Sentença substituída para julgar parcialmente procedente a ação - Decaimento recíproco - Recurso parcialmente provido."
1011232-80.2024.8.26.0606,20795048,Apelação Cível,Direito de Imagem,Wagner Carvalho Lima,Suzano,10ª Câmara de Direito Privado,10,Direito Privado,03/08/2026,03/08/2026,5000.0,True,False,466,"APELAÇÃO CÍVEL. RESPONSABILIDADE CIVIL. OFENSAS EM REDE SOCIAL. EXPOSIÇÃO DE IMAGEM ASSOCIADA A EXPRESSÕES DEPRECIATIVAS. PUBLICAÇÃO COM 14,6 MIL VISUALIZAÇÕES. SENTENÇA QUE RECONHECEU O EXCESSO E DETERMINOU A EXCLUSÃO DO CONTEÚDO, MAS AFASTOU A INDENIZAÇÃO POR DANOS MORAIS . RECURSO DA AUTORA PROVIDO EM PARTE.
I. Caso em exame.
1. Apelação interposta contra sentença que, ao julgar parcialmente procedente ação de obrigação de fazer c/c indenização por danos morais , reconheceu que a ré extrapolou a liberdade de expressão ao publicar fotos da autora acompanhadas de falas depreciativas em rede social de amplo alcance, determinou a exclusão do conteúdo, mas afastou a reparação extrapatrimonial.
II. Questão em discussão.
2. Avaliar se a conduta da recorrida impõe o dever de indenizar por danos morais e se o dano decorrente de ofensas em ambiente virtual de ampla disseminação é presumido (in re ipsa).
III. Razões de decidir.
3. A liberdade de manifestação do pensamento (Artigo 5º, incisos IV e IX, CF) não é absoluta e encontra limite na inviolabilidade da honra, da imagem, da intimidade e da vida privada (Artigo 5º, inciso X, CF). A divulgação de imagem de pessoa natural associada a dizeres ""safada"" e ""mau-caráter"" em perfil de grande alcance configura abuso de direito, ato ilícito e impõe o dever de reparar o dano.
4. Reconhecida pelo juízo de origem a conduta que extrapolou a liberdade de expressão a ponto de justificar a remoção judicial do conteúdo, o mesmo ato ilícito é idôneo a gerar dano moral . A exclusão cessa a continuidade da ofensa, mas não compensa a exposição pública consumada.
5. A exposição vexatória da imagem em rede social de amplo alcance (14,6 mil visualizações; mais de 35 mil seguidores) configura dano moral presumido (in re ipsa) e dispensa prova de consequências extraordinárias.
6. Não há nos autos indício de a autora ter ofendido, exposto ou atacado a ré em redes sociais, de modo que a agressão foi unilateral.
7. Indenização fixada em R$ 5.000,00, valor proporcional à gravidade da conduta, ao alcance da publicação e às condições das partes, atendendo às funções compensatória e inibitória do instituto, sem configurar enriquecimento indevido.
IV. Dispositivo e tese.
8. Recurso parcialmente provido para condenar a ré ao pagamento de indenização por danos morais no valor de R$ 5.000,00, com juros de mora desde o evento danoso e correção monetária desde o arbitramento colegiado, redistribuídos os ônus sucumbenciais com fundamento na sucumbência mínima da autora.
Referências:
Constituição Federal, Artigo 5º, IV, IX e X. 
Código Civil, Artigos 186, 187 e 927. 
Código de Processo Civil, Artigos 85, § 2º, e 86, parágrafo único. 
TJSP, Apelação Cível nº 1035491-47.2020.8.26.0100, rel. Des. Augusto Rezende, 1ª Câmara de Direito Privado, j. em 23.09.2025.
TJSP, Apelação Cível nº 1000266-44.2021.8.26.0483, rel. Des. Álvaro Passos, 2ª Câmara de Direito Privado, j. em 28.09.2022."
1001965-94.2024.8.26.0150,20792119,Apelação Cível,Indenização por Dano Moral,Caio Marcelo Mendes de Oliveira,Cosmópolis,32ª Câmara de Direito Privado,32,Direito Privado,31/07/2026,31/07/2026,,False,False,99,"PRESTAÇÃO DE SERVIÇOS – Convênio da autora junto à ré, visando aquisição de medicamentos com descontos - Ação de indenização por danos materiais e morais – Acolhimento parcial dos pedidos – Recurso da ré – Decisão que reconhece que o pedido de reembolso de valor, feito na petição inicial, era indevido, em função de estorno do valor antes do ajuizamento da ação e a autora se confirmou com esta decisão – Com isto, não havia razão para qualquer indenização por danos morais , não evidenciados, em função de único desconto, com valor devolvido – Sentença reformada – Recurso provido."
1111515-14.2023.8.26.0100,20792878,Embargos de Declaração Cível,Compra e Venda,Neto Barbosa Ferreira,São Paulo,29ª Câmara de Direito Privado,29,Direito Privado,31/07/2026,31/07/2026,1621.0,False,False,179,"Embargos de Declaração. Interposição fundada no art. 1.022, do Código de Processo Civil. Honorários advocatícios devidos à patrona da autora. Fixação em 20% sobre condenação de R$ 1.621,00, resultando em verba manifestamente diminuta. Erro material no capítulo sucumbencial. Correção possível inclusive de ofício. Artigos 494, inciso I, 1.022, inciso III, e 85, §§ 2º e 8º, do CPC. Proveito econômico irrisório. Arbitramento por apreciação equitativa em R$ 1.000,00. Adequação à natureza e à baixa complexidade da causa, ao trabalho desenvolvido e aos princípios da razoabilidade e da proporcionalidade. Alteração restrita ao capítulo acessório da sucumbência, sem modificação do julgamento de mérito. Desnecessidade de prévia intimação da parte contrária. Demais matérias de mérito suficientemente examinadas no acórdão embargado. Ausência de omissão, obscuridade, ou contradição no acórdão em relação a elas. Caráter infringente. Embargos rejeitados quanto ao mérito. Embargos parcialmente acolhidos, sem efeitos infringentes, exclusivamente para corrigir o erro material constante do v. acórdão embargado e fixar os honorários advocatícios devidos à patrona da autora, por apreciação equitativa, em R$ 1.000,00, com fulcro no art. 85, §§2º. e 8º., do CPC."
1003727-95.2024.8.26.0005,20787631,Apelação Cível,Locação de Móvel,José Augusto Genofre Martins,São Paulo,29ª Câmara de Direito Privado,29,Direito Privado,30/07/2026,30/07/2026,,False,False,246,"LOCAÇÃO DE VEÍCULO VIA PLATAFORMA DE EMPRESA DE TECNOLOGIA - AÇÃO DECLARATÓRIA DE NULIDADE DE DÉBITO C/C INDENIZATÓRIA DE DANOS MATERIAIS E MORAIS - Sentença de parcial procedência - Apelo da empresa ré, insurgindo-se contra a condenação ao pagamento de indenização moral e por lucros cessantes e seus valores, bem como buscando a compensação de débito do autor e a restituição do valor da caução de forma diferida - Indevido o bloqueio do veículo realizado pela ré, o que impediu o autor ao exercício da atividade profissional de motorista, fim para o qual realizou a locação - Comprovados lucros cessantes no período do bloqueio indevido, conforme extrato de aplicativo de transporte - Indenização por lucros cessantes devida, porém, em montante inferior ao fixado na sentença - Ainda que inaplicável o CDC, haja vista que inexistente relação de consumo, locado o veículo para a atividade profissional de motorista de aplicativo, esperadas lealdade e boa-fé dos contratantes - Interpretação das cláusulas contratuais de forma mais favorável ao aderente - Cometimento de ilícito pela ré - Abusividade e arbitrariedade no bloqueio, cobranças e retenções indevidas, mantida a indenização por danos morais - Reduzido o valor da indenização nas circunstâncias - Observados, na sentença, os débitos do autor na relação contratual antes da fixação do valor da caução a ser restituído - Ausência de causa para aguardar provisionamento contábil para restituição - Sentença reformada em parte, sem alteração da disciplina de distribuição das verbas de sucumbência - Recurso parcialmente provido."
1001139-92.2025.8.26.0066,20786675,Apelação Cível,Bancários,Alexandre David Malfatti,Barretos,12ª Câmara de Direito Privado,12,Direito Privado,30/07/2026,30/07/2026,10000.0,False,True,471,"AÇÃO DECLARATÓRIA. SENTENÇA DE PROCEDÊNCIA. 

CONTRATO BANCÁRIO. CARTÃO DE CRÉDITO. RMC E RCC. CONTRATAÇÃO NÃO COMPROVADA. RESTITUIÇÃO DOBRADA. DANOS MORAIS . CONFIGURADOS. COMPENSAÇÃO DE VALORES. Ação declaratória cumulada com pedido de indenização. Sentença de procedência. Recursos das partes. Primeiro, rejeita-se a alegação de negativa de prestação jurisdicional, falta de interesse de agir e vício de representação. A procuração devidamente assinada e sem qualquer elemento nos autos que abone o instrumento de mandato outorgado. Desnecessidade de prévio requerimento administrativo ou esgotamento da via administrativa. Pretensão resistida evidenciada. Interesse processual configurado. Segundo, afasta-se a alegação de cerceamento de defesa. Contestação intempestiva. Revelia decretada. Documentos tardiamente juntados que foram submetidos ao contraditório e examinados pelo juízo. Réu que recebe o processo no estado em que se encontra. Julgamento antecipado da lide requerido pelo próprio banco. Ausência de recolhimento dos honorários periciais e consequente não realização da perícia destinada à comprovação da autenticidade da contratação. Impossibilidade de invocar posteriormente cerceamento de defesa. Ônus da prova da autenticidade documental que incumbia à instituição financeira. Ausência de nulidade por julgamento antecipado. Terceiro, afasta-se a alegação de ausência de fundamentação da sentença. Sentença que enfrentou as questões essenciais ao deslinde da controvérsia e expôs de forma clara as razões pelas quais reputou insuficientes os documentos produzidos pelo banco. Inconformismo da parte com a conclusão adotada que não se confunde com falta de fundamentação. Observância dos arts. 489, § 1º, do CPC e 93, IX, da constituição federal. Quarto, mantém-se a conclusão de nulidade dos contratos e a inexigibilidade dos débitos. Contratos de cartão de crédito consignado. Ausência de apresentação de prova apta a demonstrar a realização dos negócio jurídicos. Impugnação va autenticidade das contratações. Incidência do Tema Repetitivo nº 1061. Ausência de perícia ante o não recolhimento dos honorários periciais pelo banco réu. Incidência do artigo 14 do CDC com aplicação da Súmula 479 do STJ. Nulidade dos contratos de cartões consignados com declaração da inexigibilidade dos valores. Quinto, mantém-se a restituição dobrada dos valores. Contratos fraudulentos firmado após o período de modulação (agosto de 2024). Ademais, foi demonstrada a cobrança de má-fé do banco réu. Contratações que deixaram escancarada um método comercial sem transparência e informação, suscetível à fraude. Sexto, reconhece-se a existência dos danos morais . A indevida celebração de contratos de cartão de benefício consignado em nome do consumidor gerou prejuízos nas esferas patrimonial e moral. O autor sofreu descontos indevidos em seu salário, com repercussão em verba necessária à sua subsistência. Resistência desmedida ao pleito do autor. Valor da indenização majorado para R$ 10.000,00, parâmetro razoável e admitido por esta Turma julgadora em casos semelhantes. E sétimo, admite-se a compensação de valores. Compensação que se dará pelo valor histórico do crédito, sem qualquer acréscimo de correção monetária ou de juros. Ação julgada procedente em maior extensão em segundo grau.

SENTENÇA REFORMADA. RECURSOS PARCIALMENTE PROVIDOS."
1016859-65.2023.8.26.0100,20786293,Apelação Cível,Contratos Bancários,Renato Rangel Desinano,São Paulo,11ª Câmara de Direito Privado,11,Direito Privado,30/07/2026,30/07/2026,,False,False,213,"AÇÃO DE COBRANÇA – Pedido reconvencional indeferido pelo MM. Juízo a quo, em virtude da ausência do recolhimento das custas – D. Juízo a quo, contudo, que julgou parcialmente procedentes os pedidos reconvencionais formulados pela requerida – Vício de incongruência apto a ensejar a anulação do respectivo capítulo da sentença – Pleito recursal do autor voltado ao afastamento da condenação por danos morais prejudicado, ante a anulação do capítulo da sentença relativo ao pedido reconvencional – Ausência superveniente de interesse recursal – SENTENÇA PARCIALMENTE ANULADA, DE OFÍCIO, COM RELAÇÃO AO PLEITO RECONVENCIONAL.

AÇÃO DE COBRANÇA – Sentença de improcedência – Hipótese em que, diante da afirmação da requerida de que a assinatura apresentada no contrato em questão seria fraudada, incumbia à instituição financeira autora demonstrar a regularidade da avença, fato inocorrente à espécie – Inteligência do artigo 429, inciso II, do Código de Processo Civil – Instituição financeira que não compareceu à perícia e, mesmo após o perito ter solicitado documentos para análise, por e-mail, deixou de fornecê-los – Portanto, em virtude da ausência de prova da regularidade da contratação, impõe-se o reconhecimento da inexigibilidade do débito cobrado pelo autor, com a consequente restituição de eventuais valores cobrados indevidamente, em observância à vedação ao enriquecimento sem causa – RECURSO NÃO PROVIDO NESSA PARTE."
1003474-36.2025.8.26.0664,20783985,Apelação Cível,Associação,Pedro de Alcântara da Silva Leme Filho,Votuporanga,8ª Câmara de Direito Privado,8,Direito Privado,30/07/2026,30/07/2026,8000.0,True,False,81,"Apelação cível. Ação declaratória de inexistência de negócio jurídico c.c. repetição do indébito e dano moral . Sentença de parcial procedência, com declaração de inexistência da relação jurídica e restituição em dobro, afastado o dano moral . Recurso da autora. Dano moral configurado. Descontos de mensalidade associativa em benefício previdenciário sem autorização da beneficiária idosa. Aplicação do IRDR Tema 59 deste Tribunal. Ré revel que não comprovou contratação ou autorização. Indenização fixada em R$8.000,00. Sucumbência integral da ré. Recurso parcialmente provido."
1008637-40.2024.8.26.0176,20782638,Apelação Cível,Locação de Móvel,Michel Chakur Farah,Embu das Artes,28ª Câmara de Direito Privado,28,Direito Privado,29/07/2026,30/07/2026,1700.0,True,False,174,"APELAÇÃO – Ação declaratória de inexigibilidade de débito c.c. indenização por danos morais – Contrato de locação de veículo – Taxa de retorno – Veículo devolvido em agência diversa daquela em que foi retirado – Cobrança prevista contratualmente – Valor, contudo, imposto de forma unilateral, sem qualquer justificativa, e sem informação no contrato e na contestação a tornar transparente a quantia imposta (R$1.700,00) – Veículo retirado em São Paulo e devolvido na cidade vizinha de Taboão da Serra – Negativação de nome abusiva – Indenização por danos morais devida – Cobranças adicionais realizadas no cartão de crédito – Ausência de justificativa e de comprovação da origem e da legitimidade dos valores exigidos – Ré que não se desincumbiu do ônus previsto no art. 373, II, do CPC – Restituição em dobro dos valores pagos indevidamente – Art. 42, do CDC – Dano moral aqui também pertinente - Valor que se arbitra em R$12.000,00, para ambas as hipóteses, e que atende aos principios da razoabilidade e proporcionalidade - Sentença reformada em parte. RECURSO PARCIALMENTE PROVIDO."
1003338-58.2025.8.26.0011,19907949,Apelação Cível,Prestação de Serviços,Eduardo Gesse,São Paulo,28ª Câmara de Direito Privado,28,Direito Privado,30/10/2025,30/10/2025,10000.0,False,False,163,"APELAÇÃO. AÇÃO DE OBRIGAÇÃO DE FAZER C/C INDENIZAÇÃO POR DANOS MORAIS . PRESTAÇÃO DE SERVIÇOS. REDE SOCIAL. Sentença que julgou procedente a ação, determinando o restabelecimento do acesso ao perfil do usuário e condenação em danos morais . Insurgência da ré quanto à procedência da demanda. Não acolhida. Hipótese em que a autora está sem acesso à sua conta pessoal e comercial no Facebook. Impossibilidade de acesso que se deu após a perda dos códigos exigidos na autenticação por dois fatores. Recusa da ré em restabelecer o acesso. Evidente falha na prestação de serviços. Dever da ré de fornecer mecanismos eficazes e acessíveis para recuperação da conta. Ofensa moral caracterizada. Situação que ultrapassa o mero dissabor cotidiano. ""Quantum"" indenizatório fixado em R$ 10.000,00. Valor que se mostra excessivo. Indenização reduzida para R$5.000,00. Montante que se coaduna com os princípios da proporcionalidade e razoabilidade e que está em conformidade com os parâmetros desta c. Câmara. Sentença reformada em parte. Recurso parcialmente provido. Honorários mantidos."
1010119-78.2025.8.26.0405,19907430,Apelação Cível,Prestação de Serviços,Maria Lúcia Pizzotti,Osasco,30ª Câmara de Direito Privado,30,Direito Privado,29/10/2025,30/10/2025,5000.0,True,False,265,"APELAÇÃO – INDENIZAÇÃO POR DANOS MATERIAIS E MORAIS – BLOQUEIO DE ACESSO AO PERFIL DA AUTORA – PLATAFORMA MERCADOLIVRE – AUSENTE FUNDAMENTAÇÃO PARA A DESATIVAÇÃO DA CONTA – RELAÇÃO DE CONSUMO - DANO MATERIAL - LUCROS CESSANTES – NÃO COMPROVADOS – DANO MORAL CONFIGURADO
I - Aplicação do Código de Defesa do Consumidor, pois a autora, embora utilize a plataforma MercadoLivre como atividade comercial, as circunstâncias concretas evidenciam notória vulnerabilidade técnica e econômica da parte demandante, ante o porte tecnológico e econômico do réu;
II - Ainda que o réu alegue o descumprimento das disposições dos ""Termos de Uso"" da plataforma, não trouxe qualquer elemento de prova capaz de demonstrar as alegadas infrações supostamente cometidas pela parte autora, seja no tocante à violação à conduta denominada ""STRIKE 4;
III - Comprovada a conduta arbitrária e abusiva do réu ao bloquear o acesso da autora a sua conta, inviabilizando as vendas e o recebimento por elas, são fatos que causaram aflição e transtornos que ultrapassaram o mero dissabor; 
IV - A desativação repentina da conta da autora junto à plataforma do ré constitui, por si só, motivo para a indenização pretendida. Dano moral da pessoa jurídica restou configurado em razão do abalo à sua reputação perante seus consumidores e à interrupção de sua atividade comercial. Valor arbitrado em R$ 5.000,00 (cinco mil reais);
V - Lucros cessantes – Não comprovados - Cabia à demandante apresentar prova de sua existência, seja por meio de um relatório mensal, trimestral ou anual, demonstrando que devido ao bloqueio deixou de finalizar as vendas e auferir renda.

RECURSO PROVIDO EM PARTE"
1005887-65.2024.8.26.0079,19903891,Apelação Cível,Bancários,LAVINIO DONIZETTI PASCHOALÃO,Botucatu,38ª Câmara de Direito Privado,38,Direito Privado,30/10/2025,30/10/2025,20000.0,False,False,236,"APELAÇÃO - ação declaratória de inexistência de débito c.c. pedidos de indenização moral e de antecipação de tutela - Manutenção da inscrição dos dados cadastrais da parte apelante junto ao Sistema de Informações de Crédito do Banco Central (SCR) - Sentença de procedência - Insurgência do réu - Ilegitimidade passiva - Não ocorrência - Adoção da teoria da asserção - Imputação da responsabilidade à requerida - Preliminar afastada.

RESPONSABILIDADE CIVIL - Relação de consumo - Inversão do ônus da prova - Inteligência do art. 6º, inciso VIII do CDC - Réu que admitiu a atuação de terceiros na contratação de cartão de crédito em nome do autor - Falha na prestação dos serviços evidenciada - Responsabilidade objetiva da instituição financeira - Fraudes e delitos praticados por terceiros - Fortuito interno - Aplicação da Súmula 479 do STJ - Manutenção indevida de débito inexigível junto ao SCR - Banco de dados com caráter restritivo de crédito - Entendimento do E. STJ - Danos morais configurados, de caráter in re ipsa - Quantum indenizatório mantido em R$20.000,00 (vinte mil reais) que bem se amolda às peculiaridades do caso, mostrando-se razoável e proporcional ao grau e tipo de ofensa perpetrada, bem como à extensão dos danos causados - Aplicação do art. 252 do Regimento Interno desse E. Tribunal de Justiça - Ratificação dos fundamentos da decisão recorrida que se impõe - Sentença de procedência mantida - RECURSO NÃO PROVIDO."
1006556-45.2022.8.26.0320,19900823,Apelação Cível,Bancários,Léa Duarte,Limeira,Núcleo 4.0-T. IV (DP2),,,30/10/2025,30/10/2025,28029.12,True,False,596,"DIREITO DO CONSUMIDOR E PROCESSUAL CIVIL. AÇÃO DECLARATÓRIA C.C. OBRIGAÇÃO DE FAZER E INDENIZAÇÃO POR DANOS MATERIAIS E MORAIS. EMPRÉSTIMOS CONSIGNADOS FRAUDULENTOS. RESPONSABILIDADE OBJETIVA DA INSTITUIÇÃO FINANCEIRA. RESTITUIÇÃO EM DOBRO APÓS 31/03/2021. DANO MORAL CONFIGURADO. RECURSO DO BANCO DESPROVIDO. RECURSO DA AUTORA PARCIALMENTE PROVIDO.
I. CASO EM EXAME
1. Ação declaratória cumulada com obrigação de fazer e reparação de danos materiais e morais ajuizada por Aparecida Siqueira de Jesus contra o Banco Safra S/A, alegando fraude em empréstimo consignado nº 000014933040 e em contratos correlatos, com descontos indevidos em seu benefício previdenciário. A autora requereu a suspensão dos descontos, a devolução em dobro dos valores pagos (R$ 28.029,12) e indenização por danos morais de R$ 15.000,00. Sentença de parcial procedência que declarou a inexistência dos contratos e débitos, determinou a devolução simples dos valores descontados e fixou indenização moral em R$ 10.000,00. Recursos interpostos por ambas as partes.
II. QUESTÃO EM DISCUSSÃO
2. Há seis questões em discussão: (i) verificar se a sentença incorreu em julgamento extra petita; (ii) definir se houve responsabilidade civil do banco pela fraude nos empréstimos consignados; (iii) determinar o cabimento da restituição em dobro dos valores indevidamente descontados; (iv) fixar o termo inicial dos juros moratórios; (v) analisar a adequação do valor arbitrado a título de dano moral ; (vi) analisar a adequação dos honorários advocatícios fixados.
III. RAZÕES DE DECIDIR
3. Não há julgamento extra petita. A nulidade dos contratos subsequentes decorre da falsidade verificada na cadeia contratual de refinanciamentos, cuja invalidade se estende a todos os instrumentos correlatos, conforme a prova pericial grafotécnica que apontou falsidade das assinaturas.
4. Configurada fraude na contratação de empréstimos consignados, incide a responsabilidade objetiva da instituição financeira pelos danos causados ao consumidor, conforme o art. 14, §1º, do Código de Defesa do Consumidor e a Súmula 479 do STJ, por se tratar de fortuito interno.
5. O dano moral decorre da indevida redução de verba alimentar do benefício previdenciário, sendo presumido diante da fraude comprovada e da falha na prestação do serviço, cabendo a indenização fixada em R$ 10.000,00, valor proporcional e adequado, diante da grande quantidade de contratos fraudulentos.
6. A repetição do indébito deve ocorrer em dobro para os valores descontados após 31/03/2021, conforme o art. 42, parágrafo único, do CDC, e o entendimento consolidado no EREsp 1.413.542/RS.
7. O termo inicial dos juros moratórios incidentes sobre a restituição do indébito deve ser a data de cada desconto indevido, pois se trata de ilícito extracontratual, nos termos do art. 398 do CC e da Súmula 54 do STJ.
8. Mantém-se o valor dos honorários advocatícios conforme os critérios do art. 85, §2º, do CPC, sendo inaplicável, de forma vinculante, a tabela da OAB, por possuir caráter meramente orientativo (Tema 1076/STJ).
IV. DISPOSITIVO E TESE
9. Recurso do banco desprovido. Recurso da autora parcialmente provido para condenar a requerida a restituir em dobro à parte autora os valores indevidamente cobrados após o dia 31/03/2021 e de forma simples os pagos antes desta data; e alterar o termo inicial dos juros moratórios incidentes sobre a condenação à repetição do indébito para a data de cada desconto indevido.
Dispositivos relevantes citados: CC, arts. 389, parágrafo único, 398 e 406; CDC, arts. 6º, 14, §1º, e 42, parágrafo único; CPC, arts. 85, §§2º e 11, e 86, parágrafo único.
Jurisprudência relevante citada: STJ, Súmulas 54, 297, 326 e 479; STJ, EREsp nº 1.413.542/RS, Rel. Min. Herman Benjamin, Corte Especial, j. 21.10.2020, DJe 30.03.2021; TJSP, Apelação Cível nº 1070585-85.2022.8.26.0100, Rel. Des. Gilberto Franceschini, j. 16.04.2025; TJSP, Apelação Cível nº 1006940-23.2024.8.26.0066, Rel. Des. Pedro Ferronato, j. 21.03.2025."
1012648-11.2023.8.26.0609,19900816,Apelação Cível,Bancários,Léa Duarte,Taboão da Serra,Núcleo 4.0-T. IV (DP2),,,30/10/2025,30/10/2025,7000.0,True,True,482,"DIREITO DO CONSUMIDOR. AÇÃO DECLARATÓRIA DE INEXISTÊNCIA DE DÉBITO CUMULADA COM INDENIZAÇÃO POR DANOS MORAIS . CARTÃO DE CRÉDITO NÃO SOLICITADO. COBRANÇA DE SEGURO NÃO CONTRATADO. INSCRIÇÃO INDEVIDA EM CADASTRO DE INADIMPLENTES. RESPONSABILIDADE SOLIDÁRIA DAS RÉS. DANO MORAL CONFIGURADO. INDENIZAÇÃO MANTIDA. 
I. CASO EM EXAME
1. Apelação interposta por C&A PAY S.A. e Banco Bradesco S.A. contra sentença que julgou procedentes os pedidos formulados em ação declaratória de inexistência de débito cumulada com indenização por danos morais . A sentença reconheceu a abusividade na emissão e cobrança de cartão de crédito não solicitado (Bradescard), bem como na inclusão de seguro não contratado, determinando a exclusão do nome da autora dos cadastros de inadimplentes, a restituição simples dos valores cobrados e o pagamento de indenização por danos morais de R$ 7.000,00.
II. QUESTÃO EM DISCUSSÃO
2. Há duas questões em discussão:
(i) verificar se houve falha na prestação do serviço das rés, em razão do envio de cartão e seguro não solicitados e da negativação indevida; (ii) avaliar a adequação e proporcionalidade do valor fixado a título de indenização por danos morais .
III. RAZÕES DE DECIDIR
3. A sentença analisou de forma exaustiva os elementos fáticos e jurídicos da causa, concluindo, com base nas provas dos autos, pela inexistência de contratação válida do cartão Bradescard e do ""seguro-bolsa"" vinculado ao cartão C&A PAY, bem como pela ausência de demonstração de autorização ou manifestação de vontade inequívoca da consumidora.
4. A conduta das rés configurou prática comercial abusiva, vedada pelo art. 39, III, do Código de Defesa do Consumidor, conforme entendimento consolidado na Súmula 532 do Superior Tribunal de Justiça (""Constitui prática comercial abusiva o envio de cartão de crédito sem prévia e expressa solicitação do consumidor, configurando-se ato ilícito indenizável"").
5. A responsabilidade das fornecedoras é objetiva, nos termos do art. 14 do CDC, sendo desnecessária a prova da culpa, bastando a demonstração do defeito na prestação do serviço e do nexo causal entre o ato ilícito e o dano experimentado.
6. Demonstrado que a autora teve seu nome indevidamente inscrito em cadastros restritivos de crédito por dívida inexistente, configurado está o dano moral in re ipsa, nos termos da jurisprudência pacífica do STJ. A indenização fixada em R$ 7.000,00 observa os princípios da razoabilidade e proporcionalidade, atendendo à dupla finalidade da reparação civil – compensatória e pedagógica –, inexistindo motivo para sua redução ou majoração.
IV. DISPOSITIVO E TESE

7. Sentença mantida. Recursos desprovidos.
Dispositivos relevantes citados:
CF/1988, art. 5º, X e XXXII; CDC, arts. 6º, III e VIII; 14; 18; 39, III; 42, parágrafo único; 51; CPC, arts. 355, I; 373, II; 487, I; RITJSP, art. 252; CC, art. 406, §2º (Lei nº 14.905/2024).
Jurisprudência relevante citada:
STJ, Súmula 532; STJ, Súmula 385; STJ, AgInt no AREsp 1.349.155/SP, Rel. Min. Ricardo Villas Bôas Cueva, Terceira Turma, DJe 05/02/2019; STJ, REsp 1.199.782/RS, Rel. Min. Luis Felipe Salomão, Quarta Turma, DJe 15/03/2011."
1004020-23.2024.8.26.0019,19895576,Apelação Cível,Bancários,Ana de Lourdes Coutinho Silva da Fonseca,Americana,13ª Câmara de Direito Privado,13,Direito Privado,29/10/2025,29/10/2025,5000.0,True,False,266,"DIREITO CIVIL. APELAÇÃO. RESPONSABILIDADE CIVIL. PARCIAL PROVIMENTO.
I. Caso em Exame:
Ação com pedidos de declaração de inexistência de relação jurídica e de indenização por dano moral e material. Autor alega ter sido vítima de fraude, resultando em prejuízo financeiro, e nega ter contratado empréstimo com o banco réu. Fraude envolveu transferência de valores da conta do autor para conta de terceiros. 
II. Questão em Discussão:
A questão em discussão consiste em (i) determinar a responsabilidade da financeira ré pela fraude ocorrida; (ii) avaliar a existência de dano moral e a adequação do valor da indenização por dano moral .
III. Razões de Decidir:
A vulnerabilidade do consumidor e a falha na prestação de serviços, devido à ausência de mecanismos de segurança adequados, foram determinantes para a ocorrência da fraude.
A responsabilidade objetiva da financeira é confirmada, uma vez que a fraude se insere no risco da atividade bancária, conforme jurisprudência do STJ.
IV. Dispositivo e Tese:
Recurso provido em parte para reduzir o valor da indenização por dano moral para R$5.000,00; mantendo-se, no mais, a sentença recorrida.
Tese de julgamento: 1. As instituições financeiras respondem objetivamente por fraudes em operações bancárias. 2. A indenização por dano moral deve ser proporcional ao sofrimento experimentado, sem propiciar enriquecimento indevido. 

Legislação Citada:
CDC, art. 14, §1°; e CC art. 927, parágrafo único.
Jurisprudência Citada:
STJ, REsp nº 1.834.003/SP, Rel. Min. Ricardo Villas Bôas Cueva, Terceira Turma, j. 17/09/2019.
STJ, REsp nº 1.197.929/PR, Rel. Min. Luis Felipe Salomão, j. 24/08/2011.
TJSP, Apelação Cível 1003732-08.2021.8.26.0625, Rel. Heraldo de Oliveira, j. 07/11/2021.
TJSP, Apelação Cível 1005904-11.2020.8.26.0704, Rel. Salles Vieira, j. 24/03/2022"
1017314-07.2024.8.26.0161,19895055,Apelação Cível,Indenização por Dano Moral,Monte Serrat,Diadema,30ª Câmara de Direito Privado,30,Direito Privado,29/10/2025,29/10/2025,,False,False,77,"Apelação – Ação de indenização por danos morais – Abordagem por funcionário de estabelecimento comercial, em razão de suspeita de furto – Desconfiança infundada – Ausência de prova de que houve comunicação de falta de pagamento como alegado em contestação – Prova testemunhal suficiente para corroborar a versão da autora – Danos morais configurados – Indenização fixada em valor razoável e proporcional – Sentença reformada – Procedência do pedido – Inversão dos ônus sucumbenciais – Recurso provido."
1120159-09.2024.8.26.0100,19891135,Apelação Cível,Telefonia,Simões de Almeida,São Paulo,13ª Câmara de Direito Privado,13,Direito Privado,28/10/2025,28/10/2025,10000.0,True,False,135,"APELAÇÃO – Ação declaratória de inexistência de débito c.c. indenização – Alegação de negativação indevida - Parcial procedência dos pedidos, com declaração de inexistência do débito – Recurso exclusivo do autor para condenação do réu ao pagamento de indenização por danos morais e do ônus de sucumbência - Dano moral verificado – Inexistência de negativação anterior àquela objeto da presente lide – Inaplicabilidade do verbete nº 385 da Súmula de Jurisprudência do STJ – Dano moral in re ipsa - Quantum indenizatório arbitrado em R$ 10.000,00 - Valor razoável, fixado de acordo com o patamar adotado por esta c. 13ª Câmara de Direito Privado em casos semelhantes – Sucumbência integral da parte ré – Honorários arbitrados em 20% sobre o valor do proveito econômico, nos termos do art. 85, §2º, do CPC - Recurso provido."
1006505-94.2017.8.26.0292,19883660,Apelação Cível,Transporte de Pessoas,Alexandre David Malfatti,Jacareí,12ª Câmara de Direito Privado,12,Direito Privado,24/10/2025,24/10/2025,20000.0,False,True,370,"AÇÃO DE INDENIZAÇÃO. SENTENÇA DE PARCIAL PROCEDÊNCIA. APELAÇÃO DA AUTORA PARCIALMENTE PROVIDA.

ACIDENTE DE TRÂNSITO. TRANSPORTE DE PASSAGEIROS. RESPONSABILIDADE SUBJETIVA DO MOTORISTA DO ÔNIBUS. AUSÊNCIA DE PROVA DE CULPA OU DOLO. MANUTENÇÃO DA IMPROCEDÊNCIA DO PEDIDO. RESPONSABILIDADE CIVIL OBJETIVA DA EMPRESA. RESPONSABILIDADE OBJETIVA. DANOS MORAIS E ESTÉTICOS CONFIGURADOS. VALORES DAS INDENIZAÇÕES MAJORADOS. Ação de indenização. Sentença de procedência. Recurso da autora. Reconheceu-se a responsabilidade da corré no evento danoso e a existência de danos morais , materiais e estéticos passíveis de indenização. Importante insistir que não houve impugnação sobre esses pontos. A apelação cinge-se à responsabilidade do motorista e ao valor da indenização por danos morais e estéticos. Primeiro, reconhece-se a ausência de responsabilidade do motorista do ônibus. Responsabilidade do preposto (condutor) que tinha natureza subjetiva. Ou seja, dependia da efetiva comprovação de dolo ou culpa do agente. Circunstâncias reveladas, na instrução processual, que não retrataram negligência do motorista. Ônibus que foi conduzido pela faixa correta e em baixa velocidade, tendo o impacto sido causado pela perda do controle do motorista do outro veículo. Cumprimento de seu dever de cautela e prudência ao conduzir o ônibus e garantir a segurança dos passageiros, na forma dos artigos 28, 29, I e II e 43, todos do Código de Trânsito Brasileiro (CTB). Essa culpa de terceiro não excluía a responsabilidade (objetiva) da empresa ré, mas interessava à apuração da culpa do motorista do ônibus. E segundo, majora-se o valor das indenizações pelos danos morais e danos estéticos. Violação de direitos da personalidade. Em razão do acidente e como resultado da violação do seus direitos à integridade corporal, a autora sofreu graves lesões. Inequívoco o sofrimento intenso e a repercussão que o acidente causou na vida da autora. Indenização por danos morais e danos estéticos fixada (no total) em R$ 20.000,00, quantia que atende as funções compensatória (principal) e inibitória (secundária), concretizando-se o direito básico do consumidor, diante da gravidade do acidente. Licitude na cumulação das indenizações por danos morais e por danos estéticos. Restou indubitável a ocorrência do dano estético. Lesões causadas no acidente que não só implicaram na fratura do nariz da autora, como também no transtorno psiquiátrico de estresse pós traumático. Ação julgada parcialmente procedente.

SENTENÇA REFORMADA. RECURSO PARCIALMENTE PROVIDO."
1029242-75.2023.8.26.0003,19883140,Apelação Cível,Transporte Aéreo,Daniela Menegatti Milano,São Paulo,16ª Câmara de Direito Privado,16,Direito Privado,24/10/2025,24/10/2025,4000.0,True,True,150,"APELAÇÃO CÍVEL – Transporte aéreo internacional – Cancelamento de voo – Ação de indenização por danos morais – Sentença de parcial procedência que arbitrou a indenização por dano moral em R$ 4.000,00 a cada autor e por dano material no valor de R$ 1.080,67.
I. Inconformismo parcial dos autores – Discussão sobre a suficiência da indenização arbitrada a título de danos morais .
II. Reconhecimento de falha na prestação de serviço. Condenação tornada definitiva à míngua de insurgência recursal da ré.
III. Dano moral . Overbooking no voo de ida. Atraso de 24 horas na chegada ao destino. Atraso, ainda, de 6 horas no voo de volta. Prestação deficitária de assistência pela companhia aérea. Cabimento de majoração da indenização para R$ 7.000,00 a cada apelante, em vista das circunstâncias do caso concreto.
IV. Sentença parcialmente reformada para majorar o valor da indenização por dano moral – Recurso provido em parte."
1014290-53.2024.8.26.0554,19881775,Apelação Cível,Bancários,Olavo Sá,Santo André,Núcleo 4.0-T. I (DP2),,,24/10/2025,24/10/2025,,True,False,185,"Direito Civil. Apelação. Contratos. Pedido julgado parcialmente procedente.

Apelação interposta pela requerida contra sentença que declarou abusividade na cobrança de seguro e condenou o réu à devolução em dobro da quantia paga, além de condená-lo por danos materiais e morais. 

O autor celebrou contrato de financiamento para aquisição de apartamento, mas o seguro não cobriu a dívida em caso de incapacidade, resultando no leilão do imóvel.

O STJ já decidiu que é abusiva a pactuação de seguro sem liberdade de escolha da seguradora pelo consumidor.

Declarada a abusividade quanto à contratação do seguro, especificamente quanto à forma da repetição, considerando que o contrato data de 2023, o valor cobrado a título de seguro deverá ser restituído em dobro, em observância ao que restou decidido pelo E. STJ no julgamento do EAREsp nº 676.608/RS (Tema nº 929) e à modulação de efeitos sedimentada.

A indenização por dano moral deve ser proporcional, considerando a quebra de confiança e a privação do autor de valores que deveriam estar à sua disposição.

Valor estabelecido a título de indenização que se mostra adequado, não comportando minoração.

Sentença mantida.

RECURSO DESPROVIDO"
1000512-39.2021.8.26.0451,19880220,Apelação Cível,Bancários,José Wilson Gonçalves,Piracicaba,11ª Câmara de Direito Privado,11,Direito Privado,24/10/2025,24/10/2025,,True,False,127,"DECLARATÓRIA NEGATIVA C/C INDENIZAÇÃO POR DANOS MATERIAIS E MORAIS. Sentença de procedência. Recurso do réu. Perícia grafotécnica atestando a falsidade da assinatura que seria da autora. Recurso tão somente em relação à dobra concedida e à indenização por danos morais . Ofensa à boa-fé objetiva não configurada. Devolução simples. Sentença alterada. Compensação devida. Danos morais não caracterizados. A luta pelo reconhecimento do direito, por via administrativa ou por via judicial, não implica dano moral , mas sim ônus inerente à vida social. Ademais, a mera privação de montante em pecúnia não gera dano moral presumido. Autor que não comprova situação de humilhação ou vexatória ou ofensa a qualquer direito essencial, limitando-se a sustentar que os transtornos para solução lhe acarretaram danos morais . Sentença alterada. RECURSO PROVIDO."
1007436-33.2023.8.26.0019,19879831,Apelação Cível,Bancários,Alexandre David Malfatti,Americana,12ª Câmara de Direito Privado,12,Direito Privado,24/10/2025,24/10/2025,8000.0,False,False,311,"AÇÃO DE INEXIGIBILIDADE DE DÉBITO. SENTENÇA DE PROCEDÊNCIA. APELAÇÃO DO RÉU IMPROVIDA.

CONTRATO BANCÁRIO. EMPRÉSTIMO CONSIGNADO. FRAUDE. INEXISTÊNCIA DOS NEGÓCIOS JURÍDICOS. RESTITUIÇÃO DOS VALORES. FORMA DOBRADA. DANOS MORAIS CONFIGURADOS. Ação declaratória cumulada com repetição de indébito e pedido de indenização. Sentença de procedência. Recurso do réu. Primeiro, mantém-se a declaração de inexistência dos negócios jurídicos. Celebração de três contratos de empréstimos consignados. A autora alegou ter recebido depósito bancário oriundo de empréstimos consignados que não contratou, sendo induzida por suposto representante da instituição financeira a devolver parte do valor. Demonstradas divergências nos contratos, como dados pessoais incorretos e uso indevido de imagem para validação eletrônica, restou configurada fraude. A instituição financeira não comprovou a regular contratação, incidindo a responsabilidade objetiva prevista no CDC. Não se verificou qualquer conduta da parte autora capaz de cogitar sua culpa (exclusiva pelo ocorrido), incabível a defesa amparada na culpa exclusiva da vítima ou de terceiro. Fraude reconhecida. Incidência do art. 14 do CDC com aplicação da súmula nº 479 do STJ. Segundo, mantém-se a condenação da parte ré à restituição em dobro. Aplicação da jurisprudência fixada pelo STJ. Caso concreto em que os descontos ocorreram depois do período de modulação fixado pelo STJ. Bastou uma conduta contrária a boa-fé contratual da parte ré, que permitiu a ocorrência de fraude. Aplicação do artigo 42 do CDC. E terceiro, mantém-se o reconhecimento da ocorrência de danos morais . Numa sociedade de massa, a indevida contratação de empréstimo em nome do consumidor gera concreta de prejuízos nas esferas patrimonial e moral. A autora sofreu descontos indevidos em seu benefício previdenciário, com repercussão em verba necessária à sua subsistência. Violação da boa-fé contratual. Configuração de danos morais . Valor da indenização fixado em R$ 8.000,00, parâmetro razoável e até mesmo aquém daquele admitido por esta Turma julgadora em casos semelhantes. Ação julgada procedente.

SENTENÇA MANTIDA. RECURSO DO RÉU IMPROVIDO."
1002017-96.2024.8.26.0439,19879602,Apelação Cível,Bancários,Simões de Almeida,Pereira Barreto,13ª Câmara de Direito Privado,13,Direito Privado,23/10/2025,23/10/2025,,False,False,89,"APELAÇÃO – Ação anulatória c/c repetição do indébito e indenização por danos morais – Cobrança de tarifa bancária ""cesta fácil econômica"" e ""pacote de serviços - padronizado prioritários I"" – Ausência de demonstração de informação quanto a cobrança do serviço e regularidade na contratação – Abusividade reconhecida – Devolução dos valores de forma dobrada – Entendimento pacificado pelo C. STJ – Danos morais – Descontos sob verba alimentar – Danos morais devidos – Quantum indenizatório fixado levando-se em conta os princípios da proporcionalidade e razoabilidade – Recurso parcialmente provido."
1039499-44.2024.8.26.0224,19878383,Apelação Cível,Fornecimento de Água,Vianna Cotrim,Guarulhos,26ª Câmara de Direito Privado,26,Direito Privado,23/10/2025,23/10/2025,,False,False,97,"Prestação de serviço de fornecimento de água - Ação de obrigação de fazer cumulada com pretensão indenizatória - Legitimidade ativa configurada - Presença de pressupostos de constituição e desenvolvimento válido do processo - Decreto extintivo afastado - Possibilidade de julgamento do mérito, nos termos do artigo 1.013, § 3º, inciso I, do Código de Processo Civil - Cerceamento defesa não caracterizado - Cancelamento de faturas de consumo e revisão de valor por erro na apuração - Falha na prestação de serviços incontroversa - Suspensão no fornecimento indevida - Danos morais cabíveis - Ação procedente - Apelo provido."
1006135-31.2025.8.26.0100,19875017,Apelação Cível,Prestação de Serviços,Issa Ahmed,São Paulo,34ª Câmara de Direito Privado,34,Direito Privado,23/10/2025,23/10/2025,5000.0,True,True,121,"APELAÇÃO. Prestação de serviços. Ação de obrigação de fazer c.c. indenização por dano moral . Invasão da conta de usuária (pessoa física) em rede social (Instagram), por terceiros, com o fim de aplicar golpes, perdendo acesso à conta. R. sentença de parcial procedência da ação. Apelação da autora voltada ao pedido majoração de indenização por danos morais . Irresignação que não prospera. Patente a ocorrência de lesão moral à apelante, que, por falha na prestação de serviços da apelada, viu o perfil em rede social ser invadida repentinamente em 15.01.2025 por fraudadores. Quantum indenizatório fixado com base nos princípios da razoabilidade e proporcionalidade em R$5.000,00, bem como em conformidade com o valor praticado por esta C. Câmara. Sentença mantida. Recurso improvido."
1012667-51.2024.8.26.0554,19875026,Apelação Cível,Prestação de Serviços,Issa Ahmed,Santo André,34ª Câmara de Direito Privado,34,Direito Privado,23/10/2025,23/10/2025,5000.0,False,True,163,"APELAÇÃO. Prestação de serviços. Ação de obrigação de fazer c.c. indenização por danos morais . Bloqueio de três contas da usuária (pessoa física) em rede social (Facebook e Instagram). R. sentença de parcial procedência da ação, com apelo da requerida. Insurgência que não prospera. Conjunto probatório favorável a demandante. Patente a falha na prestação de serviços da apelada, vez que a autora viu seus perfis em redes sociais ser invadido e usado por terceiros para a aplicação de golpes. Obrigação de guarda e fornecimento dos dados de acesso para identificação do usuário pela provedora de aplicação de internet (Facebook). Falha na prestação de serviços evidenciada. Não constatada a impossibilidade da ré de cumprimento da obrigação, mantida a multa arbitrada. Danos morais verificados. Fixação em R$5.000,00 para cada conta não recuperada no Instagram (perfil pessoal e profissional). Valor adequado aos princípios da proporcionalidade e da razoabilidade. Ônus sucumbenciais que devem ser atribuídos conforme princípio da causalidade. Sentença mantida na íntegra. Sucumbência majorada. Recurso improvido."
1004756-81.2018.8.26.0106,19870800,Apelação,Remessa Necessária / Indenização por Dano Material,Oscild de Lima Júnior,Caieiras,11ª Câmara de Direito Público,11,Direito Público,21/10/2025,22/10/2025,,False,False,74,"RESPONSABILIDADE CIVIL - Pretensão de condenação do réu ao pagamento de indenização por danos materiais e morais causados às autoras em razão da má execução das obras de construção da Avenida Emancipador Ivo Manoel, Caieiras/SP, com consequente inundação dos imóveis – Responsabilidade objetiva do Estado configurada, nos termos do disposto no art. 37, § 6º, da CF - Valor arbitrado a título de danos morais adequados – Sentença de parcial procedência confirmada.

Recurso desprovido."
1008245-34.2024.8.26.0004,19870626,Apelação Cível,Bancários,Lígia Araújo Bisogni,São Paulo,23ª Câmara de Direito Privado,23,Direito Privado,22/10/2025,22/10/2025,8000.0,True,False,186,"PRELIMINARES – Nulidade da sentença por ausência de suficiente fundamentação – Inocorrência – Cerceamento de defesa – Rejeição.

AÇÃO DECLARATÓRIA DE NULIDADE DE NEGÓCIOS JURÍDICOS C.C. INDENIZAÇÃO POR DANOS MATERIAIS E MORAIS – Improcedência na origem – Insurreição por parte do autor – Dois empréstimos consignados firmados no mesmo dia, em valores idênticos, com parcelas descontadas do benefício previdenciário do autor – Evidenciada a fraude nas contratações – Documentos juntados pela instituição financeira que trazem inconsistências de dados do autor – Além disso, demonstrou o autor que, no mesmo dia em que creditados os valores, houve direcionamento dos montantes a terceiros - Devolução dos valores indevidamente debitados, em dobro, nos termos do EAREsp 676.608/RS – Dano moral caracterizado – Autor que não permaneceu em posse dos valores depositados, tendo suportado descontos em seu benefício previdenciário, atingindo sua renda – Diante das particularidades, arbitra-se o montante em R$ 8.000,00, com os consectários legais – Ação parcialmente procedente – Sucumbência a cargo do réu, eis que a fixação de indenização por danos morais em montante inferior ao postulado na inicial não implica sucumbência recíproca – Recurso parcialmente provido."
1007864-40.2024.8.26.0161,20709545,Apelação Cível,Bancários,Regina Aparecida Caro Gonçalves,Diadema,Núcleo 4.0-T. I (DP2),,,06/07/2026,06/07/2026,5000.0,True,True,420,"Direito do consumidor. Contratos de consumo. Bancários. Apelações cíveis. Ação declaratória c/c repetição de indébito e danos morais . Negativação indevida. Instituição financeira que não comprovou a contratação. Fraude demonstrada. Débito inexistente. Inscrição indevida. Dano moral presumido corretamente arbitrado na sentença em R$ 5.000,00. Consectários legais. Termo inicial dos juros. Evento danoso. Correção de ofício. Recursos desprovidos.

I. Caso em exame
1. Apelações cíveis interpostas pela autora e pelo réu contra sentença que declarou a inexigibilidade de débitos atribuídos à autora, reconheceu a ilegalidade das inscrições de seu nome em cadastros de inadimplentes, determinou a exclusão das anotações restritivas, condenou o réu ao pagamento de indenização por danos morais no valor de R$ 5.000,00 e fixou honorários advocatícios sucumbenciais em 10% sobre o valor atualizado da condenação.

II. Questões em discussão
2. As questões em discussão consistem em: (i) definir se o réu comprovou a regularidade das contratações que originaram os débitos negativados; (ii) estabelecer se a inscrição do nome da autora nos cadastros restritivos foi legítima; (iii) determinar se o valor da indenização por danos morais deve ser reduzido ou majorado; e (iv) verificar a adequação dos honorários advocatícios e dos consectários legais fixados na sentença.

III. Razões de decidir
3. Negativa de contratação. Ônus da prova do réu (arts. 373, II, e 429, II, do CPC).
4. Banco réu não comprovou a regularidade da contratação, limitando-se à juntada de documentos societários e de representação, bem como telas sistêmicas contendo apenas dados cadastrais da autora, sem qualquer vinculação aos débitos, evidenciando falha na prestação de serviços e a ocorrência de fraude.
5. Dano moral configurado. A inscrição indevida do nome da parte autora em cadastro de inadimplentes configura dano moral presumido, justificando a indenização fixada. Adequado o valor de R$ 5.000,00 estipulado na sentença.
6. Consectários legais. Matéria de ordem pública que admite correção de ofício sem configuração de reformatio in pejus. Responsabilidade extracontratual. Juros moratórios incidem a partir do evento danoso. 
7. Honorários de sucumbência. Os honorários advocatícios fixados em 10% na origem observam os critérios previstos no art. 85, § 2º, do CPC, considerando a simplicidade da causa e a ausência de instrução probatória.

IV. Dispositivo
8. Apelações cíveis conhecidas e desprovidas.
_________ 
Dispositivos relevantes citados: CPC, arts. 373, II, 429, II, 1.021, § 3º, e 85, § 2º; CC, arts. 290, 398, 927 e 944.
Jurisprudência relevante citada: STJ, Tema 1.306; STJ, Súmulas 54 e 385; STJ, AgInt no AREsp 2.821.566/DF; AgInt nos EDcl no AREsp 2.088.555/MS. TJSP, Apelação Cível nº 1009916-61.2022.8.26.0037; Apelação Cível nº 1009413-74.2023.8.26.0176."
1035937-11.2024.8.26.0003,20704842,Apelação Cível,Atraso de vôo,Daniela Menegatti Milano,São Paulo,16ª Câmara de Direito Privado,16,Direito Privado,04/07/2026,04/07/2026,14000.0,True,False,116,"APELAÇÃO CÍVEL – Transporte aéreo nacional – Atraso de voo – Ação de indenização por danos morais – Sentença de improcedência.
I. Inconformismo do autor – Alegação de caracterização de danos morais , cuja reparação estima em R$ 14.000,00.
II. Reconhecimento de falha na prestação de serviço. Problema técnico na aeronave. Fortuito interno.
III. Dano moral caracterizado. Atraso do primeiro trecho que culminou em perda de conexão. Reacomodação que ensejou a chegada ao destino com 14 horas de atraso. Fatos que extrapolam o mero aborrecimento cotidiano. Prestação, contudo, de assistência material. Fixação da indenização em R$ 4.000,00, em atenção às particularidades do caso concreto.
IV. Sentença reformada. Sucumbência integral da apelada – Recurso provido em parte."
1010795-40.2023.8.26.0229,20704571,Apelação Cível,Bancários,Marcos de Lima Porta,Hortolândia,Núcleo 4.0-T. V (DP2),,,03/07/2026,03/07/2026,,False,False,305,"Direito Civil. Apelação. Indenização por danos materiais e morais. Recurso parcialmente provido.
I. Caso em Exame
1. O Banco Bradesco S/A interpõe recurso de apelação contra a sentença que julgou parcialmente procedente ação de indenização por danos materiais e morais, condenando o demandado a reembolsar o demandante por débitos decorrentes de fraude e a pagar indenização por danos morais .
II. Questão em Discussão 
2. A questão em discussão consiste em: (i) a improcedência da indenização por danos morais , alegando que não houve comprovação de relevante abalo à honra ou imagem do demandante; (ii) a manutenção da indenização por danos materiais, uma vez que o banco não apresentou teses recursais específicas sobre este ponto.
III. Razões de Decidir 
3. As provas evidenciam a ocorrência de fraude bancária e falha nos serviços prestados pelo banco, justificando a indenização por danos materiais. 
4. Não há elementos nos autos que comprovem lesão à honra ou imagem do demandante, não justificando a indenização por danos morais .
IV. Dispositivo e Teses 
5. Recurso parcialmente provido. Afastada a condenação por danos morais , mantida a condenação por danos materiais. 
Teses de julgamento: 1. A falha na prestação de serviços bancários justifica a indenização por danos materiais. 2. A ausência de comprovação de lesão à honra ou imagem do demandante afasta a indenização por danos morais .
Legislação Citada:
CPC, art. 487, inciso I; art. 406; art. 85, § 11; art. 98, § 3º; art. 1.026, § 2º.
Código Civil, art. 389, parágrafo único.
Jurisprudência Citada:
STJ, AgInt nos EDcl no AREsp 1669683/SP, Rel. Min. Marco Aurélio Bellizze, Terceira Turma, julgado em 23/11/2020, DJe 30/11/2020.
TJSP, Apelação Cível 1024869-67.2024.8.26.0002, Rel. Des. Lavinio Donizetti Paschoalão, 38ª Câmara de Direito Privado, j. 09/11/2024.
TJSP, Apelação Cível 1044658-83.2023.8.26.0100, Rel. Des. Léa Duarte, Núcleo de Justiça 4.0 em Segundo Grau Turma IV, j. 19/08/2024."
1000619-50.2024.8.26.0137,20699711,Apelação Cível,Associação,Lucilia Alcione Prata,Cerquilho,6ª Câmara de Direito Privado,6,Direito Privado,02/07/2026,02/07/2026,5000.0,True,False,163,"APELAÇÃO CÍVEL – AÇÃO DECLARATÓRIA DE INEXIGIBILIDADE DE DÉBITO CUMULADA COM REPETIÇÃO DE INDÉBITO E INDENIZAÇÃO POR DANOS MORAIS – Descontos efetuados em conta vinculada a benefício previdenciário – Sentença de parcial procedência que declarou a inexistência da relação jurídica entre as partes e a inexigibilidade do débito, condenando a ré à restituição em dobro dos valores descontados, afastado o pedido de indenização por danos morais – Inconformismo do autor – Pedido de indenização por dano moral – Acolhimento. Julgamento de mérito do Incidente de Resolução de Demandas Repetitivas (IRDR) nº 2116802-76.2025.8.26.0000 (Tema 59 do TJSP), com suspensão cessada. Tese vinculante firmando o entendimento de que, em casos de desconto indevido de valores em benefício previdenciário por associação sem vínculo, aplica-se a regra do dano in re ipsa. Dever de observância obrigatória (art. 927, III, do CPC). Indenização fixada em R$ 5.000,00, valor condizente com a extensão da ofensa e os parâmetros jurisprudenciais, evitando-se o enriquecimento sem causa. Sentença parcialmente reformada. RECURSO PROVIDO."
1000510-64.2025.8.26.0472,20699703,Apelação Cível,Associação,Lucilia Alcione Prata,Porto Ferreira,6ª Câmara de Direito Privado,6,Direito Privado,02/07/2026,02/07/2026,5000.0,True,False,160,"APELAÇÃO CÍVEL – AÇÃO DECLARATÓRIA DE INEXISTÊNCIA DE DÉBITO E CONTRATO CUMULADA COM REPETIÇÃO DE INDÉBITO E INDENIZAÇÃO POR DANOS MORAIS – Descontos efetuados em conta vinculada a benefício previdenciário – Sentença de parcial procedência que declarou inexistente a relação jurídica e inexigível o débito, condenando a ré à restituição em dobro dos valores descontados, afastado o pedido de indenização por danos morais – Inconformismo da autora – Pedido de indenização por dano moral – Acolhimento. Julgamento de mérito do Incidente de Resolução de Demandas Repetitivas (IRDR) nº 2116802-76.2025.8.26.0000 (Tema 59 do TJSP), com suspensão cessada. Tese vinculante firmando o entendimento de que, em casos de desconto indevido de valores em benefício previdenciário por associação sem vínculo, aplica-se a regra do dano in re ipsa. Dever de observância obrigatória (art. 927, III, do CPC). Indenização fixada em R$ 5.000,00, valor condizente com a extensão da ofensa e os parâmetros jurisprudenciais, evitando-se o enriquecimento sem causa. Sentença parcialmente reformada. RECURSO PROVIDO."
1001821-32.2021.8.26.0084,20700183,Apelação Cível,Bancários,Renato Rangel Desinano,Campinas,11ª Câmara de Direito Privado,11,Direito Privado,02/07/2026,02/07/2026,,True,False,91,"AÇÃO DECLARATÓRIA C.C INDENIZATÓRIA – Empréstimo consignado – Falsidade da assinatura aposta em contrato de empréstimo constatada em perícia grafotécnica – Dano moral configurado – Autor que sofreu descontos mensais em seu benefício previdenciário em virtude de contrato que não celebrou – Comprometimento de verba que ostenta natureza alimentar – Transtornos experimentados que superam o mero dissabor – Quantum indenizatório arbitrado na origem que se revela adequado aos fins colimados – Honorários advocatícios corretamente arbitrados nos termos do art. 85, § 2º, do CPC – Sentença mantida – RECURSO NÃO PROVIDO."
1000825-89.2024.8.26.0646,20700058,Apelação Cível,Associação,Alexandre Lazzarini,Urânia,9ª Câmara de Direito Privado,9,Direito Privado,02/07/2026,02/07/2026,5000.0,True,True,309,"DIREITO CIVIL. APELAÇÃO CÍVEL. DESCONTOS INDEVIDOS EM BENEFÍCIO PREVIDENCIÁRIO DE NÃO ASSOCIADO. SENTENÇA DE PARCIAL PROCEDÊNCIA. APELAÇÃO DA RÉ. CONTRATAÇÃO RECONHECIDA COMO NÃO VÁLIDA PELA SENTENÇA. DANO MORAL CARACTERIZADO. TEMA 59 DESTE TJSP. CONDENAÇÃO DA RÉ MANTIDA. RECURSO DO AUTOR APENAS PARA MAJORAR O QUANTUM FIXADO A TÍTULO DE INDENIZAÇÃO POR DANOS MORAIS . INDENIZAÇÃO FIXADA EM R$ 5.000,00 (CINCO MIL REAIS). VALOR QUE ATENDE AOS CRITÉRIOS DE RAZOABILIDADE E PROPORCIONALIDADE. PRECEDENTES DESTA 9ª CÂMARA DE DIREITO PRIVADO. SENTENÇA MANTIDA. RECURSOS NÃO PROVIDOS.
I. Caso em Exame
1. Ação declaratória de inexistência de débito c/c repetição de indébito e pedido de reparação por danos morais e tutela de urgência antecipada com pedido liminar julgada procedente para condenar a ré à restituição em dobro do que indevidamente descontado em razão do negócio jurídico considerado inexistente e ao pagamento de indenização por danos morais .
II. Questão em Discussão
2. Recorreram ambas as partes. A requerida defende a legitimidade dos descontos e ausência de danos morais indenizáveis e o autor requer a majoração do valor fixado a título de danos extrapatrimoniais. 
III. Razões de Decidir
3. Restou demonstrada nos autos a irregularidade da relação jurídica, caracterizando a conduta ilícita da requerida e a responsabilidade de indenizar o autor por danos morais , inclusive à luz da tese firmada pelo TJSP em Incidente de Resolução de Demandas Repetitivas (Tema 59) no sentido de que, nos casos de desconto indevido de benefícios previdenciários, aplica-se a regra do dano ""in re ipsa"" quando demonstrado que a contratação se deu sem a concordância dos beneficiários, como no caso em análise. Contratação reconhecida como não válida pela sentença. Sentença mantida. 
4. Indenização por danos morais fixada em R$ 5.000,00. Valor que atende aos critérios de razoabilidade e proporcionalidade, estando em consonância aos precedentes deste TJSP.
IV. Dispositivo 
5. Recursos do autor e da ré não providos."
1000108-48.2022.8.26.0646,20692336,Apelação Cível,Bancários,Francisco Giaquinto,Urânia,13ª Câmara de Direito Privado,13,Direito Privado,01/07/2026,01/07/2026,,False,False,211,"DIREITO CIVIL. APELAÇÃO. CONTRATOS. RECURSO PROVIDO.
 
I. Caso em Exame
1. Ação declaratória c.c. obrigação de fazer e reparação de danos materiais e morais, alegando-se contratação indevida de empréstimo consignado mediante fraude. Sentença julgou parcialmente procedente a ação, declarando inexigível o contrato nº 3378638328 e condenando o Banco a restituir valores descontados e indenizar por danos morais .
 
II. Questão em Discussão
2. A questão em discussão consiste em (i) verificar a regularidade da contratação do empréstimo consignado e (ii) a existência de danos morais decorrentes dos descontos realizados no benefício previdenciário do autor.
 
III. Razões de Decidir
3. O conjunto probatório produzido pelo Banco réu, incluindo contrato digital, selfie, e geolocalização, comprova a regularidade da contratação e o consentimento do autor.
4. Não há indícios de fraude ou vício de consentimento, sendo válidos os descontos realizados. A relação jurídica é de consumo, mas não se justifica a inversão do ônus da prova, pois não demonstrada a verossimilhança das alegações do autor.
 
IV. Dispositivo e Tese
5. Recurso provido. Ação julgada improcedente.

Tese de julgamento: 1. A regularidade da contratação de empréstimo consignado pode ser comprovada por evidências tecnológicas, como contrato digital e geolocalização. 2. A inversão do ônus da prova em relações de consumo requer verossimilhança das alegações do consumidor."
1003881-88.2025.8.26.0196,20686706,Apelação Cível,Bancários,Mônica Soares Machado,Franca,Núcleo 4.0-T. VIII (DP2),,,30/06/2026,30/06/2026,10000.0,True,False,599,"APELAÇÃO. DIREITO DO CONSUMIDOR. NULIDADE CONTRATUAL C/C REPETIÇÃO DE INDÉBITO E INDENIZAÇÃO POR DANOS MORAIS . EMPRÉSTIMO CONSIGNADO. NEGATIVA DE CONTRATAÇÃO. SENTENÇA DE PROCEDÊNCIA. RECURSO PARCIALMENTE PROVIDO.
I. CASO EM EXAME: Apelação do banco contra sentença que declarou a inexistência do contrato de empréstimo consignado, determinou a restituição em dobro dos valores indevidamente descontados do benefício previdenciário da autora, condenou ao pagamento de indenização por danos morais no valor de R$ 10.000,00 e autorizou a compensação simples do montante creditado. Sustenta o apelante, preliminarmente, a ausência de interesse de agir da parte autora, bem como requer a concessão de efeito suspensivo ao recurso. No mérito, defende a regularidade da contratação realizada por meio eletrônico, afastando a alegada falha na prestação do serviço, a restituição em dobro dos valores descontados e a condenação por danos morais , postulando, subsidiariamente, a redução do quantum indenizatório fixado na sentença.
II. QUESTÃO EM DISCUSSÃO: 1. Verificar a existência de interesse de agir da parte autora, bem como a necessidade de concessão de efeito suspensivo ao recurso; 2. Saber se é possível reconhecer a regularidade do contrato impugnado; 3. Se subsiste a condenação por danos morais e restituição em dobro dos valores descontados. 
III. RAZÕES DE DECIDIR: A ausência de protocolo administrativo, por si só, não configura falta de interesse de agir, nem autoriza o indeferimento da inicial – Condições da ação presentes – Pedido de efeito suspensivo desacolhido – Caso dos autos não importa eficácia imediata da sentença – Autora negou a contratação de empréstimo consignado – Prova pericial evidenciou a inexistência de elementos técnicos suficientes para atribuir, com segurança, a autoria da contratação à consumidora – Ausência de registros robustos de identificação do dispositivo, geolocalização ou autenticação – Era ônus do réu a comprovação iniludível de contratação idônea (Art. 373, II, do CPC) – Inexistente autorização expressa e válida para a realização dos descontos – Contratação inválida – Ausência de prova estreme de dúvida da manifestação volitiva válida da parte autora – Falha na prestação do serviço – Responsabilidade objetiva da instituição financeira por fraudes praticadas no âmbito de suas operações – Súmula 479 do STJ e art. 14 do CDC – Inexigibilidade dos valores descontados – Necessária devolução dos valores, em dobro – Evidenciada conduta contrária à boa-fé (Tema 929 do STJ) – Dano moral caracterizado – Descontos indevidos incidentes sobre benefício previdenciário, verba de natureza alimentar – Reduções aptas a comprometer a subsistência da autora – Todavia, o valor fixado a título indenizatório na sentença revela-se excessivo – Adequada a sua redução para R$ 5.000,00, em observância aos princípios da razoabilidade e da proporcionalidade – Valor em consonância com os parâmetros indenizatórios usualmente adotados por esta Corte, em casos análogos.
IV. DISPOSITIVO E TESES: Recurso parcialmente provido, apenas para reduzir a indenização por danos morais para R$ 5.000,00, mantidos os demais termos da sentença.
Teses de julgamento: 1. A instituição financeira responde objetivamente pelos danos decorrentes de fraude em contratação de empréstimo quando não comprova, de forma segura, a autoria da contratação atribuída ao consumidor. 2. Os descontos indevidos sobre benefício previdenciário ensejam restituição em dobro, quando evidenciada violação à boa-fé objetiva, e configuram dano moral indenizável. 3. O valor da indenização por danos morais pode ser reduzido quando fixado em montante excessivo, em observância aos princípios da razoabilidade e proporcionalidade.
Legislação Citada: CDC, arts. 6º, VIII e 14; CPC, arts. 373, II, 429,II e 1.012.
Jurisprudência Citada: STJ, Súmulas 297 e 479 e Tema 1.061; (TJSP; Apelação Cível 1002878-13.2022.8.26.0032; Rel. Léa Duarte; Núcleo 4.0-T. IV; j: 28/02/2025); (TJSP; Apelação Cível 1000983-26.2024.8.26.0071; Rel.: Ricardo Hoffmann; Núcleo 4.0-T. IV; j: 15/12/2025)."
1002350-10.2024.8.26.0484,20687991,Apelação Cível,Associação,Carlos Castilho Aguiar França,Promissão,4ª Câmara de Direito Privado,4,Direito Privado,30/06/2026,30/06/2026,45.0,True,False,324,"DIREITO DO CONSUMIDOR. APELAÇÃO. DESCONTOS INDEVIDOS EM BENEFÍCIO PREVIDENCIÁRIO. PROVIMENTO.
I. Caso em Exame
1. Maria Rosa Lance ajuizou ação contra a Associação de Aposentados Mutualistas para Benefícios Coletivos (AMBEC), alegando descontos indevidos em seu benefício previdenciário, sem autorização, no valor de R$ 45,00 mensais. Requereu a declaração de inexigibilidade do débito, restituição em dobro dos valores descontados e indenização por danos morais .
II. Questão em Discussão
2. A questão em discussão consiste em (i) a aplicabilidade da restituição em dobro dos valores descontados; (ii) a configuração de dano moral in re ipsa devido aos descontos indevidos; (iii) a adequação dos honorários advocatícios fixados em sentença.
III. Razões de Decidir
3. A falha no dever de informação configura conduta contrária à boa-fé objetiva, atraindo a restituição em dobro dos valores descontados, conforme orientação do STJ.
4. O desconto não autorizado em benefício previdenciário configura dano moral , considerando a vulnerabilidade da consumidora e a natureza alimentar da verba.
5. A fixação de honorários advocatícios por equidade é adequada, considerando a natureza repetitiva e a baixa complexidade da demanda.
IV. Dispositivo e Tese
5. Recurso provido para condenar a ré à restituição em dobro dos valores descontados, ao pagamento de indenização por danos morais e à fixação dos honorários advocatícios por equidade.
Tese de julgamento: 1. Restituição em dobro é devida quando há falha no dever de informação. 2. Dano moral configurado por descontos indevidos em benefício previdenciário. 3. Honorários advocatícios devem ser fixados por equidade em demandas de baixa complexidade.
Legislação Citada:
Código de Defesa do Consumidor, art. 6º, III, art. 14, art. 39, IV, art. 42, parágrafo único.
Código Civil, arts. 186, 927.
Código de Processo Civil, art. 85, §§ 8º e 8º-A.
Súmulas 54 e 362 do STJ.
Jurisprudência Citada:
EAREsp 676.608/RS, STJ, Corte Especial, Rel. Min. OG FERNANDES, j. 21.10.2020.
IRDR nº 2116802-76.2025.8.26.0000, TJSP, Turma Especial Privado I, j. 17.04.2026.
AREsp n. 2.720.526/SC, STJ, Rel. Min. Daniela Teixeira, j. 03.11.2025."
1011043-17.2024.8.26.0020,20687990,Apelação Cível,Associação,Carlos Castilho Aguiar França,São Paulo,4ª Câmara de Direito Privado,4,Direito Privado,30/06/2026,30/06/2026,40.25,True,False,270,"DIREITO DO CONSUMIDOR. APELAÇÃO. DESCONTOS INDEVIDOS EM BENEFÍCIO PREVIDENCIÁRIO. PROVIMENTO.
I. Caso em Exame
1. Ozanira Alves Santos Ferraz ajuizou ação contra a Associação dos Aposentados e Pensionistas do Brasil (AAPB), alegando descontos indevidos em seu benefício previdenciário, sem autorização, no valor de R$ 40,25 mensais. Requereu a declaração de inexistência do vínculo associativo, restituição em dobro dos valores descontados e indenização por danos morais .
II. Questão em Discussão
2. A questão em discussão consiste em (i) a configuração de dano moral in re ipsa devido aos descontos indevidos; (ii) a adequação dos honorários advocatícios fixados em sentença.
III. Razões de Decidir
3. O desconto não autorizado em benefício previdenciário configura dano moral in re ipsa, conforme tese fixada no IRDR nº 2116802-76.2025.8.26.0000.
4. A fixação de honorários advocatícios em percentual sobre o valor da condenação resultou em quantia aviltante, devendo ser ajustada por equidade.
IV. Dispositivo e Tese
5. Recurso provido para condenar a apelada ao pagamento de indenização por danos morais e ajustar os honorários advocatícios.
Tese de julgamento: 1. Dano moral in re ipsa configurado por descontos indevidos em benefício previdenciário. 2. Honorários advocatícios devem ser fixados por equidade quando o valor percentual é aviltante.
Legislação Citada:
Código de Defesa do Consumidor, art. 6º, VIII, art. 14, art. 42, parágrafo único.
Código Civil, arts. 104, II, 186, 927.
Código de Processo Civil, art. 85, §§ 8º e 8º-A.
Súmulas 54 e 362 do STJ.
Jurisprudência Citada:
IRDR nº 2116802-76.2025.8.26.0000, TJSP, Turma Especial Privado I, j. 17.04.2026.
EAREsp 676.608/RS, STJ, Corte Especial, Rel. Min. OG FERNANDES, j. 21.10.2020.
AREsp 2.720.526/SC, STJ, Rel. Min. Daniela Teixeira, j. 03.11.2025."
1051711-47.2025.8.26.0100,20681585,Apelação Cível,Turismo,Antonio Conehero Júnior,São Paulo,34ª Câmara de Direito Privado,34,Direito Privado,29/06/2026,29/06/2026,5000.0,True,False,84,"Apelação cível – Indenização por dano moral – Reserva de hospedagem realizada por plataforma digital – Cancelamento no dia previsto para o check-in – Culpa exclusiva de terceiro afastada – Relação de consumo – Plataforma de intermediação e estabelecimento de hospedagem que integra a cadeia de fornecimento – Defeito na prestação do serviço – Frustração de viagem destinada à comemoração de aniversário de casamento – Dano moral configurado – Indenização fixada em R$ 5.000,00 para cada apelante – Sentença de improcedência – Recurso provido."
1004842-60.2025.8.26.0024,20681655,Apelação Cível,Seguro,Antonio Conehero Júnior,Andradina,34ª Câmara de Direito Privado,34,Direito Privado,29/06/2026,29/06/2026,5000.0,True,False,84,"Apelação cível – Previdência Complementar – Descontos mensais indevidos em conta bancária – Declaração de inexistência da relação jurídica e condenação dos apelados à restituição em dobro dos valores descontados – Pretensão recursal limitada à indenização por dano moral – Descontos reiterados, sem contrato, incidentes sobre conta utilizada para o recebimento de benefício previdenciário – Pessoa idosa – Situação que ultrapassa o mero aborrecimento – Dano moral configurado – Indenização fixada em R$ 5.000,00 – Sentença de procedência parcial – Recurso provido em parte."
1006634-48.2025.8.26.0477,20681530,Apelação Cível,Serviços Profissionais,Antonio Conehero Júnior,Praia Grande,34ª Câmara de Direito Privado,34,Direito Privado,29/06/2026,29/06/2026,,True,False,102,APELAÇÃO CÍVEL – OBRIGAÇÃO DE FAZER CUMULADA COM INDENIZAÇÃO POR DANO MORAL – MOTORISTA PARCEIRO DE PLATAFORMA DE TRANSPORTE POR APLICATIVO – DESATIVAÇÃO DE CONTA – SENTENÇA DE IMPROCEDÊNCIA. Ré que não impugnou de forma especificada os fatos constitutivos do direito do autor. Contestação dissociada da causa de pedir. Incontrovérsia quanto ao roubo do aparelho celular contendo acesso à plataforma e posterior desativação da conta sob alegação genérica de fraude. Infração contratual imputável ao apelante não demonstrada. Desativação indevida. Inexistência de exercício regular de direito. Ilicitude da conduta da apelada. Direito à reativação da conta. Dano moral configurado. Indenização devida. Recurso provido.
1015390-47.2024.8.26.0003,20681528,Apelação Cível,Serviços Profissionais,Antonio Conehero Júnior,São Paulo,34ª Câmara de Direito Privado,34,Direito Privado,29/06/2026,29/06/2026,5000.0,True,False,93,"APELAÇÃO CÍVEL – Obrigação de fazer cumulada com indenização – Entregador cadastrado na plataforma ""IFood"" – Desativação injustificada da conta. Sentença determinando o restabelecimento do cadastro. Capítulo não impugnado pela ré. Coisa julgada. Descredenciamento indevido, gerando insegurança quanto à atividade remunerada e perda de tempo útil, ultrapassando meros aborrecimentos. Dano moral configurado. Indenização fixada em R$ 5.000,00. Lucros cessantes. Ônus de alegar e provar, do qual o autor da demanda não se desincumbiu. Dano material que não se presume. Inviabilidade de apuração em liquidação. Redimensionamento das verbas da sucumbência. Recurso provido em parte."
1002224-02.2025.8.26.0297,20679219,Apelação Cível,Associação,Lucilia Alcione Prata,Jales,6ª Câmara de Direito Privado,6,Direito Privado,29/06/2026,29/06/2026,5000.0,False,False,182,"APELAÇÃO CÍVEL. AÇÃO DECLARATÓRIA DE INEXISTÊNCIA DE DÉBITO C/C REPETIÇÃO DE INDÉBITO E INDENIZAÇÃO POR DANOS MORAIS . Descontos indevidos em benefício previdenciário. Insurgência do autor. Pretensão de condenação da ré ao pagamento de indenização por danos morais e fixação de juros de mora desde o evento danoso. Possibilidade. Retomada do julgamento da matéria após o término da suspensão determinada pelo Tema 59 deste E. Tribunal de Justiça (IRDR nº 2116802-76.2025.8.26.0000). Precedente vinculante. Aplicação da regra do dano in re ipsa em virtude de descontos realizados por associação sem a concordância do beneficiário. Inexistência de contratação reconhecida na origem. Subtração ilícita de verba de natureza alimentar de pessoa idosa. Comprometimento do sustento básico e violação à dignidade do consumidor. Conduta que fere a boa-fé objetiva e a transparência. Indenização fixada em R$ 5.000,00. Observância aos princípios da razoabilidade e proporcionalidade. Juros de mora incidentes desde o evento danoso (Súmula 54 do STJ). Correção monetária desde o arbitramento (Súmula 362 do STJ). Aplicação dos novos parâmetros fixados pela Lei nº 14.905/2024. Ônus de sucumbência carreado integralmente à parte ré. Sentença reformada. RECURSO PROVIDO."
1015274-13.2025.8.26.0001,20672119,Apelação Cível,Tratamento médico-hospitalar,Rui Porto Dias,São Paulo,Núcleo 4.0-T. V (DP1),,,26/06/2026,26/06/2026,10000.0,True,False,114,"APELAÇÃO CÍVEL. PLANO DE SAÚDE. AÇÃO DE OBRIGAÇÃO DE FAZER COM PEDIDO DE TUTELA DE URGÊNCIA. Suspensão indevida de contrato. Sentença de procedência do pedido. Recursos da parte ré. Não cabimento. Beneficiária que teve atendimento médico negado em razão de imbróglio financeiro envolvendo a operadora de plano de saúde. Consumidor que não pode ser prejudicado com a suspensão dos serviços contratados, sem prévio aviso e oferta de alternativas, em decorrência de problema alheio à sua relação contratual. Abusividade. Suspensão indevida do plano de beneficiário que necessitava de tratamento médico configura dano moral . Arbitramento no valor de R$ 10.000,00 que, no caso concreto, se mostra razoável. Dano moral excepcionalmente mantido. Sentença preservada. RECURSO DESPROVIDO."
1031491-62.2024.8.26.0003,20670817,Apelação Cível,Atraso de vôo,Daniela Menegatti Milano,São Paulo,16ª Câmara de Direito Privado,16,Direito Privado,23/06/2026,25/06/2026,154.2,True,False,154,"APELAÇÃO CÍVEL – Transporte aéreo nacional – Atraso de voo – Ação de indenização por danos materiais morais – Sentença de parcial procedência que arbitrou a indenização por dano material em R$ 154,20, rejeitando o pleito referente ao dano moral .
I. Inconformismo do autor – Pretensão na fixação de indenização por danos morais no importe de R$ 12.000,00.
II. Reconhecimento de falha na prestação de serviço. Condenação por dano material tornada definitiva à míngua de insurgência recursal da ré.
III. Dano moral caracterizado. Atraso do primeiro trecho que culminou em perda de conexão. Reacomodação que ensejou a chegada ao destino com 9 horas de atraso. Fatos que extrapolam o mero aborrecimento cotidiano. Fornecimento, contudo, de hospedagem e alimentação pela manhã. Fixação da indenização em R$ 3.000,00, em atenção às particularidades do caso concreto.
IV. Sentença parcialmente reformada para fixar indenização por dano moral . Sucumbência integral da apelada – Recurso provido em parte."
1008129-43.2025.8.26.0020,20668513,Apelação Cível,Direitos / Deveres do Condômino,Marcus Vinicius Rios Gonçalves,São Paulo,32ª Câmara de Direito Privado,32,Direito Privado,25/06/2026,25/06/2026,10000.0,False,False,178,"AÇÃO DE REPARAÇÃO DE DANOS MATERIAIS E MORAIS – Autora que alega que sua unidade foi invadida por transbordamento de esgoto proveniente de entupimento da caixa central do condomínio réu – Pretensão à condenação do condomínio à reparação dos danos materiais e morais - Sentença de parcial procedência que condenou o réu ao pagamento de indenização por danos morais , no valor de R$ 10.000,00, afastando os danos materiais - Insurgência do réu - Cerceamento de defesa - Inocorrência – Juiz como destinatário das provas - Conjunto probatório dos autos que se mostrou suficiente para o deslinde da demanda, afigurando-se desnecessária a realização de prova oral. MÉRITO – Transbordamento de esgoto no imóvel da autora que restou incontroverso – Elementos de convicção trazidos aos autos que evidenciam que o transbordamento decorreu de entupimento da caixa de esgoto/gordura - Responsabilidade objetiva do condomínio por falha na manutenção de área comum que restou caracterizada – Danos morais configurados no caso concreto – Transtornos que extrapolam o mero dissabor cotidiano, afetando a dignidade da condômina - Sentença mantida - Recurso desprovido."
1001350-69.2024.8.26.0097,20667240,Apelação Cível,Associação,Silvério da Silva,Buritama,8ª Câmara de Direito Privado,8,Direito Privado,25/06/2026,25/06/2026,5000.0,True,True,110,"APELAÇÃO - DECLARATÓRIA DE INEXIGIBILIDADE DE DÉBITO C.C. INDENIZAÇÃO POR DANO MATERIAL E MORAL – SENTENÇA PARCIALMENTE PROCEDENTE - INCONFORMISMO DA AUTORA – DESCONTOS INDEVIDOS EM BENEFÍCIO PREVIDENCIÁRIO. MÁ FÉ. ART. 42 DO CDC. DEVOLUÇÃO EM DOBRO. JUROS A PARTIR DA CITAÇÃO. ART. 405 DO CC.. DANO MORAL . OCORRÊNCIA. DANO IN RE IPSA. IRDR Nº 59 DESTE TRIBUNAL. INDENIZAÇÃO MAJORADA DE R$ 5.000,00 PARA R$ 8.000,00. RAZOABILIDADE E PROPORCIONALIDADE. JUROS DE MORA A PARTIR DO EVENTO DANOSO. SUMULA 54 DO STJ HONORÁRIOS DE ADVOGADO FIXADOS EM 10% SOBRE O VALOR DA CONDENAÇÃO, DENTRO DA MARGEM LEGAL. ART. 85, § 2º DO CPC. MANUTENÇÃO. . DADO PROVIMENTO PARCIAL AO RECURSO"
1001555-12.2025.8.26.0664,20667237,Apelação Cível,Associação,Silvério da Silva,Votuporanga,8ª Câmara de Direito Privado,8,Direito Privado,25/06/2026,25/06/2026,8000.0,True,False,57,"APELAÇÃO - DECLARATÓRIA DE INEXIGIBILIDADE DE DÉBITO C.C. INDENIZAÇÃO POR DANO MATERIAL E MORAL – SENTENÇA PARCIALMENTE PROCEDENTE - INCONFORMISMO DO AUTOR. DESCONTOS INDEVIDOS NO BENEFÍCIO PREVIDENCIÁRIO. DANO MORAL OCORRÊNCIA. DANO IN RE IPSA. IRDR Nº 59 DESTE TRIBUNAL. INDENIZAÇÃO ARBITRADA EM R$ R$ 8.000,00. RAZOABILIDADE E PROPORCIONALIDADE. SUCUMBÊNCIA ATRIBUÍDA À RÉ. DADO PROVIMENTO PARCIAL AO RECURSO"
1001633-05.2024.8.26.0126,20667236,Apelação Cível,Associação,Silvério da Silva,Caraguatatuba,8ª Câmara de Direito Privado,8,Direito Privado,25/06/2026,25/06/2026,8000.0,True,False,57,"APELAÇÃO - DECLARATÓRIA DE INEXIGIBILIDADE DE DÉBITO C.C. INDENIZAÇÃO POR DANO MATERIAL E MORAL – SENTENÇA PARCIALMENTE PROCEDENTE - INCONFORMISMO DO AUTOR. DESCONTOS INDEVIDOS NO BENEFÍCIO PREVIDENCIÁRIO. DANO MORAL OCORRÊNCIA. DANO IN RE IPSA. IRDR Nº 59 DESTE TRIBUNAL. INDENIZAÇÃO ARBITRADA EM R$ R$ 8.000,00. RAZOABILIDADE E PROPORCIONALIDADE. SUCUMBÊNCIA ATRIBUÍDA À RÉ. DADO PROVIMENTO PARCIAL AO RECURSO"
1018806-97.2024.8.26.0625,20667233,Apelação Cível,Associação,Silvério da Silva,Taubaté,8ª Câmara de Direito Privado,8,Direito Privado,25/06/2026,25/06/2026,5000.0,True,True,107,"APELAÇÃO - DECLARATÓRIA DE INEXIGIBILIDADE DE DÉBITO C.C. INDENIZAÇÃO POR DANO MATERIAL E MORAL – SENTENÇA PARCIALMENTE PROCEDENTE. RECURSO DAS PARTES. RRENÚNCIA DO ADVOGADO DA RÉ. INTIMAÇÃO POR E-MAIL, POSTERIORMENTE POR CARTA COM AVISO DE RECEBIMENTO. RÉ QUE NÃO ATUALIZOU ENDEREÇO. ART. 77, V E 318 DO CPC. FALTA DE REPRESENTAÇÃO PROCESSUAL. RECURSO NÃO CONHECIDO. DANO MORAL . PRETENSÃO DA AUTORA DE MAJORAR O VALOR DA INDENIZAÇÃO. DESCONTOS INDEVIDOS EM BENEFÍCIO PREVIDENCIÁRIO. DANO IN RE IPSA. IRDR Nº 59 DESTE TRIBUNAL. INDENIZAÇÃO MAJORADA DE R$ 5.000,00 PARA R$ R$ 8.000,00. RAZOABILIDADE E PROPORCIONALIDADE. NÃ CONHECIDO O RECURSO DA RÉ E DADO PROVIMENTO PARCIAL AO RECURSO DA AUTORA"
1001254-13.2024.8.26.0531,20667231,Apelação Cível,Associação,Silvério da Silva,Santa Adélia,8ª Câmara de Direito Privado,8,Direito Privado,25/06/2026,25/06/2026,8000.0,True,False,59,"APELAÇÃO - DECLARATÓRIA DE INEXIGIBILIDADE DE DÉBITO C.C. INDENIZAÇÃO POR DANO MATERIAL E MORAL – SENTENÇA PARCIALMENTE PROCEDENTE - INCONFORMISMO DA AUTORA – DESCONTOS INDEVIDOS EM BENEFÍCIO PREVIDENCIÁRIO DESDE FEVEREIRO DE 2024. DANO MORAL . OCORRÊNCIA. DANO IN RE IPSA. IRDR Nº 59 DESTE TRIBUNAL. INDENIZAÇÃO ARBITRADA EM R$ R$ 8.000,00. RAZOABILIDADE E PROPORCIONALIDADE. DADO PROVIMENTO PARCIAL AO RECURSO"
1004940-80.2025.8.26.0271,20663702,Apelação Cível,Prestação de Serviços,Marcos de Lima Porta,Itapevi,Núcleo 4.0-T. V (DP3),,,24/06/2026,24/06/2026,,False,False,220,"Direito do Consumidor. Apelação. Indenização por danos morais . Recurso desprovido.
I. Caso em Exame
1. Ação de obrigação de fazer cumulada com indenização por danos morais proposta por Gabriel Bryan Silva de Oliveira contra Facebook Serviços Online do Brasil Ltda. O demandante, usuário do WhatsApp, teve sua conta banida injustificadamente, causando prejuízos financeiros e à reputação. Pleiteia restabelecimento da conta e indenização por danos morais .
II. Questão em Discussão 
2. A questão em discussão consiste em (i) definir a legitimidade passiva do Facebook Brasil para responder pela WhatsApp LLC e (ii) verificar a legalidade do bloqueio da conta do demandante no aplicativo WhatsApp.
III. Razões de Decidir 
3. O Facebook Brasil é parte legítima para representar os interesses do WhatsApp LLC no Brasil, conforme entendimento consolidado pelo STJ. 
4. Não prospera a alegação de inaplicabilidade do Código de Defesa do Consumidor, pois a relação de consumo está caracterizada pela vulnerabilidade técnica e econômica do demandante.
IV. Dispositivo e Tese 
5. Recurso desprovido. 
Tese de julgamento: 1. Facebook Brasil possui legitimidade passiva para representar WhatsApp LLC. 2. Bloqueio da conta do demandante sem justificativa específica configura violação aos princípios consumeristas.
Legislação Citada:
CPC, art. 75, X; CDC, art. 14, § 3º, art. 6º, III, art. 29.
Jurisprudência Citada:
STJ, HDE 410/EX, Rel. Min. Benedito Gonçalves, Corte Especial, j. 20.11.2019."
1012427-58.2023.8.26.0114,20662295,Apelação Cível,Compra e Venda,Alfredo Attié,São Paulo,27ª Câmara de Direito Privado,27,Direito Privado,23/06/2026,24/06/2026,10000.0,False,False,220,"PRESTAÇÃO DE SERVIÇOS ADVOCATÍCIOS. AÇÃO INDENIZATÓRIA. Sentença de parcial procedência dos pedidos. Recursos de apelação de ambas as partes. Autora que contratou o escritório réu para ajuizamento de ação judicial, no contexto de inadimplemento de compromisso de compra e venda de imóvel com cláusula de alienação fiduciária. Imóvel que foi levado a leilão e arrematado. Ajuizamento de ação equivocada pelo escritório réu. Novo ajuizamento de ação, desta vez corretamente, por outro advogado. Controvérsias envolvendo a configuração de danos materiais (perda de uma chance e emergentes) e morais. Perda de uma chance não verificada. Somente será possível indenizar a chance perdida quando a vítima demonstrar que a probabilidade de conseguir a vantagem esperada era superior a 50% (cinquenta por cento). Doutrina. Correto ajuizamento de ação posteriormente que permitiu a devida reparação material. Autora que, ademais, não demonstrou a intenção de quitação integral dos valores em aberto, e muito menos que havia probabilidade real de acordo com a incorporadora, antes de que o imóvel fosse levado a leilão. Autora que não se desincumbiu do ônus contido no art. 373, I, do CPC. Danos morais , todavia, configurados. Não houve mero inadimplemento do contrato, mas grave infração contratual, com rompimento da confiança. Indenização, todavia, reduzida para R$ 10.000,00. Precedentes em casos análogos.
RECURSO DA AUTORA NÃO PROVIDO E RECURSO DA RÉ PARCIALMENTE PROVIDO."
1008927-49.2025.8.26.0005,20661978,Apelação Cível,Bancários,Gustavo Santini Teodoro,São Paulo,Núcleo 4.0-T. VII (DP2),,,24/06/2026,24/06/2026,8500.0,True,False,179,"DIREITO DO CONSUMIDOR. APELAÇÃO CÍVEL. CONTRATO BANCÁRIO. FRAUDE. GOLPE DA MAQUININHA. FORTUITO INTERNO. DANOS MORAIS .

Apelações interpostas por ambas as partes contra sentença que declarou inexigível débito fraudulento de R$ 8.500,00 e determinou restituição simples, afastando os danos morais .

Ilegitimidade passiva rejeitada. Responsabilidade solidária dos integrantes da cadeia de fornecimento nos termos do CDC.

Fraude por terceiro configura fortuito interno, risco inerente à atividade bancária. Súmula 479 do STJ. Tese de culpa exclusiva da vítima afastada.

Falha grave do banco demonstrada. O sistema detectou a operação como suspeita em tempo real, enviou alerta via WhatsApp e recebeu negativa expressa da consumidora em menos de um minuto. A omissão em bloquear a transação após a negativa configura falha na prestação do serviço, independentemente da autenticação por aproximação ou senha. Dano moral configurado. Consumidora idosa de baixa renda privada de R$ 8.500,00 por 35 dias, constrangida a pedir auxílio financeiro a familiar para evitar negativação. Descaso da instituição somente revertido após reclamação no Banco Central. Indenização fixada em R$ 5.000,00.

Recurso do banco desprovido. Recurso da autora parcialmente provido."
1001337-18.2025.8.26.0006,20659641,Apelação Cível,Tratamento médico-hospitalar,Alexandre Lazzarini,São Paulo,9ª Câmara de Direito Privado,9,Direito Privado,23/06/2026,23/06/2026,5000.0,True,False,211,"DIREITO CIVIL. APELAÇÃO. PLANO DE SAÚDE. CARÊNCIA CONTRATUAL. NEGATIVA DE COBERTURA. RECURSO DESPROVIDO.
I. Caso em Exame
1. Ação ajuizada para obrigar operadora de saúde a custear exame de ressonância magnética e indenizar por danos morais devido à negativa de cobertura. Sentença de primeira instância julgou procedente em parte, determinando a cobertura do exame e fixando indenização por danos morais em R$ 5.000,00.
II. Questão em Discussão 
2. A questão em discussão consiste em (i) verificar a obrigação da operadora de saúde em custear o exame de ressonância magnética e (ii) a existência de danos morais indenizáveis.
III. Razões de Decidir
3. A negativa de cobertura foi considerada desarrazoada, pois a doença que acometeu o autor não possui relação com as doenças preexistentes declaradas.
4. A recusa indevida de cobertura médica gera dano moral in re ipsa, conforme entendimento pacificado pelo Superior Tribunal de Justiça.
IV. Dispositivo e Tese
5. Recurso desprovido.
Tese de julgamento: 1. A negativa de cobertura de exame por operadora de saúde, quando não relacionada a doenças preexistentes declaradas, é desarrazoada. 2. A recusa indevida de cobertura médica configura dano moral in re ipsa.
Legislação Citada: Lei nº 9.656/98, art. 12, V.
Jurisprudência Citada: STJ, AgInt no AREsp nº 2396847, Rel. Min. Nancy Andrighi, T3, j. 18.12.2023."
1000390-41.2024.8.26.0024,20657045,Apelação Cível,Associação,Lucilia Alcione Prata,Andradina,6ª Câmara de Direito Privado,6,Direito Privado,23/06/2026,23/06/2026,5000.0,False,False,206,"APELAÇÃO CÍVEL. AÇÃO DECLARATÓRIA DE INEXISTÊNCIA DE DÉBITO C.C. REPETIÇÃO DE INDÉBITO E INDENIZAÇÃO POR DANOS MORAIS . Desconto de contribuição associativa em benefício previdenciário. Sentença de improcedência com aplicação de multa. Insurgência do autor. Alegação de não contratação dos serviços, insuficiência das provas produzidas pela ré e descabimento da condenação por litigância de má-fé. Acolhimento. Relação de consumo configurada. Aplicação do Código de Defesa do Consumidor e inversão do ônus da prova (art. 6º, VIII, CDC). Elementos trazidos pela associação (gravação de áudio com mera leitura de texto pré-definido, selfie e documentos pessoais) insuficientes para comprovar o consentimento livre, informado e inequívoco de consumidor idoso e vulnerável. Inexistência da relação jurídica e inexigibilidade do débito reconhecidas. Restituição em dobro. Cabimento. Cobrança indevida sem demonstração de engano justificável (art. 42, parágrafo único, do CDC). Danos morais configurados. Dano in re ipsa decorrente de descontos não autorizados em verba de natureza alimentar. Aplicação da tese firmada no IRDR nº 2116802-76.2025.8.26.0000 (Tema 59 deste E. TJSP). Indenização fixada em R$ 5.000,00, em observância aos critérios de proporcionalidade e razoabilidade. Penalidade por litigância de má-fé afastada. Ausência de dolo processual ou alteração da verdade dos fatos. Exercício regular do direito de ação e de defesa. Sentença reformada. RECURSO PROVIDO."
1082089-83.2025.8.26.0100,20655779,Apelação Cível,Prestação de Serviços,Mário Daccache,São Paulo,29ª Câmara de Direito Privado,29,Direito Privado,19/06/2026,23/06/2026,5000.0,False,True,240,"Prestação de serviços - Desativação de conta de usuária na plataforma WhatsApp Business - Ação de obrigação de fazer com pedido de indenização por danos morais - Sentença de parcial procedência, para determinar o restabelecimento do serviço afastando o pedido indenizatório – Inconformismo de ambas as partes – Preliminares afastadas – O recurso da autora é dialético - Legitimidade do réu (Facebook Brasil) reconhecida – Recurso do réu - Ausência de prova da alegada infração contratual praticada pelo consumidor – Obrigação de restabelecer o acesso à conta – Reconhecimento de inviabilidade técnica de restabelecimento de arquivos, dados e mensagens – Criptografia ponta-a-ponta – Recurso da autora - Honorários da sucumbência fixados por equidade - Pretensão da majoração dos honorários de acordo com o Artigo 85, § 8º - A, do Código de Processo Civil – A tabela da OAB – Ordem dos Advogados do Brasil representa mera recomendação e referência para o fim de arbitramento equitativo - Ausência de comprovação da ciência prévia da usuária para apresentação de defesa e prevenção de danos - Conduta ilícita e arbitrária, em violação a dispositivos do Código de Defesa do Consumidor e ao artigo 9º, I, da Lei 12.965/2014 (Marco Civil da Internet) – Desativação da conta que ocorreu na semana de inauguração de clinica médica - Abalo da imagem da usuária perante os clientes – Danos morais configurados - Indenização arbitrada em R$ 5.000,00, com redimensionamento da sucumbência – Recursos parcialmente providos."
1013646-38.2025.8.26.0405,20655909,Apelação Cível,Promessa de Compra e Venda,Paulo Alonso,Osasco,30ª Câmara de Direito Privado,30,Direito Privado,19/06/2026,23/06/2026,,True,False,313,"Apelação. Direito do Consumidor. Rescisão de promessa de compra e venda de unidade imobiliária. Contratação condicionada à aprovação do financiamento. Promessa de obtenção nos moldes da simulação realizada pelo corretor de imóveis. Negativa do agente financeiro. Rescisão contratual por culpa das rés. Hipótese de restituição integral dos valores pagos, incluída a comissão de corretagem. Dano moral não configurado. Apelação parcialmente provida. Sentença reformada em parte.

1. Caso em exame:
1.1. Ação de rescisão de compromisso de compra e venda de unidade imobiliária, cumulada com pedido de restituição dos valores pagos e indenização por danos morais , julgada improcedente em relação à corré Drive Planejamento e Consultoria Imobiliária Ltda. e parcialmente procedente em relação à corré Benjamim Empreendimentos Imobiliários SPE Ltda.
1.2. Recurso do autor insistindo no reconhecimento da culpa exclusiva das rés pela rescisão contratual, na restituição integral dos valores pagos, incluída a comissão de corretagem, e na condenação por danos morais .
2. Questão em discussão:
Verificar se a rescisão contratual decorreu de culpa exclusiva das rés e, em caso positivo, se cabe a restituição integral dos valores pagos, bem como indenização por danos morais .
3. Decisão da Turma Julgadora/Razões de decidir: 
3.1. Autor que celebrou o contrato induzido na afirmação, do corretor de imóveis, de obtenção de financiamento imobiliário, condição indispensável para a concretização do negócio, que não ocorreu. Falha na prestação de serviços das rés verificada. 
3.2. Resolução contratual por culpa exclusiva das requeridas que obsta a retenção de qualquer percentual dos valores pagos. Incidência da Súmula 543 do STJ. Restituição integral devida, de forma solidária, incluindo a comissão de corretagem. 
3.3. Incorrência de dano moral . Divergência contratual. Indenização a este título indevida. 
4. Dispositivo: 
Recurso do autor parcialmente provido. Sentença reformada para declarar a rescisão contratual por culpa exclusiva das rés e condená-las, solidariamente, à restituição integral dos valores pagos pelo autor, incluída a comissão de corretagem."
1012621-50.2025.8.26.0482,20655898,Apelação Cível,Bancários,Rodolfo Pellizari,Presidente Prudente,15ª Câmara de Direito Privado,15,Direito Privado,19/06/2026,23/06/2026,,True,False,167,"APELAÇÕES CÍVEIS. Ação de inexigibilidade de débito c/c pedido de indenização por danos materiais e danos morais . Banco digital. Sentença de parcial procedência para declarar a inexistência do débito e condenar a instituição financeira a arcar com os danos materiais, denegados danos morais . Irresignação de ambas as partes.

DANOS MATERIAIS. Banco digital que não se desincumbiu do ônus de comprovar a regularidade das transações contestadas. Fraude configurada. Falha na prestação de serviços evidenciada. Responsabilidade objetiva da instituição financeira pelos prejuízos decorrentes de fortuito interno. Inteligência do artigo 14 do Código de Defesa do Consumidor. Condenação ao ressarcimento dos valores subtraídos mantida. DANOS MORAIS . Inexistência. Fraude perpetrada exclusivamente por terceiros. Instituição financeira que também foi vítima. Ausência de conduta dolosa ou culposa da instituição financeira capaz de causar abalo psicológico ao autor. Situação que não ultrapassou mero dissabor decorrente da vida em sociedade. Aborrecimento cotidiano que não configura dano moral indenizável. Responsabilidade pelo abalo emocional que recai exclusivamente sobre os fraudadores. Pretensão denegada.

RECURSOS DESPROVIDOS."
1000702-92.2024.8.26.0484,20655515,Apelação Cível,Bancários,Regina Aparecida Caro Gonçalves,Promissão,Núcleo 4.0-T. I (DP2),,,23/06/2026,23/06/2026,5000.0,True,False,362,"Direito do consumidor. Bancário. Apelação cível. Ação indenizatória por danos morais cumulada com pedido de renegociação de dívida. Indevida inscrição em cadastro de inadimplentes. Falha na prestação de serviço bancário. Dano moral in re ipsa. Manutenção da indenização. Restituição de encargos cobrados indevidamente. Adequação de ofício dos consectários legais. Desprovimento.

I. Caso em exame
1. Apelação cível interposta por instituição financeira contra sentença que julgou parcialmente procedente ação de indenização por danos morais cumulada com pedido de renegociação de dívida, para condenar o banco ao pagamento de indenização por danos morais no valor de R$ 5.000,00 e à restituição dos valores cobrados a título de juros e encargos incidentes sobre parcelas de empréstimo relativas aos meses de janeiro, fevereiro e março de 2024. 

II. Questões em discussão
2. As questões em discussão consistem em definir: (i) se houve inversão indevida do ônus da prova na relação de consumo; (ii) se a negativação do nome do consumidor decorreu de falha na prestação do serviço bancário ou de conduta exclusiva da vítima; e (iii) se estão configurados os danos morais indenizáveis e se o valor arbitrado é adequado.

III. Razões de decidir
3. Relação jurídica submetida ao Código de Defesa do Consumidor, nos termos da Súmula 297 do STJ.
4. A existência de recursos depositados em conta autorizada contratualmente para liquidação das parcelas afasta a caracterização de inadimplemento do consumidor. 
5. A inscrição indevida do nome do consumidor em cadastro de inadimplentes configura dano moral in re ipsa quando inexistem restrições legítimas preexistentes. 
6. A restituição de encargos é devida quando a cobrança decorre de erro imputável à própria instituição financeira. 
7. Os consectários legais devem observar a orientação firmada pelo STJ acerca da aplicação da taxa SELIC, vedada sua cumulação com outros índices de atualização monetária nos períodos coincidentes.

IV. Dispositivo
8. Apelação cível conhecida e desprovida. 
_________ 
Dispositivos relevantes citados: CDC, arts. 2º, 3º, § 2º, 6º, VIII, e 14, caput e § 3º; CPC, art. 85, § 11; RITJSP, art. 252. 
Jurisprudência relevante citada: STJ, Súmula 297, Temas 1.306 e 1.368; AgInt no AREsp nº 2.291.017/MA, AgInt no AREsp nº 2.059.743/RJ; TJSP, Apelação Cível nº 1009916-61.2022.8.26.0037 e Apelação Cível nº 1009413-74.2023.8.26.0176."
1002788-08.2025.8.26.0191,20651164,Apelação Cível,Bancários,João Carlos Calmon Ribeiro,Ferraz de Vasconcelos,22ª Câmara de Direito Privado,22,Direito Privado,22/06/2026,22/06/2026,5000.0,False,False,109,"Apelação Cível. Ação declaratória de inexistência de débito e indenização por danos materiais e morais. Sentença de parcial procedência. Inconformismo da autora. Falha na prestação de serviço. Autora que, ao constatar a perda de seu cartão, entrou imediatamente em contato com a central de atendimento do réu a fim de solicitar seu cancelamento, e que, por ele ter deixado de efetivar o bloqueio imediato e efetivo, foram realizadas compras por terceiros em posse de seu cartão. Danos morais configurados. Quantum fixado em R$ 5.000,00, em atenção às peculiaridades do caso e em observância aos princípios da razoabilidade e proporcionalidade. Ônus sucumbenciais carreados ao réu. Sentença parcialmente reformada. Recurso provido."
1002433-49.2024.8.26.0638,20646392,Apelação Cível,Bancários,Simões de Almeida,Tupi Paulista,13ª Câmara de Direito Privado,13,Direito Privado,19/06/2026,19/06/2026,,True,False,66,APELAÇÃO – Ação declaratória de inexistência débito – Empréstimo consignado não reconhecido – Fraude contratual – Devolução dos valores descontados indevidamente do benefício previdenciário do Autor – Aplicação jurisprudência C. STJ - Modulação dos efeitos – Danos morais – Desconto indevido benefício previdenciário – Dano moral configurado (in re ipsa) – Ônus sucumbenciais alterados ante o integral acolhimento dos pedidos do Autor – Recurso parcialmente provido.
1000155-24.2025.8.26.0094,20647468,Apelação Cível,Bancários,Alexandre David Malfatti,Brodowski,12ª Câmara de Direito Privado,12,Direito Privado,19/06/2026,19/06/2026,5000.0,True,False,351,"AÇÃO DECLARATÓRIA. SENTENÇA DE PARCIAL PROCEDÊNCIA. APELAÇÃO DO BANCO RÉU PARCIALMENTE PROVIDA. 

CONDIÇÃO DA AÇÃO. LEGITIMIDADE PASSIVA. RECONHECIMENTO. O autor descreveu fundamentação que estabeleceu pertinência subjetiva, a partir de uma relação de responsabilidade do réu por falha na prestação de serviço bancário. Identificou-se relação jurídica controvertida com formulação de pedido (lógico e adequado) de indenização. Incidência da teoria da asserção. Alegação rejeitada.

EMPRÉSTIMO CONSIGNADO. ALEGAÇÃO DE FALSIDADE DA ASSINATURA. EXAME GRAFOTÉCNICO. INEXISTÊNCIA DA CONTRATAÇÃO. RECONHECIMENTO. RESTITUIÇÃO DOBRADA. DANO MORAL CONFIGURADO. VALOR DA INDENIZAÇÃO MANTIDO. COMPENSAÇÃO AUTORIZADA. LITIGÂNCIA DE MÁ-FÉ RECONHECIDA. Ação declaratória de inexistência de débito cumulada com pedido de indenização. Sentença de parcial procedência. Recurso do banco réu. Primeiro, mantém-se o reconhecimento de inexistência da contratação. A fraude restou constatada mediante perícia grafotécnica, a partir da qual se concluiu que as assinaturas não eram da autora. Incidência do artigo 14 do CDC com aplicação da súmula nº 479 do STJ. Inexistência do empréstimo com declaração da inexigibilidade dos valores. Segundo, mantém-se a devolução em dobro de valores. Valores indevidamente descontados. Conduta comercial inadmissível, que demonstrou a utilização de um método sem cautela, que levou à contratação fraudulenta. Verdadeira cobrança de má-fé. Terceiro, reconhece-se a existência dos danos morais . A indevida celebração de contratos de empréstimo em nome da consumidora gerou prejuízos nas esferas patrimonial e moral. Empréstimo fraudulento. O autor sofreu descontos indevidos em seu benefício previdenciário, com repercussão em verba necessária à sua subsistência. Resistência desmedida ao pleito do autor. Valor da indenização mantido em de R$ 5.000,00. Quarto, determina-se a compensação. Partes que devem retornar ao estado anterior, como forma de evitar enriquecimento sem causa de lado a lado. Compensação que se dará pelo valor histórico, de forma a se evitar o enriquecimento sem causa da consumidora. E quinto, de ofício, reconhece-se a litigância de má-fé do banco réu. Interposição de recurso com intuito manifestamente protelatório que insiste na regularidade da contratação mesmo após laudo pericial em contrário. Condenação do réu ao pagamento de multa fixada em 9% do valor atualizado da causa. Ação julgada parcialmente procedente.

SENTENÇA REFORMADA. RECURSO DO BANCO RÉU PARCIALMENTE PROVIDO, COM DETERMINAÇÃO."
1000981-65.2025.8.26.0477,20641013,Apelação Cível,Bancários,Guilherme Santini Teodoro,Praia Grande,Núcleo 4.0-T. II (DP2),,,18/06/2026,18/06/2026,,False,False,172,"BANCÁRIO. Empréstimo pessoal e conta corrente. Ação anulatória e indenizatória. Parcial procedência. Recurso do réu. Transações bancárias não autorizadas (empréstimo pessoal e transferência por PIX). Falha na prestação do serviço do banco por falta de medidas de segurança: vulnerabilidade do sistema bancário e ausência de bloqueio de transferência atípica. Fortuito interno (Súmula STJ 479). Nulidade do empréstimo pessoal e inexigibilidade do débito. Repetição do indébito em dobro. Tema 929 do STJ (EAREsp 676.608/RS) e modulação temporal de efeitos. Culpa concorrente da vítima caracterizada. Consumidor violou o dever de cautela ao seguir instruções dos fraudadores e facilitar acesso à conta e realização das transações. Danos patrimoniais evidenciados, com arbitramento de indenização em 50% do prejuízo (art. 945 do CC). Danos morais não configurados. Consumidor concorreu para o golpe e não há reflexos extrapatrimoniais. Correção de ofício de atualização monetária e juros de mora da condenação. Incidência da Lei 14.905/2024 e tema 1368 do STJ. Matéria de ordem pública. Sucumbência recíproca e adequação das verbas correlatas. Recurso do réu provido em parte, com observação."
1037457-61.2024.8.26.0114,20637313,Apelação Cível,Compra e Venda,Gomes Varjão,Campinas,34ª Câmara de Direito Privado,34,Direito Privado,11/05/2026,18/06/2026,,False,False,177,"Responsabilidade civil. Ação de indenização por danos morais . Terceiros que utilizaram os dados pessoais da autora para realizar, sem a sua autorização, a compra de aparelho celular junto à ré. Fornecedora que, a despeito de ter tomado conhecimento da ocorrência, a ela não deu solução satisfatória. Sentença de improcedência. Recurso da autora. Rejeitada a preliminar, arguida pela ré em contrarrazões, de violação ao princípio da dialeticidade. Mérito. Danos morais não configurados. Conquanto evidenciada a falha na prestação dos serviços, os acontecimentos narrados, per se, não ensejam reparação por danos morais . Utilização indevida dos dados pessoais da consumidora para a celebração do negócio e negativa de exclusão do registro da transação do cadastro interno que, se desacompanhadas de elementos que evidenciem a negativação do seu nome (inscrição em cadastros de inadimplentes); a retenção de fatia relevante da sua verba alimentar; ou, ainda, o desvio do seu tempo produtivo, não ultrapassam a esfera do mero aborrecimento cotidiano. Sentença mantida com fundamento no art. 252 do Regimento Interno deste E. Tribunal de Justiça.

Recurso improvido, rejeitada a preliminar."
1009988-48.2025.8.26.0003,20636793,Apelação Cível,Fornecimento de Energia Elétrica,Ana Catarina Strauch,São Paulo,26ª Câmara de Direito Privado,26,Direito Privado,16/06/2026,18/06/2026,,True,False,141,"APELAÇÃO – Indenização por danos morais – Suspensão de fornecimento de energia elétrica por inadimplemento – Corte realizado em sábado – Alegação da concessionária de que se tratava de ""recorte"" decorrente de religação clandestina – Ausência de comprovação – Documentos unilaterais insuficientes para correlacionar suposto corte anterior à unidade consumidora da autora – Suspensão que deve ser tratada como corte comum por inadimplemento – Aplicação da Resolução n. 1000/2021 da ANEEL – Art. 359 que veda a suspensão do serviço em sábados, domingos, feriados e vésperas de feriados – Ausência de comprovação de prévia notificação da consumidora – Falha na prestação do serviço configurada – Interrupção irregular de serviço essencial por aproximadamente três dias – Situação agravada pela presença de idosa na residência e pelo comprometimento do exercício profissional da autora – Dano moral configurado – Sentença reformada – RECURSO PROVIDO."
1008670-91.2023.8.26.0361,20630232,Apelação Cível,Indenização por Dano Moral,Augusto Rezende,Mogi das Cruzes,1ª Câmara de Direito Privado,1,Direito Privado,16/06/2026,16/06/2026,10000.0,False,False,227,"RESPONSABILDIADE CIVIL. AGRESSÃO FÍSICA. INDENIZAÇÃO POR DANOS MORAIS , ESTÉTICOS E MATERIAIS. CONJUNTO PROBATÓRIO. LEGÍTIMA DEFESA NÃO CONFIGURADA. PROCEDÊNCIA.
I. Caso em Exame
1. A autora alega ter sofrido agressão física do réu, resultando em lesões corporais e cicatriz permanente. Requereu indenização por danos morais , estéticos e materiais. A sentença condenou o réu ao pagamento de R$ 10.000,00 por danos morais , R$ 2.000,00 por danos estéticos e R$ 36,96 por danos materiais. Apela o réu.
II. Questão em Discussão
2. Discuta-se a responsabilidade do réu diante da alegação de legítima defesa e da falta de comprovação dos danos e do nexo de causalidade.
III. Razões de Decidir
3. A prova dos autos, incluindo laudo pericial e documentos, corrobora a versão da autora sobre a agressão, demonstrando nexo causal entre a conduta do réu e os danos sofridos.
4. Irrelevante o arquivamento do inquérito policial, diante da independência entre a responsabilidade criminal e a responsabilidade civil.
5. A alegação de legítima defesa não se sustenta, à luz da própria narrativa na contestação, configurada reação desnecessária ou desproporcional do réu à suposta ação da vítima, nos termos do art. 935 do CC.
6. Diante da gravidade das lesões e das circunstâncias em que ocorreram, o abalo psíquico é presumido. Suficiente, ainda, a comprovação do dano estético e do dano material.
IV. Dispositivo e Tese
7. Recurso desprovido."
1029824-07.2020.8.26.0577,20631034,Apelação Cível,Acidente de Trânsito,Spoladore Dominguez,São José dos Campos,13ª Câmara de Direito Público,13,Direito Público,16/06/2026,16/06/2026,,False,False,53,"APELAÇÃO CÍVEL E RECURSO ADESIVO – RESPONSABILIDADE CIVIL – ACIDENTE DE TRÂNSITO CAUSADO POR FIOS TELEFÔNICOS – Danos morais configurados – Valor da indenização mantido – Inocorrência de sucumbência recíproca – Aplicação da Súmula nº 326 do C. STJ – Sentença alterada. 
Apelo da requerida desprovido e Recurso Adesivo do autor parcialmente provido."
1002965-82.2025.8.26.0704,20626673,Apelação Cível,Bancários,Fernando Sastre Redondo,São Paulo,38ª Câmara de Direito Privado,38,Direito Privado,10/06/2026,16/06/2026,,False,False,127,"RESPONSABILIDADE CIVIL Contratos bancários. ""Golpe do falso funcionário"". Hipótese em que o autor foi ludibriado por terceiro, passando-se por preposto da instituição financeira, que possuía seus dados bancários. Vazamento de dados e efetivação de diversas transações destoantes das usualmente pelo correntista. Responsabilidade objetiva do banco por fortuito interno decorrente de fraude. Inteligência do art. 14, § 3.º, do Código de Defesa do Consumidor e da Súmula 479 do C. STJ. Pedido de restituição dos valores. Admissibilidade. Danos morais . Presunção. Cabimento, diante das particularidades do caso concreto. Indenização devida. Minoração do valor arbitrado. Descabimento. Honorários sucumbenciais. Redução. Necessidade para adequação aos parâmetros do § 2º do artigo 85 do CPC. Correção monetária e juros moratórios. Observância da Lei n. 14.905/2024. Imprescindibilidade. Sentença parcialmente reformada.
RECURSO PARCIALMENTE PROVIDO."
1001314-25.2024.8.26.0615,20623525,Apelação Cível,Associação,Silvério da Silva,Tanabi,8ª Câmara de Direito Privado,8,Direito Privado,13/06/2026,15/06/2026,8000.0,True,False,137,"APELAÇÃO. DECLARATÓRIA DE INEXIGIBILIDADE DE DÉBITO C.C. INDENIZAÇÃO POR DANO MATERIAL E MORAL. SENTENÇA IMPROCEDENTE. INCONFORMISMO DO AUTOR. DESCONTOS EM BENEFÍCIO PREVIDENCIÁRIO. ADESÃO VIA ELETRÔNICA QUE NÃO TEM VALIDADE, DIANTE DA AUSÊNCIA DE INFORMAÇÕES CLARAS SOBRE AS CONDIÇÕES E OBRIGAÇÕES DO CONSUMIDOR. AUSÊNCIA DE PROVA DE QUE O CONSUMIDOR FOI INFORMADO SOBRE O OBJETO DO CONTRATO COM CLAREZA. AFRONTA AOS PRINCÍPIOS DO CDC. INEXIGIBILIDADE DO DÉBITO QUE DEVE SE IMPOR. ILICITUDE DOS DESCONTOS. REPETIÇÃO EM DOBRO DEVIDA. MÁ-FÉ CARACTERIZADA. DANO MORAL . OCORRÊNCIA. DANO 'IN RE IPSA'. TESE FIXADA POR OCASIÃO DO JULGAMENTO DO IRDR Nº59 DESTE TRIBUNAL. DESCONTOS INDEVIDOS NO BENEFÍCIO PREVIDENCIÁRIO, QUE DESESTRUTURAM O FLUXO DE CAIXA DO AUTOR. INDENIZAÇÃO ARBITRADA EM R$ 8.000,00. SUCUMBÊNCIA ATRIBUÍDA À RÉ. HONORÁRIOS DE ADVOGADO FIXADOS EM 20% SOBRE O VALOR ATUALIZADO DA CONDENAÇÃO. DADO PROVIMENTO PARCIAL AO RECURSO"
1006100-86.2024.8.26.0268,20623510,Apelação Cível,Associação,Silvério da Silva,Itapecerica da Serra,8ª Câmara de Direito Privado,8,Direito Privado,13/06/2026,15/06/2026,8000.0,True,False,79,"APELAÇÃO. DECLARATÓRIA DE INEXIGIBILIDADE DE DÉBITO C.C. INDENIZAÇÃO POR DANO MATERIAL E MORAL. SENTENÇA PARCIALMENTE PROCEDENTE. INCONFORMISMO DA AUTORA. DESCONTOS INDEVIDOS EM BENEFÍCIO PREVIDENCIÁRO. AUSÊNCIA DE PROVA DA CONTRATAÇÃO. DANO MORAL . OCORRÊNCIA. DANO IN RE IPSA. IRDR Nº 59 DESTE TRIBUNAL. INDENIZAÇÃO ARBITRADA EM R$ R$ 8.000,00. TABELA DE OAB QUE NÃO VINCULA O JUÍZO. PRECEDENTES DESTE TRIBUNAL. CAUSA SIMPLES, SEM COMPLEXIDADE. HONORÁRIOS DE ADVOGADO FIXADOS EM 20% SOBRE O VALOR DA CONDENAÇÃO. DADO PROVIMENTO PARCIAL AO RECURSO"
1036354-27.2025.8.26.0100,20623435,Apelação Cível,Associação,Silvério da Silva,São Paulo,8ª Câmara de Direito Privado,8,Direito Privado,13/06/2026,15/06/2026,8000.0,True,False,147,"APELAÇÃO. DECLARATÓRIA DE INEXIGIBILIDADE DE DÉBITO C.C. INDENIZAÇÃO POR DANO MATERIAL E MORAL. SENTENÇA PARCIALMENTE PROCEDENTE, QUE JULGOU EXTINTA A RELAÇÃO JURÍDICA. INCONFORMISMO DA AUTORA. DESCONTOS EM BENEFÍCIO PREVIDENCIÁRIO. ADESÃO VIA ELETRÔNICA QUE NÃO TEM VALIDADE, DIANTE DA AUSÊNCIA DE INFORMAÇÕES CLARAS SOBRE AS CONDIÇÕES E OBRIGAÇÕES DO CONSUMIDOR. ASSINATURA ELETRÔNICA QUESTIONADA. AUSÊNCIA DE PROVA DE QUE A CONSUMIDORA FOI INFORMADA SOBRE O OBJETO DO CONTRATO COM CLAREZA. AFRONTA AOS PRINCÍPIOS DO CDC. INEXIGIBILIDADE DO DÉBITO QUE DEVE SE IMPOR. ILICITUDE DOS DESCONTOS. REPETIÇÃO EM DOBRO DEVIDA. MÁ-FÉ CARACTERIZADA. DANO MORAL . OCORRÊNCIA. DANO 'IN RE IPSA'. TESE FIXADA POR OCASIÃO DO JULGAMENTO DO IRDR Nº59 DESTE TRIBUNAL. DESCONTOS INDEVIDOS NO BENEFÍCIO PREVIDENCIÁRIO, QUE DESESTRUTURAM O FLUXO DE CAIXA DA AUTORA. INDENIZAÇÃO ARBITRADA EM R$ 8.000,00. SUCUMBÊNCIA ATRIBUÍDA À RÉ. HONORÁRIOS DE ADVOGADO FIXADOS EM 20% SOBRE O VALOR ATUALIZADO DA CONDENAÇÃO. DADO PROVIMENTO PARCIAL AO RECURSO"
1002176-77.2024.8.26.0103,20623377,Apelação Cível,Associação,Silvério da Silva,Caconde,8ª Câmara de Direito Privado,8,Direito Privado,13/06/2026,15/06/2026,8000.0,True,False,51,"APELAÇÃO. DECLARATÓRIA DE INEXIGIBILIDADE DE DÉBITO C.C. INDENIZAÇÃO POR DANO MATERIAL E MORAL. SENTENÇA PARCIALMENTE PROCEDENTE. INCONFORMISMO DA AUTORA. DESCONTOS INDEVIDOS NO BENEFÍCIO PREVIDENCIÁRIO. DANO MORAL OCORRÊNCIA. DANO 'IN RE IPSA'. TESE FIXADA POR OCASIÃO DO JULGAMENTO DO IRDR Nº59 DESTE TRIBUNAL. INDENIZAÇÃO ARBITRADA EM R$ 8.000,00. DADO PROVIMENTO AO RECURSO."
1000666-87.2024.8.26.0213,20623349,Apelação Cível,Associação,Silvério da Silva,Guará,8ª Câmara de Direito Privado,8,Direito Privado,13/06/2026,15/06/2026,2000.0,True,False,59,"APELAÇÃO. DECLARATÓRIA DE INEXIGIBILIDADE DE DÉBITO C.C. INDENIZAÇÃO POR DANO MATERIAL E MORAL. SENTENÇA PARCIALMENTE PROCEDENTE. INCONFORMISMO DA AUTORA. DESCONTOS INDEVIDOS EM BENEFÍCIO PFREVIDENCIÁRIO. DANO MORAL . OCORRÊNCIA. DANO IN RE IPSA. IRDR Nº 59 DESTE TRIBUNAL. INDENIZAÇÃO ARBITRADA EM R$ R$ 2.000,00. HONORÁRIOS DE ADVOGADO FIXADOS EM 20% SOBRE O VALOR DA CONDENAÇÃO. DADO PROVIMENTO PARCIAL AO RECURSO"
1001014-63.2024.8.26.0615,20623363,Apelação Cível,Associação,Silvério da Silva,Tanabi,8ª Câmara de Direito Privado,8,Direito Privado,13/06/2026,15/06/2026,8000.0,True,False,140,"APELAÇÃO. DECLARATÓRIA DE INEXIGIBILIDADE DE DÉBITO C.C. INDENIZAÇÃO POR DANO MATERIAL E MORAL. SENTENÇA IMPROCEDENTE. INCONFORMISMO DA AUTORA. DESCONTOS EM BENEFÍCIO PREVIDENCIÁRIO. ADESÃO VIA ELETRÔNICA QUE NÃO TEM VALIDADE, DIANTE DA AUSÊNCIA DE INFORMAÇÕES CLARAS SOBRE AS CONDIÇÕES E OBRIGAÇÕES DO CONSUMIDOR. ASSINATURA ELETRÔNICA QUESTIONADA. AUSÊNCIA DE PROVA DE QUE A CONSUMIDORA FOI INFORMADA SOBRE O OBJETO DO CONTRATO COM CLAREZA. AFRONTA AOS PRINCÍPIOS DO CDC. INEXIGIBILIDADE DO DÉBITO QUE DEVE SE IMPOR. ILICITUDE DOS DESCONTOS. REPETIÇÃO EM DOBRO DEVIDA. MÁ-FÉ CARACTERIZADA. DANO MORAL . OCORRÊNCIA. DANO 'IN RE IPSA'. TESE FIXADA POR OCASIÃO DO JULGAMENTO DO IRDR Nº59 DESTE TRIBUNAL. DESCONTOS INDEVIDOS NO BENEFÍCIO PREVIDENCIÁRIO, QUE DESESTRUTURAM O FLUXO DE CAIXA DA AUTORA. INDENIZAÇÃO ARBITRADA EM R$ 8.000,00. SUCUMBÊNCIA ATRIBUÍDA À RÉ. HONORÁRIOS DE ADVOGADO FIXADOS EM 20% SOBRE O VALOR ATUALIZADO DA CONDENAÇÃO. DADO PROVIMENTO PARCIAL AO RECURSO"
1001526-88.2024.8.26.0213,20623356,Apelação Cível,Associação,Silvério da Silva,Guará,8ª Câmara de Direito Privado,8,Direito Privado,13/06/2026,15/06/2026,8000.0,True,False,161,"APELAÇÃO. DECLARATÓRIA DE INEXIGIBILIDADE DE DÉBITO C.C. INDENIZAÇÃO POR DANO MATERIAL E MORAL. SENTENÇA PROCEDENTE. INCONFORMISMO DA RÉ. CERCEAMENTO DE DEFESA. INOCORRÊNCIA. DESNECESSÁRIA PROVA ORAL. PRELIMINAR REJEITADA. DESCONTOS EM BENEFÍCIO PREVIDENCIÁRIO. ADESÃO VIA ELETRÔNICA QUE NÃO TEM VALIDADE, DIANTE DA AUSÊNCIA DE INFORMAÇÕES CLARAS SOBRE AS CONDIÇÕES E OBRIGAÇÕES DO CONSUMIDOR. LINK DA GRAVAÇÃO TELEFÔNICA QUE NÃO ELUCIDA O OBJETO DO CONTRATO COM CLAREZA. CONSUMIDOR QUE SE LIMITA A REPETIR A FALA DA ATENDENTE, PALAVRA POR PALAVRA, SEM DEMONSTRAR CONHECIMENTO DA CONTRATAÇÃO. AFRONTA AOS PRINCÍPIOS DO CDC. INEXIGIBILIDADE DO DÉBITO QUE DEVE SE IMPOR. ILICITUDE DOS DESCONTOS. REPETIÇÃO EM DOBRO DEVIDA. MÁ-FÉ CARACTERIZADA. DANO MORAL . OCORRÊNCIA. DANO 'IN RE IPSA'. TESE FIXADA POR OCASIÃO DO JULGAMENTO DO IRDR Nº59 DESTE TRIBUNAL. DESCONTOS INDEVIDOS NO BENEFÍCIO PREVIDENCIÁRIO, QUE DESESTRUTURAM O FLUXO DE CAIXA DA AUTORA. INDENIZAÇÃO ARBITRADA EM R$ 8.000,00. SUCUMBÊNCIA ATRIBUÍDA À RÉ. HONORÁRIOS DE ADVOGADO FIXADOS EM 20% SOBRE O VALOR ATUALIZADO DA CONDENAÇÃO. DADO PROVIMENTO PARCIAL AO RECURSO"
1124829-90.2024.8.26.0100,20621479,Apelação Cível,Atraso de vôo,Alexandre Batista Alves,São Paulo,16ª Câmara de Direito Privado,16,Direito Privado,13/06/2026,15/06/2026,5000.0,False,False,198,"APELAÇÃO CÍVEL. AÇÃO INDENIZATÓRIA POR DANOS MATERIAIS E MORAIS. TRANSPORTE AÉREO. SENTENÇA DE PARCIAL PROCEDÊNCIA. INSURGÊNCIA DA AUTORA. PARCIAL ACOLHIMENTO. Inaplicabilidade do sobrestamento determinado no Tema nº 1.417 da Repercussão Geral. Controvérsia que não versa propriamente sobre excludente de responsabilidade fundada em caso fortuito externo ou força maior, nas hipóteses taxativas do art. 256, § 3º, do Código Brasileiro de Aeronáutica. Ausência de comprovação concreta de restrição ao voo, pouso ou decolagem imposta por autoridade aeronáutica ou órgão da Administração Pública. Relação de consumo. Responsabilidade objetiva da transportadora. Autora que adquiriu passagem aérea para o trecho Chapecó/SC – São Paulo/Guarulhos, com partida prevista para 19/05/2024. Cancelamento do voo original sem prévia comunicação adequada. Realocação apenas para o dia seguinte. Primeiro voo de realocação também cancelado. Chegada ao destino final apenas em 20/05/2024, com atraso aproximado de 20 horas. Falha na prestação do serviço caracterizada. Ausência de adequada assistência material e informacional. Danos materiais reconhecidos na origem e mantidos. Danos morais configurados. Situação que extrapola o mero aborrecimento cotidiano. Indenização fixada em R$ 5.000,00 (cinco mil reais), em observância aos princípios da razoabilidade e proporcionalidade e aos parâmetros adotados por esta C. Câmara. Sentença parcialmente reformada. Recurso parcialmente provido."
1001821-91.2025.8.26.0407,20619947,Apelação Cível,Associação,Lucilia Alcione Prata,Osvaldo Cruz,6ª Câmara de Direito Privado,6,Direito Privado,12/06/2026,12/06/2026,5000.0,True,False,116,"APELAÇÃO CÍVEL. AÇÃO DECLARATÓRIA DE INEXISTÊNCIA DE RELAÇÃO JURÍDICA CUMULADA COM RESTITUIÇÃO DE VALORES E INDENIZAÇÃO. Descontos indevidos em benefício previdenciário. Associação de servidores. Insurgência do autor restrita ao pleito de danos morais . Incidência do Tema 59 do TJSP (IRDR nº 2116802-76.2025.8.26.0000). Dano moral configurado na modalidade in re ipsa. Precedente de observância obrigatória. Contratação não comprovada. Desfalque patrimonial incidente sobre verba de natureza alimentar de pessoa idosa. Violação aos princípios da boa-fé objetiva, transparência e segurança (CDC). Indenização fixada em R$ 5.000,00, em consonância com os princípios da proporcionalidade e da razoabilidade. Consectários legais ajustados à Súmula 54 do STJ e à Lei nº 14.905/24. Redistribuição dos ônus sucumbenciais. Sentença parcialmente reformada. RECURSO PROVIDO."
1013981-29.2025.8.26.0576,20619657,Apelação Cível,Associação,Lucilia Alcione Prata,São José do Rio Preto,6ª Câmara de Direito Privado,6,Direito Privado,12/06/2026,12/06/2026,5000.0,True,False,121,"APELAÇÃO CÍVEL. AÇÃO DECLARATÓRIA DE INEXISTÊNCIA DE DÉBITO CUMULADA COM RESTITUIÇÃO EM DOBRO E INDENIZAÇÃO POR DANO MORAL . Descontos indevidos em benefício previdenciário. Associação de aposentados e pensionistas. Insurgência da autora restrita ao pleito de danos morais . Incidência do Tema 59 do TJSP (IRDR nº 2116802-76.2025.8.26.0000). Dano moral configurado na modalidade in re ipsa. Precedente de observância obrigatória. Contratação não comprovada. Desfalque patrimonial incidente sobre verba de natureza alimentar de pessoa idosa. Violação aos princípios da boa-fé objetiva, transparência e segurança (CDC). Indenização fixada em R$ 5.000,00, em consonância com os princípios da proporcionalidade e da razoabilidade. Consectários legais ajustados à Súmula 54 do STJ e à Lei nº 14.905/24. Redistribuição dos ônus sucumbenciais. Sentença parcialmente reformada. RECURSO PROVIDO."
1025326-96.2024.8.26.0003,20619510,Apelação Cível,Cancelamento de vôo,Francisco Giaquinto,São Paulo,13ª Câmara de Direito Privado,13,Direito Privado,12/06/2026,12/06/2026,7000.0,True,True,196,"DIREITO DO CONSUMIDOR. APELAÇÃO. INDENIZAÇÃO POR DANOS MORAIS . ATRASO DE VOO. RECURSO PROVIDO EM PARTE.
I. Caso em Exame
Ação de reparação de danos julgada parcialmente procedente, condenando a ré ao pagamento de indenização por danos morais e materiais. Os autores apelam visando a majoração da indenização por danos morais devido ao atraso de 19 horas no voo.
II. Questão em Discussão
2. A questão em discussão consiste em determinar a adequação do valor da indenização por danos morais fixada em razão do atraso excessivo do voo e a conduta omissiva da ré.
III. Razões de Decidir
3. A falha na prestação do serviço pela companhia aérea ré decorreu do atraso do voo, que impôs aos autores desgaste que extrapola o mero aborrecimento cotidiano.
4. O atraso excessivo, aliado à falta de assistência material e à imposição de trajetos alternativos gravosos, justifica a majoração da verba indenizatória.
IV. Dispositivo e Tese
5. Recurso provido em parte. Tese de julgamento: 1. A indenização por dano moral deve ser proporcional ao dano sofrido e ter caráter preventivo e punitivo. 2. Majoração da indenização por danos morais para R$ 7.000,00 para cada autor, em valor menor ao sugerido."
1019318-69.2025.8.26.0003,20617265,Apelação Cível,Atraso de vôo,Alexandre Batista Alves,São Paulo,16ª Câmara de Direito Privado,16,Direito Privado,04/06/2026,12/06/2026,,False,False,108,"DIREITO DO CONSUMIDOR. RECURSO DE APELAÇÃO. AÇÃO INDENIZATÓRIA. TRANSPORTE AÉREO NACIONAL. ATRASO NO DESEMBARQUE. SENTENÇA DE IMPROCEDÊNCIA. INCONFORMISMO DOS AUTORES. PARCIAL ACOLHIMENTO. Inaplicabilidade do Tema 1417 do C. STF. Preliminar de nulidade da r. sentença por ausência de fundamentação afastada. Atraso de mais de 16h na chegada ao destino, com a presença de menor impúbere. Período de grande monta. Inversão do ônus da prova. Ausência de comprovação de correta prestação de serviço, mesmo diante de verificação de assistência, ensejando a reparação por danos morais . Responsabilidade objetiva da companhia aérea. Danos morais configurados. Precedentes desta E. 16ª Câmara de Direito Privado. Sentença de improcedência reformada. Recurso parcialmente provido."
1011776-96.2024.8.26.0047,20617298,Apelação Cível,Bancários,Matheus Fontes,Assis,22ª Câmara de Direito Privado,22,Direito Privado,11/06/2026,12/06/2026,,True,False,77,"AÇÃO DECLARATÓRIA – CONTRATO DE EMPRÉSTIMO CONSIGNADO - NEGATIVA DE CONTRATAÇÃO – ÔNUS DA PROVA A CARGO DE QUEM SE CONSIDERA CREDOR – REPETIÇÃO SIMPLES DO INDÉBITO CONSOANTE MODULAÇÃO FIRMADA EM TRIBUNAL SUPERIOR - CORREÇÃO MONETÁRIA DE CADA DESCONTO INDEVIDO (SÚMULA Nº 43, STJ) - JUROS DE MORA DO EVENTO DANOSO (SÚMULA Nº 54, STJ) - DANO MORAL CONFIGURADO – AÇÃO PROCEDENTE EM PARTE - SUCUMBÊNCIA PELO RÉU – SÚMULA Nº 326, STJ - RECURSO PARCIALMENTE PROVIDO."
1012379-61.2025.8.26.0007,20617563,Apelação Cível,Bancários,Décio Rodrigues,São Paulo,21ª Câmara de Direito Privado,21,Direito Privado,12/06/2026,12/06/2026,,True,False,42,"APELAÇÃO. AÇÃO DECLARATÓRIA DE INEXIGIBILIDADE DE DÉBITO C/C INDENIZAÇÃO. EMPRÉSTIMO CONSIGNADO NÃO RECONHECIDO. DESCONTOS INDEVIDOS EM BENEFÍCIO PREVIDENCIÁRIO DE IDOSO. DANO MORAL ""IN RE IPSA"" CONFIGURADO. RESTITUIÇÃO EM DOBRO DEVIDA (CDC, ART. 42, P. ÚNICO; TEMA 929/STJ). RECURSO DO AUTOR PARCIALMENTE PROVIDO."
1001781-15.2024.8.26.0482,20616763,Apelação Cível,Compra e Venda,Salles Rossi,Presidente Prudente,8ª Câmara de Direito Privado,8,Direito Privado,12/06/2026,12/06/2026,10000.0,True,False,127,"COMPRA E VENDA. LOTE DE TERRENO. RESCISÃO CONTRATUAL. LOTEAMENTO IRREGULAR. INDENIZAÇÃO POR DANOS MORAIS . Sentença de parcial procedência. Condenação da parte ré ao ressarcimento de todos os valores pagos, com correção monetária a partir de cada desembolso e juros legais de mora a fluir do trânsito em julgado. Indeferimento do pleito de indenização por danos morais . Insurgência. Requerimento de INDENIZAÇÃO POR DANO MORAIS . Acolhimento. Fatos que extrapolaram o limite do suportável, transcendendo o mero inadimplemento contratual, ensejando o dano moral indenizável. Ademais, deve se considerar o desvio produtivo acarretado pela conduta ilícita da ré. Indenização arbitrada em R$ 10.000,00 (dez mil reais) que atende aos princípios da proporcionalidade e razoabilidade, estando, ainda, em conformidade com a jurisprudência deste E. Tribunal. Sentença reformada. RECURSO PROVIDO."
1007274-36.2025.8.26.0482,20616202,Apelação Cível,Empréstimo consignado,Daniel Blikstein,Presidente Prudente,37ª Câmara de Direito Privado,37,Direito Privado,10/06/2026,12/06/2026,4000.0,True,False,120,"AÇÃO DECLARATÓRIA C.C. REPETIÇÃO DO INDÉBITO E INDENIZAÇÃO POR DANOS MORAIS . Empréstimo consignado em benefício previdenciário negado pela autora. Alegação pelo réu de contratação eletrônica de cartão de crédito com reserva de margem consignável (RMC). Não comprovação. Faturas apresentadas insuficientes a conferir autenticidade ao empréstimo impugnado. Legitimidade da operação não demonstrada. Falha na prestação do serviço bancário. Relação de consumo e responsabilidade civil objetiva (arts. 3º, § 2º, e 14 do CDC – Súmula nº 297 do E. STJ). Dano moral caracterizado. Quantum indenizatório fixado em R$4.000,00, patamar adequado aos princípios da proporcionalidade e da razoabilidade. Devolução simples dos descontos anteriores a 30/03/2021 (Embargos de Divergência nº 676.608/RS, Corte Especial do STJ). Sentença reformada no ponto. RECURSO PARCIALMENTE PROVIDO."
1108008-11.2024.8.26.0100,20614863,Apelação Cível,Indenização por Dano Moral,J.L. Mônaco da Silva,São Paulo,5ª Câmara de Direito Privado,5,Direito Privado,11/06/2026,11/06/2026,25000.0,True,False,206,"PRELIMINARES - Alegação de ilegitimidade passiva - Inadmissibilidade - Responsabilidade pela divulgação de conteúdo em veículo de comunicação que é da empresa que o veicula, independentemente da origem da informação ou da imagem - Afirmação da ausência de responsabilidade objetiva e inaplicabilidade do art. 927, parágrafo único, do Código Civil - Descabimento - Empresas jornalísticas e de comunicação que têm o dever de averiguar a veracidade das informações antes de publicá-las, sob pena de causar prejuízo a terceiros e responder por eventuais indenizações - Preliminares rejeitadas.

INDENIZAÇÃO POR DANOS MORAIS - Publicação de matéria jornalística televisiva associando a imagem do coautor menor de idade à prática de ato infracional - Publicação da imagem da família dos autores, com a atribuição de forma equivocada e irresponsável ao menor de idade da prática de atentado em escola pública - Divulgação incontroversa de informação falsa, de extrema gravidade e de grande repercussão e comoção social, associando o menor à prática de ato infracional gravíssimo - Dano moral configurado - Indenização fixada em R$ 25.000,00 para o menor e em R$ 40.000,00 para os pais do menor, sendo R$ 20.00,00 para cada um - Observância dos princípios da proporcionalidade e da razoabilidade - Sentença mantida.

Preliminares rejeitadas e recursos desprovidos."
1011211-39.2025.8.26.0002,20612403,Apelação Cível,Cancelamento de vôo,Daniela Menegatti Milano,São Paulo,16ª Câmara de Direito Privado,16,Direito Privado,11/06/2026,11/06/2026,5000.0,True,False,155,"APELAÇÃO CÍVEL – Direito Privado – Transporte aéreo nacional – Cancelamento de voo – Ação de indenização por danos materiais e morais – Sentença de improcedência.
I. Discussão sobre responsabilidade civil da companhia aérea e configuração de danos materiais e morais.
II. Relação de consumo. Cancelamento de voo informado aos passageiros quando já estavam no aeroporto. Fortuito interno. Impossibilidade de realização da viagem, planejada com antecedência, ante ausência de oferta de reacomodação viável. Não cumprimento do dever de assistência material, nos termos da Resolução 400 da Anac. Falha na prestação do serviço. Responsabilidade objetiva da companhia aérea.
III. Dano material caracterizado. Não realização da viagem em função do inadimplemento contratual pela apelada. Necessidade de restituição do valor das passagens adquiridas. Dano moral configurado. Fatos que extrapolam o mero aborrecimento cotidiano. Fixação da indenização em R$ 5.000,00 a cada apelante, em atenção às particularidades do caso concreto.
IV – Sentença reformada – Recurso provido em parte."
1004774-75.2025.8.26.0068,20612404,Apelação Cível,Cancelamento de vôo,Daniela Menegatti Milano,Barueri,16ª Câmara de Direito Privado,16,Direito Privado,11/06/2026,11/06/2026,3000.0,True,False,162,"APELAÇÃO CÍVEL – Direito Privado – Transporte aéreo nacional – Alteração de voo – Ação de indenização por danos morais – Sentença de improcedência.
I. Discussão sobre responsabilidade civil da companhia aérea pelo atraso na chegada do passageiro ao destino.
II. Relação de consumo. Atraso de voo. Chegada ao destino 10 horas após o horário programado. Fortuito interno. Responsabilidade objetiva da companhia aérea. Inexistência de excludente de responsabilidade.
III. Dano moral caracterizado. Fatos que extrapolam o mero aborrecimento cotidiano. Atraso de 10 horas. Comunicação da alteração, contudo, realizada 10 horas antes do horário original. Embora não tenha observado a antecedência mínima prevista pela norma de regência, evitou que o apelante ficasse aguardando todo esse período no aeroporto, reduzindo os efeitos da alteração. Fixação da indenização em R$ 3.000,00, em atenção às particularidades do caso concreto. Inexistência de circunstâncias extraordinárias que justifiquem o arbitramento em quantia superior, sob pena de enriquecimento sem causa da vítima.
IV. Sentença reformada – Recurso provido em parte."
1114479-43.2024.8.26.0100,20612371,Apelação Cível,Cartão de Crédito,Gilberto Franceschini,São Paulo,Núcleo 4.0-T. III (DP2),,,11/06/2026,11/06/2026,2800.0,False,True,322,"DIREITO CIVIL. APELAÇÃO. CONTRATOS. RESPONSABILIDADE OBJETIVA DE INSTITUIÇÃO FINANCEIRA POR OPERAÇÕES FRAUDULENTAS. RECURSOS DO AUTOR E DO RÉU DESPROVIDOS.

I. Caso em Exame
1. Apelações interpostas por Jair Albino Da Silva e BB Administradora de Cartões de Crédito S/A contra sentença que declarou inexigíveis operações bancárias fraudulentas, condenou à restituição de R$ 2.800,00 e ao pagamento de indenização por danos morais no importe de R$ 3.000,00. O autor almeja a majoração dos danos morais . O réu apelante busca a reforma da sentença para afastar a condenação por danos morais e materiais, alegando funcionamento correto do sistema de segurança e inexistência de ato ilícito. 
II. Questão em Discussão 
2. Há duas questões em discussão: (i) saber se a instituição financeira é responsável pelas operações fraudulentas realizadas na conta do autor; e (ii) saber se há direito à indenização por danos morais e seu valor.

III. Razões de Decidir 
3. A responsabilidade objetiva da instituição financeira decorre do risco da atividade, conforme o artigo 14 do Código de Defesa do Consumidor, não havendo excludentes de responsabilidade. 
4. As instituições financeiras devem adotar medidas de segurança adequadas para prevenir fraudes. 
5. As operações fraudulentas destoam do perfil de consumo do autor, evidenciando falha na prestação do serviço. 
6. O autor não tinha por hábito realizar múltiplas transações em um único dia, especialmente em valores idênticos e em sequência, o que deveria ter acionado os mecanismos de segurança do banco. 
7. As transações ocorreram em local diverso do domicílio do autor (Rio de Janeiro), reforçando a suspeita de fraude. 

IV. Dispositivo e Tese 
8. Recursos do autor e do réu desprovidos. 
Tese de julgamento: 1. As instituições financeiras respondem objetivamente por fraudes praticadas por terceiros, especialmente quando as transações destoam do perfil habitual de gastos do consumidor. 2. A indenização por danos morais é devida quando há falha na prestação do serviço, considerando o perfil de consumo e a ausência de medidas de segurança adequadas."
1041838-23.2025.8.26.0100,20608683,Apelação Cível,Cancelamento de vôo,Francisco Giaquinto,São Paulo,13ª Câmara de Direito Privado,13,Direito Privado,10/06/2026,10/06/2026,4000.0,True,True,200,"DIREITO CIVIL. APELAÇÃO. TRANSPORTE AÉREO. INDENIZAÇÃO POR DANOS MORAIS . ATRASO DE VOO. RECURSO PARCIALMENTE PROVIDO.
I. Caso em Exame
Ação indenizatória por danos morais decorrentes de atraso de voo internacional julgada parcialmente procedente, condenando a ré ao pagamento de R$4.000,00 por danos morais devido ao atraso de 29 horas no voo.
II. Questão em Discussão 
2. A questão em discussão consiste em determinar se o valor da indenização por danos morais deve ser majorado em razão do atraso significativo e da conduta omissiva da ré ao não considerar alternativa de reacomodação mais adequada.
III. Razões de Decidir 
3. O atraso de 29 horas no voo, sem justificativa de caso fortuito ou força maior, caracteriza falha na prestação do serviço, configurando dano moral . 
4. A reacomodação inadequada, desconsiderando alternativa com menor atraso, agravou o abalo emocional da autora, justificando a majoração da indenização.
IV. Dispositivo e Tese 
5. Recurso parcialmente provido para majorar a indenização por danos morais para R$8.000,00. 
Tese de julgamento: 1. A falha na prestação do serviço de transporte aéreo, com atraso significativo, configura dano moral . 2. A indenização deve ser proporcional ao dano sofrido, considerando a conduta da ré e a extensão do prejuízo."
1010250-15.2023.8.26.0020,20608632,Apelação Cível,Transporte de Pessoas,Francisco Giaquinto,São Paulo,13ª Câmara de Direito Privado,13,Direito Privado,10/06/2026,10/06/2026,20000.0,False,False,485,"DIREITO CIVIL. AÇÃO DE INDENIZAÇÃO POR PERDAS E DANOS. RESPONSABILIDADE OBJETIVA. TRANSPORTE COLETIVO. DANOS MORAIS E LUCROS CESSANTES.

I. Caso em Exame
1. Ação de indenização por perdas e danos proposta por passageira em face de empresa de transporte coletivo, em razão de lesões sofridas após frenagem brusca do ônibus. Sentença julgou parcialmente procedente a demanda, condenando a ré ao pagamento de R$ 20.000,00 por danos morais e R$ 4.200,00 por lucros cessantes, além de honorários advocatícios.

II. Questão em Discussão
2. A questão em discussão consiste em determinar a extensão dos lucros cessantes devidos à autora, considerando o período de convalescença após acidente em transporte coletivo, e a possibilidade de inclusão de danos emergentes não pleiteados inicialmente.

III. Razões de Decidir
3. DA NATUREZA DA RESPONSABILIDADE E O DEVER DE INCOLUMIDADE: A responsabilidade das concessionárias de transporte público é objetiva, pautada no risco administrativo (Art. 37, § 6º, da CF) e na relação de consumo (Art. 14 do CDC). O transportador assume uma obrigação de resultado, qual seja, a cláusula de incolumidade, devendo conduzir o passageiro são e salvo ao destino. A frenagem brusca, ainda que decorrente de fatos comuns do tráfego urbano, caracteriza-se como fortuito interno, insuficiente para romper o nexo causal. Culpa exclusiva da vítima não demonstrada pela ré (Art. 373, II, do CPC).

4. DOS DANOS EMERGENTES E LIMITES DA LIDE: Inviabilidade do conhecimento do pleito de ressarcimento por despesas farmacêuticas e de transporte. Inexistência de pedido expresso e determinado na petição inicial (Art. 324 do CPC). A narrativa fática sem pedido correspondente impede o julgamento favorável, sob pena de violação aos princípios da congruência, da adstrição e da estabilização objetiva da lide (Arts. 141 e 492 do CPC). Configuração de inovação recursal.

5. DOS LUCROS CESSANTES E O FATO SUPERVENIENTE: A indenização dos lucros cessantes deve ser integral, abrangendo todo o período em que a vítima permaneceu impossibilitada de exercer seu labor habitual de cuidadora de idosos (Art. 949 do CC). No caso, a função de cuidadora de idosos exige pleno esforço físico, incompatível com a luxação sofrida no ombro. Reconhecimento de fato superveniente (Art. 493 do CPC) consubstanciado em relatório médico e alta de fisioterapia apresentados em sede recursal, que comprovam que a convalescença e a incapacidade se estenderam até abril de 2025, após intervenção cirúrgica e reabilitação motora. Reforma da sentença para ampliar o termo final da verba indenizatória.

IV. Dispositivo e Tese
6. Recurso parcialmente provido para estender o período de lucros cessantes até abril de 2025.
Tese de julgamento: 1. A responsabilidade objetiva da transportadora abrange danos causados a passageiros, salvo prova de excludente. 2. Lucros cessantes devem cobrir todo o período de convalescença comprovado.

Legislação Citada:
CF, art. 37, §6º; CC, arts. 402, 403, 944, 949; CDC, art. 14; CPC, arts. 141, 492, 493.
Jurisprudência Citada:
STF, RE 262.651/SP, Rel. Min. Carlos Velloso, DJ 06-05-2005.
STJ, REsp nº 721.091/SP, Rel. Min. Jorge Scartezzini, j. 04/08/2005."
1065039-15.2023.8.26.0100,20604157,Apelação Cível,Prestação de Serviços,Luiz Eurico,São Paulo,33ª Câmara de Direito Privado,33,Direito Privado,09/06/2026,09/06/2026,,False,False,102,APELAÇÃO CÍVEL – OBRIGAÇÃO DE FAZER CUMULADA COM INDENIZAÇÃO – MARKETPLACE – FALHA NA PRESTAÇÃO DE SERVIÇOS – ATRASO EM COLETAS E RETENÇÃO DE VALORES – APLICABILIDADE DO CDC – TEORIA FINALISTA MITIGADA – RESPONSABILIDADE OBJETIVA - VALORES RETIDOS – AUSÊNCIA DE COMPROVAÇÃO INTEGRAL – DESBLOQUEIO DO SALDO INDEVIDO A APURAR EM LIQUIDAÇÃO - LUCROS CESSANTES – CABIMENTO – APURAÇÃO PELO LUCRO LÍQUIDO – NECESSIDADE DE LIQUIDAÇÃO - DANOS MORAIS – PESSOA JURÍDICA – SÚMULA 227 DO STJ – ABALO À HONRA OBJETIVA CONFIGURADO – INDENIZAÇÃO DEVIDA - SENTENÇA PARCIALMENTE REFORMADA – RECURSO DA RÉ PARCIALMENTE PROVIDO – RECURSO ADESIVO PARCIALMENTE PROVIDO
1000830-17.2025.8.26.0666,20603378,Apelação Cível,Vícios de Construção,Wilson Lisboa Ribeiro,Artur Nogueira,9ª Câmara de Direito Privado,9,Direito Privado,09/06/2026,09/06/2026,10000.0,True,False,125,"AÇÃO DE INDENIZAÇÃO. Vícios construtivos. Sentença de procedência parcial. Recurso da instituição financeira ré. Não convencimento. Imóvel adquirido pelo Programa ""Minha Casa, Minha Vida"". Ré que, no caso, não atuou como mero agente financeiro, mas como executora de políticas federais para promoção de moradia, bem como representante do Fundo de Arrendamento Residencial. Legitimidade passiva bem reconhecida e mantida. Prova pericial conclusiva acerca dos vícios alegados. Indenização material devida. Recurso da autora. Acolhimento. Expectativa, de receber e usufruir do imóvel, sem intercorrências e vícios, frustrada. Dano moral caracterizado. Indenização fixada em R$ 10.000,00 (dez mil reais). Quantia que se mostra razoável e proporcional. Sentença reformada para condenar a ré ao pagamento de indenização por danos morais . RECURSO DA RÉ DESPROVIDO E PROVIDO O DA AUTORA."
1007868-07.2024.8.26.0637,20599371,Apelação Cível,Associação,Lucilia Alcione Prata,Tupã,6ª Câmara de Direito Privado,6,Direito Privado,08/06/2026,08/06/2026,5000.0,True,False,154,"APELAÇÃO CÍVEL – AÇÃO DECLARATÓRIA DE INEXISTÊNCIA DE RELAÇÃO JURÍDICA CUMULADA COM INDENIZAÇÃO POR DANOS MORAIS E MATERIAIS – Descontos efetuados em conta vinculada a benefício previdenciário – Sentença de parcial procedência que declarou a inexistência de relação jurídica entre as partes e a inexigibilidade do débito, condenando a ré a restituir em dobro os valores descontados – Inconformismo do autor – Pedido de indenização por dano moral – Acolhimento. Julgamento de mérito do Incidente de Resolução de Demandas Repetitivas (IRDR) nº 2116802-76.2025.8.26.0000 (Tema 59 do TJSP), com suspensão cessada. Tese vinculante firmando o entendimento de que, em casos de desconto indevido de valores em benefício previdenciário por associação sem vínculo, aplica-se a regra do dano in re ipsa. Dever de observância obrigatória (art. 927, III, do CPC). Indenização fixada em R$ 5.000,00, valor condizente com a extensão da ofensa e os parâmetros jurisprudenciais, evitando-se o enriquecimento sem causa. Sentença parcialmente reformada. RECURSO PROVIDO."
1005708-05.2024.8.26.0024,20600053,Agravo Interno Cível,Vícios de Construção,J.L. Mônaco da Silva,Andradina,5ª Câmara de Direito Privado,5,Direito Privado,08/06/2026,08/06/2026,,False,False,195,"AGRAVO INTERNO - Interposição contra decisão do relator que negou seguimento aos recursos - Inconformismo - Desacolhimento - Inexistência de ofensa ao princípio da colegialidade - Art. 168, § 3º, do RITJSP que confere ao relator a prerrogativa de negar seguimento a recurso manifestamente improcedente - Interposição de agravo interno ou de agravo regimental que afasta, ademais, a alegada violação ao referido princípio - Precedentes do Colendo Superior Tribunal de Justiça - Sentença apelada que julgou procedente a ação - Afirmação recursal de que o imóvel foi entregue em perfeitas condições e os defeitos são decorrentes de má conservação e/ou falta de manutenção que não convence, considerando que o imóvel foi entregue em 11/8/2023 e a demanda foi distribuída apenas 1 (um) ano depois, em 26/8/2024 - Conversão da indenização em obrigação de fazer que não prospera, considerando a afirmação do autor de que não foi atendido quando procurou solução administrativa, matéria incontroversa à míngua de impugnação específica no momento oportuno - Existência de falhas construtivas verificadas no imóvel adquirido para servir de moradia à família do autor é circunstância capaz de causar grande abalo emocional passível de indenização - Decisão mantida - Recurso desprovido."
1000842-15.2025.8.26.0348,20598327,Apelação Cível,Associação,Silvério da Silva,Mauá,8ª Câmara de Direito Privado,8,Direito Privado,04/06/2026,08/06/2026,8000.0,True,False,76,"APELAÇÃO. DECLARATÓRIA DE INEXIGIBILIDADE DE DÉBITO C.C. INDENIZAÇÃO POR DANO MATERIAL E MORAL. SENTENÇA PARCIALMENTE PROCEDENTE. INCONFORMISMO DA AUTORA. DESCONTOS INDEVIDOS DESDE JULHO DE 2023. DANO MORAL . OCORRÊNCIA. DESCONTOS INDEVIDOS NO BENEFÍCIO. DANO IN RE IPSA. IRDR Nº 59 DESTE TRIBUNAL. INDENIZAÇÃO ARBITRADA EM R$ R$ 8.000,00. CORREÇÃO MONETÁRIA A PARTIR DO JULGAMENTO. JUROS A PARTIR DO EVENTO DANOSO. HONORÁRIOS DE ADVOGADO FIXADOS EM 20% SOBRE O VALOR DA CONDENAÇÃO. DADO PROVIMENTO PARCIAL AO RECURSO"
1003087-40.2024.8.26.0572,20598324,Apelação Cível,Associação,Silvério da Silva,São Joaquim da Barra,8ª Câmara de Direito Privado,8,Direito Privado,04/06/2026,08/06/2026,8000.0,True,False,134,"APELAÇÃO. DECLARATÓRIA DE INEXIGIBILIDADE DE DÉBITO C.C. INDENIZAÇÃO POR DANO MATERIAL E MORAL. SENTENÇA IMPROCEDENTE. INCONFORMISMO DA AUTORA. DESCONTOS EM BENEFÍCIO PREVIDENCIÁRIO. ADESÃO VIA ELETRÔNICA QUE NÃO TEM VALIDADE, DIANTE DA AUSÊNCIA DE INFORMAÇÕES CLARAS SOBRE AS CONDIÇÕES E OBRIGAÇÕES DO CONSUMIDOR. LINK DA GRAVAÇÃO TELEFÔNICA QUE NÃO ELUCIDA O OBJETO DO CONTRATO COM CLAREZA. AFRONTA AOS PRINCÍPIOS DO CDC. INEXIGIBILIDADE DO DÉBITO QUE DEVE SE IMPOR. ILICITUDE DOS DESCONTOS. REPETIÇÃO EM DOBRO DEVIDA. MÁ-FÉ CARACTERIZADA. DANO MORAL . OCORRÊNCIA. DANO 'IN RE IPSA'. TESE FIXADA POR OCASIÃO DO JULGAMENTO DO IRDR Nº59 DESTE TRIBUNAL. DESCONTOS INDEVIDOS NO BENEFÍCIO PREVIDENCIÁRIO, QUE DESESTRUTURAM O FLUXO DE CAIXA DA AUTORA. INDENIZAÇÃO ARBITRADA EM R$ 8.000,00. SUCUMBÊNCIA ATRIBUÍDA À RÉ. HONORÁRIOS DE ADVOGADO FIXADOS EM 20% SOBRE O VALOR ATUALIZADO DA CONDENAÇÃO. DADO PROVIMENTO PARCIAL AO RECURSO"
1153433-61.2024.8.26.0100,20598306,Apelação Cível,Associação,Silvério da Silva,São Paulo,8ª Câmara de Direito Privado,8,Direito Privado,04/06/2026,08/06/2026,8000.0,True,False,59,"APELAÇÃO. DECLARATÓRIA DE INEXIGIBILIDADE DE DÉBITO C.C. INDENIZAÇÃO POR DANO MATERIAL E MORAL. SENTENÇA PARCIALMENTE PROCEDENTE. INCONFORMISMO DA AUTORA. DESCONTOS INDEVIDOS EM BENEFÍCIO PFREVIDENCIÁRIO. DANO MORAL . OCORRÊNCIA. DANO IN RE IPSA. IRDR Nº 59 DESTE TRIBUNAL. INDENIZAÇÃO ARBITRADA EM R$ R$ 8.000,00. HONORÁRIOS DE ADVOGADO FIXADOS EM 20% SOBRE O VALOR DA CONDENAÇÃO. DADO PROVIMENTO PARCIAL AO RECURSO"
1000033-40.2025.8.26.0246,20598305,Apelação Cível,Associação,Silvério da Silva,Ilha Solteira,8ª Câmara de Direito Privado,8,Direito Privado,04/06/2026,08/06/2026,8000.0,True,False,69,"APELAÇÃO. DECLARATÓRIA DE INEXIGIBILIDADE DE DÉBITO C.C. INDENIZAÇÃO POR DANO MATERIAL E MORAL. SENTENÇA PARCIALMENTE PROCEDENTE. INCONFORMISMO DO AUTOR. DESCONTOS INDEVIDOS DESDE OUTUBRO 2022. DANO MORAL . OCORRÊNCIA. DESCONTOS INDEVIDOS NO BENEFÍCIO. DANO IN RE IPSA. IRDR Nº 59 DESTE TRIBUNAL. INDENIZAÇÃO ARBITRADA EM R$ R$ 8.000,00. JUROS A PARTIR DO EVENTO DANOSO. HONORÁRIOS DE ADVOGADO FIXADOS EM 20% SOBRE O VALOR DA CONDENAÇÃO. DADO PROVIMENTO PARCIAL AO RECURSO"
1002429-65.2024.8.26.0491,20598304,Apelação Cível,Associação,Silvério da Silva,Rancharia,8ª Câmara de Direito Privado,8,Direito Privado,04/06/2026,08/06/2026,5000.0,True,False,72,"APELAÇÃO. DECLARATÓRIA DE INEXIGIBILIDADE DE DÉBITO C.C. INDENIZAÇÃO POR DANO MATERIAL E MORAL. SENTENÇA PARCIALMENTE PROCEDENTE. INCONFORMISMO DO AUTOR. DESCONTOS INDEVIDOS DESDE JANWEIRO DE 2024. AUSÊNCIA DE PROVA DA CONTRATAÇÃO. MÁ FÉ CARACTERIZADA. DANO MORAL . OCORRÊNCIA. DESCONTOS INDEVIDOS NO BENEFÍCIO. DANO IN RE IPSA. IRDR Nº 59 DESTE TRIBUNAL. INDENIZAÇÃO ARBITRADA EM R$ R$ 5.000,00. HONORÁRIOS DE ADVOGADO FIXADOS EM 20% SOBRE O VALOR DA CONDENAÇÃO. DADO PROVIMENTO PARCIAL AO RECURSO"
1010142-72.2024.8.26.0077,20598302,Apelação Cível,Associação,Silvério da Silva,Birigüi,8ª Câmara de Direito Privado,8,Direito Privado,04/06/2026,08/06/2026,8000.0,True,False,88,"APELAÇÃO. DECLARATÓRIA DE INEXIGIBILIDADE DE DÉBITO C.C. INDENIZAÇÃO POR DANO MATERIAL E MORAL. SENTENÇA PARCIALMENTE PROCEDENTE. INCONFORMISMO DO AUTOR. DESCONTOS INDEVIDOS DESDE JUNHO DE 2023. AUSÊNCIA DE PROVA DA CONTRATAÇÃO. MÁ FÉ CARACTERIZADA. DEVOLUÇÃO EM DOBRO. CORREÇÃO MONETÁRIA A PARTIR DOS RESPECTIVOS DESCONTOS, COM JUROS A PARTIR DA CITAÇÃO. DANO MORAL . OCORRÊNCIA. DESCONTOS INDEVIDOS NO BENEFÍCIO. DANO IN RE IPSA. IRDR Nº 59 DESTE TRIBUNAL. INDENIZAÇÃO ARBITRADA EM R$ R$ 8.000,00. HONORÁRIOS DE ADVOGADO FIXADOS EM 20% SOBRE O VALOR DA CONDENAÇÃO. DADO PROVIMENTO PARCIAL AO RECURSO"
1001126-16.2024.8.26.0588,20598325,Apelação Cível,Associação,Silvério da Silva,São Sebastião da Grama,8ª Câmara de Direito Privado,8,Direito Privado,04/06/2026,08/06/2026,8000.0,True,False,134,"APELAÇÃO. DECLARATÓRIA DE INEXIGIBILIDADE DE DÉBITO C.C. INDENIZAÇÃO POR DANO MATERIAL E MORAL. SENTENÇA IMPROCEDENTE. INCONFORMISMO DA AUTORA. DESCONTOS EM BENEFÍCIO PREVIDENCIÁRIO. ADESÃO VIA ELETRÔNICA QUE NÃO TEM VALIDADE, DIANTE DA AUSÊNCIA DE INFORMAÇÕES CLARAS SOBRE AS CONDIÇÕES E OBRIGAÇÕES DO CONSUMIDOR. LINK DA GRAVAÇÃO TELEFÔNICA QUE NÃO ELUCIDA O OBJETO DO CONTRATO COM CLAREZA. AFRONTA AOS PRINCÍPIOS DO CDC. INEXIGIBILIDADE DO DÉBITO QUE DEVE SE IMPOR. ILICITUDE DOS DESCONTOS. REPETIÇÃO EM DOBRO DEVIDA. MÁ-FÉ CARACTERIZADA. DANO MORAL . OCORRÊNCIA. DANO 'IN RE IPSA'. TESE FIXADA POR OCASIÃO DO JULGAMENTO DO IRDR Nº59 DESTE TRIBUNAL. DESCONTOS INDEVIDOS NO BENEFÍCIO PREVIDENCIÁRIO, QUE DESESTRUTURAM O FLUXO DE CAIXA DA AUTORA. INDENIZAÇÃO ARBITRADA EM R$ 8.000,00. SUCUMBÊNCIA ATRIBUÍDA À RÉ. HONORÁRIOS DE ADVOGADO FIXADOS EM 20% SOBRE O VALOR ATUALIZADO DA CONDENAÇÃO. DADO PROVIMENTO PARCIAL AO RECURSO"
1003264-38.2024.8.26.0302,20598301,Apelação Cível,Associação,Silvério da Silva,Jaú,8ª Câmara de Direito Privado,8,Direito Privado,04/06/2026,08/06/2026,8000.0,True,False,89,"APELAÇÃO. DECLARATÓRIA DE INEXIGIBILIDADE DE DÉBITO C.C. INDENIZAÇÃO POR DANO MATERIAL E MORAL. SENTENÇA PARCIALMENTE PROCEDENTE. INCONFORMISMO DO AUTOR. DESCONTOS INDEVIDOS DESDE JANEIRO DE 2024. RÉ REVEL. AUSÊNCIA DE PROVA DA CONTRATAÇÃO. MÁ FÉ CARACTERIZADA. DEVOLUÇÃO EM DOBRO. CORREÇÃO MONETÁRIA A PARTIR DOS RESPECTIVOS DESCONTOS, COM JUROS A PARTIR DA CITAÇÃO. DANO MORAL . OCORRÊNCIA. DESCONTOS INDEVIDOS NO BENEFÍCIO. DANO IN RE IPSA. IRDR Nº 59 DESTE TRIBUNAL. INDENIZAÇÃO ARBITRADA EM R$ R$ 8.000,00. HONORÁRIOS DE ADVOGADO FIXADOS EM 20% SOBRE O VALOR DA CONDENAÇÃO. DADO PROVIMENTO AO RECURSO"
1002490-18.2024.8.26.0040,20598297,Apelação Cível,Associação,Silvério da Silva,Américo Brasiliense,8ª Câmara de Direito Privado,8,Direito Privado,04/06/2026,08/06/2026,8000.0,True,False,134,"APELAÇÃO. DECLARATÓRIA DE INEXIGIBILIDADE DE DÉBITO C.C. INDENIZAÇÃO POR DANO MATERIAL E MORAL. SENTENÇA IMPROCEDENTE. INCONFORMISMO DA AUTORA. DESCONTOS EM BENEFÍCIO PREVIDENCIÁRIO. ADESÃO VIA ELETRÔNICA QUE NÃO TEM VALIDADE, DIANTE DA AUSÊNCIA DE INFORMAÇÕES CLARAS SOBRE AS CONDIÇÕES E OBRIGAÇÕES DO CONSUMIDOR. LINK DA GRAVAÇÃO TELEFÔNICA QUE NÃO ELUCIDA O OBJETO DO CONTRATO COM CLAREZA. AFRONTA AOS PRINCÍPIOS DO CDC. INEXIGIBILIDADE DO DÉBITO QUE DEVE SE IMPOR. ILICITUDE DOS DESCONTOS. REPETIÇÃO EM DOBRO DEVIDA. MÁ-FÉ CARACTERIZADA. DANO MORAL . OCORRÊNCIA. DANO 'IN RE IPSA'. TESE FIXADA POR OCASIÃO DO JULGAMENTO DO IRDR Nº59 DESTE TRIBUNAL. DESCONTOS INDEVIDOS NO BENEFÍCIO PREVIDENCIÁRIO, QUE DESESTRUTURAM O FLUXO DE CAIXA DA AUTORA. INDENIZAÇÃO ARBITRADA EM R$ 8.000,00. SUCUMBÊNCIA ATRIBUÍDA À RÉ. HONORÁRIOS DE ADVOGADO FIXADOS EM 20% SOBRE O VALOR ATUALIZADO DA CONDENAÇÃO. DADO PROVIMENTO PARCIAL AO RECURSO"
1002501-13.2024.8.26.0407,20598290,Apelação Cível,Associação,Silvério da Silva,Osvaldo Cruz,8ª Câmara de Direito Privado,8,Direito Privado,04/06/2026,08/06/2026,8000.0,True,False,94,"APELAÇÃO. DECLARATÓRIA DE INEXIGIBILIDADE DE DÉBITO C.C. INDENIZAÇÃO POR DANO MATERIAL E MORAL. SENTENÇA PARCIALMENTE PROCEDENTE. INCONFORMISMO DA AUTORA. DESCONTOS INDEVIDOS DESDE JUNHO DE 2023. MÁ FÉ CARACTERIZADA. DEVOLUÇÃO EM DOBRO. DANO MORAL . OCORRÊNCIA. DANO 'IN RE IPSA' . TESE FIXADA POR OCASIÃO DO JULGAMENTO DO IRDR Nº59 DESTE TRIBUNAL. DESCONTOS INDEVIDOS NO BENEFÍCIO PREVIDENCIÁRIO DURANTE UM ANO, QUE DESESTRUTURAM O FLUXO DE CAIXA DA AUTOR. INDENIZAÇÃO ARBITRADA EM R$ R$ 8.000,00. SUCUMBÊNCIA ATRIBUÍDA À RÉ. HONORÁRIOS DE ADVOGADO FIXADOS EM 20% SOBRE O VALOR ATUALIZADO DA CONDENAÇÃO. DADO PROVIMENTO PARCIAL AO RECURSO"
1003471-83.2024.8.26.0222,20595350,Apelação Cível,Seguro,Rômolo Russo,Guariba,34ª Câmara de Direito Privado,34,Direito Privado,30/05/2026,08/06/2026,5000.0,False,False,104,"Apelação Cível. Declaratória de inexistência de relação jurídica c/c indenização por danos materiais e morais. Sentença de procedência parcial do pedido. Inconformismo da autora. Acolhimento parcial. Indenização por danos morais . Conduta ilícita e abusiva dos réus. Concreta afronta a núcleo essencial de proteção conferida pelo ordenamento, não se tratando de mero dissabor ou incômodo. Autora que teve reduzido o valor de seu benefício previdenciário, em prejuízo à sua subsistência. Desnecessidade de comprovação de efetiva ocorrência de prejuízo (damnum in re ipsa). Quantum indenizatório arbitrado em R$ 5.000,00. Adequação e simetria com hipóteses semelhantes. Precedentes. Sentença reformada. Recurso de apelação da autora parcialmente provido."
1004556-33.2024.8.26.0084,20594364,Apelação Cível,Alienação Fiduciária,Ana Catarina Strauch,Campinas,26ª Câmara de Direito Privado,26,Direito Privado,02/06/2026,04/06/2026,,True,False,116,"APELAÇÃO – AÇÃO DE BUSCA E APREENSÃO COM RECONVENÇÃO – Sentença que extinguiu a ação principal pela perda superveniente do objeto e julgou improcedente a reconvenção – Apelação do réu reconvinte – Adimplemento das parcelas em atraso no dia seguinte ao ajuizamento da ação, com aceitação pelo credor e renúncia ao vencimento antecipado do contrato – Afastamento da mora que embasava a pretensão inicial – Omissão do banco quanto à comunicação de fato superveniente ao juízo – Violação aos deveres de boa-fé e cooperação processual – Cumprimento de liminar de busca e apreensão quando já inexistente a mora – Constrição indevida do bem – Dano moral configurado – Indenização devida – Sentença reformada – RECURSO PROVIDO."
0031232-22.2010.8.26.0053,20591502,Apelação Cível,Acidente de Trânsito,Luis Fernando Nishi,São Paulo,31ª Câmara de Direito Privado,31,Direito Privado,03/06/2026,03/06/2026,90000.0,True,False,321,"DIREITO CIVIL. APELAÇÃO. ACIDENTE DE TRÂNSITO. INDENIZAÇÃO POR DANOS MATERIAIS, MORAIS E ESTÉTICOS. RESPONSABILIDADE CIVIL OBJETIVA DO MUNICÍPIO. RECURSO PROVIDO.
I. Caso em Exame
1. Apelação interposta contra sentença que julgou improcedente ação de indenização por danos materiais, morais e estéticos, decorrente de acidente de trânsito envolvendo ambulância do SAMU.
II. Questão em Discussão
2. A questão em discussão consiste em: (i) a configuração da responsabilidade civil objetiva do Município de São Paulo pelo acidente de trânsito; (ii) a comprovação dos danos materiais, morais e estéticos; e (iii) a concessão de pensão vitalícia ao autor.
III. Razões de Decidir
3. A responsabilidade civil objetiva do Município é configurada pela teoria do risco administrativo, bastando a prova do dano e do nexo causal, independentemente de culpa.
4. O dano moral é in re ipsa, decorrente do abalo moral causado pela gravidade das consequências experimentadas em razão do acidente, justificando indenização de R$ 90.000,00.
5. O dano estético é distinto do dano moral , justificado pelas deformações físicas e sequelas decorrentes da tetraplegia, com comprometimento estético em grau máximo reconhecido por perícia, e indenização de R$ 90.000,00.
6. Os danos materiais envolvendo a motocicleta e despesas médicas decorrentes do acidente são devidos, e devem ser apurados em liquidação de sentença.
7. A pensão vitalícia é devida em razão da redução da renda do autor, decorrente da sua incapacidade laboral total e permanente.
IV. Dispositivo e Tese
8. Recurso provido para julgar procedente a ação e condenar o Município ao pagamento de indenização por danos morais , estéticos e materiais, além de pensão mensal vitalícia.
Tese de julgamento: 1. Responsabilidade objetiva do Estado por acidente de trânsito causado por veículo utilizado na prestação de serviço essencial, por força da teoria do risco administrativo, independentemente de culpa do condutor.
Legislação Citada:
Constituição Federal, art. 37, § 6º.
Código de Processo Civil, arts. 373, 371.
Código Civil, art. 950.
Código de Trânsito Brasileiro, art. 29, VII."
1006464-72.2020.8.26.0438,20588542,Apelação Cível,Bancários,Simões de Almeida,Penápolis,13ª Câmara de Direito Privado,13,Direito Privado,02/06/2026,02/06/2026,,True,False,59,APELAÇÃO – Ação declaratória c/c obrigação de fazer e indenização por danos materiais e morais – Empréstimo consignado não reconhecido – Fraude contratual – Devolução em dobro – Decisão em sede de recurso repetitivo pelo STJ – Modulação dos efeitos – Danos morais – Desconto indevido benefício previdenciário – Dano moral configurado (in re ipsa) – Recurso parcialmente provido.
1007028-22.2025.8.26.0003,20586178,Apelação Cível,Tratamento médico-hospitalar,Alvaro Passos,São Paulo,2ª Câmara de Direito Privado,2,Direito Privado,29/05/2026,02/06/2026,10000.0,True,False,97,"CONTRATO – Prestação de serviços – Plano de saúde – Incidência das disposições do Código de Defesa do Consumidor – Autora que inicia seu tratamento em Hospital posteriormente descredenciado, para alguns atendimentos e planos – Custeio integral dos procedimentos, no nosocômio em que iniciados – Cabimento – Dever que possui a seguradora de garantir a continuidade da terapia com profissional da confiança do paciente, nos moldes em que vem sendo realizada – Dano moral – Configuração – Fixação do montante em R$ 10.000,00 (dez mil reais) – Suficiência – Recurso da autora provido, improvido o da ré."
1016453-73.2025.8.26.0003,20584490,Apelação Cível,Transporte Aéreo,Daniela Menegatti Milano,São Paulo,16ª Câmara de Direito Privado,16,Direito Privado,01/06/2026,01/06/2026,6000.0,True,False,177,"APELAÇÃO CÍVEL – DIREITO PRIVADO – Transporte aéreo internacional – Cancelamento de voo – Ação de indenização por danos materiais e morais – Sentença de improcedência.
I. Inconformismo dos autores. Discussão sobre responsabilidade civil da companhia aérea pelo atraso na chegada ao destino.
II. Relação de consumo. Cancelamento de voo e perda de conexão. Reacomodação que, apesar de suprimir uma conexão, culminou na chegada ao destino 11 horas após o contratado. Manutenção não programada na aeronave. Fortuito interno. Responsabilidade da companhia aérea. Inexistência de excludente de responsabilidade.
III. Dano material não comprovado. Inexistência de demonstração de desembolso de valores pelos apelantes. Danos materiais que não se presumem. Dano moral caracterizado. Fatos que extrapolam o mero aborrecimento cotidiano. Atraso de 11 horas na chegada ao destino. Prestação de assistência material que mitiga os danos. Fixação da indenização em R$ 6.000,00 a cada apelante, em atenção às particularidades do caso concreto. Inexistência de circunstâncias extraordinárias que justifiquem o arbitramento em quantia superior, sob pena de enriquecimento sem causa das vítimas.
IV – Sentença reformada – Recurso provido em parte."
1019656-77.2024.8.26.0003,20584485,Apelação Cível,Atraso de vôo,Daniela Menegatti Milano,São Paulo,16ª Câmara de Direito Privado,16,Direito Privado,01/06/2026,01/06/2026,5000.0,True,False,186,"APELAÇÃO CÍVEL – DIREITO PRIVADO – Transporte aéreo nacional – Cancelamento de voo – Ação de indenização por danos materiais e morais – Sentença de parcial procedência que determinou a reparação do dano material referente a passagem rodoviária perdida.
I. Inconformismo do autor. Discussão sobre a extensão do dano material e ocorrência de dano moral .
II. Relação de consumo. Cancelamento de voo. Atraso em etapa anterior do voo. Fortuito interno. Responsabilidade da companhia aérea.
III. Dano material. Descabimento de reembolso de passagem de titularidade de pessoa estranha ao processo. Hospedagem fornecida durante a noite. Descabimento de impor à companhia aérea o custeio de hospedagem durante o dia. Dano moral caracterizado. Fatos que extrapolam o mero aborrecimento cotidiano. Atraso de 24 horas na chegada ao destino. Prestação, contudo, de integral assistência material pela companhia aérea, com fornecimento de alimentação, transporte e hospedagem, além de reacomodação. Fixação da indenização em R$ 5.000,00, em atenção às particularidades do caso concreto. Inexistência de circunstâncias extraordinárias que justifiquem o arbitramento em quantia superior, sob pena de enriquecimento sem causa da vítima.
IV – Sentença reformada – Recurso provido em parte."
1009752-96.2025.8.26.0003,20584468,Apelação Cível,Atraso de vôo,Daniela Menegatti Milano,São Paulo,16ª Câmara de Direito Privado,16,Direito Privado,01/06/2026,01/06/2026,7500.0,True,False,173,"APELAÇÃO CÍVEL – DIREITO PRIVADO – Transporte aéreo nacional – Atraso de voo – Ação de indenização por danos materiais e morais – Sentença de parcial procedência que determinou somente a reparação do dano material.
I. Recurso do autor. Discussão sobre a responsabilidade civil da companhia aérea por dano moral decorrente do atraso na chegada da passageira ao destino. Pretensão de indenização de R$ 7.500,00.
III. Relação de consumo. Cancelamento de voo com reacomodação que culminou na chegada ao destino 10 horas após o horário programado. Fortuito interno. Responsabilidade da companhia aérea. Inexistência de excludente de responsabilidade. Prestação de assistência material parcial. Dano moral caracterizado. Fatos que extrapolam o mero aborrecimento cotidiano, notadamente pela espera e necessidade de arcar com o transporte até o local de hospedagem fornecido pela companhia aérea. Fixação da indenização por dano moral em R$ 4.000,00, em atenção às particularidades do caso concreto.
IV. Sentença reformada para condenar a apelada a indenizar a apelante pelos danos morais sofridos. Ônus sucumbencial integralmente imposto à apelada – Recurso provido em parte."
1015066-23.2025.8.26.0003,20575800,Apelação Cível,Atraso de vôo,José Marcelo Tossi Silva,São Paulo,11ª Câmara de Direito Privado,11,Direito Privado,29/05/2026,29/05/2026,,True,True,171,"APELAÇÃO – AÇÃO DE INDENIZAÇÃO – TRANSPORTE AÉREO INTERNACIONAL – DANO MORAL – PRETENSÃO DE MAJORAÇÃO – Inconformismo da autora (passageira) contra a r. sentença que julgou parcialmente procedente o pedido inicial, com fixação de indenização por dano moral em R$ 4 mil (quatro mil reais) – Atraso de 24 (vinte e quatro) horas na chegada ao destino, decorrente de realocação unilateral da passageira para voo no dia seguinte, com invalidação do bilhete original – Assistência material parcial, não demonstrada pela companhia aérea a compatibilidade do voucher de alimentação com as necessidades econômicas concretas da situação – Suposta perda de compromissos profissionais não provada documentalmente – Procedimento bifásico de arbitramento (REsp 1.473.393/SP) – Circunstâncias concretas que justificam majoração em extensão menor à buscada pela apelante, considerada a assistência material parcial e a ausência de prova de perda de compromisso específico e profissional relevante – Recurso parcialmente provido, para majorar a indenização por dano moral para R$ 5 mil (cinco mil reais), mantidos os critérios de atualização monetária e juros de mora."
1001903-36.2025.8.26.0565,20575783,Apelação Cível,Fornecimento de Energia Elétrica,J.B. Paula Lima,São Caetano do Sul,32ª Câmara de Direito Privado,32,Direito Privado,29/05/2026,29/05/2026,10000.0,False,False,257,"APELAÇÃO CÍVEL. ENERGIA ELÉTRICA. AÇÃO DE OBRIGAÇÃO DE FAZER CUMULADA COM INDENIZAÇÃO POR DANOS MORAIS . TRANSFERÊNCIA DE TITULARIDADE DE UNIDADE CONSUMIDORA. EXIGÊNCIA DE QUITAÇÃO DE DÉBITOS PRETÉRITOS. INADMISSIBILIDADE. RELAÇÃO DE CONSUMO. APLICAÇÃO DO CDC. INVERSÃO DO ÔNUS DA PROVA. CABIMENTO. DÉBITOS DE NATUREZA PROPTER PERSONAM. RESPONSABILIDADE DO EFETIVO USUÁRIO DO SERVIÇO. PRÁTICA ABUSIVA CONFIGURADA. ART. 39, V E X, DO CDC. RESOLUÇÃO NORMATIVA Nº 1.000/2021 DA ANEEL. AUSÊNCIA DE COMPROVAÇÃO DA ORIGEM E PERÍODO DOS DÉBITOS. INEXIGIBILIDADE EM RELAÇÃO À AUTORA. FALHA NA PRESTAÇÃO DO SERVIÇO. DANOS MORAIS CONFIGURADOS. QUANTUM INDENIZATÓRIO FIXADO COM OBSERVÂNCIA AOS PRINCÍPIOS DA RAZOABILIDADE E PROPORCIONALIDADE. SENTENÇA REFORMADA. RECURSO PROVIDO. Insurgência contra sentença que julgou improcedente o pedido inicial. O fornecimento de energia elétrica constitui serviço público essencial, regido pelas normas do Código de Defesa do Consumidor. Os débitos decorrentes do consumo de energia elétrica possuem natureza propter personam, vinculando-se ao efetivo usuário do serviço, e não ao imóvel. É abusiva a exigência de quitação de débitos pretéritos de terceiros como condição para a transferência de titularidade da unidade consumidora, nos termos do artigo 39, V e X, do Código de Defesa do Consumidor. Incumbe à concessionária comprovar a origem e o período dos débitos, bem como sua vinculação ao usuário responsável, ônus do qual não se desincumbiu. Indevida recusa na transferência de titularidade de serviço essencial configura falha na prestação do serviço e enseja reparação por danos morais . Indenização fixada em R$ 10.000,00, em consonância com os princípios da razoabilidade e proporcionalidade e com a jurisprudência desta Corte.
Recurso provido."
1003269-29.2025.8.26.0010,20574087,Apelação Cível,Bancários,Elói Estevão Troly,São Paulo,15ª Câmara de Direito Privado,15,Direito Privado,29/05/2026,29/05/2026,,False,False,99,"Apelação. Ação declaratória de inexigibilidade de débitos c.c. indenizatória. Golpe da falsa central telefônica. Realização de 02 empréstimos pessoais consignados pela autora e transferência para terceiro, após seguir as orientações dos golpistas. Ação procedente. Recurso da parte ré. Inépcia recursal. Razões recursais voltadas ao combate de causa de pedir diversa ao objeto da ação. Combate de ação declaratória de nulidade de contrato de cartão de crédito consignado, em contexto destoante do substrato fático da ação. Ausência de pressuposto de admissibilidade recursal. Constatado desalinho com os preceitos do artigo 1.010, inciso III, do Código de Processo Civil. Recurso não conhecido."
1007279-87.2023.8.26.0010,20574731,Embargos de Declaração Cível,Empréstimo consignado,Castro Figliolia,São Paulo,12ª Câmara de Direito Privado,12,Direito Privado,29/05/2026,29/05/2026,5000.0,False,False,255,"EMBARGOS DE DECLARAÇÃO OPOSTOS PELO RÉU EM RELAÇÃO À DETERMINAÇÃO DE SUSPENSÃO DO PROCESSO – conhecimento prejudicado razão do julgamento definitivo dos recursos de apelação. 

APELAÇÃO – AÇÃO DECLARATÓRIA DE INEXISTÊNCIA DE NEGÓCIO JURÍDICO E DÉBITO C.C. REPETIÇÃO DO INDÉBITO E REPARAÇÃO DE DANOS JULGADA PARCIALMENTE – RECURSOS DE LADO A LADO. 

RECURSO DO RÉU – NEGATIVA DE CONTRATAÇÃO DE CARTÃO DE CRÉDITO CONSIGNADO – contratação impugnada pela autora – descontos de amortização realizados junto à margem consignável do benefício previdenciário da autora – responsabilidade objetiva – artigo 14 do CDC – ônus da prova a respeito da higidez do documento que era do réu que optou por não produzir a prova – conclusão pela invalidade da contratação em nome da autora que se impunha – recurso desprovido no ponto. 

RECURSO DA AUTORA – REPETIÇÃO DO INDÉBITO - condenação do réu na restituição dos valores indevidamente descontados do benefício previdenciário da autora que deve ser dobrada, na linha da Súmula 159 do STF e do art. 42, parágrafo único do CDC - conduta dolosa ou decorrente de culpa gravíssima – recurso provido no ponto.

RECURSOS DA AUTORA E DO RÉU – VALOR DA INDENIZAÇÃO – indenização por danos morais fixada em R$ 5.000,00 – montante adequado, consideradas as circunstâncias do fato – valor que se apresenta proporcional ao dano e que guarda observância ao caráter educativo-punitivo que compõe a indenização na hipótese – recursos desprovidos no tópico.

Resultado: recurso da autora parcialmente provido; recurso do réu desprovido; embargos de declaração opostos pelo réu não conhecidos."
1001526-93.2025.8.26.0491,20570727,Apelação Cível,Bancários,Simões de Almeida,Rancharia,13ª Câmara de Direito Privado,13,Direito Privado,27/05/2026,28/05/2026,5000.0,True,False,83,"APELAÇÃO – Ação declaratória de inexistência débito c/c repetição de indébito e indenização por danos morais – Relação de consumo – Desconto de valor mensal em conta bancária de serviço não reconhecido – Contratação não comprovada – Indenização por danos morais – Dano moral in re ipsa – Desconto indevido em conta de recebimento de aposentadoria - Indenização arbitrada em R$ 5.000,00 (cinco mil reais) dentro dos critérios de razoabilidade e proporcionalidade, em patamar adotado por esta E. 13ª Câmara – Recurso provido."
1004782-61.2024.8.26.0529,20566937,Apelação Cível,Bancários,Fabiana Calil Canfour de Almeida,Santana de Parnaíba,Núcleo 4.0-T. VII (DP2),,,28/05/2026,28/05/2026,,False,True,166,"APELAÇÃO CÍVEL - Ação de obrigação de fazer cumulada com danos morais - Inscrição indevida em cadastro de inadimplentes - Sentença de procedência - Apelo de ambas as partes - Alegação de insuficiência de preparo - Rejeição - Comprovado recolhimento em valor superior ao devido - Relação de consumo - Responsabilidade objetiva da instituição financeira - Autora que nega a contratação - Ré que não se desincumbe de comprovar a regularidade do negócio jurídico - Telas sistêmicas e documentos unilaterais insuficientes - Débito inexigível - Inscrição indevida que, por si só, enseja indenização - Quantum indenizatório - Redução - Observância aos princípios da razoabilidade e proporcionalidade - Responsabilidade extracontratual - Incidência de juros desde o evento danoso - Aplicação da Súmula 54 do STJ - Obrigação de fazer já contemplada na sentença - Ausência de descumprimento - Inviabilidade de imposição de astreintes - Honorários advocatícios mantidos - Inviável majoração em grau recursal - Ausência dos requisitos do art. 85, §11, do CPC - Recursos parcialmente providos"
1012554-95.2024.8.26.0005,20564474,Embargos de Declaração Cível,Promessa de Compra e Venda,L. G. Costa Wagner,São Paulo,34ª Câmara de Direito Privado,34,Direito Privado,23/05/2026,27/05/2026,,False,False,189,"EMBARGOS DE DECLARAÇÃO. OMISSÃO E CONTRADIÇÃO INEXISTENTES. RECURSO CONHECIDO E REJEITADO.
I. Embargos de declaração opostos pela ré contra acórdão que negou provimento ao seu recurso. A embargante alega omissão e contradição no acórdão, buscando efeitos modificativos e para fins de prequestionamento.
II. A questão em discussão consiste em verificar a existência de omissão e/ou contradição no acórdão que justifique a oposição dos embargos de declaração.
III. Razões de Decidir: Ausência das hipóteses do artigo 1.022 do Código de Processo Civil. Recurso de caráter infringente. Não se verifica omissão ou contradição no acórdão, mas, sim, inconformismo da parte embargante com a decisão proferida. Embargos opostos para fins de prequestionamento também se sujeitam às hipóteses do art. 1.022 do CPC. Não é exigível a menção expressa dos dispositivos legais para fins de prequestionamento, bastando a análise da matéria pelo Tribunal de origem.
IV. Tese de julgamento: 1. Embargos de declaração não se prestam à modificação do julgado por inconformismo da parte. 2. Omissão e contradição inexistente, argumentos e documentos devidamente analisados no acórdão, tratando-se de insatisfação com a análise fática e jurídica do caso. 
EMBARGOS DE DECLARAÇÃO CONHECIDOS E REJEITADOS."
1026670-03.2020.8.26.0602,20558997,Apelação Cível,Serviços de Saúde,Alberto Gosson,Sorocaba,1ª Câmara de Direito Privado,1,Direito Privado,22/05/2026,26/05/2026,5000.0,True,False,216,"APELAÇÃO CÍVEL. FALHA NA PRESTAÇÃO DE SERVIÇOS ODONTOLÓGICOS. RESTITUIÇÃO DE VALORES, DANOS MATERIAIS E DANOS MORAIS . Recurso parcialmente provido. I. Caso em exame. 1. Apelação contra sentença que reconheceu falha na prestação de serviços odontológicos e condenou os réus à restituição do valor pago pelo tratamento, afastando indenização por danos morais , ressarcimento de despesas adicionais e custeio de novo tratamento, bem como rejeitou a reconvenção. II. Questão em discussão. 2. Há três questões em discussão: (i) saber se os gastos com exames e consultas posteriores ao tratamento decorrem da falha do serviço e se devem ser ressarcidos; (ii) saber se o custo de novo tratamento odontológico deve ser suportado pelos réus; e (iii) saber se estão configurados danos morais indenizáveis em razão dos transtornos suportados pelo consumidor. III. Razões de decidir. 3. A prova pericial constatou falha técnica e inadequação do tratamento ao quadro clínico, com nexo causal entre a conduta dos réus e os problemas persistentes, impondo o ressarcimento das despesas adicionais comprovadas. 4. O novo tratamento pretendido não corresponde ao procedimento contratado e não decorre diretamente da falha apurada, inexistindo dever de custeio. 5. A queda reiterada de implante, os incômodos funcionais e os constrangimentos vivenciados caracterizam dano moral indenizável, estabelecido em R$ 5.000,00. IV. Dispositivo e tese. 6. Recurso parcialmente provido."
1001469-79.2019.8.26.0299,20557923,Apelação Cível,Serviços de Saúde,J. M. Ribeiro de Paula,Jandira,12ª Câmara de Direito Público,12,Direito Público,26/05/2026,26/05/2026,,False,False,89,"DIREITO CIVIL. APELAÇÃO CÍVEL. RESPONSABILIDADE CIVIL. RECURSO PROVIDO.

Ação de indenização sob alegação de mau atendimento médico-hospitalar para tratar caso de apendicite.

Questão em Discussão. A questão em discussão consiste em dizer se houve falha no atendimento médico prestado ao marido da autora, caracterizando responsabilidade civil do hospital e do Município.

Razões de Decidir. Apesar do resultado da perícia, a melhor técnica não foi utilizada, caracterizando falha médica, na modalidade de negligência, tornando inequívoco o dever de indenizar do Estado.

Dispositivo. Sentença de improcedência reformada. Recurso de apelação provido."
1024276-68.2023.8.26.0068,20550810,Apelação Cível,Cancelamento de vôo,JAIRO BRAZIL,Barueri,19ª Câmara de Direito Privado,19,Direito Privado,22/05/2026,25/05/2026,8000.0,True,False,170,"INDENIZAÇÃO. TRANSPORTE AÉREO. ATRASO/CANCELAMENTO DE VOO. SUSPENSÃO DO ANDAMENTO PROCESSUAL. Desnecessidade. Hipótese dos autos que não se amolda à tese afetada para julgamento no Tema nº 1.417, do C. Supremo Tribunal Federal. MÉRITO RECURSAL. Contexto probatório a demonstrar a ocorrência de falha na prestação dos serviços pela companhia aérea. Alegação de necessidade de readequação da malha aérea que não exclui a responsabilidade da ré. Hipótese de fortuito interno. Fato previsível que integra o risco da atividade explorada pela companhia aérea, que não exclui sua responsabilidade, que, na hipótese, é objetiva, a teor do disposto no artigo 14, do Código de Defesa do Consumidor. DANO MORAL . Ocorrência. Dano ""in re ipsa"". ""Quantum"" indenizatório fixado em R$ 8.000,00 (oito mil reais) em atenção ao pedido inicial e consideradas as circunstâncias do caso, o caráter compensatório da medida, o poderio econômico da companhia aérea e, ainda, em obediência aos princípios da equidade, razoabilidade e proporcionalidade. Quantia que proporciona justa indenização, sem se tornar em fonte de enriquecimento indevido. Sentença reformada. Apelação provida."
1023814-02.2025.8.26.0114,20546835,Apelação Cível,Bancários,João Carlos Calmon Ribeiro,Campinas,22ª Câmara de Direito Privado,22,Direito Privado,22/05/2026,22/05/2026,,True,True,132,"Apelação Cível. Ação declaratória de inexistência de débito c/c indenização por danos morais com pedido de antecipação dos efeitos da tutela. Sentença de parcial procedência. Negativação do nome do autor em razão de dívida vinculada à pessoa jurídica da qual se retirou anteriormente. Comunicação da retirada levada ao conhecimento da gerente responsável pelo relacionamento com o cliente (fls. 38/39), suficiente para evidenciar a ciência inequívoca da instituição financeira. Inércia do réu quanto à readequação da relação contratual. Débito constituído em momento posterior à saída do autor do quadro societário. Responsabilidade do sócio retirante que se limita às obrigações contraídas no período em que integrava a sociedade, nos termos do artigo 1.003 do Código Civil. Inscrição indevida caracterizada. Dano moral configurado. Sentença mantida. Recurso não provido, com majoração da verba honorária de sucumbência."
1031220-43.2024.8.26.0071,20534171,Apelação Cível,Associação,Carlos Castilho Aguiar França,Bauru,4ª Câmara de Direito Privado,4,Direito Privado,20/05/2026,20/05/2026,,True,True,224,"DIREITO DO CONSUMIDOR. APELAÇÃO. ASSOCIAÇÃO. RECURSO PROVIDO.
I. Caso em Exame
1. Recurso de apelação interposto contra sentença que declarou inexistente a relação jurídica entre a autora e os réus, condenou os réus a cancelar descontos indevidos sobre o benefício da autora e a restituir valores indevidamente descontados, mas rejeitou pedido de indenização por danos morais .
A autora busca reforma parcial da sentença para restituição em dobro dos valores descontados, indenização por danos morais . Pede a majoração dos honorários advocatícios em grau recursal.
II. Questão em Discussão
2. A questão em discussão consiste em determinar se a repetição do indébito deve ser na forma simples ou em dobro, e se há danos morais .
III. Razões de Decidir
3. Inexistente relação jurídica entre as partes, que justifique a implantação de débito mensal nos benefícios previdenciários da autora, de rigor a restituição dos valores, em dobro.
Os descontos indevidos sobre benefícios previdenciários de natureza alimentar configuram dano moral , dada a vulnerabilidade da autora e o comprometimento de sua renda.
IV. Dispositivo e Tese
4. Recurso provido para condenar a requerida à restituição, em dobro, dos valores descontados e ao pagamento de danos morais .
Tese de julgamento: 1. Restituição em dobro independe de má-fé do fornecedor. 2. Descontos indevidos em benefício previdenciário, com comprometimento de renda já módica, configuram dano moral ."
0007624-58.2008.8.26.0572,20534349,Apelação Cível,Coisas,Grakiton Satiro Aragão,São Joaquim da Barra,27ª Câmara de Direito Privado,27,Direito Privado,19/05/2026,20/05/2026,10000.0,False,False,135,"COMPRA E VENDA DE VEÍCULO. RESCISÃO CONTRATUAL. EVICÇÃO E DANOS MORAIS . Aquisição de veículo usado em fevereiro de 2007. Bloqueio judicial trabalhista efetivado em outubro de 2007, decorrente de processo distribuído anteriormente ao negócio. Apreensão do bem em barreira policial por impossibilidade de licenciamento. Reconhecimento da evicção pelo C. STJ, uma vez que o gravame decorre de direito de terceiro preexistente ao negócio. Responsabilidade objetiva da vendedora pelo dever de transmitir a propriedade livre de embaraços jurídicos (art. 447, CC). Necessidade de restituição das parcelas pagas e indenização por benfeitorias comprovadas para retorno ao status quo ante. Danos morais arbitrados em R$ 10.000,00 diante da privação do uso do bem e do constrangimento da apreensão pública. Ilegitimidade passiva da financeira mantida. Juros de mora pela taxa SELIC (Tema 1368, STJ). RECURSO PROVIDO EM PARTE."
1020638-27.2024.8.26.0477,20533591,Apelação Cível,Atraso na Entrega do Imóvel,Salles Rossi,Praia Grande,8ª Câmara de Direito Privado,8,Direito Privado,20/05/2026,20/05/2026,10000.0,True,False,228,"COMPRA E VENDA. ATRASO NA ENTREGA DA OBRA. INDENIZAÇÃO. Sentença de parcial procedência. Condenação das corrés ao ressarcimento de juros de obra cobrados indevidamente, e lucros cessantes no valor mensal de 0,5% do preço do imóvel contratado, devidamente atualizado. Insurgência de ambas as partes. RECURSO DAS CORRÉS. Alegação de ocorrência de caso fortuito e/ou força maior. Descabimento. JUROS DE OBRA. ""É ilícito cobrar do adquirente juros de obra, ou outro encargo equivalente, após o prazo ajustado no contrato para a entrega das chaves da unidade autônoma, incluído o período de tolerância."" Incidência do Tema nº 06 do IRDR nº 0023203-35.2016.8.26.0000, e Tema Repetitivo 996 – STJ. Restituição devida. LUCROS CESSANTES. No caso de descumprimento do prazo para a entrega do imóvel, incluído o período de tolerância, o prejuízo do comprador é presumido, consistente na injusta privação do uso do bem, a ensejar o pagamento de indenização, na forma de aluguel mensal, com base no valor locatício de imóvel assemelhado, com termo final na data da disponibilização da posse direta ao adquirente da unidade autônoma. Tema Repetitivo 996. RECURSO DO AUTOR. Requerimento de INDENIZAÇÃO POR DANO MORAIS . Acolhimento. Fatos que extrapolaram o limite do suportável diante do longo período de atraso, transcendendo o mero inadimplemento contratual, ensejando o dano moral indenizável. Arbitramento em R$ 10.000,00 (dez mil reais). Sentença reformada. RECURSO DO AUTOR PROVIDO. APELO DAS CORRÉS DESPROVIDO."
1000353-81.2017.8.26.0372,20533759,Apelação Cível,"Defeito, nulidade ou anulação",Alberto Gosson,Monte Mor,1ª Câmara de Direito Privado,1,Direito Privado,19/05/2026,20/05/2026,,False,False,167,"APELAÇÃO. AÇÃO DE ANULAÇÃO DE ESCRITURA PÚBLICA DE COMPRA E VENDA, CUMULADA COM DECLARAÇÃO DE PROPRIEDADE, ANULAÇÃO DE REGISTRO EM CARTÓRIO DE REGISTRO DE IMÓVEIS E INDENIZAÇÃO POR DANOS MORAIS E MATERIAIS'. SENTENÇA DE PARCIAL PROCEDÊNCIA. Parte autora pretende invalidar as sucessivas alienações do imóvel em discussão. Alegação de fraude, simulação e má-fé nas transações. Autora celebrou no ano de 1991 contrato de compra e venda não levado à registro público. Oitiva de testemunhas indicou que a posterior transmissão do bem dos antigos proprietários ao correquerido Bruno foi realizada mediante má-fé. Sucessiva aquisição pela correquerida RKM EMPREENDIMENTOS IMOBILIÁRIOS E SERVIÇOS LTDA, no entanto, deve ser preservada, já que realizada por terceiro adquirente de boa-fé que confiou na regularidade das informações constantes da matrícula imobiliária. Responsabilidade dos requeridos Bruno e Enoque que negociaram bem que não lhes pertencia, sendo cabível a condenação em indenização por danos materiais e compensação por danos morais em favor da autora. Manutenção da sentença por seus próprios fundamentos (art. 252, RITJSP). Recursos desprovidos."
1007659-62.2025.8.26.0068,20532983,Apelação Cível,Cancelamento de vôo,JAIRO BRAZIL,Barueri,19ª Câmara de Direito Privado,19,Direito Privado,08/05/2026,20/05/2026,35000.0,True,True,252,"AÇÃO DE INDENIZAÇÃO POR DANO MATERIAL E MORAL. TRANSPORTE AÉREO. Procedência da ação. Apelo das partes. TEMA 1.417. Suspensão do trâmite da ação em epígrafe, atendendo a determinação do C. Supremo Tribunal Federal, ante ARE 1.560.244/RJ (Tema 1.417). Cancelamento de voo em razão de manutenção não programada da aeronave. Inaplicabilidade à hipótese. ATRASO/CANCELAMENTO DE VOO. Contexto probatório a demonstrar a ocorrência de falha na prestação dos serviços pela companhia aérea. Alegação de caso fortuito ou força maior por problemas mecânicos e ou necessidade de manutenção não programada da aeronave que não exclui a responsabilidade da ré. Hipótese de fortuito interno. Fato previsível que integra o risco da atividade explorada pela companhia aérea, que não exclui sua responsabilidade, que, na hipótese, é objetiva, a teor do disposto no artigo 14, do Código de Defesa do Consumidor. Falta de prestação do serviço de acompanhamento de menor e ausência de assistência. DANO MORAL . Ocorrência. Dano ""in re ipsa"". Pretensão da parte autora ao recebimento de R$ 35.000,00, a título de dano moral . ""Quantum"" indenizatório fixado na sentença em R$ 2.000,00 (dois mil reais), para cada autor. Majoração para R$ 5.000,00, para cada autor, em atenção às circunstâncias do caso, ao poderio econômico da companhia aérea e, ainda, em obediência aos princípios da equidade, razoabilidade e proporcionalidade. Quantia que proporciona justa indenização, sem se tornar em fonte de enriquecimento indevido. DANOS MATERIAIS. Gastos devidamente comprovados. Ressarcimento devido. Ação parcialmente procedente. Sentença parcialmente reformada. Apelação da ré não provido e parcialmente provida a dos autores."
1000999-88.2024.8.26.0229,20529689,Apelação Cível,Empréstimo consignado,Daniel Blikstein,Hortolândia,37ª Câmara de Direito Privado,37,Direito Privado,16/05/2026,19/05/2026,5000.0,True,True,310,"APELAÇÕES. Ação declaratória de inexigibilidade de débito c.c. repetição do indébito e indenização por danos morais julgada parcialmente procedente. Contrato discutido considerado fraudulento. Determinação de devolução simples dos valores indevidamente descontados no benefício previdenciário da autora. Condenação do réu no pagamento de indenização por danos morais , no valor de R$ 5.000,00 pelos reconhecidos danos morais .
I – Inconformismo de ambas as partes. Alegação do réu de que a autora estava ciente de que a contratação se referia a cartão de crédito consignado e não outra modalidade de empréstimo. Disse que não há dano moral ou material a ser reparado. A autora pediu a majoração da indenização para R$ 60.000,00, a repetição dobrada do indébito, a alteração do termo inicial da incidência dos juros sobre a indenização por danos morais , bem como a majoração dos honorários sucumbenciais.
II – Apelo do réu não conhecido. Inépcia recursal. Apelante que não combate os fundamentos da sentença e trata, no arrazoado, de matéria estranha à hipótese dos autos. Ofensa ao princípio da dialeticidade recursal. Violação ao artigo 1.010 do CPC.
III – Recurso da autora parcialmente provido. Indenização por danos morais fixada na origem em R$ 5.000,00 que deve ser mantida. Inexistência de circunstâncias particulares que justifiquem o aumento da verba que se mostra razoável, adequada às circunstâncias do fato, proporcional ao dano e com observância ao caráter educativo-punitivo que compõe a indenização na hipótese. Juros que devem incidir sobre a indenização por danos morais a partir do evento danos (data da celebração do contrato considerado fraudulento). Devolução dos valores indevidamente descontados que deve ocorrer de forma dobrada. Valor do contrato declarado inexigível que deve compor a base de cálculo dos honorários advocatícios devidos pelo réu, por se tratar de proveito econômico obtido pela autora. Recurso parcialmente provido.
IV – Apelo da autora é parcialmente provido. Não conhecido, o do réu."
1015586-83.2025.8.26.0196,20528867,Apelação Cível,Compra e Venda,Luiz Eurico,Franca,33ª Câmara de Direito Privado,33,Direito Privado,19/05/2026,19/05/2026,2000.0,False,False,111,"APELAÇÃO CÍVEL – CONSUMIDOR – COMPRA DE SMARTWATCH EM PLATAFORMA DE MARKETPLACE – VÍCIO OCULTO DO PRODUTO – RESTITUIÇÃO DO VALOR PAGO RECONHECIDA EM PRIMEIRO GRAU – INSURGÊNCIA QUANTO À AUSÊNCIA DE INDENIZAÇÃO POR DANOS MORAIS – RESISTÊNCIA INJUSTIFICADA DO FORNECEDOR – DIVERSAS TENTATIVAS ADMINISTRATIVAS FRUSTRADAS, INCLUSIVE PERANTE O PROCON – DESVIO PRODUTIVO DO CONSUMIDOR CONFIGURADO – SUPERAÇÃO DO MERO ABORRECIMENTO – CONDIÇÃO DE SAÚDE DA CONSUMIDORA COMO ELEMENTO CONTEXTUAL RELEVANTE – DANOS MORAIS CARACTERIZADOS – INDENIZAÇÃO FIXADA EM VALOR MODERADO (R$ 2.000,00) – PRINCÍPIOS DA RAZOABILIDADE E PROPORCIONALIDADE – SUCUMBÊNCIA MÍNIMA DA AUTORA – ÔNUS SUCUMBENCIAIS INTEGRALMENTE ATRIBUÍDOS À RÉ – HONORÁRIOS ADVOCATÍCIOS FIXADOS POR EQUIDADE – RECURSO PARCIALMENTE PROVIDO"
1005602-44.2025.8.26.0077,20527349,Apelação Cível,Bancários,Ricardo Hoffmann,Birigüi,Núcleo 4.0-T. IV (DP2),,,19/05/2026,19/05/2026,5000.0,True,False,548,"DIREITO DO CONSUMIDOR E RESPONSABILIDADE CIVIL. APELAÇÃO CÍVEL. AÇÃO DECLARATÓRIA DE INEXISTÊNCIA DE DÉBITO C.C. REPETIÇÃO DE INDÉBITO E INDENIZAÇÃO POR DANOS MORAIS . DESCONTOS INDEVIDOS EM BENEFÍCIO PREVIDENCIÁRIO. SEGURO NÃO CONTRATADO. FALHA NA PRESTAÇÃO DE SERVIÇO BANCÁRIO. DANO MORAL IN RE IPSA. HONORÁRIOS POR EQUIDADE. RECURSO PARCIALMENTE PROVIDO.
I. Caso em exame
1. Apelação cível interposta por consumidora contra sentença que julgou parcialmente procedente ação declaratória de inexistência de débito cumulada com repetição de indébito e indenização por danos morais , para declarar a nulidade de contratações de seguro e tarifas não reconhecidas, condenar instituição financeira à devolução em dobro dos valores descontados indevidamente de benefício previdenciário, mas afastar a reparação moral. A autora pleiteia condenação por danos morais , fixação dos consectários legais desde o evento danoso e revisão da verba honorária.
II. Questão em discussão
2. Há três questões em discussão: (i) definir se descontos indevidos em benefício previdenciário decorrentes de contratação inexistente ensejam indenização por danos morais ; (ii) estabelecer o termo inicial dos juros moratórios e correção monetária incidentes sobre a repetição do indébito; e (iii) determinar o critério adequado para fixação dos honorários advocatícios sucumbenciais.
III. Razões de decidir
3. A instituição financeira responde objetivamente pelos danos causados ao consumidor em razão da falha na prestação do serviço, nos termos do art. 14 do CDC, por não comprovar contratação válida dos serviços cobrados.
4. O desconto indevido sobre benefício previdenciário, verba de natureza alimentar, ultrapassa o mero aborrecimento e configura dano moral presumido, pois compromete a subsistência da consumidora e impõe desvio produtivo para solução da irregularidade.
5. A reparação moral deve observar proporcionalidade, razoabilidade e caráter compensatório-pedagógico, sendo adequado o arbitramento de R$ 5.000,00 conforme parâmetros adotados em casos análogos pela Turma julgadora.
6. Em se tratando de responsabilidade extracontratual, os juros moratórios incidentes sobre os valores indevidamente descontados fluem desde cada evento danoso, conforme Súmula 54 do STJ.
7. A fixação dos honorários advocatícios por equidade é cabível quando o proveito econômico ou o valor da condenação se revelam incompatíveis com remuneração digna e proporcional ao trabalho desenvolvido, não vinculando o magistrado à tabela da OAB, de natureza meramente orientadora.
8. O acolhimento substancial das pretensões da autora afasta a sucumbência recíproca e impõe à ré o ônus integral pelas custas e honorários sucumbenciais.
IV. Dispositivo e tese
9. Recurso parcialmente provido.
Tese de julgamento: 1. Descontos indevidos em benefício previdenciário decorrentes de contratação bancária inexistente configuram dano moral in re ipsa. 2. A instituição financeira responde objetivamente por falha na prestação de serviço quando não comprova a regularidade da contratação impugnada. 3. Os juros moratórios sobre repetição de indébito em relação extracontratual incidem desde cada desconto indevido. 4. Honorários sucumbenciais podem ser fixados por equidade quando os critérios percentuais ordinários resultarem em valor irrisório ou desproporcional.
Dispositivos relevantes citados: CDC, arts. 6º, VIII, 14 e 42, parágrafo único; CPC, arts. 85, §§ 2º, 8º, 8º-A e 11; CC, arts. 389, 398 e 927; CF/1988, art. 5º, X.
Jurisprudência relevante citada: STJ, Súmulas 54, 326, 479 e 297; STJ, EREsp nº 1.413.542/RS, Corte Especial, j. 21.10.2020; STJ, AgInt no AREsp nº 2.610.440/DF, Rel. Min. Benedito Gonçalves, j. 31.03.2025; STJ, AgInt no AREsp nº 566.793/SP, Rel. Min. Maria Isabel Gallotti; TJSP, Apelação Cível nº 1158229-95.2024.8.26.0100, Rel. Des. Rosana Santiso, j. 13.11.2025."
1001471-76.2025.8.26.0125,20527363,Apelação Cível,Empréstimo consignado,Ricardo Hoffmann,Capivari,Núcleo 4.0-T. IV (DP2),,,19/05/2026,19/05/2026,5000.0,True,False,569,"DIREITO DO CONSUMIDOR E BANCÁRIO. APELAÇÃO CÍVEL. AÇÃO DECLARATÓRIA DE INEXISTÊNCIA DE RELAÇÃO JURÍDICA C/C REPETIÇÃO DE INDÉBITO E INDENIZAÇÃO POR DANOS MORAIS . EMPRÉSTIMO CONSIGNADO. REFINANCIAMENTO NÃO RECONHECIDO. DESCONTOS INDEVIDOS EM BENEFÍCIO PREVIDENCIÁRIO. AUSÊNCIA DE COMPROVAÇÃO DA CONTRATAÇÃO ELETRÔNICA. ÔNUS PROBATÓRIO DA INSTITUIÇÃO FINANCEIRA. RESPONSABILIDADE OBJETIVA. RESTITUIÇÃO DO INDÉBITO. DANOS MORAIS CONFIGURADOS. RECURSO PARCIALMENTE PROVIDO.
I. Caso em exame
1. Apelação cível interposta contra sentença de improcedência em ação declaratória de inexistência de relação jurídica cumulada com repetição de indébito e indenização por danos morais , ajuizada por beneficiário previdenciário que alegou descontos indevidos decorrentes de refinanciamento contratual não celebrado junto à instituição financeira ré.
II. Questão em discussão
2. Há três questões em discussão: (i) definir se a instituição financeira comprovou validamente a contratação do refinanciamento impugnado; (ii) estabelecer se os descontos realizados no benefício previdenciário do autor ensejam restituição simples ou em dobro; e (iii) determinar se os descontos indevidos configuram dano moral indenizável.
III. Razões de decidir
3. A relação jurídica entre as partes submete-se ao Código de Defesa do Consumidor, impondo responsabilidade objetiva à instituição financeira e autorizando a inversão do ônus da prova em favor do consumidor.
4. Cabe ao banco comprovar a regularidade da contratação eletrônica impugnada mediante apresentação de elementos técnicos idôneos de autenticação, como assinatura válida, geolocalização, reconhecimento facial, IP ou mecanismos equivalentes de segurança.
5. A mera juntada de telas sistêmicas unilaterais, extratos internos e documentos desacompanhados de metadados essenciais não comprova a manifestação válida de vontade do consumidor.
6. A ausência de prova robusta da contratação caracteriza falha na prestação do serviço e impõe a declaração de inexistência da relação contratual e do débito correspondente.
7. A cobrança indevida em violação à boa-fé objetiva autoriza a repetição do indébito, observando-se a modulação fixada pelo STJ no EREsp 1.413.542/RS, com devolução simples para descontos anteriores a 30/03/2021 e em dobro para os posteriores.
8. Os descontos indevidos sobre benefício previdenciário, verba de natureza alimentar, configuram dano moral in re ipsa, diante dos transtornos suportados e da indevida redução patrimonial do consumidor.
9. A indenização por dano moral deve observar os princípios da razoabilidade e proporcionalidade, sendo adequada a fixação do montante de R$ 5.000,00.
IV. Dispositivo e tese
10. Recurso parcialmente provido.
Tese de julgamento: 1. A instituição financeira responde objetivamente por descontos decorrentes de contratação eletrônica não comprovada. 2. Incumbe ao fornecedor comprovar, por meios idôneos, a autenticidade da contratação impugnada pelo consumidor. 3. Telas sistêmicas e registros unilaterais desacompanhados de elementos técnicos de validação não bastam para comprovar contratação eletrônica válida. 4. Descontos indevidos em benefício previdenciário autorizam repetição do indébito, simples ou em dobro conforme a modulação do EREsp 1.413.542/RS. 5. A indevida redução de verba alimentar gera dano moral presumido, passível de reparação indenizatória.
Dispositivos relevantes citados: CF/1988, art. 5º, X e XXXII; CDC, arts. 6º, VIII, 14 e 42, parágrafo único; CPC, arts. 85, §§2º e 11, 373, 487, I, 489, §1º, IV, e 1.025; CC, arts. 389, 398, 404 e 406; Lei nº 14.063/2020, art. 4º.
Jurisprudência relevante citada: STJ, Súmula 297; STJ, Súmula 479; STJ, Súmula 54; STJ, Súmula 326; STJ, EREsp nº 1.413.542/RS, Corte Especial, j. 21.10.2020, DJe 30.03.2021; STJ, Tema Repetitivo nº 1.061; STJ, AgInt nos EDcl no REsp 1787184/MG, Rel. Min. Paulo de Tarso Sanseverino, j. 23.08.2021; TJSP, Apelação Cível nº 1002031-90.2024.8.26.0177, Rel. Des. Ricardo Hoffmann, j. 13.11.2025; TJSP, Apelação Cível nº 1021463-25.2025.8.26.0577, Rel. Des. Léa Duarte, j. 27.04.2026."
1001919-35.2025.8.26.0356,20521724,Apelação Cível,Seguro,Rômolo Russo,Mirandópolis,34ª Câmara de Direito Privado,34,Direito Privado,16/05/2026,18/05/2026,5000.0,False,False,104,"Apelação Cível. Declaratória de inexistência de relação jurídica c/c indenização por danos materiais e morais. Sentença de procedência parcial do pedido. Inconformismo da autora. Acolhimento parcial. Indenização por danos morais . Conduta ilícita e abusiva dos réus. Concreta afronta a núcleo essencial de proteção conferida pelo ordenamento, não se tratando de mero dissabor ou incômodo. Autora que teve reduzido o valor de seu benefício previdenciário, em prejuízo à sua subsistência. Desnecessidade de comprovação de efetiva ocorrência de prejuízo (damnum in re ipsa). Quantum indenizatório arbitrado em R$ 5.000,00. Adequação e simetria com hipóteses semelhantes. Precedentes. Sentença reformada. Recurso de apelação da autora parcialmente provido."
1010132-67.2022.8.26.0604,20520949,Apelação Cível,Empréstimo consignado,Fernando Sastre Redondo,Sumaré,38ª Câmara de Direito Privado,38,Direito Privado,17/05/2026,17/05/2026,,False,False,134,"DECLARATÓRIA DE INEXIGIBILIDADE DE DÉBITO C.C. REPETIÇÃO DE INDÉBITO E INDENIZAÇÃO POR DANOS MORAIS . Contrato de cartão de crédito com reserva de margem consignável (RMC). Ausência de juntada do instrumento contratual assinado. Despesas discriminadas em faturas que indicam a utilização do cartão pelo consumidor. Autorização formal para reserva de margem e descontos em benefício previdenciário não comprovada. Nulidade da cláusula de RMC reconhecida por vício de forma. Inteligência do artigo 107 do Código Civil e Instrução Normativa do INSS. Determinação de cessação dos descontos e restituição simples dos valores pagos. Autorização de compensação com saques e compras efetivadas para evitar enriquecimento ilícito. Danos morais configurados pela redução indevida de verba alimentar. Valor que deverá ser fixado abaixo do pretendido, de acordo com os princípios da razoabilidade e proporcionalidade. Sentença reformada. 
RECURSO PARCIALMENTE PROVIDO."
1528057-61.2024.8.26.0050,20513104,Apelação Criminal,"Intolerância e/ou Injúria Racial, de Cor e/ou Etnia",Gilberto Cruz,São Paulo,6ª Câmara de Direito Criminal,6,Direito Criminal,14/05/2026,14/05/2026,,False,False,295,"DIREITO PENAL. APELAÇÕES. INJÚRIA RACIAL E AMEAÇA. APELO MINISTERIAL PROVIDO. RECURSO DEFENSIVO PROVIDO EM PARTE.

Caso em julgamento: Autoria e materialidade comprovadas. Prova segura. Confissão judicial e declarações da vítima em harmonia com o conjunto probatório – Dolo inequívoco de injúria. Migração dos elementos ""raça, cor, etnia ou procedência nacional"" para o delito do art. 2º-A da L. 7.716/89 – Ameaça demonstrada. Estado de ira ou nervosismo que não excluem a intenção de intimidar. Precedentes – Condenação mantida – Penas e regimes de cumprimento. Bases nos pisos – Compensação integral da atenuante pela confissão espontânea com a agravante genérica do art. 61, II, ""h"" (vítima maior de 60 anos) – Concurso formal próprio. Cúmulo material mais benéfico (CP, art. 70, p.u.). Aumento da pecuniária ausente da fundamentação e incluído no dispositivo da r. sentença em evidente erro material. Retificação – Regime aberto para ambas as modalidades – Substituição das penas privativas de liberdade por duas restritivas de direitos (prestação de serviços à comunidade e limitação de fim de semana) – Indenização para reparação dos danos morais à vítima. Necessidade. Pedido deduzido na denúncia. Contraditório preservado. Jurisprudência do C. STJ. Valor arbitrado em 02 salários mínimos, conforme postulado pelo Parquet. Proporcionalidade e razoabilidade – Justiça gratuita. Custas processuais devidas por força de lei.

Dispositivo: Recurso ministerial provido para fixar o valor de base da indenização à vítima em 02 salários mínimos. Apelo defensivo parcialmente provido para retificar o erro material na sanção pecuniária e reduzi-la a 10 dias-multa, no piso.

Legislação Citada: L. 7.716/89, art. 2º-A. CP, arts. 33, caput e § 2º, ""c""; 44; 61, II, ""h""; 70, caput e p.u.; 140; 147, caput. CPP, art. 387, IV. CPC, art. 98, § 3º.

Jurisprudência Citada: STJ – RHC 171.132/RJ; AgRg no REsp 2.029.732/MS; REsp 2.225.085/DF."
1010322-92.2025.8.26.0032,20512425,Apelação Cível,Indenização por Dano Material,Caio Marcelo Mendes de Oliveira,Araçatuba,32ª Câmara de Direito Privado,32,Direito Privado,14/05/2026,14/05/2026,10000.0,False,True,242,"INDENIZAÇÃO POR DANOS MATERIAIS E MORAIS – Ação procedente – Empregado informal que adquiriu veículo para desempenho de funções laborais, dando como entrada seu anterior veículo e financiando o restante em 48 parcelas, sendo o financiamento formalizado em nome da empregadora por impossibilidade do autor de comprovar renda – Após demissão, empregadora registra boletim de ocorrência falsamente declarando ser proprietária do bem e imputando ao autor crime de apropriação indébita – Autor abordado por policiais em local público, sendo conduzido a delegacia, com apreensão do veículo – Prova documental que demonstra que o autor era o proprietário de fato do bem, apesar de o financiamento estar formalizado em nome da ré – Veículo anterior dado como entrada, conversas de WhatsApp evidenciando o reconhecimento da ré quanto à propriedade do autor e responsabilidade pelas despesas – Danos materiais – Não ficou provado somente o valor da entrada, mas evidenciado os pagamentos de financiamento até que entregue o bem à ré, que o revendeu – Danos morais – Ato ilícito civil configurado pelo registro de boletim de ocorrência inverídico imputando crime de apropriação indébita ao autor, mesmo tendo a ré plena ciência de que o veículo era de propriedade do autor – Constrangimento e humilhação causados pela abordagem policial em local público – Majoração da indenização para R$ 10.000,00, valor razoável e proporcional aos fatos narrados – Justiça gratuita mantida – Recurso do autor provido, em parte e negada guarida ao oposto pela ré."
1179119-55.2024.8.26.0100,20510797,Apelação Cível,Prestação de Serviços,Eduardo Gesse,São Paulo,28ª Câmara de Direito Privado,28,Direito Privado,14/05/2026,14/05/2026,5000.0,False,False,129,"APELAÇÃO. AÇÃO DE OBRIGAÇÃO DE FAZER C/C INDENIZAÇÃO POR DANOS MORAIS . PRESTAÇÃO DE SERVIÇOS. DESATIVAÇÃO DE CONTA EM REDES SOCIAIS. INSTAGRAM E FACEBOOK. Sentença de parcial procedência. Insurgência da autora pleiteando a reparação extrapatrimonial. Aplicação do Código de Defesa do Consumidor. Exclusão de conta sob a alegação genérica de descumprimento dos Termos de Uso e Diretrizes da Comunidade. Ausência de demonstração técnica, pontual e específica da infração supostamente cometida pela usuária. Falha na prestação do serviço evidenciada. Danos morais configurados. Privação injusta dos perfis, somado ao descaso da plataforma perante a tentativa de solução administrativa. Quantum indenizatório fixado em R$ 5.000,00, em observância aos princípios da razoabilidade e da proporcionalidade. Precedentes desta C. Câmara. Sentença reformada em parte. Recurso da autora provido, com alteração do ônus da sucumbência."
1000815-74.2023.8.26.0292,20507000,Embargos de Declaração Cível,"Reajustes de Remuneração, Proventos ou Pensão",Antonio Carlos Villen,Jacareí,10ª Câmara de Direito Público,10,Direito Público,13/05/2026,13/05/2026,,False,False,202,"Direito processual civil. Embargos de declaração. Omissão. Inexistência de vício. Embargos rejeitados. 
 
I. Caso em Exame: 
1. O embargante alega que o acórdão embargado padece de omissão, por não ter se pronunciado sobre as alegações que menciona, e que incorreu em erro ao concluir que as razões de apelação não impugnaram os fundamentos da sentença. 
 
II. Questão em Discussão: 
2. A questão em discussão consiste em determinar se no acórdão embargado há vício sanável em embargos de declaração. 
 
III. Razões de Decidir 
3. Os embargos de declaração não constituem via adequada para manifestação de inconformismo com o decidido, não podendo ser considerada omissa a decisão apenas porque reflete entendimento contrário ao defendido pelo embargante. 4. O acórdão embargado examinou todas as questões relevantes para o julgamento do recurso e não padece de vício sanável por meio de embargos de declaração. 
 
V. Dispositivo e Tese: 
5. Embargos de declaração rejeitados. 
 
Jurisprudência citada: STJ, EDcl nos EDcl nos EDcl no AgInt no AREsp 1240404 / SP, Rel. Min. RAUL ARAÚJO, j. 24.04.2019. STJ, EDcl nos EDcl no AgInt nos EAREsp 990935 / RJ, Rel. Min. HERMAN BENJAMIN, j. 28.05.2018. STJ, EDcl no AgInt no AREsp 1212821 / PR, Rel. Min. HERMAN BENJAMIN, j. 16.04.2019."
1090279-72.2024.8.26.0002,20498964,Apelação Cível,Bancários,Alexandre David Malfatti,São Paulo,12ª Câmara de Direito Privado,12,Direito Privado,12/05/2026,12/05/2026,,True,False,198,"AÇÃO DE INDENIZAÇÃO. SENTENÇA DE PARCIAL PROCEDÊNCIA. APELAÇÃO DO RÉU IMPROVIDA. 

CONSUMIDOR. FRAUDE. ABERTURA DE CONTA CORRENTE SEM CAUTELA E COM VIOLAÇÃO ÀS NORMAS DO BACEN. DANO MORAL CONFIGURADO. VALOR MANTIDO. Ação de indenização. Sentença de parcial procedência. Recurso do réu. Primeiro, reconhece-se a legitimidade passiva do banco corréu. Restou evidente a legitimidade passiva do banco corréu. Autora descreveu fundamentação que estabeleceu uma relação de responsabilidade da instituição financeira ré por falhas na prestação de serviços bancários, cada qual no âmbito de suas atividades. Alegação rejeitada. E segundo, mantém-se a responsabilização da instituição financeira corré por defeito do serviço bancário. Fraude. Serviço defeituoso e que serviu de nexo causal para sucesso da fraude com consumação do prejuízo. Instituição financeira que permitiu a abertura de conta por terceiros estelionatários sem as devidas cautelas. Defesa da instituição ré que não trouxe para os autos um documento sequer para abertura das contas correntes, demonstrando-se total falta de cautela. Violação dos artigos 2º e 4º da Resolução nº 4.753/2019 do BACEN. Violação do regulamento do PIX (arts. 88 e 89). Incidência do artigo 14 do CDC com aplicação da súmula nº 479 do STJ. Ação julgada parcialmente procedente.

SENTENÇA MANTIDA. RECURSO IMPROVIDO."
1005928-61.2024.8.26.0037,20498487,Apelação Cível,Vícios de Construção,João Pazine Neto,Araraquara,3ª Câmara de Direito Privado,3,Direito Privado,12/05/2026,12/05/2026,,False,True,102,"Indenização por danos materiais e morais. Contrato particular de promessa de compra e venda. Autor que adquiriu imóvel com área privativa. Rés que instalaram caixas de gordura, sabão, passagem de esgoto e águas pluviais, para uso do bloco de moradias, na área privativa da unidade da Autora. Rés não demonstraram que a Autora estava ciente da instalação das caixas de gordura, sabão, passagem de esgoto e águas pluviais na área privativa do imóvel que adquiriu. Circunstância que gera evidentes transtornos. Dever de reparar que se faz presente. Danos material e moral caracterizados. Sentença mantida, com majoração da verba honorária. Recurso não provido."
1002508-11.2024.8.26.0405,20497838,Apelação Cível,Bancários,José Wilson Gonçalves,Osasco,11ª Câmara de Direito Privado,11,Direito Privado,12/05/2026,12/05/2026,,True,False,134,"DECLARATÓRIA DE INEXISTÊNCIA DE DÉBITO C/C REPETIÇÃO E INDENIZAÇÃO POR DANOS MORAIS . SENTENÇA DE PARCIAL PROCEDÊNCIA. RECURSO DO RÉU (PROVIDO) E RECURSO ADESIVO DO AUTOR (DESPROVIDO). Perícia grafotécnica atestando a falsidade da assinatura que seria do autor. Preceito declaratório negativa que não comporta reparo. Ofensa à boa-fé objetiva não configurada. Devolução simples. Sentença alterada. Danos morais não caracterizados. A luta pelo reconhecimento do direito, por via administrativa ou por via judicial, não implica dano moral , mas sim ônus inerente à vida social. Ademais, a mera privação de montante em pecúnia não gera dano moral presumido. Autor que não comprova situação de humilhação ou vexatória ou ofensa a qualquer direito essencial, limitando-se a sustentar que os transtornos para solução lhe acarretaram danos morais . RECURSO DO RÉU PROVIDO E RECURSO DO AUTOR DESPROVIDO."
1038043-12.2025.8.26.0002,20490628,Apelação Cível,Atraso de vôo,José Marcelo Tossi Silva,São Paulo,11ª Câmara de Direito Privado,11,Direito Privado,08/05/2026,08/05/2026,,True,True,171,"APELAÇÃO – AÇÃO DE INDENIZAÇÃO – TRANSPORTE AÉREO NACIONAL – DANO MORAL – PRETENSÃO DE MAJORAÇÃO – NÃO CABIMENTO – ADEQUAÇÃO DO VALOR FIXADO ÀS PARTICULARIDADES DO CASO – Inconformismo da autora (passageira) contra a r. sentença que julgou parcialmente procedente o pedido inicial e fixou indenização por dano moral em R$ 2 mil (dois mil reais) – Atraso de 6 (seis) horas e 25 (vinte e cinco) minutos na chegada ao destino, decorrente de desvio da aeronave para aeroporto distinto do contratado e necessidade de completar o trajeto por via terrestre – Passageira idosa – Assistência material não comprovada pela companhia aérea, a despeito da alegação de prestação – Ausência, contudo, de pernoite e de perda documentada de compromissos específicos, além do intervalo de atraso não expressivo – Valor fixado em primeiro grau adequado às circunstâncias concretas, pois compatível com a extensão do dano demonstrado – Não acolhimento do pedido de majoração – Recurso não provido, sem majoração de honorários advocatícios sucumbenciais, ante a sucumbência integral da apelada na origem."
1000891-83.2025.8.26.0145,20489742,Apelação Cível,Bancários,Guilherme Santini Teodoro,Conchas,Núcleo 4.0-T. II (DP2),,,08/05/2026,08/05/2026,,False,False,184,"CONTRATO BANCÁRIO. Ação de nulidade e indenizatória. Golpe da falsa central de atendimento. Parcial procedência. Inconformismo das partes. Realização de transações bancárias não autorizadas (empréstimos e transferências via PIX). Falha na prestação do serviço do banco por falta de medidas de segurança: vulnerabilidade do sistema bancário e ausência de bloqueio de transferências atípicas. Operações de valor expressivo, destinadas a terceiros sem vínculo prévio com a autora. Hipótese de caso fortuito interno (Súmula 479 do STJ). Nulidade dos contratos. Culpa concorrente da vítima caracterizada. A autora violou o dever de cautela ao seguir instruções dos fraudadores e executar os comandos indicados pelo golpista, contribuindo para o êxito da fraude. Inteligência do art. 945 do Código Civil. Danos patrimoniais evidenciados, com arbitramento de indenização em 50% do prejuízo, a serem apurados em liquidação de sentença. Compensação. Inadmissibilidade, no caso. Danos morais inexistentes. Autora que concorreu para o golpe. Falta de provas de ofensa à dignidade da consumidora em razão da momentânea indisponibilidade do dinheiro ou da demora ou resistência do réu em resolver a questão. Recurso do banco provido em parte. Apelo da autora não provido."
1015148-43.2024.8.26.0309,20485429,Apelação Cível,Bancários,Guilherme Santini Teodoro,Jundiaí,Núcleo 4.0-T. II (DP2),,,07/05/2026,07/05/2026,,False,False,206,"CONTRATO BANCÁRIO. Conta corrente. Golpe da falsa central de atendimento. Transferências via PIX não reconhecidas pelo autor, efetuadas inicialmente para conta de sua titularidade junto ao réu Banco C6, sem movimentação há seis meses, e, subsequentemente, para beneficiária com conta junto ao corréu 99Pay, desprovida de prévio relacionamento. Sentença de improcedência. Inconformismo do autor. Preliminares de ofensa à dialeticidade recursal e ilegitimidade passiva rejeitadas. Falha na prestação de serviços dos bancos por falta de medidas de segurança: vulnerabilidade dos sistemas bancários, ausência de bloqueio de transferências atípicas, não cumprimento do dever de controle de risco e segurança na abertura da conta destinatária. Operação de valor expressivo destinada a terceira sem vínculo prévio com o autor. Hipótese de caso fortuito interno (Súmula 479 do STJ). Culpa concorrente da vítima caracterizada. O autor violou o dever de cautela ao seguir instruções dos fraudadores, contribuindo para o êxito da fraude. Inteligência do art. 945 do Código Civil. Precedentes. Danos patrimoniais evidenciados, com arbitramento de indenização em 66,6% do prejuízo. Danos morais inexistentes. Autor que concorreu para o golpe. Falta de provas de ofensa à dignidade do consumidor em razão da momentânea indisponibilidade do dinheiro ou da demora ou resistência dos réus em resolverem a questão. Recurso provido em parte."
1006165-31.2025.8.26.0047,20473587,Apelação Cível,Bancários,Jacob Valente,Assis,12ª Câmara de Direito Privado,12,Direito Privado,29/04/2026,05/05/2026,3000.0,True,False,271,"*RESPONSABILIDADE CIVIL – 11 EMPRÉSTIMOS DITO NÃO CONTRATADOS – Ação declaratória de nulidade de contrato c/c pedidos de repetição de indébito em dobro e de indenização por dano moral - Pretensão julgada parcialmente procedente, declarando a nulidade de 7 contratos, determinando repetição dobrada, sem dano moral – Insurgência por ambos - Acolhimento parcial dos recursos – Recurso do banco que resvala em inépcia, dada sua generalidade, sequer rebatendo os fundamentos da sentença no que tange aos contratos nulificados – Manutenção, portanto, do acolhimento do pedido declaratório – Dobra na restituição que fica mantida por atender ao entendimento do C. STJ sobre a questão – Juros de mora que deverão ser computados de cada desconto, a teor do contido na Súmula 54/STJ – Autor que deverá devolver ao banco todos os valores que lhe foram creditados em decorrência dos 7 contratos declarados nulos, ficando desde já admitida compensação – Dano moral configurado, não apenas porque os descontos atingiram verba de natureza alimentar, impondo sofrimento imerecido, mas também por não ser crível que a questão poderia ser resolvida na seara administrativa, a se ver pela resistência do banco nesta ação - Indenização que, observadas às peculiaridades da causa, fica arbitrada em R$ 3.000,00 – Quantia suficiente para recompor os prejuízos imateriais suportados, que pune o réu e não ocasiona enriquecimento indevido – Ônus da sucumbência que fica carreado ao réu, ante seu decaimento substancial com relação aos pedidos formulados, com honorários que se arbitram em 15% sobre o valor global da condenação, já considerado o trabalho adicional realizado nesta sede – Sentença parcialmente reformada - Recursos parcialmente providos, nos termos do presente acórdão.*"
1002141-34.2025.8.26.0572,20470431,Apelação Cível,Bancários,Ernani Desco Filho,São Joaquim da Barra,18ª Câmara de Direito Privado,18,Direito Privado,04/05/2026,05/05/2026,5000.0,False,False,155,"APELAÇÕES RECÍPROCAS. ""Ação de indenização por danos morais "". Irresignação de ambas as partes contra a r. sentença de parcial procedência. Inadmissibilidade.

LEGITIMIDADE PASSIVA DA INSTITUIÇÃO FINANCEIRA. Comprovação da falha na prestação de serviços. INSS que não recebeu do requerido a informação de cancelamento da antiga conta e abertura de nova aplicação. Ausência de responsabilidade civil da autarquia federal pelos equívocos do banco. Prefacial rechaçada.

PROCEDIMENTO DE ABERTURA DE NOVA CONTA CORRENTE PARA RECEBIMENTO DE PROVENTOS DO INSS. FALHA NA PRESTAÇÃO DE SERVIÇOS BANCÁRIOS. Instituição financeira que não informou o número correto da nova aplicação ao INSS. Autarquia federal que transferia os valores para a conta anterior (encerrada indevidamente). Autor que permaneceu privado de verba alimentar por vários meses. Inequívoca a desídia da instituição financeira. Danos morais configurados no caso concreto. Compensação fixada em R$ 5.000,00 (cinco mil reais) que não comporta alteração. Princípios da razoabilidade e proporcionalidade. Sucumbência corretamente estabelecida.

SENTENÇA MANTIDA. RECURSOS DESPROVIDOS."
1026635-55.2024.8.26.0003,20464961,Apelação Cível,Atraso de vôo,Daniela Menegatti Milano,São Paulo,16ª Câmara de Direito Privado,16,Direito Privado,02/05/2026,02/05/2026,6000.0,True,False,156,"APELAÇÃO CÍVEL – DIREITO PRIVADO – Transporte aéreo internacional – Cancelamento de voo – Ação de indenização por danos morais – Sentença de improcedência.
I. Inconformismo dos autores. Discussão sobre responsabilidade civil da companhia aérea pelo atraso na chegada ao destino e suficiência da assistência material prestada.
II. Relação de consumo. Cancelamento de voo. Manutenção não programada na aeronave. Fortuito interno. Responsabilidade da companhia aérea. Inexistência de excludente de responsabilidade.
III. Dano moral caracterizado. Fatos que extrapolam o mero aborrecimento cotidiano. Atraso de 24 horas na chegada ao destino. Prestação, contudo, de integral assistência material pela companhia aérea, com fornecimento de alimentação, transporte e hospedagem, além de reacomodação no próximo voo disponível. Fixação da indenização em R$ 6.000,00 a cada apelante, em atenção às particularidades do caso concreto. Inexistência de circunstâncias extraordinárias que justifiquem o arbitramento em quantia superior, sob pena de enriquecimento sem causa das vítimas.
IV – Sentença reformada – Recurso provido em parte."
1023665-18.2023.8.26.0068,20461698,Apelação Cível,Fornecimento de Energia Elétrica,L. G. Costa Wagner,Barueri,34ª Câmara de Direito Privado,34,Direito Privado,30/04/2026,30/04/2026,5000.0,True,True,235,"APELAÇÃO. AÇÃO DE INEXISTÊNCIA DE DÉBITO C./C. DANOS MORAIS . SENTENÇA DE PROCEDÊNCIA. RECURSO DESPROVIDO.
I. Recurso de apelação contra sentença que julgou procedente ação declaratória de inexistência de débito c./c. danos morais . A sentença declarou nulas as faturas de energia elétrica impugnadas pelo Autor, e condenou a Ré a proceder com o refaturamento do período questionado e a devolução dos valores eventualmente pagos a maior pelo Autor, além pagar indenização por danos morais no valor de R$ 5.000,00. 
II. A questão em discussão consiste em verificar a regularidade das cobranças impugnadas e a existência de danos morais decorrentes da cobrança indevida e do protesto de fatura questionada.
III. Razões de Decidir: O laudo pericial constatou defeito no medidor de energia, comprometendo a fidedignidade das leituras e justificando a nulidade das faturas no período impugnado pelo Autor. Comprovada a falha no serviço da Ré e, por conseguinte, o dever de indenizar os danos causados. Reparação por danos morais devida, eis que a cobrança indevida e o protesto do nome do autor configuram dano moral in re ipsa. Quantum indenizatório fixado no importe de R$ 5.000,00 que não comporta redução. Sentença mantida. Honorários majorados. 
IV. Tese de julgamento: 1. A cobrança indevida e o protesto de fatura com base em medições defeituosas configuram dano moral in re ipsa. 2. A indenização por danos morais de R$ 5.000,00 é adequada e proporcional ao caso. 
RECURSO DESPROVIDO"
1024424-70.2024.8.26.0577,20463351,Apelação Cível,Bancários,Luiz Fernando Cardoso Dal Poz,São José dos Campos,Núcleo 4.0-T. VIII (DP2),,,30/04/2026,30/04/2026,5000.0,True,False,259,"Direito do Consumidor e Processo Civil. Apelação. Empréstimo consignado. Fruade. Danos morais . Recurso da autora provido. Recurso do réu não conhecido. 
Caso em Exame 
Trata-se de recursos de apelação interpostos contra sentença que declarou a nulidade de contrato de empréstimo consignado e condenou o banco à restituição em dobro dos valores descontados, afastando, contudo, a indenização por danos morais . 
II. Questão em Discussão 
2. As questões em discussão aferir a configuração de dano moral decorrente de descontos indevidos em benefício previdenciário. 
III. Razões de Decidir 
3. Recurso do banco não conhecido, por deserção, ante a ausência de complementação do preparo. 
4. Responsabilidade objetiva da instituição financeira configurada, nos termos do art. 14 do CDC e da Súmula 479 do STJ, por se tratar de fortuito interno relativo a fraude praticada por terceiros no âmbito da atividade bancária. 
Falha na prestação do serviço evidenciada pela ausência de mecanismos adequados de segurança na contratação, com utilização indevida de dados da autora e ausência de validação biométrica eficaz. 
Descontos indevidos em benefício previdenciário de natureza alimentar que comprometem a subsistência da autora, caracterizando dano moral . 
Indenização fixada em R$ 5.000,00, em observância aos princípios da razoabilidade e proporcionalidade, com função compensatória e pedagógica. 
IV. Dispositivo e Tese 
9. Recurso da autora provido e recurso do réu não conhecido. 
Tese de julgamento: 
1. Instituições financeiras respondem objetivamente por fraudes decorrentes de fortuito interno. 2. Descontos indevidos em benefício previdenciário configuram dano moral in re ipsa. 3. Indenização fixada em R$ 5.000,00, com redistribuição integral da sucumbência em favor da autora."
1004874-34.2025.8.26.0196,20455659,Apelação Cível,Cancelamento de vôo,Fábio Podestá,Franca,21ª Câmara de Direito Privado,21,Direito Privado,30/04/2026,30/04/2026,10000.0,False,True,164,"AÇÃO INDENIZATÓRIA – TRANSPORTE AÉREO NACIONAL – Sentença de parcial procedência, com condenação solidária das rés – APELAÇÃO DA CORRÉ TAM – Legitimidade passiva verificada, uma vez que, embora não tenha operado os voos, foi a empresa que vendeu os bilhetes e providenciou as reacomodações – Autores que enfrentaram sequência de transtornos ao longo da viagem, com cancelamento de voos, reacomodações ineficazes, ausência de informações claras e tempestivas, perda de concessão, necessidade de pernoite em local diverso e atraso no retorno, tudo às suas custas – Responsabilidade objetiva do transportador – Danos materiais e morais configurados – Sentença confirmada, com base no art. 252, do RITJSP - APELAÇÃO DOS AUTORES – Valor da indenização que deve atender aos critérios da razoabilidade e proporcionalidade – Montante majorado para R$ 10.000,00, pois o valor mostra-se mais adequado ao binômio reparação-reprimenda, sem configurar o enriquecimento sem causa – Precedentes desta C. Câmara – SENTENÇA PARCIALMENTE REFORMADA – RECURSO DA CORRÉ DESPROVIDO; PARCIALMENTE PROVIDO O RECURSO DOS AUTORES."
1041903-18.2025.8.26.0100,20449090,Apelação Cível,Cancelamento de vôo,Francisco Giaquinto,São Paulo,13ª Câmara de Direito Privado,13,Direito Privado,29/04/2026,29/04/2026,4000.0,True,True,323,"Direito do Consumidor. Apelação. Transporte aéreo internacional. Danos Morais . Parcial Provimento .

I. Caso em Exame
1. Ação de indenização por danos morais devido a falha na prestação de serviço de transporte aéreo internacional. O autor adquiriu passagens de Bogotá para o Rio de Janeiro, com voo cancelado após check-in, resultando em realocação para voo no dia seguinte, causando atraso de 29 horas. O pedido de indenização por danos morais foi parcialmente procedente, com condenação da ré ao pagamento de R$ 4.000,00.

II. Questão em Discussão
2. A questão em discussão consiste na adequação do valor da indenização por dano moral em razão do atraso significativo e da falha na prestação de assistência ao passageiro.
III. Razões de Decidir
3. A sentença reconheceu a falha na prestação do serviço e necessidade de indenização por danos morais , fixando o valor em R$ 4.000,00. No recurso o autor defende a majoração dos danos morais para R$ 15.000,00.
4, Considerando o atraso substancial de 29h para chegada ao destino, agravado pela insuficiência de assistência material prestada ao autor (deixando de informar o motivo do cancelamento do voo e reacomodá-lo em voo mais próximo ao horário original), caso de majoração dos danos morais . Danos morais majorados, não para o montante pretendido na inicial, mas para R$ 6.000,00, em consonância com os princípios da razoabilidade e proporcionalidade 

IV. Dispositivo e Tese
5. Recurso parcialmente provido.
Tese de julgamento: 1. A indenização por danos morais deve ser proporcional ao dano sofrido e sua extensão. 2. O atraso de 29 horas, agravado pela assistência material deficitária, justifica a majoração dos danos morais , não para o montante pretendido na inicial (R$ 15.000,00), mas para R$ 6.000,00, em consoância com a extensão do dano e os critérios da razoabilidade e proporcionalidade .
Legislação Citada:
Código de Defesa do Consumidor, art. 14; Código Civil, arts. 389, 405, 406, 944; Código de Processo Civil, art. 487, I, art. 85, §8º."
1004718-58.2024.8.26.0268,20446200,Apelação Cível,Indenização por Dano Moral,Joel Birello Mandelli,Itapecerica da Serra,6ª Câmara de Direito Público,6,Direito Público,28/04/2026,28/04/2026,30000.0,True,False,242,"DIREITO CIVIL. APELAÇÃO. OBRIGAÇÃO DE FAZER C/C DANOS MATERIAIS E MORAIS. PARCIAL PROVIMENTO.
I. Caso em Exame
Ação de obrigação de fazer cumulada com danos materiais e morais movida por M.L.L.S., representado por sua genitora, contra o Município de Itapecerica da Serra. O autor, diagnosticado com Transtorno do Espectro Autista, foi alvo de discriminação por parte de profissionais da escola. A sentença de primeira instância julgou parcialmente procedente a ação, condenando o réu a pagar R$ 30.000,00 por danos morais .
II. Questão em Discussão
2. A questão em discussão consiste em determinar se os fatos ocorridos em sala de aula são suficientes para gerar direito à indenização por dano moral e se o valor fixado é adequado.
III. Razões de Decidir
3. A responsabilidade civil das pessoas jurídicas de direito público é objetiva, bastando a prova da conduta, do dano e do nexo causal.
4. O valor fixado a título de danos morais se revela excessivo, sendo minorado para R$ 15.000,00, em conformidade com casos análogos.
IV. Dispositivo e Tese
5. Recurso parcialmente provido para reduzir o valor da indenização por danos morais para R$ 15.000,00.
Tese de julgamento: 1. A responsabilidade civil objetiva do Município foi configurada. 2. O valor da indenização deve ser proporcional ao dano causado.
Legislação Citada:
CF/1988, art. 37, § 6º; CC, arts. 186 e 924.
Jurisprudência Citada:
TJ SP, Apelação Cível nº 1008117-27.2023.8.26.0302, Rel. Sidney Romano dos Reis, 6ª Câmara de Direito Público, j. 02/03/2026."
1013069-85.2024.8.26.0020,20435027,Apelação Cível,Atraso de vôo,Daniela Menegatti Milano,São Paulo,16ª Câmara de Direito Privado,16,Direito Privado,26/04/2026,26/04/2026,6000.0,True,False,130,"APELAÇÃO CÍVEL – Direito Privado – Transporte aéreo nacional – Cancelamento de voo – Ação de indenização por danos morais – Sentença de improcedência.
I. Discussão sobre responsabilidade civil da companhia aérea pelo atraso na chegada das passageiras ao destino e ausência de prestação de assistência material.
II. Relação de consumo. Atraso de voo que culminou na chegada ao destino mais de 12 horas após o horário programado. Ausência de integral assistência material. Passageiras, dentre elas uma criança, obrigadas a pernoitar no saguão do aeroporto. Responsabilidade da companhia aérea. Inexistência de excludente de responsabilidade.
III. Dano moral caracterizado. Fatos que extrapolam o mero aborrecimento cotidiano. Fixação da indenização em R$ 6.000,00 para cada apelante, em atenção às particularidades do caso concreto.
IV – Sentença reformada – Recurso provido em parte."
1001620-37.2022.8.26.0106,20433059,Apelação Cível,Bancários,Júlio César Franco,Caieiras,22ª Câmara de Direito Privado,22,Direito Privado,24/04/2026,24/04/2026,10000.0,True,False,216,"APELAÇÃO. CONTRATOS BANCÁRIOS. I. CASO EM EXAME: 1. RECURSO DE APELAÇÃO INTERPOSTO PELOS RÉUS EM AÇÃO DECLARATÓRIA C/C INDENIZAÇÃO POR DANOS MATERIAIS E MORAIS CONTRA SENTENÇA QUE DECLAROU A NULIDADE DOS CONTRATOS DE EMPRÉSTIMO IMPUGNADOS, CONDENOU OS RÉUS À RESTITUIÇÃO SIMPLES DO INDÉBITO E AO PAGAMENTO SOLIDÁRIO DE INDENIZAÇÃO POR DANOS MORAIS DE R$10.000,00, COM AUTORIZAÇÃO DE COMPENSAÇÃO DE CRÉDITOS. II. QUESTÃO EM DISCUSSÃO: 2. (I) INEXISTÊNCIA DE FALHA NA PRESTAÇÃO DE SERVIÇO E CULPA DE TERCEIRO; (II) INEXISTÊNCIA DE DANOS MORAIS INDENIZÁVEIS OU NECESSIDADE DE REDUÇÃO; (III) INCIDÊNCIA DOS JUROS MORATÓRIOS A PARTIR DO ARBITRAMENTO. III. RAZÕES DE DECIDIR: 3. A PERÍCIA GRAFOTÉCNICA ATESTOU A FALSIDADE DAS ASSINATURAS NOS CONTRATOS, RECONHECENDO A INEXISTÊNCIA DA RELAÇÃO JURÍDICA E O DEVER DE RESTITUIR O INDÉBITO. 4. A RESPONSABILIDADE DO FORNECEDOR DE SERVIÇOS BANCÁRIOS É OBJETIVA, NÃO SE AFASTANDO POR FORTUITO EXTERNO OU CULPA DE TERCEIROS, CONFORME ART. 14 DO CÓDIGO DE DEFESA DO CONSUMIDOR E PRECEDENTES DO STJ. 5. DANO MORAL DEVIDO, AFASTANDO-SE A SOLIDARIEDADE, POIS AS RELAÇÕES JURÍDICAS ENTRE A AUTORA E OS RÉUS SÃO DISTINTAS. 6. INDENIZAÇÃO TOTAL ARBITRADA EM R$8.000,00, SENDO R$5.000,00 A CARGO DO BANCO ITAÚ CONSIGNADO S/A E R$3.000,00 A CARGO DO BANCO C6 CONSIGNADO S/A. JUROS MORATÓRIOS CONTADOS A PARTIR DO EVENTO DANOSO (SÚMULA 54/STJ). IV. DISPOSITIVO: 7. RECURSOS PARCIALMENTE PROVIDOS."
1002916-04.2025.8.26.0587,20428628,Apelação Cível,Prestação de Serviços,Eduardo Gesse,São Sebastião,28ª Câmara de Direito Privado,28,Direito Privado,24/04/2026,24/04/2026,5000.0,True,False,160,"APELAÇÃO. AÇÃO DE OBRIGAÇÃO DE FAZER C/C INDENIZAÇÃO POR DANOS MORAIS . PRESTAÇÃO DE SERVIÇOS. DESATIVAÇÃO DE CONTA EM REDE SOCIAL (INSTAGRAM). Sentença de parcial procedência. Insurgência de ambas as partes. Recurso do réu que objetiva a reforma integral do julgado. Apelo do autor pleiteando a indenização por danos morais . Aplicação do Código de Defesa do Consumidor. Inversão do ônus da prova. Suspensão de perfis sob a alegação genérica de descumprimento dos Termos de Uso e Diretrizes da Comunidade. Ausência de demonstração técnica, pontual e específica da infração supostamente cometida pelo usuário. Falha na prestação do serviço evidenciada. Obrigação de reativação das contas mantidas. Dano moral configurado. Privação injusta dos perfis, somado ao descaso da plataforma perante as tentativas de solução administrativa. Quantum indenizatório fixado em R$ 5.000,00, em observância aos princípios da razoabilidade e fs proporcionalidade. Precedentes desta C. Câmara. Sentença reformada em parte. Recurso do réu desprovido. Recurso do autor provido, com alteração do ônus da sucumbência."
1009262-84.2025.8.26.0032,20424535,Apelação Cível,Evicção ou Vicio Redibitório,Barreto e Silva,Araçatuba,32ª Câmara de Direito Privado,32,Direito Privado,23/04/2026,23/04/2026,2399.0,False,False,269,"DIREITO CIVIL. APELAÇÃO. OBRIGAÇÃO DE FAZER C.C. INDENIZAÇÃO POR DANOS MORAIS E MATERIAIS. RECURSO PARCIALMENTE PROVIDO.
I. Caso em Exame
1. Ação proposta por Lucas Akira Hashiguchi contra Magazine Luiza S/A e Samsung Eletrônica da Amazônia Ltda., visando à restituição do valor de um aparelho de ar-condicionado defeituoso e indenização por danos morais . A sentença condenou as rés a restituir R$ 2.399,00 ao autor, com correção monetária e juros de mora, e determinou a entrega do aparelho defeituoso. O autor apelou, buscando indenização por danos morais devido à conduta abusiva das fornecedoras.
II. Questão em Discussão
2. A questão em discussão consiste em determinar se a inércia prolongada das fornecedoras, a ausência à audiência no PROCON e o gasto de tempo útil do consumidor configuram lesão a direitos da personalidade, justificando indenização por danos morais .
III. Razões de Decidir
3. O vício do produto foi constatado logo após a instalação, e o autor tentou resolver o problema por mais de 90 dias sem sucesso. As fornecedoras não compareceram à audiência no PROCON e não justificaram a ausência.
4. A conduta das rés excedeu o mero aborrecimento, atingindo a esfera extrapatrimonial do autor, conforme a teoria do desvio produtivo, justificando indenização por danos morais .
IV. Dispositivo e Tese
5. Recurso parcialmente provido. Indenização por danos morais fixada em R$ 5.000,00.
Tese de julgamento: a) a inércia das fornecedoras e o desvio produtivo do consumidor justificam a indenização por danos morais ; b) a indenização deve ser proporcional e razoável, considerando a gravidade e duração dos transtornos.
Legislação Citada:
CDC, arts. 4º e 6º.
Jurisprudência Citada:
Tema 1.368/STJ."
1010613-03.2025.8.26.0482,20422630,Apelação Cível,Bancários,Simões de Almeida,Presidente Prudente,13ª Câmara de Direito Privado,13,Direito Privado,17/04/2026,23/04/2026,,False,False,108,"APELAÇÃO – ""Ação anulatória de débito c/c repetição do indébito e indenização por danos morais – Cobranças de tarifas bancárias não reconhecidas: ""Tarifa Mensal Envio – SMS"", ""LIQ. PRM. SEG. PRES. CRT"" e ""TARIFA DE SAQUE"" – Ausência de demonstração de informação clara quanto a cobrança dos serviços e regularidade nas contratações – Abusividade reconhecida – Devolução dos valores devida, de forma simples até março de 2021 e de forma dobrada após referida data – Entendimento pacificado pelo C. STJ – Danos morais – Descontos sob verba alimentar – Danos morais devidos – Quantum indenizatório fixado levando-se em conta os princípios da proporcionalidade e razoabilidade – Recurso provido."
1000468-86.2025.8.26.0222,20421450,Apelação Cível,Transporte de Pessoas,Castro Figliolia,Guariba,12ª Câmara de Direito Privado,12,Direito Privado,22/04/2026,22/04/2026,2000.0,True,False,67,"APELAÇÃO - AÇÃO DE INDENIZAÇÃO POR DANOS MORAIS JULGADA PROCEDENTE – TRANSPORTE TERRESTRE - TROCA DE MALA ENTRE PASSAGEIROS NO DESEMBARQUE – fato incontroverso – indenização por dano moral fixada em R$ 2.000,00 – conformismo da apelada – manutenção do valor que é adequado e ostenta o caráter educativo-punitivo que deve permear a verba – sentença mantida, nos termos do artigo 252 do RITJSP – recurso desprovido."
1005138-03.2024.8.26.0191,20418903,Apelação Cível,Cartão de Crédito,Matheus Fontes,Ferraz de Vasconcelos,22ª Câmara de Direito Privado,22,Direito Privado,14/04/2026,22/04/2026,,True,False,82,"DECLARATÓRIA DE INEXIGIBILIDADE DE DÉBITO CUMULADA COM INDENIZAÇÃO POR DANOS MATERIAIS E MORAIS – FRAUDE BANCÁRIA ELETRÔNICA – INVASÃO DE CONTA/CELULAR E REALIZAÇÃO DE EMPRÉSTIMO PESSOAL, UTILIZAÇÃO DE LIMITE DE CARTÃO DE CRÉDITO E TRANSFERÊNCIAS VIA PIX – OPERAÇÕES ATÍPICAS EM CURTO ESPAÇO DE TEMPO E QUE FOGEM INTEIRAMENTE AO PERFIL DO CORRENTISTA – FALHA NA PRESTAÇÃO DO SERVIÇO CONFIGURADA – RESPONSABILIDADE OBJETIVA DO FORNECEDOR DO SERVIÇO – RESSARCIMENTO EM DOBRO DOS VALORES – DANO MORAL – AÇÃO PROCEDENTE – RECURSO PROVIDO."
1007366-34.2022.8.26.0477,20416000,Apelação Cível,Bancários,Jonize Sacchi de Oliveira,Praia Grande,24ª Câmara de Direito Privado,24,Direito Privado,17/04/2026,17/04/2026,10000.0,False,False,180,"APELAÇÃO – Ação indenizatória – Inscrição nos órgãos de proteção ao crédito – Débito oriundo de financiamento de veículo – Sentença de procedência – Recurso da requerida – Com exceção da restituição de valores, sentença mantida por seus próprios e jurídicos fundamentos – Incidência do artigo 252 do Regimento Interno deste Egrégio Tribunal de Justiça – Débito oriundo de contrato de financiamento de veículo desconhecido – Laudo pericial atestando que a assinatura presente no instrumento diverge do padrão gráfico do consumidor – Negativação indevida – Danos morais in re ipsa – Inexistência de outras restrições ao nome do autor – Verba fixada em Primeira instância, no importe de R$ 10.000,00 (dez mil reais), revela-se adequada para remunerar o demandante e está em harmonia com o patamar adotado por esta Colenda Câmara em situações semelhantes – Nobre magistrado condenou a instituição financeira a restituir, de forma simples, o valor negativado – Restrição que decorreu exatamente da ausência de pagamento das parcelas do contrato de financiamento – Autor que não efetuou nenhum pagamento – Dever de restituição afastado – RECURSO PARCIALMENTE PROVIDO."
1010697-79.2025.8.26.0554,20414871,Apelação Cível,Bancários,Matheus Fontes,Santo André,22ª Câmara de Direito Privado,22,Direito Privado,14/04/2026,17/04/2026,,True,False,55,"DECLARATÓRIA CUMULADA COM REPETIÇÃO DE INDÉBITO E INDENIZAÇÃO – SEGURO PAGBANK SAÚDE – NEGATIVA DE CONTRATAÇÃO - ÔNUS DA PROVA A CARGO DE QUEM SE CONSIDERA CREDOR - DESCONTOS INDEVIDOS EM CONTA CORRENTE – DANO MORAL CONFIGURADO – AÇÃO PROCEDENTE EM PARTE – SUCUMBÊNCIA PELO RÉU – SÚMULA Nº 326, STJ – RECURSO PARCIALMENTE PROVIDO."
1002545-85.2025.8.26.0572,20412493,Apelação Cível,Empréstimo consignado,Léa Duarte,São Joaquim da Barra,Núcleo 4.0-T. IV (DP2),,,17/04/2026,17/04/2026,5000.0,True,False,376,"DIREITO DO CONSUMIDOR E PROCESSUAL CIVIL. APELAÇÃO. CONTRATO BANCÁRIO. CARTÃO DE CRÉDITO CONSIGNADO (RMC). IMPUGNAÇÃO DE ASSINATURA. ÔNUS DA PROVA. AUSÊNCIA DE APRESENTAÇÃO DO ORIGINAL. FALHA NA PRESTAÇÃO DO SERVIÇO. REPETIÇÃO DO INDÉBITO. DANOS MORAIS . RECURSO DESPROVIDO.
I. CASO EM EXAME
Apelação da instituição financeira, ré, contra sentença que declarou inexistente contrato de cartão consignado (RMC), determinou cessação dos descontos, restituição (simples/dobro) e danos morais de R$ 5.000,00 por ausência de prova da contratação.
II. QUESTÃO EM DISCUSSÃO
A questão em discussão consiste em definir se a instituição financeira se desincumbiu do ônus de comprovar a regularidade da contratação que fundamenta os descontos realizados em benefício previdenciário.
III. RAZÕES DE DECIDIR
3. Aplica-se o Código de Defesa do Consumidor às instituições financeiras, impondo responsabilidade objetiva pela falha na prestação do serviço.
4. Incumbe à instituição financeira comprovar a autenticidade da assinatura quando impugnada, nos termos do art. 429, II, do CPC e do Tema 1061 do STJ.
5. A não apresentação do contrato original inviabiliza a realização de perícia grafotécnica idônea e impede a comprovação da regularidade da contratação.
6. A recusa injustificada em apresentar o documento original configura descumprimento do ônus probatório, não podendo a parte se beneficiar de sua própria inércia.
7. A ausência de prova da contratação válida autoriza a declaração de inexistência da relação jurídica e caracteriza falha na prestação do serviço.
8. A restituição do indébito deve ocorrer de forma simples até 30/03/2021, na ausência de comprovação de má-fé, e em dobro após essa data, diante da violação à boa-fé objetiva.
9. O desconto indevido em benefício previdenciário configura dano moral in re ipsa, por atingir verba de natureza alimentar, prejudicando o sustento da autora; nesse contexto, a indenização fixada em R$ 5.000,00 mostra-se adequada e proporcional, atendendo aos critérios da razoabilidade e da função compensatória e pedagógica.
IV. DISPOSITIVO E TESE
10. Sentença mantida. Recurso desprovido.
Dispositivos relevantes citados: CDC, arts. 3º, §2º, e 42, parágrafo único; CPC, arts. 355, I, 429, II, 487, I, 356, II e 833, IV; CC, arts. 389 e 406. Jurisprudência relevante citada: STJ, Súmula 297; STJ, Tema 1061; STJ, Súmula 479; STJ, Súmulas 54 e 362; STJ, EREsp 1.413.542/RS e correlatos; STF, RE 101171; TJSP, Apelação nº 1036500-60.2024.8.26.0114; TJSP, Apelação nº 1145083-84.2024.8.26.0100; TJSP."
1035445-19.2024.8.26.0003,20411435,Apelação Cível,Cartão de Crédito,Alexandre David Malfatti,São Paulo,12ª Câmara de Direito Privado,12,Direito Privado,17/04/2026,17/04/2026,3000.0,False,True,135,"AÇÃO DECLARATÓRIA DE INEXISTÊNCIA DE DÉBITO CUMULADA COM PEDIDO DE INDENIZAÇÃO. SENTENÇA DE PARCIAL PROCEDÊNCIA. APELAÇÃO DO AUTOR IMPROVIDA. VALOR DA INDENIZAÇÃO. MANUTENÇÃO.Ação declaratória cumulada com pedido de indenização. Sentença de parcial procedência. Recurso do autor. Autor que experimentou prejuízo decorrente de golpe. Transações fora do perfil do autor. Atendimento inadequado do banco réu. Descaso com a demanda do consumidor. Decisão de primeiro grau que julgou a ação parcialmente procedente. Indenização por danos imateriais fixada em R$ 3.000,00 (três mil reais). Valor adequado. Embora o autor tenha sofrido prejuízos, não havia que se cogitar a majoração, eis que o valor encontrava justificativa na singularidade do caso concreto. A parte não trouxe fatos singulares capazes de justificar elevação do valor da indenização. Precedentes do C.STJ e desta Câmara. Ação julgada parcialmente procedente. 

SENTENÇA MANTIDA. RECURSO IMPROVIDO."
1002857-48.2024.8.26.0038,20408111,Apelação Cível,Bancários,José Wilson Gonçalves,Araras,11ª Câmara de Direito Privado,11,Direito Privado,16/04/2026,16/04/2026,,True,False,145,"DECLARATÓRIA DE NULIDADE C/C INDENIZAÇÃO POR DANOS MORAIS . SENTENÇA DE PROCEDÊNCIA. RECURSO DO RÉU. ACOLHIMENTO PARCIAL. Interdição da autora decretada em 2013. Empréstimos realizados por ela, pessoalmente, em 2020/2021. Nulidade caracterizada, ainda que o réu desconhecesse a interdição (não há prova de a curadora ter comunicado ao réu acerca da interdição). Restituição dos valores descontados. Forma simples. Não violação à boa-fé. Danos morais . Não caracterização. Valores a que se referem os empréstimos creditados na conta. Comportamento da curadora entre a realização dos empréstimos (e implementação dos descontos) e ajuizamento da ação que contradiz a alegação de dano moral . Sentença alterada, para afastar a dobra na restituição e a condenação por danos morais . Nulidade que implica o restabelecimento do estado anterior, com a devolução dos valores revertidos à autora (creditados na conta). Arts. 181 e 182 do CC. RECURSO PROVIDO EM PARTE."
1016008-74.2024.8.26.0008,20404559,Apelação Cível,Bancários,Simões de Almeida,São Paulo,13ª Câmara de Direito Privado,13,Direito Privado,15/04/2026,15/04/2026,5000.0,False,False,137,"APELAÇÃO – Ação indenizatória – Fraude – Conta digital - Transferência via PIX não reconhecida – Incidência do Código de Defesa do Consumidor – Ônus da instituição financeira de comprovar a legitimidade da transação contestada – Ônus não desincumbido – Ausência de qualquer conduta da consumidora indicativa de contribuição para a fraude - Falha na prestação do serviço – Verbete nº 479 da Súmula de Jurisprudência do STJ - Teoria do Risco da Atividade – Fortuito interno – Restituição do valore determinada - Danos morais configurados e que devem ser reparados – Transferência de valor substancial, que foge do perfil de consumo - Quantum indenizatório arbitrado em R$ 5.000,00, em consonância aos princípios da razoabilidade e da proporcionalidade e de acordo com o patamar adotado por este e. Tribunal de Justiça em casos semelhantes – Recurso provido."
1000238-72.2025.8.26.0439,20402993,Apelação Cível,Bancários,Lígia Araújo Bisogni,Pereira Barreto,23ª Câmara de Direito Privado,23,Direito Privado,15/04/2026,15/04/2026,,True,False,178,"AÇÃO DECLARATÓRIA DE INEXISTÊNCIA DE DÉBITO C.C. REPETIÇÃO DO INDÉBITO E DANOS MORAIS – Sentença de parcial procedência na origem – Insurgência recursal das partes - Réus que não produziram provas aptas a demonstrar que o autor teria firmado qualquer contratação que pudesse dar ensejo aos descontos discutidos - Inexistência de relação jurídica entre as partes - Devolução dos valores indevidamente descontados que deve se dar em dobro, tendo em conta a modulação determinada pelo C. STJ quando do julgamento do EA-REsp 676608/RS, com juros de mora incidentes desde cada desconto indevido, por tratar de responsabilidade extracontratual – Dano moral configurado – Descontos sem contratação e autorização prévia, em conta utilizada para o recebimento de benefício previdenciário atinge verba de caráter alimentar e configura dano moral passível de reparação, principalmente considerando o parco benefício previdenciário percebido pelo autor mensalmente, na quantia equivalente a um salário-mínimo – Fixação da indenizatória em cinco mil reais – Má-fé das requeridas não caracterizada - Sucumbência a cargo dos requeridos – Recurso do autor provido, em parte, e improvido o da instituição financeira."
1016316-27.2017.8.26.0309,20400262,Apelação Cível,Prestação de Serviços,César Augusto Fernandes,Jundiaí,29ª Câmara de Direito Privado,29,Direito Privado,15/04/2026,15/04/2026,,True,True,223,"Prestação de serviços. Ação indenizatória por danos materiais e morais, em razão de falha na prestação de serviços automotivos. Sentença de procedência em parte, para reparação do dano material, afastados os danos morais . Recurso do autor, para sustentar ausência de sucumbência recíproca, insistir no pedido de indenização por danos morais e pleitear a majoração da verba honorária. Desacolhimento das razões recursais. Ausência de danos morais . O inadimplemento contratual ou a falha na prestação de serviços, embora causem aborrecimentos e transtornos, não configuram, por si sós, dano moral indenizável. A situação fática narrada caracteriza mero dissabor cotidiano inerente às relações de consumo, sem demonstração de ofensa extraordinária à dignidade ou aos direitos da personalidade do consumidor. Sucumbência. A Súmula 326 do C. Superior Tribunal de Justiça aplica-se de forma exclusiva aos casos em que o pedido de indenização por dano moral é acolhido, mas o valor arbitrado é inferior ao montante pleiteado pela parte. A rejeição integral do pedido de compensação por danos morais configura derrota em um dos capítulos autônomos da demanda, a atrair a incidência da regra da sucumbência recíproca. Gratuidade da justiça. Os documentos apresentados na fase recursal comprovam a rescisão recente do contrato de trabalho do recorrente, fato superveniente que demonstra a alteração de sua capacidade financeira e justifica o deferimento do benefício. Sentença mantida. Apelação não provida."
1014230-94.2024.8.26.0032,20398069,Apelação Cível,Serviços de Saúde,Luis Fernando Cirillo,Araçatuba,9ª Câmara de Direito Privado,9,Direito Privado,14/04/2026,14/04/2026,10000.0,False,False,67,"APELAÇÃO. Insurgência da parte ré contra sentença de procedência. Prótese dentária. Relação inserta no âmbito do direito do consumidor. Laudo pericial que concluiu pela falha na prestação de serviços. Devolução dos valores pagos à ré devida. Responsabilidade civil pelos danos morais configurada. Indenização mantida em R$10.000,00, visto que, observando os princípios da razoabilidade e da proporcionalidade. Danos materiais comprovados. Indenização devida e mantida. Sentença mantida. Recurso improvido."
1002700-04.2024.8.26.0482,20392098,Apelação Cível,Indenização por Dano Moral,Jane Franco Martins,Presidente Prudente,2ª Câmara de Direito Privado,2,Direito Privado,13/04/2026,13/04/2026,16000.0,False,False,172,"DIREITO CIVIL. APELAÇÃO. INDENIZAÇÃO MORAL. DIVULGAÇÃO INDEVIDA DE IMAGEM. SENTENÇA REFORMADA. APELO PARCIALMENTE PROVIDO. 

I. Caso em Exame. 
Recurso de apelação interposto contra sentença que julgou improcedente pedido de indenização moral por divulgação indevida de imagens sensíveis sem consentimento da autora, causando-lhe desgaste emocional e violação de sua privacidade. 

II. Questão em Discussão. 
2. A questão em discussão consiste na responsabilidade da concessionária pela divulgação indevida de imagens captadas por suas câmeras de segurança, violando a Lei Geral de Proteção de Dados. 

III. Razões de Decidir.
3. A concessionária, como controladora dos dados, responde pelo vazamento das imagens, em conformidade com a Lei 13.709/2018. 4. A divulgação indevida relacionada ao notório constrangimento à autora, justifica a indenização por danos morais . 

IV. Dispositivo. 5. SENTENÇA REFORMADA EM PARTE. RECURSO PARCIALMENTE PROVIDO. 

Tese de julgamento: 1. A responsabilidade pelo vazamento de imagens é da apelada, conforme Lei 13.709/2018. 2. A indenização por danos morais no valor de R$ 16.000,00 é devida pela divulgação indevida de imagens. 

SENTENÇA REFORMADA EM PARTE. RECURSO PARCIALMENTE PROVIDO."
1011791-33.2023.8.26.0554,20390465,Apelação Cível,Tratamento médico-hospitalar,Alvaro Passos,Santo André,2ª Câmara de Direito Privado,2,Direito Privado,13/04/2026,13/04/2026,10000.0,True,False,119,"CONTRATO – Prestação de serviços – Plano de saúde – Negativa de cobertura de terapia pelo método ABA, prescrita a menor portador de Transtorno do Espectro Autista – Inadmissibilidade – Restrição abusiva, a qual afronta as normas de proteção e defesa do consumidor – Inteligência da RN nº 469/2021, alterada pela RN nº 539, de 23 de junho de 2022, havendo previsão de fornecimento do tratamento prescrito pelo médico que cuida do paciente, por prestador apto para tanto – Afastamento, no entanto, do dever de prestar a cobertura do tratamento em ambiente escolar, por fugir ao escopo do instrumento – Dano moral – Reconhecimento – Manutenção do montante, fixado em R$ 10.000,00 (dez mil reais) – Recurso parcialmente provido."
1000660-24.2025.8.26.0673,20386409,Apelação Cível,Bancários,Luis Fernando Camargo de Barros Vidal,Flórida Paulista,14ª Câmara de Direito Privado,14,Direito Privado,11/04/2026,11/04/2026,6000.0,False,False,113,"Apelação. Golpe da falsa central de atendimento. Contratos bancários. Consumidor que, induzido a erro por pessoa que se passou por preposto da casa bancária, realizou procedimentos solicitados por terceiro. Operações não reconhecidas pela parte autora, consistentes em empréstimos e operações Pix, realizadas na sequência. Fraude. Falha na prestação do serviço relativamente à segurança das informações. Responsabilidade objetiva do réu. Súmula nº 479 do STJ. Art. 14 do CDC. Inexistência de prova de culpa exclusiva da consumidora ou terceiro. Inexigibilidade das operações declarada. Apontamento desabonador perante os órgãos de proteção ao crédito. Danos materiais e morais configurados. Indenização por abalo moral fixada em R$ 6.000,00. Recurso do réu improvido. Recurso do autor parcialmente provido."
1001170-50.2025.8.26.0604,20378512,Apelação Cível,Bancários,Luiz Fernando Cardoso Dal Poz,Sumaré,Núcleo 4.0-T. VIII (DP2),,,09/04/2026,09/04/2026,5000.0,False,False,79,"Apelação cível. Direito do consumidor. Ação declaratória de inexistência de débito cumulada com restituição de valores e indenização por danos morais . Empréstimo consignado. Benefício previdenciário. Descontos indevidos. Contratação não comprovada. Falha na prestação do serviço. Responsabilidade objetiva. Danos morais configurados. Verba alimentar. Dano in re ipsa. Irrelevância do depósito inicial do valor do empréstimo para configuração do dano extapatrimonial. Fixação do quantum indenizatório em R$ 5.000,00. Redistribuição dos ônus sucumbenciais. Aplicação da Súmula 326 do STJ. Recurso provido."
1000964-98.2024.8.26.0045,20376805,Apelação Cível,Bancários,Sidney Braga,Arujá,19ª Câmara de Direito Privado,19,Direito Privado,09/04/2026,09/04/2026,,True,True,82,"APELAÇÃO CÍVEL – AÇÃO DECLARATÓRIA DE INEXIGIBILIDADE DE DÉBITO C.C. INDENIZAÇÃO POR DANOS MORAIS – NEGATIVAÇÃO INDEVIDA – Existência de negativações pretéritas em nome do autor – Ausência de abalo adicional apto a justificar indenização autônoma – Hipótese em que sequer haveria condenação por dano moral – Manutenção, contudo, do valor fixado na sentença ante a ausência de recurso da instituição financeira – Vedação à reformatio in pejus – Impossibilidade de majoração pretendida pelo apelante – Sentença mantida.

Nega-se provimento ao recurso."
1132926-79.2024.8.26.0100,20375889,Apelação Cível,Transporte Aéreo,Daniel Blikstein,São Paulo,37ª Câmara de Direito Privado,37,Direito Privado,08/04/2026,08/04/2026,5000.0,True,True,130,"AÇÃO DE INDENIZAÇÃO POR DANOS MORAIS . Transporte aéreo internacional. Ausência de fornecimento de alimentação especial kosher. Sentença de procedência. Insurgência dos autores. Pedido de majoração do valor da indenização por danos morais e dos honorários sucumbenciais. Cabimento. Solicitação de fornecimento de alimentação kosher não atendida pela companhia ré. Falha na prestação de serviços. Dano moral configurado. Valor da indenização fixado na origem em R$5.000,00, a ser rateado, que não é compatível com as circunstâncias do fato, proporcional à extensão do dano e em consonância com o caráter educativo-punitivo que compõe a indenização na espécie. Majoração para R$5.000,00 para cada autor. Arbitramento que se coaduna com os princípios da razoabilidade e proporcionalidade e à gravidade do ato. Majoração da verba honorária para 20% do valor da condenação. RECURSO PARCIALMENTE PROVIDO."
1015529-89.2025.8.26.0576,20371891,Apelação Cível,Acidente de Trânsito,Joel Birello Mandelli,São José do Rio Preto,6ª Câmara de Direito Público,6,Direito Público,08/04/2026,08/04/2026,5000.0,False,False,266,"DIREITO CIVIL. APELAÇÃO. INDENIZAÇÃO POR DANOS MATERIAIS E MORAIS. PARCIAL PROVIMENTO.
I. Caso em Exame
Ação de indenização por danos materiais e morais movida contra a Concessionária de Rodovias Noroeste Paulista S.A., devido a acidente na Rodovia Washington Luís (SP 310), km 322 – Sul. O autor alega que colidiu com uma campana de caminhão na pista, resultando em danos ao veículo e prejuízos diversos, incluindo perda de diárias de hotel e locação de veículo.
II. Questão em Discussão
2. A questão em discussão consiste em definir se a concessionária ré possui responsabilidade pelo acidente e, consequentemente, pelo pagamento de indenização por danos materiais e morais ao autor.
III. Razões de Decidir
3. A responsabilidade civil das concessionárias de serviço público é objetiva, conforme o art. 37, §6º da CF, mas no caso concreto, a responsabilidade é subjetiva devido à conduta omissiva da ré na fiscalização da rodovia.
4. A concessionária falhou em suas obrigações de manutenção e fiscalização da rodovia, permitindo a presença de objetos na pista, o que caracteriza a omissão e o nexo causal com os danos sofridos pelo autor.
IV. Dispositivo e Tese
5. Recurso parcialmente provido para reduzir o valor da indenização por danos morais para R$ 5.000,00.
Tese de julgamento: 1. A responsabilidade da concessionária é subjetiva devido à omissão na fiscalização da rodovia. 2. A indenização por danos morais deve ser adequada ao caso, sem enriquecimento injustificado.
Legislação Citada:
CF/1988, art. 37, §6º.
Jurisprudência Citada:
TJ SP, Apelação Cível nº 1006757-73.2023.8.26.0038, Rel. Oscild de Lima Júnior, j. 12.03.2026;
TJ SP, Apelação Cível nº 0001967-51.2023.8.26.0624, Rel. Décio Notarangeli, j. 03.03.2026."
1003854-93.2021.8.26.0019,20370374,Apelação Cível,Bancários,Francisco Giaquinto,Americana,13ª Câmara de Direito Privado,13,Direito Privado,01/04/2026,07/04/2026,22617.0,False,False,263,"DIREITO CIVIL. APELAÇÃO. INDENIZAÇÃO POR DANOS MATERIAIS E MORAIS. PARCIAL PROVIMENTO.
I. Caso em Exame
1. Ação de indenização por danos materiais e morais decorrente de golpe do falso leilão. O autor arrematou veículo em site fraudulento e transferiu R$ 22.617,00 para conta no Banco réu, sem receber o bem. Alegou responsabilidade objetiva do banco por falha na prestação de serviços.
II. Questão em Discussão
2. A questão em discussão consiste em (i) a responsabilidade objetiva do banco por permitir a abertura de conta utilizada para fraude e (ii) a legitimidade passiva do banco.
III. Razões de Decidir
3. Aplicação do Código de Defesa do Consumidor, que estabelece a responsabilidade objetiva do prestador de serviços.
4. O banco não comprovou a regularidade na abertura da conta utilizada para a fraude, incorrendo em falha na prestação do serviço, a justificar a reparação por dano material e moral.
IV. Dispositivo e Tese
5. Recurso parcialmente provido.
Tese de julgamento: 
1. Instituições financeiras respondem objetivamente por danos causados por fraudes em contas abertas sem cautelas necessárias. 2. Indenização por dano material corresponde à efetiva diminuição patrimonial sofrida em decorrência da fraude. 3. Indenização por danos morais , pela angústia e frustração do golpe, deve ser proporcional e razoável. 4. Incidência de correção monetária pelo IPCA e juros de mora pela Taxa Selic.
Legislação Citada:
CDC, art. 14; Resolução nº 4.753/2019 do BACEN; CC, arts. 389, 406.
Jurisprudência Citada:
STJ, REsp nº 1.199.782/PR, Rel. Min. Luis Felipe Salomão, 2ª Seção, j. 24.08.2011; TJSP, Apelação Cível 1005692-02.2025.8.26.0320, Rel. Carlos Ortiz Gomes, 15ª Câmara de Direito Privado, j. 10/02/2026."
1003868-53.2022.8.26.0533,20370375,Apelação Cível,Bancários,Francisco Giaquinto,Santa Bárbara D Oeste,13ª Câmara de Direito Privado,13,Direito Privado,01/04/2026,07/04/2026,,True,False,284,"DIREITO CIVIL. APELAÇÃO. RESPONSABILIDADE CIVIL.
I. Caso em Exame
Autora impugna contratação de cartão de crédito consignado com descontos em benefício previdenciário. Banco réu não comprovou regularidade da contratação e autorização para débitos, ônus seu.
II. Questão em Discussão
2. A questão em discussão consiste em (i) verificar a responsabilidade objetiva do banco por permitir contratação fraudulenta e (ii) determinar a existência de danos materiais e morais indenizáveis.
III. Razões de Decidir
3. Aplicação do Código de Defesa do Consumidor, que estabelece responsabilidade objetiva do prestador de serviços, conforme art. 14 do CDC e súmula 297 do STJ.
4. Banco réu não comprovou autenticidade da assinatura no contrato, incorrendo em falha na prestação do serviço, caracterizando fortuito interno, conforme súmula 479 do STJ.
5. Afastamento da repetição de indébito, diante da inexistência de descontos no benefício previdenciário da autora.
6. A fraude bancária, por si só, não configura dano moral indenizável, sendo necessária a presença de circunstâncias agravantes, não comprovadas.
7. Indevida compensação, ante a ausência de proveito econômico da autora.
IV. Dispositivo e Tese
Recurso parcialmente provido.
Tese de julgamento: 1. Instituições financeiras respondem objetivamente por contratações fraudulentas não comprovadas. 2. Repetição de indébito é incabível quando inexistem descontos ao consumidor. 3. Dano moral não se presume, exigindo prova de abalo relevante. 4. Compensação depende de demonstração de proveito econômico pela parte autora.
Legislação Citada: Código de Defesa do Consumidor, art. 14.
Código de Processo Civil, art. 429, II.
Jurisprudência Citada: STJ, REsp nº 1.846.649/MA, Rel. Min. Marco Aurélio Bellizze, Segunda Seção, j. 24.11.2021. STJ, REsp nº 2.238.625/SP, Rel. Min. Ricardo Villas Bôas Cueva, Terceira Turma, j. 09.12.2025. TJSP, Apelação Cível 1001951-51.2024.8.26.0590, Rel. Nelson Jorge Júnior, 13ª Câmara de Direito Privado, j. 27.08.2025."
1001077-26.2025.8.26.0010,20370775,Apelação Cível,Atraso de vôo,José Wagner de Oliveira Melatto Peixoto,São Paulo,37ª Câmara de Direito Privado,37,Direito Privado,07/04/2026,07/04/2026,,False,True,113,"DIREITO DO CONSUMIDOR – Contratos de Consumo – Transporte Aéreo Internacional – Sentença de parcial procedência – Uma vez observado que a sentença reconheceu a falha na prestação do serviço pela empresa ré, e ausente interposição de recurso próprio pela transportadora, houve o trânsito em julgado da questão, do que se mostra descabida sua rediscussão e descabimento da suspensão determinada com fundamento no Tema 1417 do C. STF - Irresignação recursal que se limita à pretensão de majoração da verba indenizatória por danos morais – Atraso no voo de embarque com perda de conexão e chegada com atraso no destino – Majoração do valor arbitrado - Sentença parcialmente modificada – Recurso parcialmente provido."
1004697-25.2023.8.26.0363,20358891,Apelação Cível,Empréstimo consignado,Décio Rodrigues,Mogi-Mirim,21ª Câmara de Direito Privado,21,Direito Privado,01/04/2026,01/04/2026,,False,False,60,"APELAÇÃO. Sentença de parcial procedência de ação declaratória de nulidade de contrato de cartão de crédito/empréstimo – RMC – c.c condenação em danos materiais e morais, com devolução em dobro do indébito, haja vista não ter firmado o contrato. Sentença confirmada por seus próprios fundamentos, nos termos do art. 252 do Regimento Interno deste E. Tribunal de Justiça. Recurso improvido."
1018494-38.2024.8.26.0006,20359766,Apelação Cível,Fornecimento de medicamentos,Alexandre Lazzarini,São Paulo,9ª Câmara de Direito Privado,9,Direito Privado,01/04/2026,01/04/2026,,False,False,256,"DIREITO DO CONSUMIDOR. APELAÇÃO. PLANO DE SAÚDE. FORNECIMENTO DE MEDICAMENTOS. RECURSO NÃO PROVIDO. 
1. Apelação interposta contra sentença que julgou procedente em parte o pedido inicial para determinar a cobertura do tratamento indicado pela médica da autora, com fornecimento do medicamento Kesimpta (ofatumumabe), e condenar a requerida ao pagamento de indenização por danos morais .
2. A questão em discussão consiste em avaliar (i) a obrigatoriedade de cobertura do medicamento Kesimpta, mesmo não constando no rol da ANS, e (ii) a configuração de danos morais pela negativa de cobertura
3. A cobertura do medicamento é devida, pois possui registro na ANVISA e foi prescrito por médico especialista, sendo essencial para o tratamento da autora.
4. A negativa de cobertura causou transtornos à autora, justificando a indenização por danos morais .
5. R. Sentença deve ser mantida em sua integralidade.
Legislação citada: Código de Defesa do Consumidor, art. 51, inc. IV; Lei nº 9.656/1998, art. 10, § 13; Lei nº 14.454/2022.
Jurisprudência citada: TJSP; Apelação Cível 1029543-67.2025.8.26.0224; Relator (a): João Batista Vilhena; Órgão Julgador: 5ª Câmara de Direito Privado; Foro de Guarulhos - 6ª Vara Cível; Data do Julgamento: 11/03/2026; Data de Registro: 11/03/2026; TJSP; Apelação Cível 1024291-56.2024.8.26.0309; Relator (a): Miguel Brandi; Órgão Julgador: 7ª Câmara de Direito Privado; Foro de Jundiaí - 6ª Vara Cível; Data do Julgamento: 09/02/2026; Data de Registro: 09/02/2026; TJSP; Apelação Cível 1002750-38.2025.8.26.0565; Relator (a): Augusto Rezende; Órgão Julgador: 1ª Câmara de Direito Privado; Foro de São Caetano do Sul - 2ª Vara Cível; Data do Julgamento: 22/01/2026; Data de Registro: 22/01/2026."
1002091-68.2025.8.26.0358,20349053,Apelação Cível,Bancários,JOAO JOSE CUSTODIO DA SILVEIRA,Mirassol,Núcleo 4.0-T. VII (DP2),,,31/03/2026,31/03/2026,,True,False,179,"APELAÇÃO CÍVEL. AÇÃO DECLARATÓRIA DE INEXISTÊNCIA DE DÉBITO CUMULADA COM INDENIZATÓRIA. EMPRÉSTIMO CONSIGNADO NÃO CONTRATADO. SENTENÇA DE IMPROCEDÊNCIA. DOCUMENTAÇÃO APRESENTADA PELA INSTITUIÇÃO FINANCEIRA PERTENCENTE A TERCEIRO ESTRANHO À LIDE. ERRO DE FATO CARACTERIZADO. FALHA NA PRESTAÇÃO DO SERVIÇO. RESPONSABILIDADE OBJETIVA. REPETIÇÃO DO INDÉBITO EM DOBRO. DANO MORAL CONFIGURADO. RECURSO PROVIDO. 
1. A apresentação de contestação e documentos, incluindo instrumentos contratuais e comprovantes de crédito, referentes a pessoa diversa da parte autora, não supre o ônus probatório da instituição financeira quanto à regularidade da contratação objeto da lide. 
2. Ante a ausência de prova da relação jurídica e do efetivo recebimento dos valores pela consumidora, a declaração de inexistência do débito e a restituição das parcelas descontadas indevidamente são medidas imperativas. 
3. Os descontos indevidos em benefício previdenciário de natureza alimentar de pessoa idosa extrapolam o mero aborrecimento, ensejando reparação por danos morais em observância aos princípios da razoabilidade e proporcionalidade. 
4. A repetição do indébito deve ocorrer em dobro, conforme o entendimento consolidado do Superior Tribunal de Justiça, diante da conduta contrária à boa-fé objetiva por parte do fornecedor."
1016501-15.2024.8.26.0020,20348577,Apelação Cível,Fornecimento de Energia Elétrica,J.B. Paula Lima,São Paulo,32ª Câmara de Direito Privado,32,Direito Privado,31/03/2026,31/03/2026,7000.0,True,False,113,"Direito Civil. Apelação. Indenização por danos morais . falha na PRestação do serviço de fornecimento de energia elétrica. Recurso provido. Ação de indenização por danos morais devido à falha na prestação de serviço público essencial, com demora na religação de energia elétrica. A autora comprovou o pagamento das faturas vencidas e comunicou a concessionária, mas o restabelecimento do serviço ocorreu em prazo superior ao regulamentar de 24 horas, caracterizando falha na prestação do serviço. A demora excessiva na religação de serviço essencial configura dano moral in re ipsa, prescindindo de prova específica do prejuízo. O quantum indenizatório deve compensar os prejuízos morais sem enriquecimento ilícito. Verba indenizatória mantida em R$ 7.000,00.
Recurso desprovido."
1017798-03.2023.8.26.0405,20347220,Apelação Cível,Fornecimento de Água,Neto Barbosa Ferreira,Osasco,29ª Câmara de Direito Privado,29,Direito Privado,30/03/2026,30/03/2026,,True,False,98,"Prestação de serviços – Fornecimento de água – Infiltrações no imóvel da consumidora – Ação de indenização por danos morais e materiais – Sentença de parcial procedência – Apelo da ré – Inconformismo voltado exclusivamente ao afastamento da indenização extrapatrimonial – Dano Moral – Ocorrência – Infiltrações no imóvel, por conduta culposa da ré, que repercutiram direta e negativamente na dinâmica da vida privada da autora e sua família, com reflexos em sua rotina, condições de habitação e relacionamento familiar – Sentença de improcedência mantida por seus próprios fundamentos, ora reproduzidos (art. 252 do RITJSP) – Recurso improvido."
1001620-80.2024.8.26.0554,20342905,Apelação Cível,Empréstimo consignado,José Wilson Gonçalves,Santo André,11ª Câmara de Direito Privado,11,Direito Privado,30/03/2026,30/03/2026,,False,True,146,"DECLARATÓRIA NEGATIVA C/C REPETIÇÃO E INDENIZAÇÃO POR DANOS MORAIS . GOLPE DA FALSA CENTRAL DE ATENDIMENTO. Sentença de procedência. Recurso de ambas as partes (o autor requer a majoração da indenização por danos morais ). Acolhimento parcial do recurso do réu e desacolhimento, por consequência, do recurso do autor. Culpa exclusiva do autor e dolo de terceiro, no primeiro estágio (golpe na portabilidade). Falha do serviço bancário, no segundo estágio, dado que a operação extrapolava o perfil de consumo do autor. Incidência do art. 945 do CC, quanto aos danos materiais. Danos morais . Não caracterização em face da instituição financeira, porque sua conduta se limitou a aprovar operação fora do perfil de consumo do autor. A instituição financeira não responde pelos efeitos nocivos do golpe, praticado por terceiro, fora dos canais oficiais de atendimento. RECURSO DO RÉU PROVIDO EM PARTE E RECURSO DO AUTOR DESPROVIDO."
1029121-10.2020.8.26.0114,20340994,Apelação Cível,Bancários,Castro Figliolia,Campinas,12ª Câmara de Direito Privado,12,Direito Privado,30/03/2026,30/03/2026,10000.0,True,False,196,"INÉPCIA RECURSAL - PRELIMINAR SUSCITADA EM CONTRARRAZÕES PELA AUTORA - ausência de impugnação específica dos fundamentos da sentença - inocorrência dialeticidade recursal observada - razões recursais que se mostraram aptas a impugnar os fundamentos da sentença - preliminar não acolhida.

APELAÇÃO – AÇÃO DECLARATÓRIA DE NULIDADE CONTRATUAL C.C. REPARAÇÃO DE DANOS JULGADA PROCEDENTE – DECLARADA A INEXIGIBILIDADE DO DÉBITO RELATIVO AO CONTRATO QUESTIONADO, POR CONTA DA FALSIFICAÇÃO DA ASSINATURA DO MUTUÁRIO – DETERMINAÇÃO DE RESTITUIÇÃO DOS VALORES DESCONTADOS DO BENEFÍCIO PREVIDENCIÁRIO DA APELADA – CONDENAÇÃO DO APELANTE NO PAGAMENTO DE INDENIZAÇÃO POR DANO MORAL FIXADA EM R$10.000,00 - celebração indevida de empréstimo consignado em nome da apelada – descontos de amortização efetivamente realizados junto ao benefício previdenciário – assinatura do contrato – perícia realizada que fez ver que a assinatura lançada no contrato não era da apelada – nulidade do contrato, com a restituição dos valores debitados do benefício previdenciário da apelada que se impunha – indenização por danos morais fixada em R$ 10.000,00 – valor reduzido para R$ 5.000,00 (cinco mil reais) que se apresenta proporcional ao dano e que guarda observância ao caráter educativo-punitivo que compõe a indenização na hipótese.

Resultado: recurso parcialmente provido."
1039226-83.2023.8.26.0100,20340608,Apelação Cível,Duplicata,Cristina Di Giaimo Caboclo,São Paulo,11ª Câmara de Direito Privado,11,Direito Privado,23/03/2026,29/03/2026,8000.0,True,True,144,"APELAÇÃO. PROCEDIMENTO COMUM. Negativação indevida de duplicata mercantil por ausência de relação jurídica. Sentença de parcial procedência que declara a inexigibilidade do débito e arbitra a indenização por danos morais em R$ 8.000,00. Recurso da Autora buscando a majoração do quantum indenizatório e a alteração do termo inicial dos juros de mora. DANO MORAL . A fixação de R$ 8.000,00 se mostra adequada e compatível com a gravidade da ofensa, a repercussão da negativação indevida (Súmula 227 do STJ) e as finalidades compensatória e punitiva da medida, sem implicar enriquecimento sem causa. Desnecessária a majoração pretendida. TERMO INICIAL DOS JUROS DE MORA. Alteração devida. A responsabilidade civil, neste caso é manifestamente extracontratual, aplicando-se a Súmula 54 do Superior Tribunal de Justiça. Juros de mora que devem incidir a partir do evento danoso, e não da data do arbitramento. Sentença parcialmente modificada. RECURSO PARCIALMENTE PROVIDO."
1010988-80.2025.8.26.0004,20338190,Apelação Cível,Prestação de Serviços,Carlos Ortiz Gomes,São Paulo,15ª Câmara de Direito Privado,15,Direito Privado,27/03/2026,27/03/2026,5000.0,True,False,193,"Apelação cível. Ação de indenização por danos materiais e morais. Compra pela internet. Marketplace. Produto devolvido e não restituído o valor adimplido. Sentença de parcial procedência que afastou os danos morais . 
Insurgência da consumidora. Acolhimento.
Responsabilidade objetiva. A plataforma de vendas (marketplace) integra a cadeia de fornecimento e responde pelos danos causados ao consumidor (Arts. 7º, parágrafo único, e 14 do CDC). 
Falha na prestação do serviço. Consumidora idosa (72 anos) que devolveu o produto e não obteve o estorno. Ré que não comprovou as alegadas avarias no produto para negar o reembolso. Manutenção dos descontos em fatura de cartão de crédito de aposentada, agravada pelo bloqueio indevido da conta da usuária na plataforma durante o litígio. Dano moral configurado. Situação que extrapola o mero dissabor cotidiano. Aplicação da Teoria do Desvio Produtivo do Consumidor. Peregrinação administrativa por mais de 160 dias na tentativa frustrada de solução do problema. Indenização fixada em R$ 5.000,00 (cinco mil reais). Valor que atende aos princípios da razoabilidade e proporcionalidade, além do caráter punitivo-pedagógico da condenação. Precedentes desta E. Câmara e deste Tribunal. Redistribuição do ônus da sucumbência ante o provimento total do recurso. Recurso provido."
1011003-77.2024.8.26.0006,20339395,Apelação Cível,Tratamento médico-hospitalar,Alexandre Lazzarini,São Paulo,9ª Câmara de Direito Privado,9,Direito Privado,27/03/2026,27/03/2026,,False,False,208,"DIREITO CIVIL. APELAÇÃO. OBRIGAÇÃO DE FAZER C/C INDENIZAÇÃO POR DANOS MORAIS . APELAÇÃO DA RÉ DESPROVIDA.
I. Caso em Exame.
1. Ação de obrigação de fazer cumulada com indenização por danos morais movida contra a operadora do plano de saúde. A sentença de primeira instância julgou parcialmente procedentes os pedidos, determinando a cobertura do tratamento médico e condenando a ré ao pagamento de indenização por danos morais .
II. Questão em Discussão.
2. A questão em discussão consiste em (i) verificar a regularidade da imposição de Cobertura Parcial Temporária (CPT) pela operadora de saúde e (ii) a existência de danos morais indenizáveis.
III. Razões de Decidir.
3. O contrato não demonstra claramente a submissão da autora à Cobertura Parcial Temporária (CPT), e a negativa de cobertura foi considerada abusiva, pois o tratamento não é de alta complexidade.
4. O abalo moral foi configurado devido à negativa indevida de cobertura, ultrapassando o mero dissabor contratual, justificando a indenização fixada.
IV. Dispositivo e Tese.
5. Recurso desprovido.
Tese de julgamento: 1. A negativa de cobertura de tratamento médico em casos de doença grave, sem justificativa contratual clara, é abusiva. 2. A indenização por danos morais é devida quando a negativa de cobertura causa aflição e risco à saúde do beneficiário."
0005169-56.2010.8.26.0506,20337058,Apelação Cível,Acidente de Trânsito,Adilson de Araujo,Ribeirão Preto,31ª Câmara de Direito Privado,31,Direito Privado,27/03/2026,27/03/2026,,True,False,677,"Direito civil e processual civil. Apelação cível. Ação de indenização por danos moral , materiais e estéticos. Acidente de trânsito com óbitos e lesões graves. Responsabilidade civil do espólio-réu. Cumulação de dano moral e estético. Pensionamento. Recurso desprovido.
I. Caso em exame
1. Apelação cível interposta pela parte ré contra sentença pela qual julgada parcialmente procedente ação indenizatória decorrente de acidente de trânsito, condenando o réu ao pagamento de indenizações por dano moral , materiais e estéticos, bem como ao pensionamento em favor das vítimas e familiares. O espólio apelou sustentando ausência de prova da culpa, ocorrência de caso fortuito, impossibilidade de cumulação de dano moral e estético, excesso dos valores fixados, limitação temporal das pensões e exclusão da sucumbência em razão da gratuidade da justiça.
II. Questão em discussão
2. As questões em discussão consistem em saber se: (i) ficou comprovada a culpa exclusiva da parte ré pelo acidente de trânsito; (ii) é possível a cumulação de indenização por dano moral e dano estético; (iii) os valores fixados a título de dano moral e estético comportam redução; (iv) o pensionamento por incapacidade permanente deve ser vitalício; (v) o termo final da pensão por morte deve observar a expectativa de vida da vítima; e (vi) a gratuidade da justiça afasta a condenação em honorários sucumbenciais.
III. razões de decidir
3. O laudo pericial e a prova testemunhal demonstraram que o réu trafegava com seu veículo na contramão e deu causa ao acidente. A alegação de defeito mecânico não foi comprovada. Configura-se responsabilidade civil com fundamento nos arts. 186, 927, 948 e 950 do Código Civil (CC).
4. O defeito mecânico, ainda que existente, caracteriza fortuito interno e não afasta o dever de indenizar.
5. É lícita a cumulação de indenizações por dano moral e dano estético quando identificáveis autonomamente. As cicatrizes e limitações permanentes constatadas em perícia justificam a indenização específica por dano estético.
6. Os valores fixados a título de indenização por dano moral observam a gravidade do evento, a extensão do dano e os princípios da razoabilidade e proporcionalidade. A jurisprudência do Colendo Superior Tribunal de Justiça (C. STJ) admite patamares mais elevados em casos de morte em acidente de trânsito.
7. A pensão por incapacidade permanente possui caráter vitalício, nos termos do art. 950 do CC e jurisprudência do C. STJ. A pensão por morte, nos termos do art. 948, II, do CC, deve perdurar até a expectativa média de vida da vítima à época do óbito, conforme orientação do C. STJ.
8. A concessão da gratuidade da justiça não afasta a condenação em honorários advocatícios, mas apenas suspende sua exigibilidade, nos termos do art. 98, § 3º, do Código de Processo Civil (CPC).
9. Aplicáveis as regras do Direito intertemporal nos cálculos dos juros de mora e correção monetária a partir da vigência da Lei nº 14.905/2024, mantidos os critérios anteriores, conforme precedentes dos tribunais superiores do Brasil. 
IV. Dispositivo e tese
10. Apelação conhecida e desprovida, com determinação de aplicação da Lei nº 14.905/2024. 
 Teses de julgamento: ""1. Comprovada a invasão de contramão por laudo pericial e prova testemunhal, configura-se a responsabilidade civil do condutor por acidente de trânsito com resultado morte e lesões graves. 2. É lícita a cumulação de indenizações por dano moral e dano estético quando identificáveis autonomamente. 3. A pensão por incapacidade permanente é vitalícia, e a pensão por morte deve observar a expectativa de vida da vítima à época do óbito. 4. A gratuidade da justiça não afasta a condenação em honorários advocatícios, mas apenas suspende sua exigibilidade.""
______
Dispositivos relevantes citados: CF/1988, art. 5º, V e X; CC, arts. 186, 927, 944, 948 e 950; CPC, arts. 85, § 11, 98, § 3º, e 1.013.
Jurisprudência relevante citada: STJ, AREsp nº 3.040.825/RJ, Rel. Min. Ricardo Villas Bôas Cueva, 3ª Turma, j. 01.12.2025; STJ, AgInt no AREsp nº 1.367.751/SP, Rel. Min. Raul Araújo, 4ª Turma, j. 03.06.2024; STJ, REsp nº 2.120.105/SC, Rel. Min. Raul Araújo, 4ª Turma, j. 16.12.2025; STJ, AgInt no REsp n. 1.863.811/DF, Rel. Ministro Antonio Carlos Ferreira, 4º Turma, j. 8/5/2023; STJ, Súmula 387."
2022992-13.2026.8.26.0000,20335474,Agravo de Instrumento,Marca,Maurício Pessoa,São José do Rio Preto,2ª Câmara Reservada de Direito Empresarial,2,Direito Empresarial,27/03/2026,27/03/2026,500.0,False,False,207,"AGRAVO DE INSTRUMENTO. VIOLAÇÃO MARCÁRIA. LIQUIDAÇÃO DE SENTENÇA POR ARBITRAMENTO. RECURSO PARCIALMENTE PROVIDO.
I. Caso em exame
Agravo de instrumento interposto contra decisão que, em liquidação parcial de sentença por arbitramento danos materiais instaurado pela Sulamericana Comércio de Fantasias Ltda. em face de Jacilene Galhardo da Silva fixou indenização por danos materiais em R$ 500,00.
Inconformismo da exequente. 
II. Questão em discussão
A questão em discussão consiste em determinar o critério adequado para a fixação da indenização por danos materiais decorrentes de contrafação de marca, considerando a escolha do critério mais favorável à parte prejudicada, nos termos do art. 210 da Lei nº 9.279/96.
III. Razões de decidir
O critério para liquidação da indenização deve ser escolhido pela parte exequente, vítima da contrafação, conforme constou no título judicial liquidado.
Essa solução, no entanto, deve ser adequada à realidade dos fatos.
O critério escolhido pela exequente gera defeso locupletamento indevido e desconsidera a ocorrência de contrafação pouco expressiva.
O valor da indenização por danos materiais arbitrado pelo D. Juízo de origem (R$ 500,00), no entanto, é ínfimo e não atende aos propósitos da Lei nº 9.279/1996.
Consideradas as peculiaridades do caso, fixa-se a indenização em R$ 1.000,00, valor proporcional e adequado às circunstâncias.
IV. Dispositivo
Recurso parcialmente provido."
1141842-39.2023.8.26.0100,20330384,Apelação Cível,Bancários,Lígia Araújo Bisogni,São Paulo,23ª Câmara de Direito Privado,23,Direito Privado,26/03/2026,26/03/2026,10000.0,False,False,148,"AÇÃO DECLARATÓRIA DE INEXIGIBILIDADE DE DÉBITOS C.C. INDENIZAÇÃO POR DANOS MATERIAIS E MORAIS - ""Golpe do motoboy"" – Sentença improcedência – Insurgência por parte da autora - Transações não reconhecidas pela consumidora – Prova produzida que comprovou que o réu falhou no monitoramento das despesas praticadas, tendo em vista que as transações fogem ao perfil da autora – Falha na prestação do serviço – Aplicação da Súmula 479 do STJ – Declaração de inexigibilidade dos débitos, além de determinação de devolução do valor debitado da conta da autora a título de pagamento de fatura referente a uma parte das compras objeto de questionamento – Danos morais configurados, dadas as particularidades do caso – Enunciado 13 desta Corte – Valor que merece ser fixado não em dez salários mínimos conforme postulado, mas em R$ 10.000,00, com os consectários legais – Sucumbência a cargo do réu – Recurso parcialmente provido."
1025579-83.2024.8.26.0068,20327959,Apelação Cível,Transporte Aéreo,Daniela Menegatti Milano,Barueri,16ª Câmara de Direito Privado,16,Direito Privado,26/03/2026,26/03/2026,3000.0,True,False,155,"APELAÇÃO CÍVEL – Direito Privado – Transporte aéreo nacional – Impossibilidade de embarque e restituição da bagagem no dia seguinte ao desembarque – Ação de indenização por danos morais – Sentença de improcedência.
I. Discussão sobre responsabilidade civil da companhia aérea.
II. Impossibilidade de embarque. Falha na prestação de serviço. Declaração da companhia aérea assumindo que a alteração do voo se deveu a motivo operacional. Realocação em voo que partiu 7 horas após o horário programado. Responsabilidade objetiva da companhia aérea. Inexistência de excludente de responsabilidade.
III. Dano moral caracterizado. Fatos que extrapolam o mero aborrecimento cotidiano. Atraso e extravio temporário de bagagem. Prestação de assistência material que, embora não elimine os danos, os mitiga. Fixação da indenização em R$ 3.000,00, em atenção às particularidades do caso concreto. Inexistência de circunstâncias extraordinárias que justifiquem o arbitramento em quantia superior, sob pena de enriquecimento sem causa da vítima.
IV. Sentença reformada – Recurso provido em parte."
1041099-53.2025.8.26.0002,20327958,Apelação Cível,Transporte Aéreo,Daniela Menegatti Milano,São Paulo,16ª Câmara de Direito Privado,16,Direito Privado,26/03/2026,26/03/2026,2000.0,True,True,152,"APELAÇÃO CÍVEL – Transporte aéreo nacional – Cancelamento de voo – Ação de indenização por danos materiais morais – Sentença de parcial procedência que arbitrou a indenização por dano moral em R$ 2.000,00 e por dano material no valor de R$ 216,00.
I. Inconformismo parcial da autora – Discussão sobre a suficiência da indenização arbitrada a título de danos morais .
II. Reconhecimento de falha na prestação de serviço. Condenação tornada definitiva à míngua de insurgência recursal da ré.
III. Dano moral . Cancelamento sem observância da antecedência necessária. Reacomodação em voo realizado somente 24 horas após o contratado. Inexistência de justificativa sobre impossibilidade de realocação em algum dos voos realizados no mesmo dia. Necessidade de custeio da hospedagem. Cabimento de majoração da indenização para R$ 6.000,00, em vista das circunstâncias do caso concreto.
IV. Sentença parcialmente reformada para majorar o valor da indenização por dano moral – Recurso provido em parte."
1039718-10.2025.8.26.0002,20327960,Embargos de Declaração Cível,Transporte de Pessoas,Daniela Menegatti Milano,São Paulo,16ª Câmara de Direito Privado,16,Direito Privado,26/03/2026,26/03/2026,,False,False,47,"EMBARGOS DE DECLARAÇÃO – Contradição – Não ocorrência – Nítido caráter infringente dos embargos opostos – Pretendida rediscussão de matéria que já foi objeto de apreciação por esta C. Câmara – Imposição de multa – Caráter eminentemente protelatório do recurso – Embargos rejeitados, com imposição de multa."
1011525-76.2025.8.26.0004,20327953,Apelação Cível,Bancários,Daniela Menegatti Milano,São Paulo,16ª Câmara de Direito Privado,16,Direito Privado,26/03/2026,26/03/2026,5000.0,True,False,163,"APELAÇÃO CÍVEL – Serviços bancários – Obrigação de fazer cumulada com indenização por dano moral – Impossibilidade de acesso a aplicativo e internet banking – Falha na prestação do serviço reconhecida na sentença, determinando o restabelecimento do acesso integral a conta bancária – Insurgência do autor quanto à ausência de indenização. 
I. Autor que permaneceu por período prolongado impossibilitado de acessar aplicativo bancário, cerca de quatro anos. Circunstância que compromete a utilização regular de instrumento essencial de acesso aos serviços bancários. Situação que ultrapassa o mero dissabor cotidiano, evidenciando falha relevante na prestação do serviço e configurando violação à esfera extrapatrimonial do consumidor, inclusive à luz da teoria do desvio produtivo do consumidor.
II. Dano moral caracterizado. Teoria do desvio produtivo. Resistência na resolução na esfera administrativa. Necessidade de ajuizamento de ação para solução de problema. Indenização ora arbitrada no valor de R$ 5.000,00 (cinco mil reais), tendo em vista as circunstâncias particulares do caso.
III. Sentença parcialmente reformada. Recurso provido em parte."
1084248-96.2025.8.26.0100,20325887,Apelação Cível,Prestação de Serviços,Simões de Almeida,São Paulo,13ª Câmara de Direito Privado,13,Direito Privado,25/03/2026,25/03/2026,4000.0,False,False,102,"Apelação – Ação de obrigação de fazer c.c. indenização – Bloqueio/suspensão de perfil na plataforma ""Instagram"" - Violação aos termos de uso das plataformas – Ausência de comprovação – Inexistência de prova de concessão de oportunidade de defesa quanto às alegadas violações - Suspensão da conta que caracteriza abuso de direito – Danos morais configurados – Violação à honra objetiva – Conta utilizada para exercício da atividade empresarial - Quantum fixado de acordo com o critério da razoabilidade e da proporcionalidade em R$ 4.000,00 – Ônus de sucumbência atribuído à ré, que deu causa à propositura da demanda – Recurso parcialmente provido."
1011395-74.2023.8.26.0451,20323544,Apelação Cível,Vícios de Construção,João Pazine Neto,Piracicaba,3ª Câmara de Direito Privado,3,Direito Privado,25/03/2026,25/03/2026,10000.0,False,False,88,"Indenização por danos morais e materiais. Vícios construtivos. Venda e compra de imóvel em construção. Preliminar de não conhecimento do recurso das Rés afastada. Dano material. Ocorrência em parte. Imóvel entregue com alguns vícios de construção, segundo conclusão da prova técnica. Danos morais igualmente caracterizados. Valor arbitrado nesse caso em R$ 10.000,00. Prazo para início do cumprimento da obrigação alterado para 45 dias após esse julgamento. Sucumbência estabelecida como prevalente às Rés. Preliminar de não conhecimento do recurso das Rés rejeitada e no mérito parcialmente providos os recursos."
1006530-47.2025.8.26.0577,20323362,Apelação Cível,Transporte de Pessoas,Francisco Giaquinto,São José dos Campos,13ª Câmara de Direito Privado,13,Direito Privado,25/03/2026,25/03/2026,3000.0,False,True,207,"Ação de rescisão contratual e indenização por danos materiais e morais – Transporte interestadual de passageiros – Autor pessoa com deficiência visual contratou a ré para transporte de ônibus no período da madrugada partindo de São José dos Campos com destino ao Rio de Janeiro – Ônibus parou em local diverso do indicado pelo aplicativo, inviabilizando o embarque do autor, que perdeu a viagem, o compromisso e a passagem aérea adquirida para viagem de retorno – Sentença de parcial procedência, condenando a ré a ressarcir o autor pelas despesas materiais indicadas na inicial e o valor de R$3.000,00 a título de danos morais – Recurso exclusivo do autor defendendo a majoração dos danos morais e dos honorários de sucumbência – Indenização fixada em conformidade com os princípios da razoabilidade e proporcionalidade, considerando as circunstâncias do caso concreto – Honorários advocatícios sucumbenciais, porém, a comportar majoração – Fixação com base no valor da condenação, no caso, acarretaria valor irrisório – Excepcionalidade evidenciada, na hipótese, a justificar o arbitramento por equidade (art. 85, § 8º, do CPC) – Pretensão a aplicação da regra do art. 85, §8º-A, do CPC – Descabimento – Valor que se revelaria excessivo diante das circunstâncias do caso concreto – Precedentes – Recurso parcialmente provido."
1016722-98.2024.8.26.0019,20322777,Embargos de Declaração Cível,Planos de saúde,Alexandre Lazzarini,Americana,9ª Câmara de Direito Privado,9,Direito Privado,25/03/2026,25/03/2026,,False,False,204,"EMBARGOS DE DECLARAÇÃO. ACÓRDÃO. AUSÊNCIA DE OMISSÃO, OBSCURIDADE, CONTRADIÇÃO OU ERRO MATERIAL. EMBARGOS REJEITADOS. 
I. Caso em Exame: Embargos de declaração opostos contra acórdão que deu parcial provimento ao recurso da embargante.
II. Questão em Discussão: 1. A questão em discussão consiste em verificar se há omissão e contradição no acórdão.
III. Razões de Decidir: 1. Embargos de declaração são cabíveis apenas para sanar omissões, contradições, obscuridades ou corrigir erro material, conforme artigo 1.022 do NCPC. 2. As questões levantadas pela embargante já foram analisadas no acórdão, não havendo omissão, contradição ou obscuridade. 3. Ausência de obrigatoriedade de menção de todos os argumentos e dispositivos legais levantados pelo recorrente. 4. A contradição que autoriza o acolhimento de embargos declaratórios é a do v. acórdão com ele mesmo (interna), não verificada no caso.
IV. Dispositivo e Tese: Embargos de declaração rejeitados.
Tese de julgamento: 1. O acórdão não tem, como requisito de validade, a obrigatoriedade de conter todas as referências a textos e artigos mencionados pelas partes, eis que tem por finalidade a composição da lide. 2. A contradição que autoriza o acolhimento de embargos declaratórios é a interna (do julgado consigo mesmo), não se confundindo com a contradição em relação ao entendimento das partes."
1022029-73.2023.8.26.0405,20320040,Apelação Cível,Estabelecimentos de Ensino,Mendes Pereira,Osasco,15ª Câmara de Direito Privado,15,Direito Privado,23/03/2026,24/03/2026,5000.0,True,False,321,"APELAÇÃO CÍVEL. Ofensa à coisa julgada. Inocorrência. Fato novo e superveniente (negativação ocorrida em 2022), posterior ao trânsito em julgado da ação originária. A causa de pedir é autônoma, pois decorre da reiteração da conduta lesiva e do descumprimento do comando judicial anterior, não se confundindo com o objeto da demanda pretérita. Interesse processual evidenciado. Binômio necessidade-utilidade presente. Preliminares rejeitadas. Ação declaratória de inexistência de débito, exclusão de registro em plataforma de renegociação e compensação por danos morais . Cobrança de mensalidades de curso superior e registro do nome do autor em plataforma de renegociação, após decisão definitiva que determinou a gratuidade de disciplinas pendentes, nos autos do Processo nº 1004591-73.2019.8.26.0405. Demanda julgada improcedente. Apelou o autor. Admissibilidade. Instituição de ensino que, a despeito de comando judicial transitado em julgado impondo a gratuidade de disciplinas, promoveu a cobrança de mensalidades de período abrangido pela bolsa integral e inseriu o nome do autor na plataforma de renegociação ""Serasa Limpa Nome"". Conduta que não se confunde com a mera cobrança de dívida prescrita (Enunciado nº 11 do TJSP). Dívida inexistente por força de sentença. Abusividade qualificada. Violação à boa-fé objetiva e desrespeito à autoridade da decisão judicial. Dano moral configurado. Indenização fixada em R$ 5.000,00. Inversão do ônus sucumbencial. Sentença reformada para julgar procedente o pedido e: (i) declarar inexistentes os débitos descritos na exordial e determinar a exclusão dos respectivos registros na plataforma de renegociação; (ii) condenar a ré ao pagamento de indenização por danos morais , no valor de R$ 5.000,00 (cinco mil reais), com correção monetária desde o arbitramento e juros de mora a partir da citação; (iii) atualização monetária e juros moratórios fixados conforme as alterações legislativas recentes (Lei nº 14.905/2024 e Código Civil); (iv) inverter o ônus de sucumbência, impondo à requerida o pagamento das custas, despesas processuais e honorários do patrono da parte autora, fixados em 15% (quinze por cento) do valor atualizado da condenação. Recurso provido."
1004269-50.2025.8.26.0047,20311369,Apelação Cível,Bancários,Swarai Cervone de Oliveira,Assis,Núcleo 4.0-T. VI (DP2),,,23/03/2026,23/03/2026,,True,False,294,"DIREITO DO CONSUMIDOR. APELAÇÃO. OBRIGAÇÃO DE FAZER CUMULADA COM REPARAÇÃO POR DANOS MATERIAIS E MORAIS. RECURSO PROVIDO.
I. Caso em Exame
1. Recurso de apelação contra sentença que julgou parcialmente procedentes os pedidos de obrigação de fazer e reparação por danos materiais, mas improcedente o pedido de indenização por danos morais . A sentença declarou a nulidade do contrato de abertura de conta por ausência de intervenção do curador e condenou o requerido a não efetuar nova portabilidade sem autorização formal do curador.
II. Questão em Discussão
2. A questão em discussão consiste em verificar, preliminarmente (i) o não conhecimento da apelação por violação ao princípio da dialeticidade, e no mérito (ii) a ocorrência de danos morais indenizáveis decorrentes da transferência não autorizada de benefício assistencial e da subsequente retenção indevida da integralidade de verba de natureza alimentar pertencente a pessoa interditada.
III. Razões de Decidir
3. Rejeição da preliminar de não conhecimento da apelação por violação ao princípio da dialeticidade, pois a peça recursal impugna especificamente o fundamento central da sentença quanto à inexistência de danos morais . 4. A relação jurídica entre as partes é de consumo, aplicando-se o Código de Defesa do Consumidor. 5. A ausência de anuência válida do curador na abertura de conta e portabilidade do benefício assistencial caracteriza falha na prestação do serviço. 6. A retenção indevida da integralidade do benefício assistencial compromete o mínimo existencial do apelante, configurando violação a direito da personalidade e ensejando reparação por danos morais .
IV. Dispositivo e Tese
7. Recurso provido. Tese de julgamento: 1. A retenção indevida de benefício assistencial de pessoa interditada compromete o mínimo existencial e atenta contra a dignidade, configurando dano moral . 2. A fixação do quantum indenizatório deve observar os princípios da 

razoabilidade e proporcionalidade."
1005176-54.2024.8.26.0081,20310698,Apelação Cível,Atraso de vôo,Castro Figliolia,São Paulo,12ª Câmara de Direito Privado,12,Direito Privado,23/03/2026,23/03/2026,4000.0,True,False,155,"APELAÇÃO - AÇÃO DE REPARAÇÃO DE DANOS MORAIS E MATERIAIS JULGADA PARCIALMENTE PROCEDENTE – COMPANHIA AÉREA CONDENADA NO PAGAMENTO DE INDENIZAÇÃO POR DANOS MORAIS NO VALOR DE R$ 4.000,00 PARA CADA UM DOS AUTORES E DE R$ 3.491,18 A TÍTULO DE REPARAÇÃO POR DANOS MATERIAIS - EXTRAVIO TEMPORÁRIO DE BAGAGENS – OBJETOS AVARIADOS – comprovação de devolução das bagagens danificadas – valor não impugnado pela defesa, apurado conforme a limitação determinada pela Convenção de Montreal – indenização devida – dano moral – responsabilidade da apelante verificada – perturbação ao estado de espírito dos apelados ocorrida – situação que extrapola o mero aborrecimento e ingressa no campo do dano moral – fixação em R$ 4.000,00 para cada um dos apelados - valor adequado às circunstâncias do fato, proporcional ao dano e com observância ao caráter educativo- punitivo que compõe a indenização na hipótese – sentença mantida, nos termos do art. 252 do RITJSP - recurso desprovido."
1000593-03.2023.8.26.0003,20310180,Apelação Cível,Cancelamento de vôo,Souza Lopes,São Paulo,17ª Câmara de Direito Privado,17,Direito Privado,21/03/2026,21/03/2026,4000.0,True,True,59,"*Indenização – Transporte aéreo internacional – Cancelamento de voo – Chegada ao destino com mais de 27 horas de atraso - Dano moral reconhecido em Primeiro Grau – ""Quantum"" indenizatório fixado em R$ 4.000,00 – Montante que não atende aos princípios da proporcionalidade e razoabilidade – Majoração para R$ 10.000,00 que se mostra de rigor – Recurso parcialmente provido.*"
1022557-08.2025.8.26.0577,20308187,Apelação Cível,Bancários,Simões de Almeida,São José dos Campos,13ª Câmara de Direito Privado,13,Direito Privado,20/03/2026,20/03/2026,5000.0,False,False,138,"APELAÇÃO – Ação indenizatória – Fraude – Transferências via PIX não reconhecidas – Incidência do Código de Defesa do Consumidor – Ônus do banco de comprovar a legitimidade das transações contestadas – Ônus não desincumbido – Transações sequenciais, em curto período de tempo, em valor elevado e para a mesma pessoa física - Transações atípicas - Falha no sistema de segurança – Verbete nº 479 da Súmula de Jurisprudência do STJ - Teoria do Risco da Atividade – Fortuito interno – Restituição dos valores determinada - Danos morais configurados e que devem ser reparados – Lesão ao direito da personalidade da autora - Quantum indenizatório arbitrado em R$ 5.000,00, em consonância aos princípios da razoabilidade e da proporcionalidade e de acordo com o patamar adotado por este e. Tribunal de Justiça em casos semelhantes – Recurso parcialmente provido."
1004851-22.2024.8.26.0100,20308327,Apelação Cível,Bancários,José Wagner de Oliveira Melatto Peixoto,São Paulo,37ª Câmara de Direito Privado,37,Direito Privado,20/03/2026,20/03/2026,,False,False,120,"DIREITO DO CONSUMIDOR – CONTRATOS DE CONSUMO – BANCÁRIOS – Ação declaratória e indenizatória – Sentença de procedência – Empréstimo consignado – Negativa de contratação – Incidência do CDC, artigo 6º, VIII, e NCPC, art. 373, II – Relação contratual comprovada – Contrato digital firmado por meio de biometria facial que nas circunstâncias se revela válido – Valor contratado disponibilizado na conta do autor – Inteligência do art. 107 do CC, art. 29, §5º da Lei nº 10.931/2004, de redação dada pela Lei nº 13.986/2020, e art. 5º da IN 138/2022 – NCPC, art. 429, II e Tema STJ 1.061, observados – Precedentes – Inexigibilidade e indenização indevidas – Ação improcedente – Decaimento invertido – Sentença substituída - Recurso provido."
1154852-53.2023.8.26.0100,20308346,Apelação Cível,Espécies de Títulos de Crédito,José Wagner de Oliveira Melatto Peixoto,São Paulo,37ª Câmara de Direito Privado,37,Direito Privado,20/03/2026,20/03/2026,,True,True,106,"DIREITO DO CONSUMIDOR - CONTRATOS DE CONSUMO – BANCÁRIOS – Ação declaratória de inexigibilidade de débito c/c indenizatória por danos morais – Sentença de parcial procedência – Alegação de débito desconhecido que ensejou negativação do nome em cadastro de devedores mantidos por órgãos de proteção ao crédito – Incidência do CDC, artigo 6º, VIII, e NCPC, art. 373, II – Relação contratual não demonstrada e débito não provados à falta de juntada de faturas – Negativação indevida – Súmula STJ 385 inaplicável - Dano moral in re ipsa caracterizado - Indenização devida - Sentença mantida - Recurso desprovido e majorados honorários advocatícios (NCPC, art. 85, §11)."
1017140-14.2024.8.26.0576,20302556,Apelação Cível,Fornecimento de Energia Elétrica,Simões de Almeida,São José do Rio Preto,13ª Câmara de Direito Privado,13,Direito Privado,18/03/2026,19/03/2026,5000.0,False,False,136,"APELAÇÃO – Ação declaratória de inexigibilidade de débito c.c. indenização por danos morais – Irregularidade em medidor de consumo de energia elétrica – Ausência de provas de que o consumidor seja efetivamente o responsável pela alteração constatada por Termo de Ocorrência e Inspeção – Concessionária que não seguiu todo o procedimento previsto na Resolução da Aneel – Inexistência de apresentação do registro fotográfico e de comprovação de participação do consumidor - Prova de culpa ou de responsabilidade exclusiva do consumidor não produzida nos autos – Inexistência de demonstração de correta apuração dos valores devidos sob o contraditório e ampla defesa do consumidor – Débito declarado inexigível – Danos morais – Corte de energia elétrica – Danos morais caracterizados – Quantum indenizatório arbitrado em R$ 5.000,00, levando-se em conta os princípios da proporcionalidade e razoabilidade– Recurso provido."
1007093-21.2023.8.26.0477,20302615,Apelação Cível,Bancários,Salles Vieira,Praia Grande,24ª Câmara de Direito Privado,24,Direito Privado,19/03/2026,19/03/2026,8000.0,False,True,172,"""APELAÇÃO - AÇÃO DECLARATÓRIA C.C. INDENIZATÓRIA – CONTRATO DE EMPRÉSTIMO CONSIGNADO – DESCONTO DE PARCELAS DO BENEFÍCIO PREVIDENCIÁRIO – DANOS MORAIS – QUANTUM– I- Sentença de parcial procedência – Apelo da autora – II- Ausente recurso por parte do banco réu, incontroversa a ilegalidade dos descontos levados a efeito no benefício previdenciário da autora, assim como a existência dos danos materiais e morais, estando caracterizada a falha na prestação de serviços - Inconformismo da autora que se restringe à possibilidade de majoração dos danos morais fixados na r. sentença – III- Indenização que deve ser fixada com base em critérios legais e doutrinários - Indenização bem fixada pela sentença em R$8.000,00, ante as peculiaridades do caso, quantia que se mostra suficiente para indenizar a autora e, ao mesmo tempo, coibir o réu de atitudes semelhantes - Ação parcialmente procedente - Sentença mantida – IV- Deixa-se de majorar os honorários advocatícios, nos termos do art. 85, §11, do CPC, uma vez que a autora restou integralmente vencida em seu recurso - Apelo improvido""."
1009677-57.2025.8.26.0100,20300683,Apelação Cível,Prestação de Serviços,Ana Luiza Villa Nova,São Paulo,25ª Câmara de Direito Privado,25,Direito Privado,19/03/2026,19/03/2026,5000.0,True,False,283,"APELAÇÃO - Prestação de serviços – Administração de aplicativo de mensagens – Ação de obrigação de fazer c.c. indenização por dano moral – Desativação de conta no WhatsApp – Relação de consumo - Legitimidade passiva – Reconhecimento – Ré Facebook que pertence ao mesmo grupo econômico que o WhatsApp (Meta Platforms Inc.), responsável, por consequência, pela administração do aplicativo no Brasil – Precedentes – Alegação de que a conta estaria ""ativa"" fundada apenas em consulta pública, sem comprovação técnica de restabelecimento integral – Persistência do interesse de agir, pois o objeto da demanda envolve não apenas o restabelecimento pontual da conta, mas também a obtenção de tutela jurisdicional apta a impedir novas suspensões arbitrárias e fixar a responsabilidade pela desativação unilateral e imotivada – Satisfação parcial da obrigação no curso do processo não configura perda do objeto, quando remanescem efeitos futuros e controvérsia sobre a legalidade da conduta - Mérito – Relação de consumo - Ré que não se desincumbiu do ônus de demonstrar a legitimidade do bloqueio - Ausência de notificação adequada ou individualização da conduta violadora dos termos de uso - Falha na prestação de serviços - Responsabilidade objetiva da fornecedora (art. 14 do CDC) - Ausência de excludente – Possibilidade de cumprimento da obrigação e ausência de violação aos limites da jurisdição – Inteligência do art. 11 da Lei do Marco Civil da Internet – Dano moral caracterizado – Conta utilizada como principal meio de comunicação social do autor – Situação que ultrapassa o mero aborrecimento – Indenização fixada em R$ 5.000,00 – Necessidade de restabelecimento integral do acervo digital, nos termos do princípio da reparação integral – Precedentes deste E. TJSP – Sentença parcialmente reformada - Recurso parcialmente provido."
1004543-83.2025.8.26.0606,20294958,Apelação Cível,Fornecimento de Água,Daniel Blikstein,Suzano,37ª Câmara de Direito Privado,37,Direito Privado,14/03/2026,18/03/2026,5000.0,True,True,124,"APELAÇÃO – Ação de obrigação de fazer c.c indenização por danos morais . Decisão de parcial procedência.
RECURSO DO RÉU – Comprovação da documentação necessária para instalação do serviço de água. Descabimento de negativa. Dever de indenizar pelo transtorno por tempo considerável com menor em casa. Sentença confirmada por seus próprios fundamentos nos termos do art. 252 do RITJSP. Desprovimento.
RECURSO DA PARTE AUTORA – Descabimento de majoração da verba indenizatória por dano moral fixada em R$ 5.000,00 (para R$ 10.000,00), que atende aos critérios da proporcionalidade e razoabilidade, bem como o caráter compensatório. Sentença confirmada por seus próprios fundamentos nos termos do art. 252 do RITJSP. Desprovimento.
Cabimento de majoração da verba honorária. Provimento.
Recurso do réu desprovido e da autora parcialmente provido."
1019593-63.2023.8.26.0625,20294153,Apelação Cível,Fornecimento de Energia Elétrica,Décio Rodrigues,Taubaté,21ª Câmara de Direito Privado,21,Direito Privado,18/03/2026,18/03/2026,,False,False,54,"APELAÇÃO. Sentença de procedência de ação declaratória de inexigibilidade de débito c.c indenização por danos morais e materiais, com troca de medidor de energia elétrica em desconformidade com as normas protetivas do CDC. Sentença confirmada por seus próprios fundamentos, nos termos do art. 252 do Regimento Interno deste E. Tribunal de Justiça. Recurso improvido."
1007270-64.2024.8.26.0019,20287133,Apelação Cível,Bancários,Regina Aparecida Caro Gonçalves,Americana,Núcleo 4.0-T. I (DP2),,,16/03/2026,16/03/2026,5354.2,True,False,518,"Direito do consumidor. Contratos de consumo. Bancários. Apelação cível. Ação declaratória de inexigibilidade cumulada com pedido de reparação por danos material e moral. Golpe do motoboy. Fraude em cartão de débito. Compras que destoam do perfil de consumo da parte autora. Falha na prestação do serviço bancário. Responsabilidade objetiva. Danos material e moral configurados. Correção, de ofício, dos consectários legais da condenação. Desprovimento.

I. Caso em exame
1. Apelação cível interposta por instituição financeira contra sentença que, em ação declaratória de inexigibilidade de débito cumulada com indenização por danos materiais e morais, reconheceu e declarou a nulidade de transações realizadas na função débito, condenou o réu à restituição de R$ 5.354,20 e ao pagamento de R$ 5.000,00 a título de danos morais , além de honorários fixados em 15% sobre o valor da condenação. A autora foi vítima do denominado ""golpe do motoboy"", tendo realizado inserção do cartão e digitação de senha sob induzimento fraudulento, ocasião em que foram efetivadas seis transações sequenciais atípicas, que consumiram o saldo da conta e a tornaram negativa.

II. Questões em discussão
2. Há três questões em discussão: (i) definir se a instituição financeira responde pelas transações realizadas mediante fraude conhecida como ""golpe do motoboy""; (ii) estabelecer se estão configurados danos materiais e morais indenizáveis; e (iii) determinar o termo inicial e o índice aplicável aos juros e à correção monetária da condenação.

III. Razões de decidir
3. Configurada a falha na prestação do serviço diante da ausência de mecanismos eficazes de segurança aptos a identificar e bloquear transações manifestamente suspeitas, realizadas em sequência, em curto espaço de tempo, em valores irrisórios típicos de ""teste"" e em montantes elevados que destoam do perfil da consumidora.
4. É afastada a alegação de fortuito externo e de culpa exclusiva da vítima, pois a fraude insere-se no risco da atividade bancária (fortuito interno), incumbindo à instituição financeira zelar pela segurança das operações e dos dados bancários.
5. Restou evidenciado o dano material, pois os valores foram efetivamente subtraídos da conta da autora, cujo saldo positivo tornou-se negativo após as transações fraudulentas.
6. O dano moral ficou caracterizado em razão do vilipêndio aos dados pessoais e bancários, da sensação de insegurança e da expressiva perda patrimonial, que resultou, inclusive, em saldo negativo, circunstâncias que superam o mero dissabor cotidiano.
7. É fixado, de ofício, o termo inicial dos juros de mora a partir da citação, nos termos do art. 405 do Código Civil, por se tratar de responsabilidade contratual, determinando-se a aplicação da Taxa SELIC, sem cumulação com outro índice, para o período posterior à citação, e, quanto ao dano material, a incidência do IPCA desde o prejuízo até a citação, aplicando-se, após, exclusivamente a SELIC, conforme entendimento do STJ (Tema 1.368 e AgInt no AREsp 2.059.743/RJ).

IV. Dispositivo
8. Apelação cível conhecida e desprovida. 
_________ 
Dispositivos relevantes citados: Regimento Interno do TJSP, art. 252; CPC, art. 85, § 11; CC, arts. 389, 397, parágrafo único, e 405.
Jurisprudência relevante citada: STJ, Tema 1306 e 1368 e AgInt no AREsp n. 2.059.743/RJ; TJSP, Apelação Cível nº 1006326-34.2025.8.26.0405, Apelação Cível nº 1002353-60.2025.8.26.0441 e Apelação Cível nº 1064058-52.2024.8.26.0002."
1031413-37.2025.8.26.0002,20282304,Apelação Cível,Overbooking,Castro Figliolia,São Paulo,12ª Câmara de Direito Privado,12,Direito Privado,16/03/2026,16/03/2026,3000.0,True,True,185,"APELAÇÃO – AÇÃO DE INDENIZAÇÃO POR DANOS MATERIAIS E MORAIS JULGADA PARCIALMENTE PROCEDENTE – TRANSPORTE AÉREO DE PASSAGEIROS – PASSAGEIRA IMPEDIDA DE EMBARCAR EM VOO INTERNARCIONAL EM RAZÃO DA DIVERGÊNCIA DO NOME CONSTANTE DA PASSAGEM COM O DE SEU PASSAPORTE – CULPA CONCORRENTE RECONHECIDA - CONDENAÇÃO DA RÉ NO PAGAMENTO DE METADE DA INDENIZAÇÃO POR DANOS MATERIAIS E MORAIS – recurso da autora – falha na prestação do serviço caracterizada – art. 8º da Resolução 400/16 da ANAC que determina a retificação da passagem até o momento do check-in – providência não adotada pela empresa aérea – direito à restituição do valor integral despendido para aquisição de nova passagem - dano moral que se patenteou - hipótese que não é de mero aborrecimento banal, mas de dano moral - quantum fixado pela magistrada de 1º grau (R$ 3.000,00) que deve ser majorado não para o valor pleiteado pela apelante, mas para R$ 5.000,00 (cinco mil reais) – valor adequado às circunstâncias do fato, proporcional ao dano e com observância ao caráter educativo-punitivo que compõe a indenização na hipótese – sentença reformada - recurso parcialmente provido."
2322673-06.2025.8.26.0000,20280680,Agravo de Instrumento,Compra e Venda,Daniela Cilento Morsello,Jundiaí,9ª Câmara de Direito Privado,9,Direito Privado,13/03/2026,13/03/2026,,False,False,83,"AGRAVO DE INSTRUMENTO. ADJUDICAÇÃO COMPULSÓRIA INVERSA. CUMPRIMENTO DE SENTENÇA. Decisão que manteve a exigência de prévio recolhimento do ITBI para efetivar a transferência do imóvel aos promitentes compradores. Irresignação dos exequentes. Acolhimento. Fato gerador do ITBI que somente ocorre após a efetiva transferência do bem por meio de registro em cartório. Descabida a exigência de prévia comprovação do recolhimento do tributo pelos promitentes vendedores. Aplicação do Tema nº1.124 do E. Supremo Tribunal Federal. Precedentes deste E. Tribunal de Justiça. Recurso provido, com determinação."
1012096-42.2024.8.26.0114,20271302,Apelação Cível,Evicção ou Vicio Redibitório,Carlos Dias Motta,Campinas,26ª Câmara de Direito Privado,26,Direito Privado,12/03/2026,12/03/2026,10000.0,False,False,169,"Ação indenizatória. Sentença de parcial procedência. Apelo das corrés. As apelantes venderam ferragens que deveriam suportar o peso de uma cama retrátil tamanho queen, mas que não suportaram, respondendo solidariamente com o marceneiro corréu pelos danos causados à apelada, nos termos da legislação consumerista. A indenização moral é devida pelo dispêndio de tempo excessivo na resolução do caso, situação que ultrapassa o campo do mero dissabor cotidiano, atraindo a incidência da teoria do desvio produtivo do consumidor. O valor fixado a título de danos morais (R$ 10.000,00), atendeu aos princípios da proporcionalidade e da razoabilidade, observada, ainda, a gravidade da conduta, a extensão do dano, a finalidade de desestímulo ao ofensor e a condição pessoal e econômica dos envolvidos. Não há falar em exclusão/redução da referida condenação, suficiente para compensar o dano experimentado pela apelada, ausente enriquecimento ilícito. Sentença mantida. Honorários recursais. Elevação em 2% da verba honorária advocatícia de sucumbência, totalizando 12% da condenação atualizada (art. 85, §§ 1º e 11, do CPC/15), não da causa. Apelação desprovida."
1006566-22.2019.8.26.0344,20269768,Apelação Cível,Acidente de Trânsito,Encinas Manfré,Marília,3ª Câmara de Direito Público,3,Direito Público,14/02/2026,12/03/2026,30000.0,True,True,338,"APELAÇÕES. RESPONSABILIDADE CIVIL. DANOS MORAL E ESTÉTICO, ALÉM DE PENSÃO VITALÍCIA. PROVIMENTO PARCIAL DOS RECURSOS.

I. CASO EM EXAME

Apelações contra a sentença pela qual procedentes os pedidos de reparação de danos moral e estético, bem ainda de pagamento de pensão vitalícia, haja vista acidente na rodovia administrada pela concessionária ré devido à presença de animal (equino) na pista.

II. QUESTÃO EM DISCUSSÃO 

As questões em discussão consistem na verificação acerca de: i) ilegitimidade passiva; ii) responsabilidade da ré pelos danos suportados pelo autor; iii) configuração dos danos moral e estético; iv) cabimento de pensão vitalícia; v) ser caso de adequação dos valores arbitrados na sentença.
 
III. RAZÕES DE DECIDIR

Rejeição da arguição preliminar da ré acerca de ilegitimidade passiva. 
Comprovação do nexo causal entre a falha na prestação do serviço público e os danos suportados pelo autor. 
Reponsabilidade civil objetiva. Danos moral e estético configurados. Autor que, em razão do acidente, padece atrofia e déficit de força muscular no membro superior esquerdo, apresenta dores e limitação parcial dos movimentos do ombro e do punho, além de cicatrizes. 
Por sinal, considera-se caso de majoração do valor da indenização por dano moral para R$ 30.000,00 e de redução do ""quantum"" fixado para reparação do dano estético para R$ 5.000,00.
Manutenção da pensão vitalícia, haja vista incapacidade parcial e permanente constatada mediante laudo decorrente de perícia. Porém, determinação para realização de nova perícia na fase de liquidação de sentença tão somente para verificação do nível dessa incapacidade. 

IV. DISPOSITIVO

Provimento parcial dos recursos.

V. LEGISLAÇÃO E JURISPRUDÊNCIA RELEVANTES CITADAS

Constituição Federal, artigo 37, § 6º.
STJ, Recurso especial 1.908.738/SP (tema 1.122), Rel. Min. Ricardo Villas Bôas Cueva, Corte Especial, j. 21 de agosto de 2024.
TJSP, Apelação 1003273-19.2014.8.26.0506, 1ª. Câm. de Direito Público, Rel. Des. Rubens Rihl, j. 18.2.2025; apelação 1007718-66.2019.8.26.0066, 3ª. Câm. de Direito Público, Rel. Des. Kleber Leyser de Aquino, j. 1º.12.2022; apelação 1001758-98.2019.8.26.0529, 3ª. Câm. de Direito Público, Rel. Des. Marrey Uint, j. 10.4.2022; apelação 1006756-59.2021.8.26.0038, 1ª. Câm. de Direito Público, Rel. Des. Magalhães Coelho, j. 18.11.2025."
1001475-11.2023.8.26.0602,20266097,Apelação Cível,Bancários,Mônica Soares Machado,Sorocaba,Núcleo 4.0-T. VIII (DP2),,,07/03/2026,11/03/2026,8000.0,True,False,605,"APELAÇÃO. DIREITO DO CONSUMIDOR. NULIDADE CONTRATUAL C/C REPETIÇÃO DE INDÉBITO EM DOBRO E INDENIZAÇÃO POR DANOS MORAIS . EMPRÉSTIMO CONSIGNADO. NEGATIVA DE CONTRATAÇÃO. SENTENÇA DE PARCIAL PROCEDÊNCIA. RECURSO PARCIALMENTE PROVIDO.
I. CASO EM EXAME: Apelação do banco contra sentença que julgou parcialmente procedente a demanda, declarando a inexistência do contrato de empréstimo consignado, condenando o apelante a restituir os valores descontados e ao pagamento de indenização por danos morais arbitrados em R$ 8.000,00, bem como impondo à autora o dever de depositar judicialmente o valor creditado em sua conta. O réu sustenta, em síntese, ausência de responsabilidade por se tratar de fraude cometida por terceiro, inexistência de dano moral , desproporcionalidade do valor fixado e necessidade de alteração do termo inicial dos juros de mora incidentes sobre a indenização por danos morais .
II. QUESTÃO EM DISCUSSÃO: 1. Saber se é possível reconhecer a validade do contrato impugnado, cuja assinatura foi reputada falsa pela perícia; 2. Se subsiste a condenação por danos morais e restituição simples dos valores descontados. 3. Se há razão para alteração do marco inicial dos juros de mora.
III. RAZÕES DE DECIDIR: Autora negou assinatura válida no contrato de empréstimo consignado – Laudo pericial grafotécnico conclusivo atestando que a assinatura aposta no contrato não partiu do punho da autora – Fraude devidamente caracterizada – Ausência, portanto, de autorização expressa e válida para a realização dos descontos, impondo-se a declaração de inexistência da relação jurídica – Era ônus do réu a comprovação iniludível de contratação idônea (Art. 373, II, do CPC) – Descumprimento – Contratação inválida – Ausência de prova estreme de dúvida da manifestação volitiva válida da parte autora – Falha na prestação do serviço – Responsabilidade objetiva da instituição financeira por fraudes praticadas no âmbito de suas operações – Súmula 479 do STJ e art. 14 do CDC – Inexigibilidade dos valores descontados – Necessária devolução dos valores – Dano moral caracterizado – Descontos indevidos incidentes sobre benefício previdenciário, verba de natureza alimentar – Reduções aptas a comprometer a subsistência da autora – Todavia, o valor fixado a título indenizatório na sentença revela-se excessivo diante das peculiaridades do caso concreto – Adequada a sua redução para R$ 5.000,00, em observância aos princípios da razoabilidade e da proporcionalidade – Valor em consonância com os parâmetros indenizatórios usualmente adotados por esta Corte em casos análogos – Mantida a restituição simples dos valores descontados – Mantido o termo inicial dos juros de mora incidentes sobre a indenização por danos morais , conforme fixado na sentença – Juros moratórios que, em tese, deveriam incidir a partir do evento danoso, nos termos da Súmula nº 54 do STJ – Impossibilidade, contudo, de reformatio in pejus – Mantida a fixação da citação como termo inicial.
IV. DISPOSITIVO E TESES: Recurso parcialmente provido, apenas para reduzir a indenização por danos morais para R$ 5.000,00, mantidos os demais termos da sentença.
Teses de julgamento: 1. A falsidade de assinatura em contrato bancário configura nulidade absoluta. 2. A instituição financeira responde objetivamente por fraude praticada por terceiro em operação bancária, por se tratar de fortuito interno. 3. Nulidade da contratação mantida, com restituição dos valores descontados indevidamente. 4. O desconto indevido em benefício previdenciário configura dano moral indenizável, por afetar verba alimentar essencial à subsistência.
Legislação Citada: CDC, Art. 14; Art. 6º, inc. VIII; CPC, Art. 373, II.
Jurisprudência Citada: STJ, Súmulas nºs 54 e 479.
TJSP; Apelação Cível 1002878-13.2022.8.26.0032; Rel. Léa Duarte; Núcleo de Justiça 4.0 em Segundo Grau Turma IV (Direito Privado 2); j: 28/02/2025; 
TJSP; Apelação Cível 1000983-26.2024.8.26.0071; Rel.: Ricardo Hoffmann; Núcleo de Justiça 4.0 em Segundo Grau – Turma IV (Direito Privado 2); j: 15/12/2025."
1015554-16.2022.8.26.0477,20265932,Apelação Cível,Troca ou Permuta,Coelho Mendes,Praia Grande,10ª Câmara de Direito Privado,10,Direito Privado,11/03/2026,11/03/2026,10000.0,False,False,98,"APELAÇÃO CÍVEL. COMPROMISSO DE PERMUTA DE IMÓVEL POR ÁREA CONSTRUÍDA. AÇÃO DE RESCISÃO CONTRATUAL CUMULADA COM INDENIZAÇÃO. Sentença de parcial procedência. Inconformismo da autora. Danos morais . Ocorrência. Situação excepcional que extrapola o mero inadimplemento contratual. Entrega de imóvel residencial da autora (pessoa idosa) para incorporação. Obras não iniciadas e decretação de falência da construtora. Interrupção do pagamento de aluguel social. Frustração da expectativa de moradia e risco à subsistência. Dever de indenizar reconhecido. Quantum indenizatório fixado em R$ 10.000,00 (dez mil reais), em observância aos princípios da razoabilidade e proporcionalidade. Sentença reformada neste ponto. 

RECURSO PARCIALMENTE PROVIDO."
0004404-38.2008.8.26.0609,20265621,Apelação Cível,Vícios de Construção,Alexandre Lazzarini,Taboão da Serra,9ª Câmara de Direito Privado,9,Direito Privado,11/03/2026,11/03/2026,,False,False,191,"DIREITO CIVIL. APELAÇÃO. CONTRATOS. VÍCIO CONSTRUÇÃO. RECURSO NÃO PROVIDO.
I. Caso em Exame 1. Ação visando a condenação da incorporadora a abater o valor dos reparos no imóvel e ao pagamento de danos materiais, morais e perdas e danos. Constatados defeitos no imóvel, a incorporadora não cumpriu os prazos para reparos, resultando em reforma pelos proprietários.
II. Questão em Discussão 2. A questão em discussão consiste em (i) responsabilidade da incorporadora por vícios construtivos e (ii) obrigação de reparação dos danos materiais e morais.
III. Razões de Decidir 3. A responsabilidade da incorporadora é objetiva, conforme art. 618 do Código Civil e art. 12 do Código de Defesa do Consumidor, respondendo solidariamente pelos vícios da construção. 4. A incorporadora não impugnou a existência dos vícios e não comprovou o reembolso dos reparos realizados pelos autores, devendo arcar com os custos.
IV. Dispositivo e Tese 5. Recurso desprovido.
Tese de julgamento: 1. A responsabilidade da incorporadora por vícios construtivos é objetiva e solidária. 2. A incorporadora deve arcar com os custos dos reparos e indenizar por danos morais .
Legislação Citada: Código Civil, art. 618; Código de Defesa do Consumidor, art. 12."
1003496-40.2025.8.26.0100,20262904,Apelação Cível,Tratamento médico-hospitalar,Gilberto Franceschini,São Paulo,Núcleo 4.0-T. III (DP1),,,11/03/2026,11/03/2026,10000.0,True,False,291,"DIREITO DO CONSUMIDOR. APELAÇÃO. PLANO DE SAÚDE. NEGATIVA DE COBERTURA EM UTI. CARÊNCIA CONTRATUAL. URGÊNCIA. SENTENÇA MANTIDA. RECURSO DA RÉ DESPROVIDO.

I. Caso em Exame
1. Recurso de apelação interposto pelo Centro Trasmontano de São Paulo contra sentença que julgou procedente ação de obrigação de fazer cumulada com indenização por danos morais , determinando a autorização e custeio de internação em UTI e condenando ao pagamento de R$ 10.000,00 por danos morais .

II. Questão em Discussão 
2. A questão em discussão consiste em (i) verificar a configuração de dano moral indenizável pela negativa de cobertura em situação de emergência e (ii) avaliar a razoabilidade do valor arbitrado para a indenização.

III. Razões de Decidir 
3. A negativa de cobertura em situação de urgência é abusiva, conforme art. 35-C da Lei nº 9.656/98 e Súmula nº 103 do TJSP. 
4. A negativa de cobertura em urgência configura dano moral , conforme jurisprudência do STJ.
5. Dano moral mantido em R$ 10.000,00.

IV. Dispositivo e Tese 
6. Recurso desprovido. 

Tese de julgamento: 1. Situação de urgência que afasta a cláusula de carência contratual. 2. A negativa de cobertura em situação de urgência é abusiva. 3. Recusa de cobertura de tratamento/procedimento em situação de urgência, pautada em cláusula contratual de carência, enseja reparação por danos morais .

Legislação Citada:
Lei nº 9.656/98, art. 35-C, art. 12, inciso V, alínea ""c"".

Jurisprudência Citada:
STJ, REsp n. 2.198.561/SE, Rel. Min. Daniela Teixeira, Terceira Turma, j. 23/6/2025.
TJSP, Apelação Cível 1029926-35.2024.8.26.0562, Rel. Mara Trippo Kimura; Órgão Julgador: Núcleo de Justiça 4.0 em Segundo Grau – Turma III (Direito Privado 1), j. 09/10/2025.
TJSP; Apelação Cível 1008932-13.2021.8.26.0005, Rel. Rosana Santiso; Órgão Julgador: Núcleo de Justiça 4.0 em Segundo Grau – Turma IV (Direito Privado 1), j. 12/02/2026."
1039408-32.2016.8.26.0224,20260749,Apelação Cível,Acidente de Trânsito,Alfredo Attié,Guarulhos,27ª Câmara de Direito Privado,27,Direito Privado,10/03/2026,10/03/2026,,False,False,186,"ACIDENTE DE TRÂNSITO. AÇÃO INDENIZATÓRIA COM RECONVENÇÃO. Sentença de parcial procedência do pedido principal e de improcedência do pedido reconvencional. Reforma parcial. Dinâmica do acidente comprovada pelas provas documental, pericial e oral. Autor que conduzia uma motocicleta e réu um veículo. Ambos passaram a discutir, por razões não esclarecidas. Autor que passou a conduzir em zigue-zague sua motocicleta. Veículo do réu que abalroou a traseira da motocicleta do autor, causando o acidente e os danos corporais devidamente descritos e comprovados pela prova pericial, inclusive as sequelas. Presume-se a responsabilidade do condutor do veículo que abalroa o veículo à frente, por não guardar distância mínima de segurança, apta a permitir a frenagem em tempo suficiente para evitar colisões. Culpa concorrente, todavia, demonstrada. Autor que passou a conduzir sua motocicleta de forma imprudente, em zigue-zague, e contribiu para o acidente. Partes que iniciaram discussão de trânsito desnecessária, acirrando ainda mais os ânimos. Indenizações reduzidas pela metade, nos termos do art. 945 do CC. Danos materiais, morais e estéticos devidamente comprovados. Indenizações que não comportam redução. Danos materiais do réu comprovados, acolhendo-se parcialmente o pedido reconvencional.
RECURSO PARCIALMENTE PROVIDO."
1045048-46.2024.8.26.0576,20261225,Apelação Cível,Tratamento médico-hospitalar,Gilberto Franceschini,São José do Rio Preto,Núcleo 4.0-T. III (DP1),,,10/03/2026,10/03/2026,3000.0,True,False,275,"DIREITO DO CONSUMIDOR. APELAÇÃO. OBRIGAÇÃO DE FAZER C.C. INDENIZAÇÃO POR DANOS MORAIS . SUSPENSÃO DO PLANO POR INADIMPLÊNCIA. RECURSO DA RÉ PARCIALMENTE PROVIDO.

I. Caso em Exame
1. Recurso de apelação interposto por Austaclínicas Assistência Médica Hospitalar Ltda. contra sentença que julgou parcialmente procedentes os pedidos de obrigação de fazer e indenização por danos morais , propostos por Gabriela Branco de Azevedo Batista, devido à interrupção de atendimento médico por suposta inadimplência.

II. Questão em Discussão
2. A questão em discussão consiste em verificar: (i) a responsabilidade da operadora pelos fatos, considerando a gestão financeira pela ACIRP; (ii) a legalidade da suspensão e recusa/interrupção do atendimento; (iii) a configuração do dano moral ; e (iv) a adequação do quantum indenizatório.

III. Razões de Decidir
3. A operadora é responsável solidariamente pela negativa de atendimento, conforme o Código de Defesa do Consumidor e a Súmula 608 do STJ.
4. A interrupção do atendimento sem notificação prévia viola o dever de informação e a boa-fé objetiva, configurando falha na prestação do serviço, ensejando a reparação por danos morais .

IV. Dispositivo e Tese
5. Dá-se parcial provimento ao recurso para reduzir a indenização por danos morais para R$ 3.000,00, mantendo-se a sentença nos demais termos.

Tese de julgamento: 1. A operadora é solidariamente responsável pela negativa de atendimento. 2. A interrupção do atendimento sem notificação prévia configura falha na prestação do serviço.

Legislação Citada:
Código de Defesa do Consumidor, art. 7º, parágrafo único; art. 14.
Lei nº 9.656/1998, art. 13, parágrafo único, inciso II.

Jurisprudência Citada:
STJ, AgRg no AI 598700/SP, 3ª Turma, Rel. Min. Antônio de Pádua Ribeiro, j. 08.03.2005.
STJ, Súmula 326.
STJ, Tema 1.059."
1007086-10.2024.8.26.0084,20259686,Apelação Cível,Bancários,Ricardo Hoffmann,Campinas,Núcleo 4.0-T. IV (DP2),,,10/03/2026,10/03/2026,20000.0,True,False,721,"DIREITO DO CONSUMIDOR E PROCESSUAL CIVIL. APELAÇÕES CÍVEIS. EMPRÉSTIMO CONSIGNADO FRAUDULENTO. DESERÇÃO. NÃO CONHECIMENTO DE RECURSO. RESPONSABILIDADE OBJETIVA. DESCONTOS INDEVIDOS EM BENEFÍCIO PREVIDENCIÁRIO. DANO MORAL IN RE IPSA. TERMO INICIAL DOS JUROS. HONORÁRIOS POR EQUIDADE. RECURSO DE UMA DAS RÉS NÃO CONHECIDO. RECURSO DO AUTOR PARCIALMENTE PROVIDO.
I. Caso em exame
1. Apelações cíveis interpostas por Tadeu José de Oliveira e por FACTA Financeira S/A contra sentença que julgou parcialmente procedente a ação declaratória de inexistência de relação jurídica cumulada com repetição de indébito, para declarar inexistente o contrato de empréstimo consignado firmado em nome do autor junto à FACTA, determinar a restituição em dobro dos valores descontados de seu benefício previdenciário e julgar improcedente o pedido em face do Banco Daycoval S/A. O autor pretende a condenação do Banco Daycoval, a fixação de indenização por danos morais em R$ 20.000,00 e a incidência de juros moratórios desde o evento danoso. A corré FACTA sustenta a validade da contratação e, subsidiariamente, requer restituição simples e compensação de valores.
II. Questão em discussão
2. Há quatro questões em discussão: (i) definir se o recurso da corré FACTA Financeira S/A preenche os pressupostos de admissibilidade; (ii) estabelecer se o Banco Daycoval S/A responde pelos danos decorrentes da fraude; (iii) determinar o cabimento e o valor da indenização por danos morais ; e (iv) fixar o termo inicial dos juros moratórios e o critério de arbitramento dos honorários advocatícios.
III. Razões de decidir
3. O não recolhimento integral do preparo recursal, mesmo após intimação para complementação, configura deserção e impede o conhecimento do recurso, nos termos dos arts. 932, III, e 1.007, §4º, do CPC.
4. A relação entre as partes é de consumo, aplicando-se o Código de Defesa do Consumidor às instituições financeiras, conforme Súmula 297 do STJ.
5. A responsabilidade objetiva por fortuito interno recai sobre a instituição que celebrou o contrato fraudulento, nos termos do art. 14 do CDC e da Súmula 479 do STJ.
6. Não há prova de vínculo contratual vicioso entre o autor e o Banco Daycoval S/A, nem de participação da instituição nos descontos realizados, tendo seu nome sido utilizado apenas como fachada pelos fraudadores, o que afasta sua responsabilização.
7. O desconto indevido em benefício previdenciário, verba de natureza alimentar, configura dano moral in re ipsa, pois ultrapassa o mero aborrecimento e gera constrangimento e desvio do tempo produtivo do consumidor.
8. A indenização por dano moral deve observar os princípios da razoabilidade e proporcionalidade, evitando enriquecimento sem causa e assegurando caráter compensatório e pedagógico, sendo adequado o arbitramento em R$ 5.000,00 conforme parâmetros adotados pela Turma Julgadora.
9. Tratando-se de ilícito extracontratual, os juros moratórios sobre a repetição do indébito incidem desde cada desconto indevido, nos termos do art. 398 do CC e da Súmula 54 do STJ.
10. Quando o proveito econômico se revela irrisório diante do trabalho desenvolvido, admite-se a fixação de honorários por equidade, nos termos do art. 85, §§2º e 8º, do CPC, não vinculando o juiz à tabela da OAB, fixando-se a verba em R$ 3.000,00.
IV. Dispositivo e tese
11. Recurso de FACTA Financeira S/A não conhecido. Recurso do autor parcialmente provido.
Tese de julgamento: ""1. O não recolhimento integral do preparo recursal, mesmo após intimação, enseja a deserção e o não conhecimento do recurso. 2. A instituição financeira que celebra contrato fraudulento responde objetivamente pelos danos decorrentes de fortuito interno. 3. A utilização indevida do nome de instituição financeira por fraudadores, sem demonstração de vínculo contratual ou participação nos fatos, afasta sua responsabilidade civil. 4. O desconto indevido em benefício previdenciário configura dano moral presumido. 5. Em caso de ilícito extracontratual, os juros moratórios incidem desde o evento danoso. 6. É cabível a fixação de honorários advocatícios por equidade quando o proveito econômico se mostrar irrisório ou inadequado à remuneração digna do patrono.
Dispositivos relevantes citados: CPC, arts. 85, §§2º e 8º, 488, 932, III, e 1.007, §4º e 1.025; CC, arts. 398 e 406; CDC, art. 14; Lei nº 14.365/2022, art. 85, §8º-A; CF/1988, art. 5º, X.
Jurisprudência relevante citada: STJ, Súmulas 54, 297, 326 e 479; STJ, AgInt no AREsp 566.793/SP, Rel. Min. Maria Isabel Gallotti; STJ, EREsp 1.413.542/RS, Rel. Min. Herman Benjamin, Corte Especial, j. 21.10.2020; STJ, AgInt no AREsp 2.610.440/DF, Rel. Min. Benedito Gonçalves, j. 31.03.2025; TJSP, Apelação Cível 1006556-45.2022.8.26.0320, Rel. Des. Léa Duarte."
1017786-60.2025.8.26.0003,20257252,Apelação Cível,Bancários,Swarai Cervone de Oliveira,São Paulo,Núcleo 4.0-T. VI (DP2),,,10/03/2026,10/03/2026,,True,False,149,"DIREITO DO CONSUMIDOR. APELAÇÃO. INEXIGIBILIDADE DE DÉBITO E INDENIZAÇÃO POR DANOS MATERIAIS E MORAIS. PARCIAL PROVIMENTO. 1. Ação declaratória de inexigibilidade de débito cumulada com indenizatória por danos materiais e morais, decorrente de falha na prestação de serviços bancários após furto de celular. Sentença de primeiro grau declarou inexigíveis os empréstimos e determinou restituição de valores descontados, com abatimento de saldo remanescente. Danos morais inicialmente julgados improcedentes. 2. A questão em discussão envolve: (i) a validade das contratações de empréstimos e transferências via PIX após furto do celular; (ii) o dever de indenizar por danos materiais e morais. 3. Aplica-se ao caso o Código de Defesa do Consumidor, havendo responsabilidade objetiva do banco por falha na segurança das operações. 4. Reconhece-se, além do dano material descrito na sentença, a ocorrência dano moral pelo desvio produtivo causado ao autor. 5. Recurso do réu desprovido e recurso do autor parcialmente provido."
1003924-42.2023.8.26.0407,20250272,Apelação Cível,Vícios de Construção,Jane Franco Martins,Osvaldo Cruz,2ª Câmara de Direito Privado,2,Direito Privado,09/03/2026,09/03/2026,10000.0,True,True,714,"DIREITO CIVIL E DO CONSUMIDOR. APELAÇÃO CÍVEL. VÍCIOS CONSTRUTIVOS. RESPONSABILIDADE DA CONSTRUTORA. DANO MATERIAL E MORAL. RECURSO DA RÉ DESPROVIDO E RECURSO DOS AUTORES PROVIDO, COM AJUSTE DE OFÍCIO. 


I. Caso em exame 
Cuidam-se de apelações interpostas por ambas as partes contra sentença que julgou parcialmente procedente ação de indenização por vícios construtivos. A decisão inicial condenou a construtora ao pagamento de danos materiais, excluindo o BDI (Benefícios e Despesas Indiretas), e afastou o pedido de danos morais . Os autores-apelantes buscam a inclusão do BDI, a condenação por danos morais e a majoração dos honorários. A ré-apelante argui nulidade por cerceamento de defesa, falta de interesse de agir em razão de termo de quitação, e, no mérito, a ausência de responsabilidade e a incorreção dos consectários legais.


II. Questão em discussão 
2. Há seis questões em discussão: (i) saber se a não produção de prova emprestada e a ausência de prazo para alegações finais configuram cerceamento de defesa; (ii) saber se o termo de quitação assinado na entrega do imóvel obsta a reclamação por vícios; (iii) saber se a indenização por danos materiais deve abranger o percentual relativo ao BDI; (iv) saber se os vícios construtivos que frustram a expectativa da casa própria geram dano moral indenizável; (v) saber como devem ser aplicados os juros de mora e a correção monetária após a vigência da Lei nº 14.905/2024; e (vi) saber como devem ser redistribuídos os ônus da sucumbência em face da reforma da sentença.


III. Razões de decidir 
3. As preliminares de nulidade por cerceamento de defesa são rejeitadas. O juiz é o destinatário final da prova (art. 370, CPC), e o laudo pericial produzido mostrou-se suficiente para o deslinde da controvérsia, tornando diligências adicionais protelatórias. A ausência de prazo para alegações finais não gerou prejuízo concreto à defesa, pois o debate técnico foi exaurido. 4. O termo de quitação assinado na entrega do imóvel não afasta o interesse de agir quanto aos vícios, que se manifestam com o tempo e não são perceptíveis em vistoria sumária, sendo aplicável o prazo prescricional decenal do art. 205 do Código Civil. 5. A responsabilidade da construtora é manifesta, pois o laudo pericial concluiu que os vícios são endógenos (originados na construção), configurando violação ao dever de informação e à boa-fé objetiva (art. 30, CDC; art. 422, Código Civil), ao entregar produto diverso do ofertado. 6. O BDI (Benefícios e Despesas Indiretas) deve integrar a condenação por danos materiais, pois não constitui mero lucro, mas um componente técnico indispensável que cobre custos indiretos do reparo, assegurando a reparação integral do dano. 7. A frustração, a insegurança e o abalo à tranquilidade decorrentes da descoberta de múltiplos vícios construtivos na casa própria ultrapassam o mero dissabor e configuram dano moral , arbitrado em R$ 10.000,00, valor considerado razoável e proporcional. 8. Os consectários legais são ajustados de ofício para adequação à Lei nº 14.905/2024, em observância ao princípio tempo rege o ato (""tempus regit actum""). A correção monetária e os juros de mora são calculados de forma escalonada, aplicando-se a Tabela Prática do TJSP e juros de 1% ao mês até 29/08/2024, e, a partir de 30/08/2024, o IPCA para correção e a taxa SELIC para juros, com a devida dedução.

IV. Dispositivo e tese 9. SENTENÇA REFORMADA. NEGA-SE PROVIMENTO AO RECURSO DA RÉ, DÁ-SE PROVIMENTO AO RECURSO DOS AUTORES E, DE OFÍCIO, AJUSTAM-SE OS CONSECTÁRIOS LEGAIS. 

Tese de julgamento: 1. O termo de quitação outorgado no recebimento do imóvel não impede o consumidor de reclamar por vícios construtivos, que se manifestam durante o uso e o tempo, aplicando-se o prazo prescricional decenal. 2. O BDI (Benefícios e Despesas Indiretas) compõe a indenização por danos materiais decorrentes de vícios construtivos, por ser indispensável à reparação integral do prejuízo. 3. A frustração da legítima expectativa de segurança e habitabilidade da casa própria, em razão de múltiplos vícios de construção, configura dano moral indenizável. 4. Os consectários legais da condenação devem ser adequados de ofício para refletir a legislação vigente ao tempo do pagamento, aplicando-se as alterações da Lei nº 14.905/2024 a partir de sua vigência, em respeito ao princípio tempo rege o ato (""tempus regit actum"").


SENTENÇA REFORMADA. NEGA-SE PROVIMENTO AO RECURSO DA RÉ, DÁ-SE PROVIMENTO AO RECURSO DOS AUTORES E, DE OFÍCIO, AJUSTAM-SE OS CONSECTÁRIOS LEGAIS."
1016017-51.2024.8.26.0100,20248818,Apelação Cível,Cancelamento de vôo,José Wagner de Oliveira Melatto Peixoto,São Paulo,37ª Câmara de Direito Privado,37,Direito Privado,06/03/2026,06/03/2026,,True,True,106,"DIREITO DO CONSUMIDOR – CONTRATOS DE CONSUMO - TRANSPORTE AÉREO INTERNACIONAL – Ação de indenização por danos materiais e morais – À falta de recurso da parte ré restou acobertada pela coisa julgada a decisão que determinou a indenização por danos materiais e morais - Controvérsia recursal: valor da indenização por dano moral e honorários – Valor majorado em consonância com o evento danoso (cancelamento com realocação 2 dias após) – Pleito de fixação de verba honorária referente à ""sucumbência recursal"" – Não cabimento – Hipóteses do NCPC, art. 85, §11, não configuradas – Precedentes do C. STJ - Sentença parcialmente modificada – Recurso parcialmente provido."
1071940-28.2025.8.26.0100,20248994,Apelação Cível,Atraso de vôo,Simões de Almeida,São Paulo,13ª Câmara de Direito Privado,13,Direito Privado,06/03/2026,06/03/2026,10000.0,False,False,128,"APELAÇÃO – Ação de indenização por danos materiais e morais – Transporte aéreo internacional – Atraso em voo de conexão que ensejou perda do outro voo de conexão e chegada ao destino com atraso de vinte horas – Aplicação do Código de Defesa do Consumidor - Alegação de restrições operacionais de segurança – Responsabilidade objetiva da companhia aérea – Fortuito interno – Falha na prestação do serviço – Fatos que extrapolam o mero aborrecimento – Danos morais configurados - Quantum indenizatório devidamente arbitrado em consonância aos princípios da proporcionalidade e razoabilidade e de acordo com o patamar adotado por Câmaras deste e. Tribunal de Justiça de São Paulo em casos semelhantes, considerando os desdobramentos dos fatos narrados, no valor de R$ 10.000,00 (dez mil reais) - Recurso provido."
1003043-25.2025.8.26.0236,20249380,Apelação Cível,Bancários,JAIRO BRAZIL,Ibitinga,19ª Câmara de Direito Privado,19,Direito Privado,06/03/2026,06/03/2026,5000.0,True,False,118,"DECLARATÓRIA CUMULADA COM INDENIZAÇÃO POR DANO MORAL . Contrato de seguro. Autora que nega a contratação de seguro. Banco requerido que não demonstrou satisfatoriamente nos autos a contratação alegada por ele, a ser devida a restituição dos valores descontados. 'print' juntado aos autos que é insuficiente para comprovar a contratação impugnada. Contrato supostamente firmado em terminal eletrônico, sem conhecimento das cláusulas e condições. Dever de informação imposto pelo CDC não observado. Abusividade e falha na prestação dos serviços. RESTITUIÇÃO EM DOBRO. Cabimento. Requisitos presentes. DANO MORAL . Ocorrência. Situação vivenciada pela apelante que não se traduz em meros aborrecimentos ou simples dissabores. Dano ""in re ipsa"". Indenização arbitrada em R$ 5.000,00 (cinco mil reais). Sentença reformada. Apelação provida."
1002052-25.2023.8.26.0396,20244036,Embargos de Declaração Cível,Alienação Fiduciária,Morais Pucci,Novo Horizonte,26ª Câmara de Direito Privado,26,Direito Privado,06/03/2026,06/03/2026,,False,False,48,"Embargos de declaração. Omissão no julgado, que não fixou os critérios para apuração do valor devido do financiamento, a ser deduzido do montante a ser pago à ré caso impossível a devolução do veículo pelo autor. Omissão aclarada nesta oportunidade. Acórdão mantido quanto aos demais termos. Embargos acolhidos."
1001177-23.2024.8.26.0266,20237135,Apelação Cível,Prestação de Serviços,Michel Chakur Farah,Itanhaém,28ª Câmara de Direito Privado,28,Direito Privado,23/02/2026,05/03/2026,4000.0,True,False,206,"APELAÇÃO - Prestação de serviço - Ação indenizatória - Reparo em veículo automotor - Alegação inicial de falha no serviço - Sentença de improcedência – Reforma - Necessidade – Alegação do réu de que deu ciência ao autor acerca da necessidade de retífica completa do motor do veículo – Negativa do autor – Falta de prova a respeito – Direito à informação que não foi respeitado – Motor do veículo que veio a fundir posteriormente, com aumento de despesas para conserto - Lucros cessantes – Não comprovação – Autor que não indica com precisão a data em que o motor fundiu – Impossibilidade de indenização pelo período em que o veículo ficou na oficina do réu para reparo ou tentativa de conserto– Gastos com aluguel de novo veículo – Possibilidade- Autor que necessitou alugar carro para exercer a profissão de motorista de aplicativo – Despesa extraordinária que deve ser suprida – Dano moral - Existência – Fato que extrapola o mero aborrecimento – Valor módico, contudo, tendo em vista que o réu devolveu, antes do ajuizamento da ação, o valor cobrado, e ainda diante da modesta condição dele como mecânico – Valor arbitrado em R$4.000,00, que atende aos principios da razoabilidade e proporcionalidade- Recurso parcialmente provido."
1002217-92.2025.8.26.0011,20235181,Apelação Cível,Bancários,Guilherme Santini Teodoro,São Paulo,Núcleo 4.0-T. II (DP2),,,04/03/2026,04/03/2026,,False,False,183,"BANCÁRIO. Ação declaratória de inexigibilidade de débito e reparação por danos moral e material. Golpe do falso advogado. Sentença de procedência. Inconformismo do réu. Realização de transações bancárias não autorizadas (empréstimos e transferências via PIX), após contato telefônico com falso escritório de advocacia. Falha na prestação do serviço do banco por falta de medidas de segurança: vulnerabilidade do sistema bancário e ausência de bloqueio de transferências atípicas. Operações de valor expressivo, destinadas a terceiros sem vínculo prévio com o autor. Hipótese de caso fortuito interno (Súmula 479 do STJ). Culpa concorrente da vítima caracterizada. O autor violou o dever de cautela ao seguir instruções dos fraudadores, entrar no aplicativo do banco e executar os comandos indicados, contribuindo para o êxito da fraude. Danos patrimoniais evidenciados, com arbitramento de reparação em 50% do prejuízo. Inteligência do art. 945 do Código Civil. Precedentes. Danos morais inexistentes. Autor que concorreu para o golpe. Falta de provas de ofensa à dignidade do consumidor em razão da momentânea indisponibilidade do dinheiro ou da demora ou resistência do réu em resolver a questão. Recurso do réu provido em parte."
1016735-51.2024.8.26.0196,20233864,Apelação Cível,Acidente de Trânsito,Marcos de Lima Porta,Franca,Núcleo 4.0-T. V (DP3),,,04/03/2026,04/03/2026,,False,False,99,"APELAÇÃO CÍVEL. ACIDENTE DE TRÂNSITO. 
Preliminar. Ilegitimidade passiva da requerida Raquel. Provas que indicam que o veículo foi vendido ao condutor requerido antes do acidente, transferindo a propriedade pela tradição. Feito extinto nos termos do artigo 485, VI, do CPC. Mérito. Indenização por danos materiais e morais. Sentença de parcial procedência. Insurgência da parte requerida alegando culpa exclusiva da requerente. Não cabimento. Sentença suficientemente fundamentada. Inteligência do art. 252 do Regimento Interno do TJ/SP. Sentença reformada em parte para julgar extinto o feito nos termos do artigo 485, VI do CPC, em relação à co-requerida Raquel. Recurso parcialmente provido."
1018419-51.2024.8.26.0506,20229508,Apelação Cível,Bancários,Ricardo Pessoa de Mello Belli,Ribeirão Preto,19ª Câmara de Direito Privado,19,Direito Privado,03/03/2026,03/03/2026,5000.0,True,False,450,"Apelação – Serviços bancários – Ação cominatória c.c. indenizatória – Golpe da falsa central de atendimento – Autoras que receberam contato telefônico de suposto preposto da instituição financeira oferecendo procedimento de segurança – Desse modo ilaqueadas, as autoras realizaram transferências por ""pix"" para conta de terceiros – Sentença de rejeição dos pedidos – Irresignação parcialmente procedente. 1. Preliminar de infração ao princípio da dialeticidade. Afastamento. Peça recursal dando cumprimento ao pressuposto do art. 1.010, III, do CPC. 2. Impugnação aos benefícios da gratuidade da justiça suscitada em contrarrazões, não merecendo ser conhecida. Preclusão em torno do tema, uma vez que, concedida a gratuidade na decisão inicial do processo, a ré não cuidou de ofertar impugnação em contestação, o que seria de rigor, nos termos do art. 100, ""caput"", do CPC. 3. Aparato eletrônico colocado pelos bancos e outros grandes fornecedores à disposição dos clientes cuja finalidade maior é a de poupar gastos com a contratação de pessoal e de agilizar os negócios realizados com a massa consumidora. Desarrazoado pretender carrear ao consumidor os riscos inerentes a operações assim realizadas, notadamente em não havendo sistema de segurança eficiente para afastar ou minimizar o risco. Fraude de que trata a demanda em exame representando episódio frequente e podendo ser evitado mediante a adoção de sistema de detecção de operações que fujam ao perfil do consumidor, para efeito de consulta prévia sobre a autoria e legitimidade dessas operações. Operações, ademais, com padrão típico de fraude. Inequívoca a responsabilidade civil da instituição financeira mantenedora das contas das autoras nessas circunstâncias 4. Instituição de pagamento PAGSEGURO da qual, por seu turno, era exigível, nas circunstâncias, a demonstração da regular abertura da conta, nos termos das Resoluções BACEN nº 96/21 e nº 4.753/19. Prova não produzida. Pagamentos realizados mediante transferências por ""pix"" dirigidas à indigitada conta. Existência da conta que representou importante ingrediente para a verificação da fraude. Falha no serviço da instituição corré evidenciada, a ensejar a respectiva responsabilidade civil. Precedentes deste Tribunal e do STJ. 5. Aplicação da teoria do risco da atividade, expressa no art. 14 do CDC. Hipótese se enquadrando no enunciado da Súmula 479 do STJ. 6. Culpa concorrente das autoras caracterizada. Vítimas que, não obstante os frequentes alertas sobre golpes dessa natureza, seguiram instruções de terceiros desconhecidos por telefone e aplicativo de mensagens, realizando operações atípicas sem confirmação pelos canais oficiais da instituição financeira. Aplicação do art. 945 do CC. 7. Dano moral caracterizado, mas reduzido em razão da culpa concorrente. Indenização arbitrada em R$ 5.000,00, sob responsabilidade solidária das rés. 8. Sentença reformada, para proclamar a parcial procedência da demanda e repartir igualitariamente a responsabilidade pelas verbas da sucumbência. 

Afastaram as questões preliminares e deram provimento parcial à apelação."
1006987-61.2024.8.26.0271,20230555,Apelação Cível,Associação,Daniela Cilento Morsello,Itapevi,9ª Câmara de Direito Privado,9,Direito Privado,03/03/2026,03/03/2026,1500.0,False,False,124,"APELAÇÃO. AÇÃO DE OBRIGAÇÃO DE FAZER C.C PEDIDO DE INDENIZAÇÃO POR DANOS MORAIS . Sentença de parcial procedência para determinar a exclusão pelo réu da postagem efetuada em suas redes sociais e condená-lo ao pagamento de indenização fixada em R$1.500,00 (um mil e quinhentos reais). Irresignação do requerido. Não acolhimento. Manifestações do demandado que extrapolaram o direito à liberdade de pensamento e expressão (artigo 5º, incisos IV e IX, da Constituição Federal). Dano extrapatrimonial demonstrado. Apelante que compartilhou publicação com termos pejorativos e vinculou-a à página oficial da autora. Eventual não configuração do crime de difamação que não afasta o dano suportado pela parte autora. Utilização do termo ""máfia"" que, no contexto da publicação, macula a honra objetiva da apelada. Sentença mantida. Recurso desprovido."
1005847-54.2024.8.26.0024,20229979,Agravo Interno Cível,Vícios de Construção,J.L. Mônaco da Silva,Andradina,5ª Câmara de Direito Privado,5,Direito Privado,03/03/2026,03/03/2026,,False,False,146,"AGRAVO INTERNO - Interposição contra decisão do relator que negou seguimento aos recursos - Inconformismo - Desacolhimento - Inexistência de ofensa ao princípio da colegialidade - Art. 168, § 3º, do RITJSP que confere ao relator a prerrogativa de negar seguimento a recurso manifestamente improcedente - Interposição de agravo interno ou de agravo regimental que afasta, ademais, a alegada violação ao referido princípio - Precedentes do Colendo Superior Tribunal de Justiça - Sentença apelada que julgou procedente a ação de indenização por danos matérias e morais por vícios construtivos - Preliminar de ilegitimidade passiva que não comporta acolhimento, considerando que o contrato de compra e venda foi com ela firmado - Prova técnica que foi clara ao atribuir os danos à execução da obra, afastando a alegação de mau uso ou ausência de manutenção como causa exclusiva das patologias verificadas - Decisão mantida - Recurso desprovido."
1012795-13.2023.8.26.0229,20219003,Apelação Cível,Espécies de Títulos de Crédito,Cristina Di Giaimo Caboclo,Hortolândia,11ª Câmara de Direito Privado,11,Direito Privado,28/02/2026,28/02/2026,8000.0,True,False,89,"APELAÇÃO. AÇÃO DECLARATÓRIA DE INEXIGIBILIDADE DE DÉBITO C.C. INDENIZAÇÃO POR DANOS MORAIS . Sentença de parcial procedência, com declaração da inexistência e inexigibilidade da operação e condenação do requerido ao pagamento de indenização por danos morais no valor de R$ 8.000,00. Insurgência do réu, que não se desincumbiu de seu ônus probatório. Documentos apresentados que são insuficientes para comprovar a regularidade do débito. Declaração de inexistência do débito devida. DANO MORAL . Quantum indenizatório arbitrado que comporta redução para R$ 5.000,00, nas circunstâncias do caso concreto. Recurso parcialmente provido."
1008502-38.2025.8.26.0032,20216047,Apelação Cível,Empréstimo consignado,José Wagner de Oliveira Melatto Peixoto,Araçatuba,37ª Câmara de Direito Privado,37,Direito Privado,27/02/2026,27/02/2026,,True,False,303,"DIREITO DO CONSUMIDOR – CONTRATOS DE CONSUMO – BANCÁRIOS – Ação declaratória e indenizatória – Sentença de procedência – Preliminar de falta de interesse processual, rejeitada – Desnecessidade de prévio esgotamento da via administrativa, diante da garantia constitucional da inafastabilidade da jurisdição e do direito de ação (art. 5º, XXXV da CF) – Interesse de agir caracterizado – Precedentes desta Corte – Empréstimo consignado – Negativa de contratação – Hipótese em que o banco apresentou documentos relativos à contratação – Autora que nega a autenticidade da assinatura aposta no contrato apresentado – Banco que não se interessou em produzir prova de perícia grafotécnica, de seu ônus (CPC, art. 428, II e 429, II) – Réu que não se desincumbiu do ônus de provar a existência da relação jurídica geradora do débito – Aplicação do Tema Repetitivo 1.061 do C. STJ – Contratação não provada – Convalidação do negócio jurídico – Descabimento – Contrato nulo que não se convalida com o decurso do tempo – CC, art. 169 – Precedente – Responsabilidade objetiva – Súmula STJ 479 – Partes que tornam ao estado anterior em que se encontravam, revertendo-se débitos e créditos com compensação - Repetição de indébito em dobro, com base no art. 940 do CC e art. 42 do CDC, que nas circunstâncias resulta incabível por ausência de dolo ou má-fé – Correção monetária e juros de mora – Incidências a contar de cada pagamento – Dano de natureza extracontratual – Súmula STJ 54 – Parcelas cobradas anteriormente ao quinquênio que antecede o ajuizamento da ação atingidas pela prescrição – Precedentes do STJ e da Corte – Dano moral – Inocorrência – Situação que não ultrapassou a seara do mero aborrecimento – Indenização desconstituída – Ação parcialmente procedente – Decaimento recíproco – Ônus adequados – Sentença parcialmente modificada – Recurso parcialmente provido."
1108552-67.2022.8.26.0100,20213465,Apelação Cível,Estabelecimentos de Ensino,Grakiton Satiro Aragão,São Paulo,27ª Câmara de Direito Privado,27,Direito Privado,27/02/2026,27/02/2026,10000.0,True,False,89,"RESPONSABILIDADE CIVIL. Prestação de serviços educacionais. Ação de indenização por danos morais . Inscrição indevida em cadastro de inadimplentes após a quitação de contrato de financiamento estudantil (PRAVALER). Erro de premissa na sentença que confundiu negativação pública com mera oferta no ""Serasa Limpa Nome"". Prova documental que confirma a publicidade da restrição e a inexistência do débito. Dano moral in re ipsa configurado. Responsabilidade objetiva da instituição de ensino. Quantum indenizatório fixado em R$ 10.000,00, em observância aos princípios da razoabilidade e proporcionalidade. Inversão do ônus sucumbencial. Recurso provido."
1003423-68.2025.8.26.0100,20210918,Apelação Cível,Prestação de Serviços,Luciane Jabur Mouchaloite Figueiredo,São Paulo,25ª Câmara de Direito Privado,25,Direito Privado,27/02/2026,27/02/2026,5000.0,False,False,191,"APELAÇÃO – AÇÃO DE OBRIGAÇÃO DE FAZER CUMULADA COM INDENIZATÓRIA – PRESTAÇÃO DE SERVIÇOS – Provedora de aplicação de internet – Invasão por fraudadores da conta mantida pelo autor na rede social Facebook – Sentença que condena a ré na obrigação de recuperação da conta e ao pagamento de indenização de R$ 5.000,00 por danos morais – Insurgência da ré – Parcial acolhimento – CONVERSÃO DA OBRIGAÇÃO EM PERDAS E DANOS – Cabimento – Conta mantida pelo apelado na plataforma Facebook removida há quase três anos – Alegação de impossibilidade de restabelecimento verossímil, ante o grande lapso temporal desde a remoção da conta – Má-fé da apelante que não se pode presumir – Impossibilidade de restabelecimento reconhecida – Inteligência do art. 499 do CPC – Perdas e danos fixadas em R$ 5.000,00 – ASTREINTES – Pleito de exclusão – Impossibilidade – O fato de ser reconhecida a impossibilidade de cumprimento da obrigação de fazer não exclui a multa cominatória fixada anteriormente, a teor do art. 500 do CPC – Multa cominatória fixada em até R$ 10.000,00, o que se mostra razoável e proporcional e não merece reparos – Recurso parcialmente provido."
1035759-19.2018.8.26.0053,20210956,Apelação Cível,Acidente de Trânsito,Mário Daccache,São Paulo,29ª Câmara de Direito Privado,29,Direito Privado,27/02/2026,27/02/2026,,False,True,155,"Acidente de trânsito – Atropelamento – Ação indenizatória – Sentença de parcial procedência em relação ao corréu Diego e de extinção sem exame do mérito, por ilegitimidade passiva, em relação ao corréu Antônio – Apelo da autora – Parcial provimento – Responsabilidade do réu Antônio – Inexistência – Súmula 132, do Superior Tribunal de Justiça – Parcial procedência da demanda em relação ao réu Diego – Razão à autora – Pensionamento mensal – Pedido parcialmente procedente – Redução da capacidade laborativa – Correta a incidência da pensão mensal – Valor a esse título limitado ao percentual da incapacidade (17,25%) – Com base na Súmula 490, do Supremo Tribunal Federal, fixa-se o valor da pensão em 29,75% sobre o salário mínimo vigente nacionalmente, desde a data do acidente – Indenização por lucros cessantes – Improcedência – Bis in idem – Indenização por danos morais e estéticos – Majoração – Recurso ao qual se dá parcial provimento."
1017622-67.2025.8.26.0562,20209269,Apelação Cível,Espécies de Títulos de Crédito,Simões de Vergueiro,Santos,16ª Câmara de Direito Privado,16,Direito Privado,27/02/2026,27/02/2026,10000.0,True,False,306,"*RECURSOS DE APELAÇÃO INTERPOSTOS PELOS OCUPANTES DO POLO PASSIVO DA LIDE CONTRA R. SENTENÇA PELA QUAL FOI JULGADA PROCEDENTE AÇÃO DECLARATÓRIA DE INEXISTÊNCIA DO DÉBITO, C.C. CANCELAMENTO DE PROTESTO E INDENIZAÇÃO POR DANO MORAL – ALEGAÇÃO DE FORTUÍTO EXTERNO, COM ATRIBUIÇÃO DE CULPA EXCLUSIVA PELA INSCRIÇÃO INDEVIDA A FINANCEIRA – EMPRESA RECORRENTE QUE SERIA A REAL RESPONSAVEL PELA BAIXA NO DÉBITO DEVIDO PELO AUTOR, TANTO É QUE ADMITIU CULPA PELO OCORRIDO – RESPONSABILIDADE SOLIDÁRIA, NOS EXATOS TERMOS EM QUE DEFINIDOS PELOS ARTIGOS 7º, PARÁGRAFO ÚNICO, E 14, AMBOS DO CÓDIGO DE DEFESA DO CONSUMIDOR – PRECEDENTES NESSE SENTIDO - PRELIMINAR AFASTADA - ALEGAÇÃO DE INCORREÇÃO, COM PEDIDO DE REFORMA, E COM O AFASTAMENTO DA OBRIGAÇÃO DE INDENIZAR/COMPENSAR – PEDIDO ALTERNATIVO DE REDUÇÃO DO VALOR FIXADO A TÍTULO DE COMPENSAÇÃO – SABESB QUE DEIXOU DE AGIR COM DILIGÊNCIA E NÃO PROCEDEU A BAIXA NO DÉBITO, GERANDO A INSCRIÇÃO INDEVIDA DO NOME DA AUTORA - BANCO CORRÉU QUE NÃO FORNECEU AUXÍLIO AO CONSUMIDOR, CONCORRENDO COM RESPONSABILIDADE PELO ATO INDEVIDO – CORRETA APRECIAÇÃO DA MATÉRIA À LUZ DAS PROVAS ENCARTADAS AOS AUTOS – FALHA NA PRESTAÇÃO DO SERVIÇO - IMPERATIVA DECLARAÇÃO DA INEXIGIBILIDADE DOS VALORES CONTRATADOS, EM ATENÇÃO AOS MOLDES EM QUE DETERMINADO PELO JUÍZO - DANOS MORAIS QUE DECORREM DA CONDUTA INEFICIENTE LEVADA A CABO PELAS CORRÉS - NEGATIVAÇÃO INDEVIDA - RESPONSABILIDADE CONFIRMADA – VALOR DE COMPENSAÇÃO FIXADO EM R$ 10.000,00 (DEZ MIL REAIS) – INDEVIDA REDUÇÃO PORQUE FIXADA EM VALORES ADEQUADOS A REALIDADE - VALOR QUE NÃO POSSA SER CONSIDERADO EXCESSIVO, MUITO MENOS DESPROPORCIONAL EM RELAÇÃO AOS MALEFÍCIOS EXPERIMENTADOS PELA RECORRIDA - REAPRECIAÇÃO PORMENORIZADA DA R. SENTENÇA QUE IMPLICARÁ EM DESNECESSÁRIA REPETIÇÃO DOS ADEQUADOS FUNDAMENTOS DO PENSAMENTO ADOTADO PELO JUÍZO – SIMPLES RATIFICAÇÃO DOS TERMOS DA R. DECISÃO DE 1° GRAU, UMA VEZ QUE SE MOSTRA SUFICIENTEMENTE MOTIVADA, E BEM CALCADA EM PROVAS - RECURSOS NÃO PROVIDOS.*"
1003444-47.2025.8.26.0099,20207707,Apelação Cível,Bancários,FLAVIA BEATRIZ GONCALEZ DA SILVA,Bragança Paulista,38ª Câmara de Direito Privado,38,Direito Privado,27/02/2026,27/02/2026,5000.0,False,False,147,"Apelação cível – Ação declaratória de inexigibilidade de débito c.c. indenização por danos morais – Cartão de crédito – Fraude bancária – Golpe da falsa central – Realização de compras vultosas e atípicas de criptoativos, incompatíveis com o perfil de consumo da autora – Falha na prestação do serviço – Responsabilidade objetiva da instituição financeira – Fortuito interno – Aplicação da Súmula 479 do STJ – Culpa exclusiva da vítima afastada – Inexigibilidade dos débitos reconhecida – Restituição simples dos valores indevidamente debitados – Danos morais configurados – Dano in re ipsa – Indenização fixada em R$ 5.000,00, com observância aos princípios da razoabilidade e proporcionalidade – Sentença reformada em parte – Honorários advocatícios do patrono do autor fixados em 10% do valor da condenação – Honorários advocatícios do patrono da ré fixados em 10% do quanto a autora sucumbiu em sua pretensão – Recurso parcialmente provido."
1003795-39.2020.8.26.0020,20207878,Apelação Cível,Direito de Vizinhança,Paulo Alonso,São Paulo,30ª Câmara de Direito Privado,30,Direito Privado,11/02/2026,27/02/2026,,False,True,249,"Apelações. Direito Civil. Direito de vizinhança. Ação indenizatória. Desabamento de muro. Prova pericial que concluiu pelo nexo de causalidade entre o fato (tombamento do muro) e o ato atribuído ao réu (deslocamento irregular de terra). Danos materiais. Indenização limitada às apurações periciais. Danos morais . Mero dissabor. Adequação dos honorários advocatícios conforme o valor da condenação líquida. Apelação do autor desprovida. Recurso do réu provido em parte mínima. Sentença de parcial procedência mantida.

1. Caso em exame: 
1.1. Direito de Vizinhança. Desabamento de muro. Ação indenizatória julgada parcialmente procedente em primeira instância, para impor a reparação dos danos materiais. 
1.2. Recurso do réu insistindo na improcedência da ação ou redução da indenização. 
1.3. Recurso do autor insistindo na majoração da indenização material e a condenação por danos morais .
2. Questão em discussão: 
Verificar se a indenização por danos materiais foi fixada em valor adequado e se o fato gerou danos morais ao autor. 
3. Decisão da Turma Julgadora/Razões de decidir: 
3.1. Danos materiais. Arbitramento consoante as apurações do perito e documentação encartada aos autos. Valor que não comporta alteração.
3.2. Danos morais . Ofensa extrapatrimonial não configurada. Ausente exposição do autor à situação vexatória ou que pudesse gerar abalo psicológico. Mero aborrecimento.
3.3. Honorários advocatícios. Sucumbência recíproca. Condenação em valor líquido. Fixação nos termos do art. 85, § 2º, do CPC. 
4. Dispositivo:
Recurso do autor desprovido. Recurso do réu provido em parte mínima. Sentença de parcial procedência mantida, com adequação dos termos de arbitramento dos honorários advocatícios."
1000400-17.2025.8.26.0100,20205096,Apelação Cível,Atraso de vôo,Simões de Almeida,São Paulo,13ª Câmara de Direito Privado,13,Direito Privado,26/02/2026,26/02/2026,5000.0,False,False,138,"APELAÇÃO – Ação de indenização por danos morais – Transporte aéreo internacional - Atraso de voo e extravio temporário de bagagem - Aplicação do Código de Defesa do Consumidor - Alegação de necessidade de manutenção da aeronave – Ausência de demonstração de regularidade dos serviços prestados – Fortuito interno - Responsabilidade objetiva da companhia aérea – Falha na prestação do serviço - Atraso final de cinco horas – Mala extraviada temporariamente no voo de ida, entregue à consumidora, que estava em país diverso daquele em que reside, com atraso - Fatos que extrapolam o mero aborrecimento – Quantum indenizatório – Arbitramento em R$ 5.000,00 - Valor fixado em consonância aos princípios da proporcionalidade e da razoabilidade e de acordo com o patamar adotado por este e. Tribunal de Justiça de São Paulo em casos semelhantes – Recurso provido."
1012594-65.2025.8.26.0224,20205049,Apelação Cível,Prestação de Serviços,L. G. Costa Wagner,Guarulhos,34ª Câmara de Direito Privado,34,Direito Privado,26/02/2026,26/02/2026,10000.0,False,False,276,"APELAÇÃO. AÇÃO DECLARATÓRIA DE INEXISTÊNCIA DE DÉBITO C./C. INDENIZAÇÃO A TÍTULO DE DANOS MORAIS E REPETIÇÃO DO INDÉBITO. PRESTAÇÃO DE SERVIÇO DE INTERNET. CONTRATO ORIUNDO DE FRAUDE. FORTUITO INTERNO. SENTENÇA DE IMPROCEDÊNCIA. RECURSO PARCIAL ACOLHIDO.
I. Trata-se de recurso de apelação interposto contra sentença que julgou improcedente a ação declaratória de inexistência de débito c./c. indenização por danos morais no importe de R$ 10.000,00 e repetição do indébito.
II. A questão em discussão consiste em verificar (i) a responsabilidade da Ré pela cobrança indevida, por conta do contrato oriundo de fraude, em razão das facilidades decorrentes da contratação à distância, (ii) avaliar a caracterização de danos morais em razão do desvio produtivo do consumidor, bem como (iii) eventual indenização da repetição do indébito.
III. Razões de Decidir: A Ré, na qualidade fornecedora de serviços, responde objetivamente pelos danos causados ao consumidor, conforme o artigo 14 do Código de Defesa do Consumidor. A contratação à distância, sem os devidos cuidados, gerou um contrato fraudulento, configurando fortuito interno e justificando a indenização por danos morais que merece ser arbitrado no importe de R$ 5.000,00, por conta do desvio produtivo do consumidor. Riscos do negócio decorrentes da facilitação da contratação à distância que não podem ser transferidos ao consumidor. Repetição do indébito que não merece prosperar, tendo em vista que não restou comprovado que a consumidora tenha efetuado o pagamento das faturas indevidas. Sentença reformada. Sucumbência invertida. 
IV. Tese de julgamento: 1. A responsabilidade objetiva do fornecedor abrange danos causados por falhas na prestação de serviços. 2. O desvio produtivo do consumidor é indenizável quando há perda de tempo útil para resolver problemas causados pelo fornecedor. 
RECURSO PARCIALMENTE PROVIDO."
1009781-24.2024.8.26.0152,20202933,Apelação Cível,Bancários,César Zalaf,Cotia,14ª Câmara de Direito Privado,14,Direito Privado,26/02/2026,26/02/2026,5000.0,False,False,104,"APELAÇÃO. AÇÃO DE INDENIZAÇÃO POR DANOS MATERIAIS E MORAIS. TRANSAÇÃO REALIZADA MEDIANTE COAÇÃO. SENTENÇA DE IMPROCEDÊNCIA. IRRESIGNAÇÃO DA AUTORA. ACOLHIMENTO PARCIAL. RESPONSABILIDADE DO BANCO DE ORIGEM. FALHA NA PRESTAÇÃO DE SERVIÇO CARACTERIZADA. TRANSAÇÃO QUE DESTOA FLAGRANTEMENTE DO PERFIL DE CONSUMO DA AUTORA. DEVER DE SEGURANÇA E MONITORAMENTO DE OPERAÇÕES ATÍPICAS DESCUMPRIDO. FORTUITO INTERNO. SÚMULA 479 DO STJ. AUSÊNCIA DE RESPONSABILIDADE DO BANCO RECEBEDOR. TRIANGULAÇÃO DE VALORES. AUSÊNCIA DE FALHA NO DEVER DE VIGILÂNCIA DA INSTITUIÇÃO DEPOSITÁRIA NO CASO CONCRETO. DANO MATERIAL. RESTITUIÇÃO INTEGRAL DO VALOR SUBTRAÍDO. DANOS MORAIS . FIXAÇÃO EM R$5.000,00, EM OBSERVÂNCIA AOS PRICÍPIOS DA RAZOABILIDADE E PROPORCIONALIDADE. RECURSO PROVIDO EM PARTE."
1012932-57.2024.8.26.0003,20199368,Apelação Cível,Fornecimento de Energia Elétrica,Caio Marcelo Mendes de Oliveira,São Paulo,32ª Câmara de Direito Privado,32,Direito Privado,25/02/2026,25/02/2026,,False,False,72,"PRESTAÇÃO DE SERVIÇOS DE FORNECIMENTO DE ENERGIA ELÉTRICA – Ação declaratória de inexistência de débito c/c indenizatória julgada parcialmente procedente – Quitação da dívida antes do vencimento do débito – Constatado erro do sistema interno da ré - Restrição indevida no nome da ré no rol de devedores - Prejuízo moral evidenciado – Arbitramento que deve atender a critérios de proporcionalidade e razoabilidade, autorizada a sua readequação – Recurso provido, em parte."
1000386-44.2024.8.26.0334,20196645,Apelação Cível,Bancários,Francisco Giaquinto,Macaubal,13ª Câmara de Direito Privado,13,Direito Privado,25/02/2026,25/02/2026,,False,False,227,"*Ação declaratória de inexigibilidade de débito c.c repetição do indébito e indenização por danos morais – Contratação de empréstimo consignado não reconhecida pela autora – Alegação de fraude na contratação – Responsabilidade objetiva do réu (art. 14, do CDC) – Alegação do réu no sentido da regularidade da contratação, realizada em ambiente digital – Ausência de demonstração da adoção de todas as cautelas necessárias no ato da contratação, obstando a fraude – Ausência de comprovação da assinatura digital válida ou outros elementos a demonstrar a regularidade da operação – Regularidade da contratação não comprovada – Inexigibilidade do débito reconhecida – Aplicação da teoria do risco do negócio – Fortuito interno - Súmula 479 do STJ – Sentença mantida – Recurso do réu negado. 
 
Repetição do indébito – É devida a repetição dobrada dos valores das parcelas indevidamente descontadas do benefício previdenciário da autora – Contrato impugnado celebrado em maio de 2023 – Restituição dobrada em conformidade com o decidido pelo STJ, no acórdão proferido no EAREsp nº 600.663/RS, em 30/03/2021 – Recurso do réu negado. Danos morais – A ocorrência dos danos morais , no caso, comprova-se a partir da própria ocorrência do ato ilícito da violação (damnum in re ipsa) – Precedentes do TJSP – Indenização arbitrada em valor consentâneo aos princípios da proporcionalidade e razoabilidade, não comportando alteração – Recursos negados. 
 
Recurso provido em parte.*"
1002008-37.2025.8.26.0266,20196813,Apelação Cível,Bancários,Gustavo Santini Teodoro,Itanhaém,Núcleo 4.0-T. VII (DP2),,,25/02/2026,25/02/2026,,False,False,254,"DIREITO DO CONSUMIDOR. DIREITO BANCÁRIO. APELAÇÃO CÍVEL. REVISÃO DE CONTRATO DE EMPRÉSTIMO CONSIGNADO. JUROS REMUNERATÓRIOS ABUSIVOS. REPETIÇÃO DO INDÉBITO EM DOBRO. DANOS MORAIS . RECURSO PROVIDO. 
I. CASO EM EXAME 
Apelação do autor contra sentença que julgou parcialmente procedente ação revisional de contratos de empréstimo, limitando juros remuneratórios à média de mercado e determinando restituição simples dos valores pagos a maior.
II. QUESTÕES EM DISCUSSÃO 
Verificar se cabe repetição em dobro do indébito; determinar se configurados danos morais indenizáveis.
III. RAZÕES DE DECIDIR 
Aplica-se a tese do Tema 929/STJ, pois as cobranças indevidas ocorreram após a modulação de efeitos (30/03/2021), sem demonstração de engano justificável pelo fornecedor, autorizando a devolução em dobro nos termos do art. 42, parágrafo único, do CDC.
Configuram-se danos morais ante a condição de hipervulnerabilidade do autor idoso, com descontos em benefício alimentar que deixaram saldo irrisório na conta, comprometendo o mínimo existencial e violando a dignidade da pessoa humana.
IV. DISPOSITIVO E TESE 
Recurso provido. 
Tese de julgamento: 1. Cabe repetição em dobro do indébito quando a cobrança indevida decorre de conduta contrária à boa-fé objetiva, aplicável a fatos posteriores à modulação do Tema 929/STJ. 2. Configuram danos morais os descontos abusivos em benefício previdenciário de consumidor hipervulnerável que comprometem sua subsistência.
Dispositivos relevantes citados: CDC, art. 42, parágrafo único.
Jurisprudência relevante citada: STJ, Tema 929 (Embargos de Divergência em Agravo em Recurso Especial nº 676.608/RS); STJ, EAREsp nº 600.663/RS, Relator para Acórdão Min. Hermann Benjamin, DJe 30/03/2021; TJSP, Apelação Cível 1000343-39.2024.8.26.0486, Rel. Tasso Duarte de Melo, j. 04/02/2025."
1002602-84.2023.8.26.0407,20195403,Apelação Cível,Vícios de Construção,Jane Franco Martins,Osvaldo Cruz,2ª Câmara de Direito Privado,2,Direito Privado,24/02/2026,25/02/2026,10000.0,True,False,720,"DIREITO CIVIL E DO CONSUMIDOR. APELAÇÃO CÍVEL. VÍCIOS CONSTRUTIVOS. RESPONSABILIDADE DA CONSTRUTORA. DANO MATERIAL E MORAL. RECURSO DA RÉ DESPROVIDO. RECURSO DA AUTORA PROVIDO.

I.Caso em exame
Cuidam-se de apelações interpostas em ação de indenização por vícios construtivos em imóvel residencial. A r. sentença julgou o pedido parcialmente procedente para condenar a construtora ré ao pagamento de danos materiais, porém excluiu do montante os custos relativos à cobertura (estrutura metálica), à rede hidrossanitária (registro de água) e ao percentual de Benefícios e Despesas Indiretas (BDI), além de julgar improcedente o pleito de danos morais . Ambas as partes recorreram: a ré arguindo, preliminarmente, cerceamento de defesa e, no mérito, a improcedência da ação; a autora pugnando pela reparação integral dos danos materiais e pela condenação em danos morais .

II. Questão em discussão 
2. Há cinco questões em discussão: (i) saber se a não abertura de prazo para alegações finais escritas, após a produção de prova pericial, configura cerceamento de defesa que acarrete a nulidade da sentença; (ii) saber se a pretensão indenizatória se sujeita ao prazo decadencial do art. 26 do CDC ou ao prazo prescricional decenal do art. 205 do CC, especialmente quando fundada na violação do dever de informação; (iii) saber se os custos para reparo do telhado e do registro de água, bem como o percentual de BDI, devem integrar a condenação por danos materiais; (iv) saber se a existência de múltiplos vícios construtivos em imóvel novo configura dano moral indenizável; e (v) definir o regime de juros e correção monetária aplicável à condenação, considerando o advento da Lei nº 14.905/2024.

III. Razões de decidir 
3. Não há cerceamento de defesa quando, sendo a controvérsia eminentemente técnica, as partes tiveram ampla oportunidade de se manifestar sobre o laudo pericial, tornando o conjunto probatório suficiente para o livre convencimento motivado do julgador (art. 370 CPC). 4. A pretensão de reparação civil por vícios construtivos ocultos, fundada na violação do dever de informação e na quebra da boa-fé objetiva (Art. 422 do Código Civil), submete-se ao prazo prescricional decenal (art. 205 CC), e não ao prazo decadencial para vício aparente (art. 26 CDC). 5. A divergência entre o produto entregue (telhado com oxidação) e o modelo ofertado em material publicitário (com promessa de proteção e acabamento superior) configura violação à força vinculante da oferta (art. 30 CDC) e ao dever de informação (art. 6º, III, CDC), impondo-se a reparação integral, que inclui os custos para adequação do telhado e do registro de água, conforme apurado pela perícia. 6. O percentual de Benefícios e Despesas Indiretas (BDI) constitui elemento técnico indispensável à formação do preço de serviços de engenharia, devendo ser incluído na indenização por dano material para assegurar a reparação integral do prejuízo . 7. A frustração da legítima expectativa de usufruir de um imóvel novo e adequado à moradia (direito constitucionalmente assegurado), somada à insegurança e ao desconforto gerados por múltiplos vícios construtivos, ultrapassa o mero dissabor e configura dano moral passível de indenização fixados em R$ 10.000,00. 8. Os consectários legais, por serem matéria de ordem pública, são ajustados de ofício para se adequarem à sistemática da Lei nº 14.905/2024, aplicando-se a Tabela Prática do TJSP e, posteriormente, o IPCA-15 para a correção monetária, e juros de 1% ao mês e, em seguida, a taxa legal (SELIC deduzida do IPCA) para os juros de mora.

IV. Dispositivo e tese 9. SENTENÇA REFORMADA. RECURSO DA RÉ DESPROVIDO. RECURSO DA AUTORA PROVIDO. 
Tese de julgamento: 1. Não configura cerceamento de defesa o julgamento do feito sem a abertura de prazo para alegações finais quando a prova pericial, devidamente submetida ao contraditório, mostra-se suficiente para a resolução da controvérsia técnica. 2. A pretensão indenizatória por vícios construtivos ocultos, fundada na violação do dever de informação, sujeita-se ao prazo prescricional decenal do art. 205 do Código Civil. 3. A divergência entre o imóvel entregue e o modelo veiculado em publicidade viola a força vinculante da oferta (art. 30, CDC), justificando a condenação à reparação material integral, incluindo o percentual de BDI e os custos para adequação do bem às características ofertadas. 4. A quebra da justa expectativa de fruição de um imóvel residencial novo (direito a moradia constitucionalmente assegurado), em razão de múltiplos defeitos construtivos, configura dano moral indenizável.

SENTENÇA REFORMADA. RECURSO DA RÉ DESPROVIDO E RECURSO DA AUTORA PROVIDO."
1012233-41.2020.8.26.0477,20195127,Apelação Cível,Acidente de Trânsito,Vianna Cotrim,Praia Grande,26ª Câmara de Direito Privado,26,Direito Privado,25/02/2026,25/02/2026,,False,False,84,Acidente de trânsito - Ação indenizatória e denunciação a lide - Cerceamento de defesa não caracterizado - Extinção da reconvenção por ilegitimidade passiva acertada - Manobra de conversão realizada em local proibido - Prova concludente - Culpa da ré evidenciada - Lesões corporais e estéticas comprovadas por laudo do IML - Danos morais e estéticos cabíveis - Adequação da condenação ao pedido inicial na ação principal e na denunciação da lide - Necessidade - Redução dos danos estéticos determinada - Apelo provido em parte.
1049645-94.2025.8.26.0100,20188459,Apelação Cível,Atraso de vôo,JAIRO BRAZIL,São Paulo,19ª Câmara de Direito Privado,19,Direito Privado,24/02/2026,24/02/2026,10000.0,True,False,159,"INDENIZAÇÃO. TRANSPORTE AÉREO. ATRASO/CANCELAMENTO DE VOO. Contexto probatório a demonstrar a ocorrência de falha na prestação dos serviços pela companhia aérea. Alegação de caso fortuito ou força maior por problemas mecânicos e ou necessidade de manutenção não programada da aeronave que não exclui a responsabilidade da ré. Hipótese de fortuito interno. Fato previsível que integra o risco da atividade explorada pela companhia aérea, que não exclui sua responsabilidade, que, na hipótese, é objetiva, a teor do disposto no artigo 14, do Código de Defesa do Consumidor. DANO MORAL . Ocorrência. Dano ""in re ipsa"". ""Quantum"" indenizatório fixado em R$ 10.000,00 (dez mil reais) em atenção às circunstâncias do caso, ao caráter punitivo da medida, ao poderio econômico da companhia aérea e, ainda, em obediência aos princípios da equidade, razoabilidade e proporcionalidade. Quantia que proporciona justa indenização, sem se tornar em fonte de enriquecimento indevido. DANOS MATERIAIS. Gastos devidamente comprovados. Ressarcimento devido. Ação parcialmente procedente. Sentença reformada. Apelação parcialmente provida."
1002181-27.2024.8.26.0127,20186062,Apelação Cível,Fornecimento de Energia Elétrica,J.B. Paula Lima,Carapicuíba,32ª Câmara de Direito Privado,32,Direito Privado,23/02/2026,23/02/2026,3000.0,True,False,113,"Direito Civil. Apelação. Indenização por danos morais . falha na PRestação do serviço de fornecimento de energia elétrica. Recurso provido. Ação de indenização por danos morais devido à falha na prestação de serviço público essencial, com demora na religação de energia elétrica. A autora comprovou o pagamento das faturas vencidas e comunicou à concessionária, mas o restabelecimento do fornecimento ocorreu em prazo superior ao regulamentar de 24 horas, caracterizando falha na prestação do serviço. A demora excessiva na religação de serviço essencial configura dano moral in re ipsa, prescindindo de prova específica do prejuízo. O quantum indenizatório deve compensar os prejuízos morais sem enriquecimento ilícito. Verba indenizatória arbitrada em R$ 3.000,00. 
Recurso provido."
1000581-09.2025.8.26.0491,20185181,Apelação Cível,Bancários,Guilherme Santini Teodoro,Rancharia,Núcleo 4.0-T. II (DP2),,,23/02/2026,23/02/2026,,False,False,205,"BANCÁRIO. Ação declaratória de inexistência de débito com reparação por danos materiais e morais. Golpe da falsa central de atendimento. Realização de transações bancárias não autorizadas (mais de 60 transferências via PIX e empréstimo), após contato telefônico de falsa central de atendimento. Sentença de procedência. Recursos da autora e do réu Santander. Preliminar de cerceamento de defesa afastada. Falha na prestação do serviço dos bancos por falta de medidas de segurança: vulnerabilidade dos sistemas bancários e ausência de bloqueio de transferências atípicas. Operações de valor expressivo, em grande número e destinadas a terceiros sem vínculo prévio com a autora. Hipótese de caso fortuito interno (Súmula 479 do STJ). Culpa concorrente da vítima caracterizada. A autora violou o dever de cautela ao seguir instruções dos fraudadores e executar os comandos indicados, contribuindo para o êxito da fraude. Danos patrimoniais evidenciados, com arbitramento de indenização em 50% do prejuízo. Inteligência do art. 945 do Código Civil. Precedentes. Danos morais inexistentes. Autora que concorreu para o golpe. Falta de provas de ofensa à dignidade da consumidora em razão da momentânea indisponibilidade do dinheiro ou da demora ou resistência dos réus em resolver a questão. Verbas de sucumbência ajustadas. Recurso do réu provido em parte. Apelo da autora prejudicado."
1011039-75.2024.8.26.0344,20185876,Apelação Cível,Bancários,Guilherme Santini Teodoro,Marília,Núcleo 4.0-T. II (DP2),,,23/02/2026,23/02/2026,,False,False,140,"CONTRATO BANCÁRIO. Ação de nulidade e indenizatória. Golpe da falsa central de atendimento. Parcial procedência. Inconformismo do réu. Realização de transações bancárias não autorizadas (empréstimos e transferências via PIX). Falha na prestação do serviço do banco por falta de medidas de segurança: vulnerabilidade do sistema bancário e ausência de bloqueio de transferências atípicas. Operações de valor expressivo, destinadas a terceiros sem vínculo prévio com a autora. Hipótese de caso fortuito interno (Súmula 479 do STJ). Nulidade dos contratos. Culpa concorrente da vítima caracterizada. Autora que violou o dever de cautela ao seguir instruções do fraudador por telefone e aplicativo de mensagens, fornecendo dados e realizando operações financeiras vultosas, contribuindo para o êxito da fraude. Inteligência do art. 945 do Código Civil. Precedentes. Danos patrimoniais evidenciados, com arbitramento de indenização em 50% do prejuízo. Compensação. Inadmissibilidade, no caso. Recurso parcialmente provido."
1023511-64.2024.8.26.0003,20179066,Apelação Cível,Fornecimento de Energia Elétrica,Sá Duarte,São Paulo,33ª Câmara de Direito Privado,33,Direito Privado,20/02/2026,20/02/2026,6000.0,True,False,109,"ENERGIA ELÉTRICA – Pretensões declaratória de inexigibilidade de débito e indenizatória de dano moral julgadas parcialmente procedentes – Cancelamento do TOI e do débito dele decorrente – Solução que merece prevalecer - Fraude imputada à consumidora apurada em procedimento administrativo irregular - Não observância do contraditório e da ampla defesa - Artigo 5º, inciso LV, da Constituição Federal - Ausência de perícia técnica imparcial e válida no medidor para comprovar a existência das irregularidades descritas, como também de degrau de consumo – Dano moral configurado, fruto da negativação por dívida declarada inexigível – Indenização fixada em R$ 6.000,00 que não comporta redução – Sentença mantida - Apelação não provida."
1006548-50.2024.8.26.0077,20175558,Apelação Cível,Bancários,Alexandre David Malfatti,Birigüi,12ª Câmara de Direito Privado,12,Direito Privado,20/02/2026,20/02/2026,5000.0,True,True,312,"AÇÃO DECLARATÓRIA. SENTENÇA DE PARCIAL PROCEDÊNCIA. APELAÇÃO DO AUTOR PARCIALMENTE PROVIDA. APELAÇÃO DO BANCO RÉU IMPROVIDA. 

EMPRÉSTIMO CONSIGNADO. ALEGAÇÃO DE FALSIDADE DA ASSINATURA. EXAME GRAFOTÉCNICO. INEXISTÊNCIA DA CONTRATAÇÃO. RECONHECIMENTO. RESTITUIÇÃO DOBRADA. DANO MORAL CONFIGURADO. VALOR DA INDENIZAÇÃO MAJORADO. COMPENSAÇÃO AUTORIZADA. LITIGÂNCIA DE MÁ-FÉ RECONHECIDA. Ação declaratória de inexistência de débito cumulada com pedido de indenização. Sentença de parcial procedência. Recursos das partes. Primeiro, mantém-se o reconhecimento de inexistência da contratação. A fraude restou constatada mediante perícia grafotécnica, a partir da qual se concluiu que as assinaturas não eram da autora. Incidência do artigo 14 do CDC com aplicação da súmula nº 479 do STJ. Inexistência do empréstimo com declaração da inexigibilidade dos valores. Segundo, determina-se a devolução em dobro de valores. Valores indevidamente descontados. Conduta comercial inadmissível, que demonstrou a utilização de um método sem cautela, que levou à contratação fraudulenta. Verdadeira cobrança de má-fé. Terceiro, reconhece-se a existência dos danos morais . A indevida celebração de contratos de empréstimo em nome da consumidora gerou prejuízos nas esferas patrimonial e moral. Empréstimo fraudulento. O autor sofreu descontos indevidos em seu benefício previdenciário, com repercussão em verba necessária à sua subsistência. Resistência desmedida ao pleito do autor. Valor da indenização majorado de R$ 5.000,00 para R$ 10.000,00. Quarto, determina-se a compensação. Partes que devem retornar ao estado anterior, como forma de evitar enriquecimento sem causa de lado a lado. Compensação que se dará pelo valor histórico, de forma a se evitar o enriquecimento sem causa da consumidora. E quinto, reconhece-se a litigância de má-fé do banco réu. Interposição de recurso com intuito manifestamente protelatório que insiste na regularidade da contratação mesmo após laudo pericial em contrário. Condenação do réu ao pagamento de multa fixada em 9% do valor atualizado da causa. Ação julgada parcialmente procedente em maior extensão em segundo grau

SENTENÇA REFORMADA. RECURSO DO AUTOR PARCIALMENTE PROVIDO. RECURSO DO BANCO RÉU IMPROVIDO."
1005429-72.2025.8.26.0189,20174598,Apelação Cível,Bancários,Daniela Menegatti Milano,Fernandópolis,16ª Câmara de Direito Privado,16,Direito Privado,19/02/2026,19/02/2026,5000.0,True,False,332,"APELAÇÃO CÍVEL – Fraude bancária – Ação declaratória cumulada com repetição de indébito e indenização por danos morais - Sentença de parcial procedência que declarou a inexigibilidade dos contratos indicados na inicial e condenou o réu à restituição em dobro dos valores descontados indevidamente, não acolhendo o pedido de reparação moral – Inconformismo das partes. 
I - Alegação do autor de que não solicitou a portabilidade dos contratos descritos na inicial. Celebrações que ocorreram por meio de documentos unilaterais, extraídos do sistema interno do réu, sem a existência de assinatura física ou digital - Aplicação do Código de Defesa do Consumidor e da Súmula nº 297, do C. Superior Tribunal de Justiça. Inversão do ônus da prova, segundo o artigo 6º, inciso VIII, do Código de Defesa do Consumidor - Réu que não logrou comprovar a autenticidade das portabilidades. Falha na segurança interna do banco caracterizada.
II - Retorno das partes ao estado anterior à contratação. Restituição pelo réu dos valores descontados do benefício do autor Restituição em dobro que se impõe, porque prescinde de elemento volitivo do fornecedor de serviços, afigurando-se cabível quando a cobrança constituir conduta contrária à boa-fé objetiva. Entendimento consolidado pelo C. Superior Tribunal de Justiça (EAREsp. nº 676.608-RS), que foi objeto de modulação de efeitos, para restringir sua aplicação aos contratos bancários firmados após 30/03/2021. Contratos celebrados em novembro/2023. 
Devolução pelo autor dos valores creditados em conta de sua titularidade, com juros de mora e correção monetária, autorizada a compensação dos valores devidos entre as partes. Facultado ao banco réu adotar providências no sentido de restabelecer os contratos objeto de portabilidade.
III - Dano moral configurado. Descontos indevidos que incidiram sobre benefício previdenciário. Indenização arbitrada em R$5.000,00, a fim de atender às particularidades do caso.
IV. Sentença reformada. Condenação do réu no pagamento das custas, despesas processuais, e honorários advocatícios de 20% do valor da condenação, nos termos do artigo 85, § 2º, do Código de Processo Civil. 
Recurso do autor provido, e do réu não provido."
1016299-86.2024.8.26.0004,20158090,Embargos de Declaração Cível,Cancelamento de vôo,Francisco Giaquinto,São Paulo,13ª Câmara de Direito Privado,13,Direito Privado,13/02/2026,13/02/2026,6992.01,False,True,162,"*Embargos de declaração - Transporte aéreo internacional - Ação de indenização por danos materiais e morais - Acórdão deu parcial provimento à apelação do autor para majorar os danos morais - Omissão e erro material na sentença, no que tange à condenação solidária por danos materiais - Corré United Airlines se insurge contra a condenação solidária ao valor total de R$ 6.992,01 a título de danos materiais – Acolhimento - Valor total de danos materiais que corresponde à soma dos pedidos individualizados na petição inicial em face das duas rés (R$ 5.226,12 em face da American Airlines e R$ 1.765,89 em face da United Airlines) - Condenação solidária da embargante (United) pela integralidade do quantum material que viola o princípio da congruência – Necessidade de correção do erro material para restringir a responsabilidade da United Airlines ao limite de R$ 1.765,89 a título de danos materiais e imputar o restante à corré American Airlines - Embargos de declaração acolhidos com efeito modificativo.*"
1003405-93.2024.8.26.0581,20156605,Apelação Cível,Locação de Imóvel,Gomes Varjão,São Manuel,34ª Câmara de Direito Privado,34,Direito Privado,13/02/2026,13/02/2026,1000.0,False,False,253,"Prestação de serviços. Reserva de hospedagem pela plataforma Airbnb. Ação de indenização por danos materiais e morais. Sentença de procedência mantida com fundamento no art. 252 do Regimento Interno deste E. Tribunal de Justiça. Rejeitada a preliminar de ilegitimidade passiva ad causam. Aplicação do Código de Defesa do Consumidor. Ré que aufere lucro ao disponibilizar ambiente virtual para a reserva de hospedagens, integrando a cadeia de fornecimento e atraindo para si, com base na teoria do risco-proveito e a lume do art. 7°, p.u., do CDC, a responsabilidade objetiva dos fornecedores por vícios na prestação dos seus serviços (art. 14 do CDC). Autores que encontraram o imóvel reservado infestado de percevejos. Ré que, ademais, não propiciou a transferência dos autores para outro imóvel em condições mínimas de habitabilidade. Valor oferecido (R$ 1.000,00 diários) que não se presta a custear acomodação em hotel para 04 pessoas em Veneza, dada, inclusive, a conversão do real para o euro naquele ano de 2024. Danos morais configurados. Acomodação que não atendeu a parâmetros mínimos de higiene e conforto, gerando desconforto físico e psicológico, além de frustração e angústia extremas. Preocupação (posterior) dos autores em eliminar os percevejos e seus ovos das roupas e malas levadas. Verba indenizatória fixada na origem (R$ 10.000,00 para cada autor) que não comporta redução, revelando-se suficiente para emprestar caráter preventivo ao instituto e para compensar os abalos experimentados, sem, contudo, proporcionar enriquecimento ilícito. Quantia, ademais, que reflete o patamar adotado por este E. Tribunal em casos símile.

Recurso improvido, rejeitada a preliminar."
1007368-69.2025.8.26.0292,20153444,Apelação Cível,Transporte Aéreo,Simões de Almeida,Jacareí,13ª Câmara de Direito Privado,13,Direito Privado,12/02/2026,12/02/2026,5000.0,False,False,121,"APELAÇÃO – Ação de indenização por danos morais – Transporte aéreo nacional - Extravio temporário de bagagem no voo de ida - Aplicação do Código de Defesa do Consumidor – Falha na prestação do serviço - Responsabilidade objetiva da companhia aérea – Danos morais configurados – Fato que ultrapassa o mero aborrecimento – Malas despachadas como bagagem especial, com equipamentos imprescindíveis à realização de um show na cidade de destino – Bagagem entregue poucas horas antes do espetáculo, o que afetou o cronograma de montagem – Quantum arbitrado em R$ 5.000,00, de acordo com os princípios da razoabilidade e da proporcionalidade e em consonância ao patamar adotado por esta. c. 13ª Câmara de Direito Privado em casos semelhantes – Recurso provido."
1048268-80.2024.8.26.0114,20152735,Apelação Cível,Transporte Aéreo,Alexandre David Malfatti,Campinas,12ª Câmara de Direito Privado,12,Direito Privado,12/02/2026,12/02/2026,25747.17,True,False,399,"AÇÃO DE INDENIZAÇÃO. SENTENÇA DE PROCEDÊNCIA. APELAÇÃO IMPROVIDA.

TRANSPORTE AÉREO INTERNACIONAL. EMBARQUE IMPEDIDO. FALHA NA PRESTAÇÃO DOS SERVIÇOS DA RÉ. AUTORA COM VISTO VÁLIDO PARA REALIZAR A VIAGEM. RESTITUIÇÃO DOS VALORES DA NOVA PASSAGEM. MANUTENÇÃO. DANOS MORAIS . CONFIGURADOS. Ação de indenização. Sentença de procedência. Recurso da ré. Primeiro, reconheço a falha na prestação dos serviços e determino a restituição do valor do bilhete aéreo. Autora que foi impedida pela ré de embarcar em razão de seu visto para Nova Zelândia estar vencido, circunstância que resultou na compra de uma nova passagem pela consumidora. Aplicação do CDC. Ré que não refutou, de forma adequada, os fatos narrados pela autora, ônus que lhe cabia não apenas em razão do art. 373, inciso II do CPC, como também pela própria inversão do ônus probatório. Demonstração de que que o visto expirava apenas em 04/07/2024 (fls. 34/37), enquanto o voo estava marcado para 17/04/2024. E não havia que se falar em nulidade dos documentos em razão da ausência da tradução juramentada. Os documentos que aparelharam a petição inicial são padrão, usualmente utilizados no transporte internacional, bem como são usuais os termos em língua inglesa nele utilizados. Ademais, os e-mails foram juntados com as respectivas traduções, não restando dúvidas acerca da validade do visto na data do embarque. Verificada a falha na prestação dos serviços, adequada a condenação da ré à restituição do valor despendido pela autora para a compra da nova passagem, no valor de R$ 25.747,17. E segundo, reconheço a existência de danos morais passíveis de reparação. A prova dos autos revelou que a autora vivenciou situação de intensa frustração. A consumidora foi impedida de realizar viagem de volta para o país em que reside em razão de falha na prestação dos serviços da ré, o que tornou necessária a compra de nova passagem, em valor elevado. Situação que extrapola o mero dissabor cotidiano. O reembolso das passagens somente restou garantido por meio de ação judicial. O coautor, ainda que não tenha adquirido passagem junto à ré, foi afetado diretamente pelo fato vivenciado pela esposa. Sofreu tanto dano moral próprio (decorrente da angústia gerada pela situação e impossibilidade de estar diretamente com a esposa), como também dano moral reflexo (oriundo do sofrimento da autora). Indenização fixada em R$ 5.000,00 para cada uma das partes. Valor proporcional e compatível com os precedentes da Turma Julgadora. Ação julgada procedente. 

SENTENÇA MANTIDA. RECURSO IMPROVIDO."
1061686-93.2025.8.26.0100,20152192,Apelação Cível,Planos de saúde,Fabiana Calil Canfour de Almeida,São Paulo,Núcleo 4.0-T. VII (DP1),,,12/02/2026,12/02/2026,,True,False,155,"APELAÇÃO CÍVEL. PLANO DE SAÚDE COLETIVO EMPRESARIAL. AÇÃO DECLARATÓRIA DE INEXIGIBILIDADE DE DÉBITO C/C INDENIZAÇÃO POR DANOS MORAIS . Sentença de improcedência que validou a cobrança de aviso prévio de 60 (sessenta) dias e multa rescisória. Irresignação da autora. Incidência do Código de Defesa do Consumidor. Teoria Finalista Mitigada. Vulnerabilidade da contratante reconhecida diante do reduzido número de beneficiários (02 vidas), configurando a modalidade de ""falso coletivo"". Questão central sobre a validade da cláusula de aviso prévio fundamentada em dispositivo normativo da ANS declarado nulo na Ação Civil Pública nº 0136265-83.2013.4.02.51.01 e, posteriormente, revogado pela RN nº 455/2020. Ilegalidade e abusividade da cobrança reconhecida, por violar a liberdade de escolha da apelante e impor onerosidade excessiva à parte hipossuficiente. Inexistência de causa jurídica para a manutenção do vínculo após a solicitação de cancelamento. Danos morais configurados pela negativação indevida por dívida inexigível. Dano moral in re ipsa. Precedentes desta Corte Bandeirante. Sentença reformada. RECURSO PROVIDO."
1013459-92.2023.8.26.0019,20152601,Apelação Cível,Cartão de Crédito,Alexandre David Malfatti,Americana,12ª Câmara de Direito Privado,12,Direito Privado,12/02/2026,12/02/2026,345.11,True,False,239,"AÇÃO DE INDENIZAÇÃO. SENTENÇA DE PARCIAL PROCEDÊNCIA. APELAÇÃO DOS RÉUS IMPROVIDA.

CONSUMIDOR. FRAUDE. DEFEITO DO SERVIÇO BANCÁRIO. RESPONSABILIDADE SOLIDÁRIA. FATURA FRAUDULENTA DE CARTÃO DE CRÉDITO. VAZAMENTO DE DADOS. RESSARCIMENTO DEVIDO. DANO MORAL CONFIGURADO. Ação de indenização. Sentença de parcial procedência. Recurso dos réus. Primeiro, reconhece-se a responsabilidade das rés no evento danoso. Falha da corré que permitiu o vazamento dos dados do financiamento do autor. Conforme consta nos autos, o autor firmou contrato de cartão de crédito junto a ré e após efetuar o pagamento de boleto fraudulento, se viu vítima de golpe. Autor que recebeu um e-mail com o boleto fraudulento e foi induzido a pagar boleto falso. Fortuito interno. Incidência da súmula nº 479 do STJ com aplicação do art. 14 do CDC. Segundo, determina-se a devolução dos valores pagos pelo autor a titulo de danos materiais. Se reconhecida responsabilidade dos bancos réus pelo evento danoso, de rigor a restituição dos valores dispensados para quitação do boleto fraudado (R$ 345,11). E terceiro, reconhece-se a ocorrência de danos morais . A autora vivenciou situação de frustração e aborrecimento ao saber que a fatura não estava quitada, mesmo após efetuar o pagamento. Além disso, verificou-se um atendimento inadequado pelas rés na solução do problema. Condenação das rés, solidariamente, ao pagamento de indenização no valor de R$ 8.000,00, parâmetro admitido pela Turma julgadora para cumprimento das funções compensatória e inibitória. Ação julgada parcialmente procedente.

SENTENÇA MANTIDA. RECURSO DAS RÉS IMPROVIDO."
1007697-81.2025.8.26.0292,20152520,Apelação Cível,Bancários,Alexandre David Malfatti,Jacareí,12ª Câmara de Direito Privado,12,Direito Privado,12/02/2026,12/02/2026,10000.0,False,True,256,"AÇÃO DE OBRIGAÇÃO DE FAZER CUMULADA COM PEDIDO DE INDENIZAÇÃO. SENTENÇA DE PARCIAL PROCEDÊNCIA. APELAÇÃO PARCIALMENTE PROVIDA.

CONSUMIDOR. INSCRIÇÃO EM BANCOS DE DADOS DE PROTEÇÃO AO CRÉDITO. INEXIGIBILIDADE DO DÉBITO DECLARADA EM PROCESSO ANTERIOR. CONFIGURAÇÃO DE DANOS MORAIS . PONTOS TRANSITADOS EM JULGADO. VALOR DA INDENIZAÇÃO. MAJORAÇÃO. HONORÁRIOS DE ADVOGADO. FIXAÇÃO DENTRO DOS PARÂMETROS LEGAIS. Ação declaratória cumulada com pedido de indenização. Sentença de parcial procedência. Recurso da autora. A inexigibilidade do débito e a existência de danos morais indenizáveis foram reconhecidas na r. sentença, sem recurso do réu, transitando em julgado. O recurso cinge-se ao pedido de majoração da indenização pelos danos morais sofridos pela autora e dos honorários arbitrados em primeiro grau. Primeiro, majora-se o valor da indenização. Mesmo ciente que atuou de forma a possibilitar o cometimento de fraude em detrimento de uma consumidora idosa, hipervulnerável, ainda assim o réu não adotou os mecanismos necessários para cessar futuras cobranças – cautela mínima para uma instituição do porte do banco réu. Indenização majorada para R$ 10.000,00 de acordo com as circunstâncias do caso concreto e dentro dos parâmetros de razoabilidade e proporcionalidade admitidos por esta Turma julgadora em casos semelhantes. E segundo, mantém-se o percentual fixado para pagamento dos honorários de advogado. Montante estabelecido em 10% sobre o valor da condenação. Percentual que se enquadra no artigo 85, §2º, CPC e se mostra proporcional ao trabalho desempenhado pelo patrono da autora. Honorários elevados, todavia, pelo trabalho na fase recursal.. Ação julgada parcialmente procedente em maior extensão em segundo grau.

SENTENÇA REFORMADA. RECURSO PARCIALMENTE PROVIDO."
1005335-13.2024.8.26.0302,20147329,Apelação Cível,Bancários,Júlio César Franco,Jaú,22ª Câmara de Direito Privado,22,Direito Privado,12/02/2026,12/02/2026,5000.0,True,False,152,"APELAÇÃO. CONSUMIDOR. CONTRATOS BANCÁRIOS. AÇÃO DECLARATÓRIA DE INEXISTÊNCIA DE DÉBITO, REPETIÇÃO DE INDÉBITO E INDENIZAÇÃO POR DANOS MORAIS . AUTORA QUE ALEGA NÃO TER CONTRATADO EMPRÉSTIMO CONSIGNADO, MAS QUE SOFRE DESCONTOS EM SEU BENEFÍCIO PREVIDENCIÁRIO. SENTENÇA DE IMPROCEDÊNCIA. INCONFORMISMO DA AUTORA. 1. CONTRATO SEM ASSINATURAS FÍSICAS OU ELETRÔNICAS VÁLIDAS. AUSÊNCIA DE DADOS BIOMÉTRICOS. FORNECEDOR QUE NÃO SE DESINCUMBIU DO ÔNUS DE PROVAR A REGULARIDADE DA CONTRATAÇÃO (ART. 14, § 3º, CDC). INEXISTÊNCIA DA RELAÇÃO JURÍDICA. 2. DEVOLUÇÃO EM DOBRO DO INDÉBITO (ART. 42, P. ÚNICO, CDC), DIANTE DA AUSÊNCIA DE BOA-FÉ OBJETIVA DO REQUERIDO. PRECEDENTES DO STJ (EARESP Nº 664.888). 3. A DEVOLUÇÃO DA QUANTIA EMPRESTADA É DE RIGOR, POIS É VEDADO O ENRIQUECIMENTO SEM CAUSA. 4. DIREITO À COMPENSAÇÃO RECONHECIDO, DE OFÍCIO, NOS TERMOS DO ART. 368 DO CÓDIGO CIVIL. 5. DANO MORAL EXISTENTE E FIXADO EM R$5.000,00 (CINCO MIL REAIS). 6. SENTENÇA REFORMADA. INVERSÃO DO ÔNUS DA SUCUMBÊNCIA. RECURSO PROVIDO."
1024033-08.2024.8.26.0451,20147206,Apelação Cível,Vícios de Construção,Salles Rossi,Piracicaba,8ª Câmara de Direito Privado,8,Direito Privado,11/02/2026,12/02/2026,10000.0,True,False,217,"APELAÇÃO – COMPROMISSO DE COMPRA E VENDA – INDENIZAÇÃO por DANOS MATERIAIS E MORAIS - ENTREGA DE UNIDADE EM CONFORMAÇÃO DIVERSA DO IMÓVEL DECORADO APRESENTADO AO COMPRADOR – Material publicitário de divulga imóvel com quintal privativo, devidamente murado. Entrega do imóvel sem os muros de divisa no quintal. Sentença de improcedência. Imóvel entregue de acordo com o memorial descritivo. Insurgência. Acolhimento. Aplicação do CDC. Toda informação ou publicidade, suficientemente precisa, veiculada por qualquer forma ou meio de comunicação com relação a produtos e serviços oferecidos ou apresentados, obriga o fornecedor que a fizer veicular ou dela se utilizar e integra o contrato que vier a ser celebrado. Propaganda enganosa caracterizada. Ausência de informação precisa ao consumidor. DANOS MORAIS . Caracteriza dano moral indenizável a surpresa desagradável e a frustração da expectativa do comprador com a entrega de imóvel novo em conformação diversa do apresentado em propaganda, aliados aos transtornos decorrentes da convivência com as obras necessárias para a correção dos problemas. Valor da indenização arbitrado em R$ 10.000,00, que atende ao binômio razoabilidade e proporcionalidade, visando, ainda, conferir maior efetividade às funções punitiva e pedagógica da responsabilidade civil. DANOS MATERIAIS. Devido o ressarcimento material no valor equivalente a construção dos muros de divisa do quintal, a ser apurado em liquidação de sentença. Sentença reformada. RECURSO PARCIALMENTE PROVIDO."
1012243-96.2023.8.26.0019,20146091,Apelação Cível,Cartão de Crédito,Mara Trippo Kimura,Americana,Núcleo 4.0-T. III (DP2),,,12/02/2026,12/02/2026,10000.0,False,False,178,"DIREITO CIVIL. APELAÇÃO. AÇÃO DECLARATÓRIA DE INEXIGIBILIDADE DE DÉBITO CUMULADA COM PEDIDO DE REPARAÇÃO POR DANOS MORAIS . PEDIDO JULGADO PARCIALMENTE PROCEDENTE.
I. CASO EM EXAME
1.A autora, cliente da requerida, recebeu oferta de cartão de crédito que não aceitou. Posteriormente, foi cobrada por débito desconhecido e teve seu nome negativado. A sentença reconheceu a inexistência de relação jurídica e condenou a requerida a indenizar a autora por danos morais .
II. QUESTÃO EM DISCUSSÃO
2. A questão em discussão consiste em (i) a regularidade do débito e (ii) a adequação do valor da indenização por danos morais .
III. RAZÕES DE DECIDIR
3. Aplicável o Código de Defesa do Consumidor e, daí, a inversão do ônus da prova devido à hipossuficiência técnica da autora, cabendo à requerida comprovar a regularidade da contratação, o que não foi feito. Instituição requerida não apresentou prova comprovando a regularidade da origem do débito negativado. 
4. A indenização por danos morais foi reduzida de R$ 10.000,00 para R$ 5.000,00, observando os princípios da razoabilidade e proporcionalidade.
IV. DISPOSITIVO 
5. Recurso parcialmente provido."
1004434-07.2024.8.26.0347,20144388,Apelação Cível,Bancários,Décio Rodrigues,Matão,21ª Câmara de Direito Privado,21,Direito Privado,11/02/2026,11/02/2026,5000.0,False,False,195,"APELAÇÃO. Ação declaratória de inexistência de relação jurídica cumulada com repetição de indébito e indenização por danos morais . Empréstimos consignados. Negativa de contratação. Sentença de parcial procedência em relação aos corréus Banco Itaú Consignado e Banco C6 Consignado e de improcedência quanto aos demais réus. Recurso do Banco C6 Consignado. Legitimidade passiva do banco evidenciada, não havendo que se falar em denunciação à lide. Falha na prestação de serviço configurada. Contexto probatório dos autos não favorece a tese da instituição financeira. Súmula 479 do STJ e Tema 466 - Sistema de Recursos Repetitivos - do STJ. Danos morais caracterizados. Quantum indenizatório (R$ 5.000,00 para cada instituição financeira) que não comporta redução. Valor está de acordo com o costumeiramente fixado por esta Câmara em casos análogos. Juros de mora. Pretensão de fixação do termo inicial a partir da data do arbitramento. Descabimento. Incidência desde o evento danoso, nos termos Súmula 54 do STJ, inclusive no que tange aos danos materiais. Sucumbência dos bancos, eis que vencida a autora de mínima parte do pedido. Sentença confirmada por seus próprios fundamentos, nos termos do art. 252 do Regimento Interno deste E. Tribunal de Justiça. Recurso não provido."
1000335-93.2023.8.26.0681,20136509,Apelação Cível,Indenização por Dano Material,Ferreira da Cruz,Louveira,28ª Câmara de Direito Privado,28,Direito Privado,10/02/2026,10/02/2026,2000.0,False,True,92,"INDENIZATÓRIA POR DANOS MATERIAIS. Hipótese em que a ré-reconvinte, cadeirante, causou danos no carro da autora-reconvinda, por estar ele estacionado em lugar indevido, a obstruir sua passagem. Sentença que julgou procedentes em parte ambas as demandas. Adequação. Gravação em vídeo que torna inequívoca a conduta da ré, que deliberadamente riscou o automóvel do polo ativo. Danos bem comprovados. Ausência de qualquer causa apta a justificar a conduta da apelante. Reparação anímica de R$ 2.000,00 fixada em favor da recorrente que se mostra proporcional e adequada ao caso concreto. Honorários majorados. Recurso desprovido."
1001477-33.2025.8.26.0562,20136520,Apelação Cível,Planos de saúde,Gilberto Franceschini,Santos,Núcleo 4.0-T. III (DP1),,,10/02/2026,10/02/2026,10000.0,True,False,335,"DIREITO DO CONSUMIDOR. APELAÇÃO. PLANO DE SAÚDE. NEGATIVA DE COBERTURA EM UTI. CARÊNCIA CONTRATUAL. URGÊNCIA. SENTENÇA MANTIDA. RECURSO DA RÉ DESPROVIDO.

I. Caso em Exame
1. Recurso de apelação interposto por Centro Trasmontano de São Paulo contra sentença que julgou parcialmente procedentes os pedidos de Saulo Godoy Chigo em ação de obrigação de fazer com pedido de tutela antecipada. A sentença condenou a ré a autorizar e custear integralmente a internação hospitalar do autor, além de indenização por danos morais .

II. Questão em Discussão 
2. A questão em discussão consiste em verificar: (i) validade da negativa de cobertura pela ré, com base na carência contratual de 180 dias, em face do caráter de urgência e emergência do atendimento médico-hospitalar prestado à autora; (ii) aplicabilidade da Resolução CONSU nº 13/1998; (iii) configuração de dano moral indenizável.

III. Razões de Decidir 
3. A negativa de cobertura em situação de urgência é abusiva, conforme art. 35-C da Lei nº 9.656/98 e Súmula nº 103 do TJSP. 
4. A Resolução CONSU nº 13/1998 não prevalece sobre a legislação que garante cobertura em casos de urgência. 
5. A negativa de cobertura em situação emergencial configura dano moral , conforme jurisprudência do STJ.
6. Dano moral mantido em R$ 10.000,00.

IV. Dispositivo e Tese 
7. Recurso desprovido. 

Tese de julgamento: 1. Situação de urgência que afasta a cláusula de carência contratual. 2. A negativa de cobertura em situação de urgência é abusiva. 3. Recusa de cobertura de tratamento/procedimento em situação de urgência, pautada em cláusula contratual de carência, enseja reparação por danos morais .

Legislação Citada:
Lei nº 9.656/98, art. 35-C, art. 12, inciso V, alínea ""c"".

Jurisprudência Citada:
STJ, REsp n. 2.198.561/SE, Rel. Min. Daniela Teixeira, Terceira Turma, j. 23/6/2025.
TJSP, Apelação Cível 1029926-35.2024.8.26.0562, Rel. Mara Trippo Kimura; Órgão Julgador: Núcleo de Justiça 4.0 em Segundo Grau – Turma III (Direito Privado 1), j. 09/10/2025.
TJSP; Apelação Cível 1004244-88.2024.8.26.0009; Rel. Paulo Toledo; Órgão Julgador: Núcleo de Justiça 4.0 em Segundo Grau – Turma III (Direito Privado 1); j. 19/09/2025."
1000650-83.2024.8.26.0068,20136042,Apelação Cível,Cancelamento de vôo,Daniela Menegatti Milano,Barueri,16ª Câmara de Direito Privado,16,Direito Privado,10/02/2026,10/02/2026,5000.0,True,False,131,"APELAÇÃO CÍVEL – Direito Privado – Transporte aéreo nacional – Cancelamento de voo – Ação de indenização por danos morais – Sentença de improcedência.
I. Discussão sobre responsabilidade civil da companhia aérea pelo atraso na chegada do passageiro ao destino.
II. Relação de consumo. Atraso de voo. Chegada ao destino 24 horas após o horário programado. Fortuito interno. Responsabilidade objetiva da companhia aérea. Inexistência de excludente de responsabilidade.
III. Dano moral caracterizado. Fatos que extrapolam o mero aborrecimento cotidiano. Atraso de grande monta. Prestação de assistência material que mitiga os danos. Fixação da indenização em R$ 5.000,00, em atenção às particularidades do caso concreto. Inexistência de circunstâncias extraordinárias que justifiquem o arbitramento em quantia superior, sob pena de enriquecimento sem causa da vítima.
IV. Sentença reformada – Recurso provido em parte."
1019835-32.2025.8.26.0405,20135663,Apelação Cível,Tratamento médico-hospitalar,Valeria Longobardi,Osasco,Núcleo 4.0-T. I (DP1),,,10/02/2026,10/02/2026,10000.0,True,False,129,"PLANO DE SAÚDE – URGÊNCIA/EMERGÊNCIA – APENDICITE AGUDA – NEGATIVA DE COBERTURA SOB ALEGADA CARÊNCIA – CIRURGIA LIBERADA APENAS APÓS LIMINAR – DANO MORAL – CONFIGURAÇÃO. Situação clínica de urgência (apendicite aguda) com indicação de intervenção imediata. Abusiva a recusa fundada em carência superior a 24 horas (Lei 9.656/98, arts. 12, V, ""c"", e 35-C, I; Súmula 103/TJSP). Necessidade de tutela judicial para viabilizar o procedimento, após período de espera incompatível com o quadro clínico. Recusa indevida que ultrapassa o mero inadimplemento contratual e atinge direitos da personalidade, gerando dano moral (Súmula 608/STJ). Precedentes do TJSP. Quantum fixado em R$ 10.000,00, por proporcionalidade e alinhamento jurisprudencial. Correção monetária a partir deste arbitramento (Súmula 362/STJ) e juros de mora desde a citação. Reforma da sentença. Inversão da sucumbência. (Súmula 326/STJ)."
1015674-71.2017.8.26.0562,20129516,Apelação Cível,Serviços de Saúde,Miguel Brandi,Santos,7ª Câmara de Direito Privado,7,Direito Privado,09/02/2026,09/02/2026,,False,False,233,"APELAÇÃO – AÇÃO DE INDENIZAÇÃO POR DANOS MORAIS – Erro médico – Pedaço de cateter que ficou por mais de três meses no corpo da autora, após procedimento – Ação julgada procedente em parte – Insurgência de todas as partes.
RECURSOS DOS REQUERIDOS – Alegação de que a prova pericial afasta a existência de nexo causal entre o ato médico e o dano gerado, que está dentro da possibilidade normal de intercorrências, sem ter gerado qualquer lesão à autora – Descabimento – Laudo pericial que confirma que ""o médico e o hospital não sabiam da presença do cateter [no corpo da autora] após a alta hospitalar"" – Laudos periciais apresentam incongruências e contradições entre si, o que somente evidencia o nexo causal entre o erro médico cometido e o sofrimento desnecessariamente enfrentado pela parte – Negativa de ciência da presença de corpo estranho que não deve, nem pode, no contexto do caso, afastar a responsabilidade dos requeridos – Necessária interpretação da afirmação – Negligência caracterizada – Valor de indenização que seria excessivo – Descabimento – Quantia que é proporcional ao desvalor do ato e à capacidade financeira da autora e dos réus.
RECURSO DA AUTORA – Alegação de que o valor estaria aquém do abalo psíquico sofrido – Descabimento – Quantia que é proporcional ao desvalor do ato, e à capacidade financeira da autora e dos réus – Sentença mantida – RECURSOS DESPROVIDOS."
1009835-67.2024.8.26.0482,20125703,Apelação Cível,Associação,Carlos Castilho Aguiar França,Presidente Prudente,4ª Câmara de Direito Privado,4,Direito Privado,06/02/2026,06/02/2026,5000.0,True,False,236,"DIREITO DO CONSUMIDOR. APELAÇÃO. INDENIZAÇÃO POR DANOS MORAIS . RECURSO DA REQUERIDA DESERTO. RECURSO DA AUTORA PARCIALMENTE PROVIDO.
I. Caso em Exame
1. Recursos de apelação interpostos contra sentença que declarou a inexigibilidade dos débitos e condenou a associação requerida a devolver os valores descontados. A autora busca indenização por danos morais , enquanto a ré defende a validade dos descontos e solicita gratuidade da justiça.
II. Questão em Discussão
2. A questão em discussão consiste em (i) analisar a admissibilidade do recurso da requerida; e (ii) determinar se houve danos extrapatrimoniais devido aos descontos indevidos em benefício previdenciário de natureza alimentar.
III. Razões de Decidir
3.1. O recurso da requerida não foi conhecido por irregularidade na representação processual e por deserção, na medida em que não houve recolhimento do preparo após indeferimento do pedido de gratuidade da justiça.
3.2. O recurso da autora é conhecido e parcialmente provido, reconhecendo-se o dano moral devido ao comprometimento da renda alimentar, configurando abalo psíquico significativo.
IV. Dispositivo e Tese
4. Recurso da requerida não conhecido; recurso da autora parcialmente provido.
Tese de julgamento: 1. Descontos indevidos em benefício previdenciário configuram dano moral . 2. Indenização fixada em R$ 5.000,00, considerando a gravidade da lesão e a condição econômica das partes.
Legislação Citada: Artigo 99, § 4º, do CPC; Artigo 1.007 do CPC; Artigo 944 do CC.
Jurisprudência Citada: TJSP, Apelação Cível 1033638-19.2024.8.26.0114, Relator Des. Enio Zuliani, j. 16/10/2025."
1005147-17.2024.8.26.0400,20118050,Apelação Cível,Bancários,Castro Figliolia,Olímpia,12ª Câmara de Direito Privado,12,Direito Privado,05/02/2026,05/02/2026,5000.0,True,False,193,"APELAÇÃO – AÇÃO DE ANULAÇÃO DE CONTRATOS DE EMPRÉSTIMOS CONSIGNADOS REALIZADO MEDIANTE FRAUDE C.C. DECLARATÓRIA DE INEXISTÊNCIA DE DÉBITO E INDENIZAÇÃO POR DANO MORAL E RESSARCIMENTO EM DOBRO JULGADA PROCEDENTE EM PARTE – celebração indevida de empréstimo consignado em nome do apelado – geolocalização apresentada pela apelante que indica local distante do de residência do apelado – manipulação de dados – descontos de amortização efetivamente realizados junto ao holerite do apelado – – declaração de inexistência do contrato de empréstimo consignado e determinação de cancelamento de cobranças em decorrência do referido empréstimo junto ao contracheque do apelado que se impunham – restituição das parcelas descontadas que também deve ser mantida, com abatimento dos valores depositados na conta do apelado – perturbação ao estado de espírito do apelado que se mostrou ocorrida – situação que extrapolou o mero aborrecimento e ingressou no campo do dano moral que realmente ocorreu – fixação da indenização em R$ 5.000,00 (cinco mil reais) – valor adequado às circunstâncias do fato, proporcional ao dano e com observância ao caráter educativo-punitivo que compõe a verba na hipótese –– sentença mantida, nos termos do art. 252 do RITJSP – recurso desprovido."
1002662-18.2024.8.26.0441,20110492,Apelação Cível,Cartão de Crédito,FLAVIA BEATRIZ GONCALEZ DA SILVA,Peruíbe,38ª Câmara de Direito Privado,38,Direito Privado,04/02/2026,04/02/2026,6000.0,False,False,214,"APELAÇÃO CÍVEL E RECURSO ADESIVO. Ação declaratória de inexistência de débito cumulada com indenização por danos materiais e morais. Fraude bancária. ""Golpe da troca de cartão"" no interior de estabelecimento comercial. Sentença de parcial procedência que afastou os danos morais . 1. PRELIMINAR DE ILEGITIMIDADE PASSIVA. Rejeição. Instituição financeira que integra a cadeia de consumo e responde pela segurança das transações realizadas com o cartão por ela administrado. Aplicação da Teoria da Asserção. Pertinência subjetiva confirmada. 2. MÉRITO. Responsabilidade civil objetiva da instituição financeira. Aplicação do Código de Defesa do Consumidor (Súmula 297/STJ). Fortuito interno. Súmula 479/STJ. Falha no dever de segurança caracterizada pela ausência de bloqueio preventivo de transações que destoaram flagrantemente do perfil de consumo da autora (pessoa idosa), realizadas de forma sequencial e em valores vultosos. Inversão do ônus da prova. Banco que não se desincumbiu de demonstrar a regularidade das operações para além do mero uso de credenciais. Dever de restituição dos valores mantido. 3. DANOS MORAIS . Configuração. Situação que ultrapassa o mero dissabor cotidiano. Dano in re ipsa. Quantum indenizatório. Fixação em R$ 6.000,00 (seis mil reais), valor que atende aos princípios da razoabilidade e proporcionalidade, bem como ao caráter pedagógico-punitivo da reparação, sem ensejar enriquecimento sem causa. RECURSO DO RÉU DESPROVIDO. RECURSO ADESIVO DA AUTORA PARCIALMENTE PROVIDO."
1002234-35.2025.8.26.0624,20110502,Apelação Cível,Bancários,FLAVIA BEATRIZ GONCALEZ DA SILVA,Tatuí,38ª Câmara de Direito Privado,38,Direito Privado,04/02/2026,04/02/2026,29500.0,False,False,262,"APELAÇÃO CÍVEL. AÇÃO DECLARATÓRIA DE INEXISTÊNCIA DE DÉBITO C.C. INDENIZAÇÃO POR DANOS MORAIS . Fraude bancária. ""Golpe da falsa central/Engenharia social"". Sentença de improcedência. Irresignação do autor. Acolhimento. 1. RESPONSABILIDADE CIVIL E FALHA DE SEGURANÇA. Aplicação do Código de Defesa do Consumidor (Súmula 297/STJ). Autor que, vítima de engenharia social, fornece dados bancários a terceiros. Circunstância que, isoladamente, não caracteriza culpa exclusiva da vítima (art. 14, § 3º, II, do CDC) quando evidenciada a falha concomitante dos mecanismos de segurança da instituição financeira. Caso concreto: Realização de 4 (quatro) empréstimos consignados sucessivos no mesmo dia, totalizando R$ 29.500,00, seguidos de transferências imediatas via PIX que exauriram o saldo da conta. Operações frenéticas e vultosas que destoam flagrantemente do perfil de consumo de correntista idoso/aposentado. Inércia do sistema antifraude que deixou de efetuar o bloqueio preventivo ou cautelar das transações atípicas. Fortuito interno caracterizado (Súmula 479/STJ). Dever de declarar a inexigibilidade dos débitos e o retorno das partes ao status quo ante. 2. DANOS MORAIS . Configuração. A falha na segurança bancária que permite a contratação de múltiplos empréstimos em nome de consumidor hipervulnerável ultrapassa o mero dissabor cotidiano. Dano in re ipsa. Quantum indenizatório fixado em R$ 5.000,00 (cinco mil reais), em atenção aos princípios da razoabilidade e proporcionalidade e às peculiaridades do caso. 3. MULTA DO ART. 1.026, § 2º, DO CPC. Afastamento. Embargos de declaração opostos na origem com o intuito de sanar contradição sobre premissa fática e para fins de prequestionamento. Ausência de caráter protelatório. Inteligência da Súmula 98 do STJ. Penalidade excluída. RECURSO DE APELAÇÃO DO AUTOR PROVIDO."
1002311-94.2024.8.26.0360,20108785,Apelação Cível,Empréstimo consignado,Décio Rodrigues,Mococa,21ª Câmara de Direito Privado,21,Direito Privado,04/02/2026,04/02/2026,,False,True,94,"APELAÇÃO. Sentença que julgou parcialmente procedente ação declaratória de inexistência de débito c/c tutela de urgência e pedido de condenação por danos morais e materiais envolvendo negócio jurídico não realizado pela parte autora. Sentença confirmada por seus próprios fundamentos, nos termos do art. 252 do Regimento Interno deste E. Tribunal de Justiça, exceto quanto ao valor dos danos morais , que fica majorado para dez mil reais e quanto ao ""dies a quo"" dos juros aplicáveis de acordo com a Súmula 54 do STJ. Recurso da parte autora/apelante provido e recurso do réu/apelante improvido."
1004218-77.2025.8.26.0099,20102498,Apelação Cível,Acidente de Trânsito,Marcos de Lima Porta,Bragança Paulista,Núcleo 4.0-T. V (DP3),,,03/02/2026,03/02/2026,,False,False,267,"Direito Civil. Apelação. Indenização por danos decorrentes de acidente de trânsito. Recurso do requerido parcialmente provido. Recurso do requerente improvido.
I. Caso em Exame
Ação de ressarcimento de danos decorrentes de acidente de trânsito ocorrido em 14 de novembro de 2024, envolvendo uma motocicleta Honda CG 160 e um automóvel GM-PRISMA. O requerente busca indenização por danos materiais, morais e estéticos.
II. Questão em Discussão
2. A questão em discussão consiste em: (i) a adequação do valor fixado para danos materiais, considerando o valor de mercado da motocicleta segundo a tabela FIPE; (ii) a comprovação e quantificação do dano estético; (iii) a adequação do valor fixado para danos morais .
III. Razões de Decidir
3. O valor dos danos materiais deve ser limitado ao valor de mercado da motocicleta conforme a tabela FIPE, para evitar enriquecimento sem causa.
4. A indenização por danos estéticos foi reduzida devido à pouca projeção visual da cicatriz e à ausência de comprovação de prejuízo funcional.
5. A indenização por danos morais deve considerar a função satisfativa e pedagógica, sem ensejar enriquecimento ilícito.
IV. Dispositivo e Tese
6. Recurso parcialmente provido para reduzir os valores fixados a título de danos materiais e estéticos. Recurso do requerente improvido.
Legislação Citada:
Código Civil, art. 944.
Código de Processo Civil, art. 1.026, § 2º.
Jurisprudência Citada:
TJ-SP, Apelação nº 1007341-87.2020.8.26.0510, Rel. Adilson de Araujo, j. 13/04/2022.
TJ-SP, Apelação nº 1004930-06.2022.8.26.0218, Relª Desª Rosangela Telles, j. 12/03/2024.
TJ-SP, Apelação nº 100873409-2020.8.26.0361, Rel. Cristina Zucchi, j. 11/07/2023.
TJ-SP, Apelação nº 1033104-44.2016.8.26.0506, Rel. Des. Pedro Baccarat, j. 09/10/2018.
TJ-SP, Apelação nº 1014260-56.2017.8.26.0071, Rel. Des. Ruy Coppola, j. 25/06/2018."
1059146-80.2022.8.26.0002,20101664,Apelação Cível,Vícios de Construção,Pastorelo Kfouri,São Paulo,7ª Câmara de Direito Privado,7,Direito Privado,03/02/2026,03/02/2026,,False,False,254,"DIREITO CIVIL E CONSUMIDOR. APELAÇÃO. AÇÃO DE OBRIGAÇÃO DE FAZER C.C. INDENIZAÇÃO. PERDAS E DANOS. VÍCIO DE CONSTRUÇÃO COMPROVADO. DANOS MORAIS CONFIGURADOS. VALOR INDENIZATÓRIO MANTIDO. RECURSO NÃO PROVIDO.
I. CASO EM EXAME 
1. Apelação cível da requerida objetivando a reforma da sentença de parcial procedência da ação de obrigação de fazer c.c. indenização por danos morais e materiais (vício construtivo).
II. QUESTÃO EM DISCUSSÃO 
2. Discute-se se há necessidade de reparos no imóvel adquirido pela autora e se estão configurados os danos morais .
III. RAZÕES DE DECIDIR 
3. Adoção das razões da r. sentença (RITJSP, artigo 252). 
4. Laudo pericial que atestou a necessidade de reparos no imóvel da autora.
5. Configuração dos danos morais porque a situação extrapolou o mero dissabor cotidiano.
6. O valor indenizatório atende aos princípios da razoabilidade e da proporcionalidade, bem como serve para desestimular novas condutas e reparar o prejuízo causado à autora. 
IV. DISPOSITIVO E TESE 
7. Recurso não provido.
Tese de julgamento: ""1. A constatação da existência de vícios construtivos no imóvel adquirido enseja a responsabilidade civil pelos reparos necessários para garantir a sua habitabilidade. 2. A necessidade de desocupação do imóvel obriga ao pagamento de aluguel e despesas para retirada e devolução dos móveis. 3. Os danos morais são configurados porque os fatos extrapolam os meros dissabores e o inadimplemento contratual"".
_________ 
Dispositivos relevantes citados: CC, art. 189, 205 e 405; RITJSP, art. 252. 
Jurisprudência relevante citada: STJ, Súmula nº 362; RSTJ 112/216; Resp nº 1025665, Terceira Turma, Relatora Ministra Nancy Andrighi, DJE 09/04/2010"
1000385-25.2025.8.26.0625,20098931,Apelação Cível,Bancários,Marcio Bonetti,Taubaté,Núcleo 4.0-T. II (DP2),,,02/02/2026,02/02/2026,4342.91,True,False,547,"DIREITO DO CONSUMIDOR E BANCÁRIO. APELAÇÃO CÍVEL. DESCONTOS DE EMPRÉSTIMO EM CONTA-SALÁRIO SEM AUTORIZAÇÃO PRÉVIA. ILICITUDE. RESTITUIÇÃO EM DOBRO E INDENIZAÇÃO POR DANOS MORAIS . RECURSO PARCIALMENTE PROVIDO.
I. CASO EM EXAME
1. Apelação interposta por correntista contra sentença que julgou improcedente ação de indenização por descontos indevidos. O autor sustenta que o banco efetuou débito de parcela de empréstimo em sua conta-salário sem autorização, requerendo a inexigibilidade dos débitos, restituição em dobro dos valores de R$ 4.342,91 e indenização por danos morais no montante de R$ 12.000,00.
II. QUESTÃO EM DISCUSSÃO
2. Há três questões em discussão: (i) definir se é lícito o desconto de parcelas de empréstimo comum em conta-salário sem autorização prévia e expressa do mutuário; (ii) estabelecer se é devida a restituição em dobro dos valores descontados indevidamente; (iii) determinar se a conduta do banco gera dano moral indenizável.
III. RAZÕES DE DECIDIR
3. O Código de Defesa do Consumidor aplica-se às instituições financeiras, nos termos do art. 3º, §2º, e da Súmula 297 do STJ, cabendo ao fornecedor o ônus da prova quanto à regularidade da cobrança (CPC, art. 373, II; CDC, art. 6º, VIII).
4. A Resolução CMN n. 4.790/2020 exige autorização prévia, individualizada e expressa do titular para a realização de débitos em conta-salário.
5. O STJ, no Tema 1085 (REsp n. 1.863.973/SP), fixou a tese de que apenas são lícitos os descontos de parcelas de empréstimos comuns em conta-corrente quando previamente autorizados pelo mutuário, não se aplicando por analogia a limitação dos empréstimos consignados.
6. O banco não comprovou autorização expressa para debitar parcelas do contrato em conta diversa daquela indicada no instrumento contratual, configurando desconto indevido e afronta à boa-fé objetiva.
7. Diante da conduta contrária à boa-fé, é cabível a restituição em dobro dos valores indevidamente descontados, conforme art. 42, parágrafo único, do CDC e precedente do STJ (EAREsp n. 600.663/RS).
8. A retenção integral de verba de natureza alimentar sem autorização configura violação ao mínimo existencial e enseja dano moral indenizável, não se tratando de mero aborrecimento.
9. A indenização por dano moral deve observar critérios de razoabilidade, proporcionalidade e função pedagógica, fixando-se o valor de R$ 5.000,00 como adequado às circunstâncias do caso.
IV. DISPOSITIVO E TESE
10. Recurso parcialmente provido.
Tese de julgamento: ""1. É ilícito o desconto de parcelas de empréstimo comum em conta-salário sem autorização prévia, expressa e individualizada do correntista. 2. A ausência de autorização expressa para débito em conta-salário enseja restituição em dobro dos valores descontados indevidamente, quando configurada má-fé ou conduta contrária à boa-fé objetiva. 3. O desconto indevido de valores de natureza alimentar sem autorização gera dano moral indenizável.
Dispositivos relevantes citados: CF/1988, art. 5º, XXXV; CDC, arts. 2º, 3º, §2º, 6º, VIII, e 42, parágrafo único; CPC, arts. 373, II, 405, 389 e 406; CC, art. 405; Resolução CMN n. 4.790/2020, arts. 3º e 4º.
Jurisprudência relevante citada: STF, ADI 2591, Rel. Min. Carlos Velloso, Rel. p/ Acórdão Min. Eros Grau, Pleno, j. 07.06.2006; STJ, Tema 1085 (REsp n. 1.863.973/SP, Rel. Min. Marco Aurélio Bellizze, Segunda Seção, j. 09.03.2022); STJ, EAREsp n. 600.663/RS, Rel. p/ Acórdão Min. Herman Benjamin, Corte Especial, j. 21.10.2020; STJ, REsp n. 1.124.471/RJ, Rel. Min. Luiz Fux, Primeira Turma, j. 17.06.2010; STJ, REsp n. 521.434/TO, Rel. Min. Denise Arruda, Primeira Turma, j. 04.04.2006."
1117087-14.2024.8.26.0100,20098938,Apelação Cível,Planos de saúde,Marcio Bonetti,São Paulo,Núcleo 4.0-T. II (DP1),,,02/02/2026,02/02/2026,10000.0,True,False,460,"DIREITO CIVIL E DO CONSUMIDOR. APELAÇÃO CÍVEL. PLANO DE SAÚDE. CLÁUSULA DE AVISO PRÉVIO DECLARADA NULA. INEXIGIBILIDADE DE DÉBITO. INSCRIÇÃO INDEVIDA EM CADASTRO DE INADIMPLENTES. DANO MORAL IN RE IPSA. LITIGÂNCIA DE MÁ-FÉ. RECURSO PROVIDO.
I. CASO EM EXAME
1. Apelação da parte autora contra sentença que declarou rescindido o contrato de plano de saúde desde a notificação, reconheceu a inexigibilidade das mensalidades posteriores a 26/12/2023 e indeferiu o pedido de indenização por danos morais , insurgindo-se a recorrente exclusivamente contra esse último ponto.
II. QUESTÃO EM DISCUSSÃO
2. Há duas questões em discussão: (i) definir se a inscrição do nome da parte autora em cadastro de inadimplentes, fundada em cláusula de aviso prévio posteriormente reconhecida como nula, configura negativação indevida apta a gerar dano moral in re ipsa; (ii) estabelecer se a conduta da parte ré nas contrarrazões caracteriza litigância de má-fé.
III. RAZÕES DE DECIDIR
3. A inscrição realizada em razão de débitos reconhecidamente inexigíveis configura ato ilícito, pois a cláusula contratual de aviso prévio de 60 dias era nula e manifestamente abusiva.
4. A negativação indevida de pessoa jurídica caracteriza dano moral presumido, por atingir sua honra objetiva e reputação no meio comercial, conforme entendimento consolidado do Superior Tribunal de Justiça (AgInt no AREsp n. 2.886.013/RO).
5. A jurisprudência do TJSP confirma que a cobrança baseada em cláusula de aviso prévio declarada abusiva e a subsequente negativação ensejam dano moral indenizável, inclusive a pessoas jurídicas.
6. O valor da indenização deve observar proporcionalidade e razoabilidade, bem como as funções reparatória e pedagógica, sendo adequado o montante de R$ 10.000,00, conforme precedentes citados.
7. A argumentação da parte ré nas contrarrazões excedeu os limites da boa-fé processual ao imputar aos patronos da parte autora prática de advocacia predatória sem nenhum lastro probatório, mencionando terceiros alheios ao processo, configurando alteração da verdade dos fatos e uso temerário do processo, em violação ao art. 80, II e V, do CPC. A conduta caracteriza litigância de má-fé, impondo-se a aplicação da multa prevista no art. 81 do CPC.
IV. DISPOSITIVO E TESE
8. Recurso provido.
Tese de julgamento: ""1. A inscrição em cadastro de inadimplentes fundada em cláusula contratual nula configura negativação indevida e gera dano moral in re ipsa, inclusive para pessoa jurídica. 2. A imputação infundada de prática profissional ilícita à parte adversa, com suporte probatório alheio à realidade dos autos, caracteriza litigância de má-fé."".
Dispositivos relevantes citados: CPC, arts. 80, II e V, 81, 85 §§ 2º e 11, 406; CC, art. 406; Súmulas 54 e 362 do STJ.
Jurisprudência relevante citada: STJ, AgInt no AREsp n. 2.886.013/RO, Rel. Min. Ricardo Villas Bôas Cueva, j. 1/9/2025, DJEN 5/9/2025; STJ, REsp n. 1.124.471/RJ, Rel. Min. Luiz Fux, j. 17/6/2010; STJ, REsp n. 521.434/TO, Rel. Min. Denise Arruda, j. 4/4/2006."
1137874-64.2024.8.26.0100,20098265,Apelação Cível,Prestação de Serviços,Luiz Eurico,São Paulo,33ª Câmara de Direito Privado,33,Direito Privado,02/02/2026,02/02/2026,5000.0,True,False,83,"AÇÃO DE OBRIGAÇÃO DE FAZER CUMULADA COM INDENIZAÇÃO POR DANO MORAL , JULGADA PROCEDENTE – BLOQUEIO DE CONTA NO INSTAGRAM – SUPOSTA VIOLAÇÃO DOS TERMOS E USO DA PLATAFORMA QUE NÃO FOI COMPROVADA PELO RÉU - ILICITUDE CONTRATUAL NÃO AFASTADA – RECONHECIMENTO DO DANO MORAL MANTIDO – VALOR DA INDENIZAÇÃO REDUZIDO PARA R$ 5.000,00 - OBRIGAÇÃO DE FAZER IMPOSTA SOB PENA DE MULTA - CABIMENTO - MANUTENÇÃO DA PROCEDÊNCIA DA AÇÃO, BEM COMO O ÔNUS DE SUCUMBÊNCIA DO RÉU – RECURSO PARCIALMENTE PROVIDO"
1000820-80.2023.8.26.0362,20095396,Apelação Cível,Acidente de Trânsito,Flávio Pinella Helaehil,Mogi-Guaçu,Núcleo 4.0-T. VI (DP3),,,30/01/2026,30/01/2026,,False,False,542,"DIREITO CIVIL E PROCESSUAL CIVIL. APELAÇÃO CÍVEL. ACIDENTE DE TRÂNSITO. PREFERÊNCIA DE VIA. CULPA EXCLUSIVA DO RÉU. NEXO DE CAUSALIDADE PARCIALMENTE COMPROVADO. INDENIZAÇÃO MATERIAL E ESTÉTICA. SENTENÇA PARCIALMENTE REFORMADA. RECURSO PARCIALMENTE PROVIDO.
I. CASO EM EXAME

Apelação interposta pelo autor contra sentença de improcedência em ação de indenização por danos materiais e estéticos decorrentes de acidente de trânsito, na qual sustenta omissão na valoração das provas documentais, a extrapolação do laudo pericial médico sobre o nexo causal e pleiteia a reforma integral da sentença ou sua anulação. O réu impugna a concessão da gratuidade de justiça.
II. QUESTÃO EM DISCUSSÃO

Há quatro questões em discussão:
(i) definir se devem ser mantidos os benefícios da justiça gratuita concedidos ao autor;
(ii) analisar se houve cerceamento de defesa pela ausência de prova pericial de engenharia;
(iii) apurar a dinâmica do acidente para fins de definição da culpa e do nexo de causalidade;
(iv) estabelecer a extensão da indenização devida a título de danos materiais e dano estético.
III. RAZÕES DE DECIDIR

Mantém-se a justiça gratuita porque a impugnação apresentada não traz prova documental idônea para afastar a presunção de necessidade, sendo insuficientes meras alegações de melhora financeira.

Configura-se a preclusão quanto à prova técnica de engenharia, pois as partes foram intimadas para especificação de provas e permaneceram inertes, inexistindo cerceamento de defesa.

A perícia médica respeita os limites fixados, pois o saneador não delimitou objeto e os quesitos formulados pelo réu abrangeram o nexo causal, inexistindo extrapolação do perito.

A invasão de via preferencial caracteriza culpa do réu, não havendo prova do alegado excesso de velocidade do autor, além de que eventual infração secundária não elide a infração primária de desrespeito à preferência.

O boletim de ocorrência tem caráter meramente informativo e, isoladamente, não prova culpa, mas a própria narrativa do réu confirma que ingressou na via com visibilidade reduzida, reforçando o dever de cautela.

Reconhece-se a responsabilidade civil do réu e o nexo de causalidade para os danos materiais relativos ao valor FIPE da motocicleta e às despesas comprovadas de terapia ocupacional.

Não se comprovam despesas com medicamentos e deslocamentos porque não vinculadas ao acidente ou sem lastro documental mínimo.

O dano estético é de pequena monta e possui nexo causal demonstrado por documentação posterior juntada aos autos, impondo indenização em valor moderado.

A sucumbência do réu decorre da procedência parcial da demanda e autoriza a condenação em honorários advocatícios nos termos do art. 85, § 2º, do CPC.
IV. DISPOSITIVO E TESE

Recurso parcialmente provido.
Tese de julgamento:

A progressão profissional e alegação genérica de melhora financeira não afastam a presunção de necessidade da justiça gratuita sem prova documental inequívoca.

A ausência de requerimento tempestivo de prova técnica acarreta preclusão e afasta alegação posterior de cerceamento de defesa.

A invasão de via preferencial configura culpa do condutor que a pratica, prevalecendo sobre eventual infração secundária imputada ao veículo que trafega na via principal.

A indenização por danos materiais e estéticos exige comprovação do nexo causal e limitação aos valores efetivamente demonstrados.
Dispositivos relevantes citados: CPC, arts. 98, 99, 114, 122, 152, 473 § 2º, 487, I, e 85, § 2º. CC, art. 944. Lei 1.060/1950, art. 1º.
Jurisprudência relevante citada: TJSP, Apelação Cível nº 1007639-49.2022.8.26.0562, Rel. Des. Guilherme Santini Teodoro, j. 19.09.2024."
1002550-04.2024.8.26.0456,20096153,Apelação Cível,Associação,Carlos Castilho Aguiar França,Pirapozinho,4ª Câmara de Direito Privado,4,Direito Privado,30/01/2026,30/01/2026,,False,False,221,"DIREITO CIVIL. APELAÇÃO. CONTRATOS. RECURSO PROVIDO.
I. Caso em Exame
Luiz Antônio Gonçalves interpôs recurso de apelação contra sentença que julgou improcedente a ação contra o CINAAP, buscando a declaração de inexistência de vínculo jurídico e obrigação pecuniária, indenização por danos morais e restituição em dobro de valores descontados indevidamente de seu benefício previdenciário.
II. Questão em Discussão
2. A questão em discussão consiste em determinar se houve efetiva contratação entre as partes ou se os descontos realizados pela apelada carecem de fundamento jurídico.
III. Razões de Decidir
3. O áudio apresentado pela ré não comprova manifestação clara e inequívoca do apelante anuindo com os descontos em seu benefício previdenciário, revelando vício de consentimento e prática abusiva.
4. A vulnerabilidade agravada do consumidor idoso e a ausência de formalização adequada invalidam o negócio jurídico nos termos do Código de Defesa do Consumidor.
IV. Dispositivo e Tese
5. Recurso provido.Tese de julgamento: 1. A inexistência de relação jurídica válida entre as partes. 2. A prática abusiva na contratação por telefone sem consentimento claro do consumidor.
Legislação Citada:
Código de Defesa do Consumidor, art. 6º, VIII; art. 31; art. 39, IV; art. 46.
Jurisprudência Citada:
TJSP, Apelação Cível 1033638-19.2024.8.26.0114, Rel. Des. Enio Zuliani, j. 16/10/2025.
TJSP, Apelação Cível nº 1021342-44.2023.8.26.0196, 4ª Câmara de Direito Privado, Rel. Des.ª Marcia Dalla Déa Barone, j. 28/02/2024."
1036368-03.2024.8.26.0114,20092922,Apelação Cível,Extravio de bagagem,José Wagner de Oliveira Melatto Peixoto,Campinas,37ª Câmara de Direito Privado,37,Direito Privado,30/01/2026,30/01/2026,,False,True,61,"DIREITO DO CONSUMIDOR – Contratos de Consumo – Transporte Aéreo Internacional – Extravio de Bagagem - Sentença de parcial procedência – Irresignação recursal que se limita à pretensão de majoração da indenização arbitrada por danos morais – Bagagem restituída após retorno dos passageiros ao Brasil – Majoração em valor, todavia, inferior ao almejado – Sentença parcialmente modificada - Recurso parcialmente provido."
1003281-14.2024.8.26.0322,20091489,Apelação Cível,Bancários,Matheus Fontes,Lins,22ª Câmara de Direito Privado,22,Direito Privado,29/01/2026,30/01/2026,,True,False,91,"AÇÃO DECLARATÓRIA – CONTRATO DE EMPRÉSTIMO CONSIGNADO - NEGATIVA DE CONTRATAÇÃO – ÔNUS DA PROVA A CARGO DE QUEM SE CONSIDERA CREDOR – REPETIÇÃO EM DOBRO DO INDÉBITO – ORIENTAÇÃO FIRMADA EM TRIBUNAL SUPERIOR PELA PREVALÊNCIA DA BOA FÉ OBJETIVA, E IRRELEVÂNCIA DO REQUISITO SUBJETIVO – AUSÊNCIA, OUTROSSIM, DE ENGANO JUSTIFICÁVEL - RELAÇÃO CONTRATUAL DECLARADA INEXISTENTE - DESCONTOS INDEVIDOS EM BENEFÍCIO PREVIDENCIÁRIO - OBRIGAÇÃO DE INDENIZAR – COMPENSAÇÃO ADMITIDA - DANO MORAL CONFIGURADO – AÇÃO PROCEDENTE EM PARTE - SUCUMBÊNCIA PELO RÉU – SÚMULA Nº 326, STJ - RECURSO PARCIALMENTE PROVIDO."
1028662-77.2025.8.26.0002,20089851,Apelação Cível,Atraso de vôo,Simões de Almeida,São Paulo,13ª Câmara de Direito Privado,13,Direito Privado,29/01/2026,29/01/2026,5000.0,False,False,143,"APELAÇÃO – Transporte aéreo nacional - Ação de indenização por danos materiais e morais – Atraso do primeiro trecho do voo, com perda da conexão e chegada ao destino final mais de dezessete horas após o horário inicialmente programado - Aplicação do Código de Defesa do Consumidor - Alegação de manutenção da aeronave não programada – Fortuito interno - Ausência de demonstração de regularidade dos serviços prestados - Responsabilidade objetiva da companhia aérea – Inexistência de demonstração de minimização dos danos - Ausência de prestação de assistência material suficiente à passageira – Falha na prestação do serviço - Danos morais – Cabimento – Fatos que extrapolam o mero dissabor – Quantum arbitrado em R$ 5.000,00, em consonância aos princípios da proporcionalidade e da razoabilidade e de acordo com o parâmetro utilizado por este e. Tribunal de Justiça em casos semelhantes - Recurso provido."
1006955-33.2024.8.26.0408,20086986,Apelação Cível,Bancários,Francisco Giaquinto,Ourinhos,13ª Câmara de Direito Privado,13,Direito Privado,29/01/2026,29/01/2026,,False,False,382,"*Ação de indenização por danos materiais e morais – Transferência via Pix e compras em cartão de crédito não reconhecidas pelo autor - Sentença de procedência - Aplicação do CDC (súmula 297 do STJ) – Responsabilidade objetiva da financeira ré – Súmula 479 do STJ – Aplicação da teoria do risco do empreendimento – Matéria pacificada no julgamento do REsp 1.199.782/PR, com base no art. 543-C, do CPC/73 – Prova coligida demonstrando a invasão da conta do autor com realização de transferência via PIX e 8 compras no cartão de crédito por fraudador efetuadas de forma sequencial, em curto espaço de tempo, em estabelecimentos diversos e em cidade muito distante do domicílio do autor, evidenciando padrão típico de fraude – Banco réu que não comprovou a regularidade das transações bancárias negadas tampouco a inviolabilidade de seu sistema de segurança de forma a coibir as transações impugnadas, ônus que era seu (art. 6º, VIII, do CPC) – Réu que reconheceu a fraude em parte das operações, efetuando o estorno referente à transferência via PIX – Débitos decorrentes das compras fraudulentas efetuadas no cartão de crédito inexigíveis – Danos materiais – Débito decorrente das compras fraudulentas que deverão ser ressarcidos ao autor caso tenha pago integralmente a fatura do cartão de crédito – Recurso negado. Danos morais evidenciados - Damnum in re ipsa (com a negativação realizada) – Indenização arbitrada em consonância com os critérios da razoabilidade e proporcionalidade, segundo a extensão do dano (art. 944 do CC), não comportando modificação – Recurso negado. 
 
Correção monetária dos danos morais – Pretensão à sua incidência do arbitramento – Recuso em conformidade com a sentença apelada – Ausência de interesse recursal quanto ao tema – Recurso não conhecido. 
 
Juros de mora dos danos morais – Termo inicial – Incidência dos juros de mora da citação, por se tratar de responsabilidade civil contratual (art. 405 do CC ) – Recurso negado. 
 
Tutela provisória – Pretensão a revogação da tutela provisória – Inadmissibilidade de discussão sobre a tutela provisória – Preclusão operada – Astreintes fixada em sede de tutela provisória – Possibilidade de discussão sobre seu valor – Inteligência do art. 537 do CPC – Valor fixado dentro da razoabilidade – Ausência de violação aos princípios da razoabilidade e ponderação – Recurso negado. 
 
Recurso negado, na parte conhecida.*"
1007468-32.2023.8.26.0506,20080525,Apelação Cível,Serviços de Saúde,Luis Fernando Cirillo,Ribeirão Preto,9ª Câmara de Direito Privado,9,Direito Privado,27/01/2026,27/01/2026,,True,False,193,"APELAÇÃO. Insurgência das partes contra sentença de parcial procedência. Alegação dos autores de que paciente (genitor/esposo), internado por COVID-19, faleceu em decorrência de infecção oportunista (Candida albicans e Staphylococcus epidermidis), alegando também falta de assepsia do material hospitalar. Laudo pericial que afastou o nexo causal entre a ocorrência das infecções e defeito na prestação do serviço hospitalar e apontou ter a morte do paciente sido causada pela conjunção da imunodepressão decorrente do Covid-19 com as infecções não imputáveis à ré que acometeram o paciente no ambiente hospitalar. Condenação em primeiro grau apenas ao pagamento de indenização de dano moral , com base em constatação pericial de falha no diagnóstico e tratamento de uma das infecções. Ausência de fundamento para o reconhecimento de direito a pensão vitalícia e indenização de dano moral , dada a falta de nexo de causalidade entre o defeito na prestação do serviço hospitalar e a morte do paciente. Ausência de respaldo jurídico para se reconhecer o dever de indenizar estabelecido na sentença, dada a irrelevância para o desfecho infeliz dos fatos da base do dano moral adotada em primeiro grau. Recurso da ré provido e recurso dos autores improvido."
1018848-62.2024.8.26.0071,20080153,Apelação Cível,Evicção ou Vicio Redibitório,Ana Luiza Villa Nova,Bauru,25ª Câmara de Direito Privado,25,Direito Privado,27/01/2026,27/01/2026,,True,False,291,"RECURSO DE APELAÇÃO - Ação de rescisão de contrato de compra e venda c.c. indenização por danos moral e material - Aquisição de veículo Ford Ka 1.6 Flex usado, mediante entrega de Fiat Pálio como parte do pagamento, complementado por valores em espécie e cartão - Consumidora que, ao tentar contratar seguro automotivo, descobre que o veículo adquirido possuía histórico de leilão e sinistro de grande monta, com danos estruturais relevantes identificados em vistoria cautelar, incluindo deformações em longarinas, cortes em colunas, substituição de painéis e intervenções típicas de reconstrução - Relatório técnico que classifica o automóvel como recuperado de sinistro, com alertas sobre restrições securitárias e impacto direto no valor de mercado - Dinâmica das tratativas revelada por mensagens trocadas entre as partes, nas quais o representante da ré indaga expressamente se o veículo da autora seria de leilão, mas omite a mesma informação quanto ao veículo ofertado para venda, demonstrando violação ao dever de transparência e à boa-fé objetiva - Relação de consumo configurada, com inversão do ônus da prova deferida - Ausência de prova documental de informação prévia, clara e ostensiva acerca do histórico de leilão ou dos vícios estruturais - Prova oral prestada por pessoa ligada à ré, sem imparcialidade, contrariada pelas conversas de WhatsApp e pelos laudos técnicos - Vício essencial caracterizado, atingindo a própria formação da vontade contratual - Possibilidade de resolução do contrato com retorno ao estado anterior, inclusive com restituição integral das prestações de valores realizadas e conversão em perdas e danos caso inviável a devolução do veículo entregue como entrada - Dano moral configurado diante da quebra de confiança, restrição securitária inesperada, necessidade de vistorias e buscas técnicas, tentativas frustradas de solução extrajudicial e desvio produtivo - Sentença reformada - Recurso provido."
1015990-92.2024.8.26.0577,20075174,Apelação Cível,Associação,Carlos Castilho Aguiar França,São José dos Campos,4ª Câmara de Direito Privado,4,Direito Privado,23/01/2026,23/01/2026,5000.0,False,True,226,"DIREITO DO CONSUMIDOR. APELAÇÃO. INDENIZAÇÃO POR DANOS MORAIS . RECURSO PARCIALMENTE PROVIDO.
I. Caso em Exame
1. Recurso de apelação interposto contra sentença que declarou a inexistência de relação jurídica entre as partes, determinou a abstenção de descontos, condenou a ré à restituição em dobro de valores descontados indevidamente do benefício previdenciário do autor, e ao pagamento de indenização por danos morais e custas processuais. O autor busca a majoração do valor da indenização por danos morais .
II. Questão em Discussão
2. A questão em discussão consiste em determinar se o valor da indenização por danos morais deve ser majorado, conforme pleiteado pelo autor.
III. Razões de Decidir
3.1. O recurso merece parcial acolhimento, porque os descontos indevidos no benefício previdenciário do autor perduraram, justificando a majoração da indenização.
3.2. A majoração para R$ 5.000,00 é razoável e compatível com precedentes da Câmara, evitando enriquecimento indevido.
IV. Dispositivo e Tese:
Recurso parcialmente provido para majorar a indenização por danos morais para R$ 5.000,00.
Tese de julgamento: 1. A majoração da indenização por danos morais deve observar a razoabilidade e proporcionalidade, evitando enriquecimento indevido.
Jurisprudência Citada:
Apelação Cível 1003797-89.2021.8.26.0079; Relator: Enio Zuliani; 4ª Câmara de Direito Privado; Julgamento: 08/05/2024.
Apelação Cível 1000563-93.2023.8.26.0414; Relator: Márcio Boscaro; 4ª Câmara de Direito Privado; Julgamento: 07/05/2024.
Apelação Cível 1000501-55.2022.8.26.0360; Relator: Vitor Frederico Kümpel; 4ª Câmara de Direito Privado; Julgamento: 03/05/2024."
1033474-45.2024.8.26.0602,20074957,Apelação Cível,Associação,Carlos Castilho Aguiar França,Sorocaba,4ª Câmara de Direito Privado,4,Direito Privado,23/01/2026,23/01/2026,5000.0,True,False,231,"DIREITO DO CONSUMIDOR. APELAÇÃO. INDENIZAÇÃO POR DANOS MORAIS . RECURSO DA REQUERIDA DESERTO. RECURSO DA AUTORA PARCIALMENTE PROVIDO.
I. Caso em Exame:
Recursos de apelação interpostos contra sentença que declarou a inexistência de relação jurídica, determinou a cessação dos descontos e condenou a ré a devolver os valores descontados em dobro. A autora busca indenização por danos morais , enquanto a ré defende a validade dos descontos e solicita gratuidade da justiça.
II. Questão em Discussão:
A questão em discussão consiste em (i) analisar a admissibilidade do recurso da requerida; e (ii) determinar se houve danos extrapatrimoniais devido aos descontos indevidos em benefício previdenciário de natureza alimentar.
III. Razões de Decidir:
3.1. O recurso da requerida não foi conhecido por deserção, pois não houve recolhimento do preparo após indeferimento do pedido de gratuidade da justiça.
3.2. O recurso da autora é conhecido e parcialmente provido, reconhecendo-se o dano moral devido ao comprometimento da renda alimentar, configurando abalo psíquico significativo.
IV. Dispositivo e Tese:
Recurso da requerida não conhecido; recurso da autora parcialmente provido.
Tese de julgamento: 1. Descontos indevidos em benefício previdenciário configuram dano moral . 2. Indenização fixada em R$ 5.000,00, considerando a gravidade da lesão e a condição econômica das partes.
Legislação Citada: Artigo 99, § 4º, do CPC; Artigo 1.007 do CPC; Artigo 944 do CC.
Jurisprudência Citada: TJSP, Apelação Cível 1033638-19.2024.8.26.0114, Relator Des. Enio Zuliani, j. 16/10/2025."
1003021-56.2025.8.26.0562,20072510,Apelação Cível,Tratamento médico-hospitalar,Rosana Santiso,Santos,Núcleo 4.0-T. IV (DP1),,,22/01/2026,22/01/2026,8000.0,True,False,252,"DIREITO DO CONSUMIDOR. APELAÇÃO CÍVEL. AÇÃO DE OBRIGAÇÃO DE FAZER CUMULADA COM INDENIZAÇÃO POR DANOS MORAIS . PROCEDÊNCIA. PLANO DE SAÚDE. NEGATIVA DE COBERTURA INDEVIDA. ADEQUAÇÃO DO EXAME ONCOLÓGICO PRESCRITO. PARECER FAVORÁVEL DO NAT-JUS. DANO MORAL CONFIGURADO. INDENIZAÇÃO ARBITRADA ADEQUADAMENTE. FUNDAMENTOS DA SENTENÇA RATIFICADOS. ART. 252, RITJSP. RECURSO DESPROVIDO.
I. Caso em exame
1. Trata-se de apelação interposta pela operadora ré em face da sentença que julgou procedentes os pedidos formulados, condenando-a o custeio do exame oncológico prescrito ao autor, bem como a indenizar o dano moral causado, no valor de R$8.000,00.
II. Questão em discussão
2. Discute-se: (i) a abusividade da recusa de cobertura ao exame prescrito (PET-PSMA), sob fundamento de inadequação às diretrizes de utilização; e (ii) a configuração do dano moral e o valor estimado para compensá-lo.
III. Razões de decidir
3. Ratificação do pronunciamento recorrido, nos termos do art. 252 do RITJSP. Argumentação recursal que não abala os fundamentos expostos na r. sentença, que conduziram à procedência da pretensão autoral.
4. Segurado diagnosticado com neoplasia maligna de próstata. Prescrição do exame PET-PSMA pelo médico responsável pelo tratamento. Parecer favorável do NAT-Jus, relacionando as evidências científicas da adequação do exame prescrito. Correto o reconhecimento da obrigação de custeio do procedimento, com base no art. 10, §13, inciso I da Lei n. 9.656/1998.
5. Dano moral configurado. Recusa indevida de cobertura que enseja abalo moral, conforme entendimento majoritário nesta Turma Recursal. Montante indenizatório adequado à maior gravidade do presente caso, não comportando redução.
IV. Dispositivo
6. Negado provimento ao recurso."
1034528-80.2023.8.26.0602,20066131,Apelação Cível,Vícios de Construção,Wilson Lisboa Ribeiro,Sorocaba,9ª Câmara de Direito Privado,9,Direito Privado,13/01/2026,13/01/2026,10000.0,False,False,118,"APELAÇÃO CÍVEL. Ação de obrigação de fazer cumulada com indenização por danos materiais e morais. Sentença de procedência parcial. Insurgência recursal dos corréus e do autor. Vícios construtivos em imóvel adquirido no âmbito do Programa Minha Casa Minha Vida. Preliminar de ilegitimidade passiva do agente financeiro afastada. Responsabilidade solidária reconhecida nos termos do Código de Defesa do Consumidor. Nulidade por cerceamento de defesa não configurada. Laudo pericial conclusivo e ausência de prejuízo. Reforma parcial da sentença para incluir indenização por danos morais . Fixação em R$ 10.000,00, valor suficiente para atender à dupla finalidade da reparação. Correção monetária desde o arbitramento e juros de mora a partir da citação. RECURSOS DOS RÉUS IMPROVIDOS, PROVIDO O RECURSO DO AUTOR."
1005989-87.2025.8.26.0003,20064332,Apelação Cível,Extravio de bagagem,Carlos Ortiz Gomes,São Paulo,15ª Câmara de Direito Privado,15,Direito Privado,09/01/2026,09/01/2026,12000.0,True,False,321,"Apelação cível. Ação de indenização. Voo internacional. Extravio temporário de bagagem, disponibilizada três dias após o desembarque. Sentença de improcedência que condenou o demandante ao pagamento de multa por litigância de má-fé. Inconformismo do autor. Dano moral . Pretensão de condenação da ré ao pagamento de indenização no valor de R$ 12.000,00. Acolhimento parcial. Regulamentações da ANAC, disciplinando os procedimentos no caso de atraso de voo, ou de extravio de bagagens, não obstam a pretensão de reparação por danos decorrentes do atraso/extravio. Cumprimento imperfeito do contrato. Falha na prestação do serviço. Responsabilidade objetiva. Ruptura da expectativa, com o inesperado atraso. Dever do transportador de restituir a bagagem extraviada no local indicado pelo passageiro em até 21 dias, no caso do voo internacional, que não exime a companhia aérea das consequências advindas da falha na prestação de serviços. Excludentes do dever de indenizar não comprovadas pela parte fornecedora. Extravio temporário de bagagem que também pode gerar o dano moral indenizável (AREsp 1295536; AREsp 1257561). Situação que atinge os direitos da personalidade. Precedentes desta C. Câmara. Dano moral configurado. Indenização por dano moral fixada em R$ 3.000,00, valor em sintonia com os critérios da razoabilidade e da proporcionalidade, bem como a linha dos Precedentes. Recurso parcialmente provido neste ponto.
Dano material. Acolhimento parcial. Indenização prevista em caso de atraso de extravio de bagagem que tem como objetivo o ressarcimento de gastos emergenciais no período em que o passageiro estiver sem seus pertences. Ressarcimento que não abrange compras, aquisições ou consumo incompatíveis com uma situação excepcional e temporária. Determinado reembolso apenas de itens essenciais e devidamente comprovados. Recurso parcialmente provido neste aspecto.
Litigância de má-fé. Sem a prova inequívoca do dolo, e ausente culpa grave, não se aplicam as sanções por litigância de má-fé (RSTJ 17/363 e AgInt no AREsp nº 1869919-MS, Rel. Min. Raul Araújo). Portanto, afastada a condenação. Recurso provido nesta parte. 
Sentença reformada. Revisão do ônus de sucumbência. Recurso parcialmente provido."
0076123-71.2012.8.26.0114,20063231,Apelação Cível,Acidente de Trânsito,Léa Duarte,Campinas,Núcleo 4.0-T. IV (DP3),,,08/01/2026,08/01/2026,25000.0,False,False,314,"DIREITO CIVIL E PROCESSUAL CIVIL. RESPONSABILIDADE CIVIL. ACIDENTE DE TRÂNSITO. CONCESSIONÁRIA DE TRANSPORTE PÚBLICO. RESPONSABILIDADE OBJETIVA. CULPA CONCORRENTE DA VÍTIMA. INEXISTÊNCIA DE CERCEAMENTO DE DEFESA. RECURSO DESPROVIDO.
I. CASO EM EXAME
1. Apelação de concessionária de transporte coletivo contra sentença que a condenou a pagar R$ 25.000,00 a título de danos morais por atropelamento, alegando cerceamento de defesa e culpa exclusiva da vítima.
II. QUESTÃO EM DISCUSSÃO
2. Verificar (i) se houve cerceamento de defesa e (ii) se subsiste a responsabilidade da ré, diante da alegada culpa da vítima.
III. RAZÕES DE DECIDIR
3. Inexiste cerceamento de defesa quando o processo está maduro para julgamento, com provas suficientes, e o prolongamento da instrução contrariaria o princípio da razoável duração do processo (CF, art. 5º, LXXVIII).
4. O laudo pericial é completo e conclusivo ao constatar que o autor sofreu traumatismo cranioencefálico em razão do atropelamento, resultando em incapacidade parcial e permanente de 20%, com sequelas neurológicas compatíveis com o acidente, dispensando esclarecimentos adicionais.
5. A concessionária responde objetivamente pelos danos (CF, art. 37, §6º; CDC, art. 17), comprovados o nexo e o dano.
6. Configurada culpa concorrente do autor, que atravessou fora da faixa, aplica-se o art. 945 do CC, reduzindo a indenização.
7. Valor de R$ 25.000,00 mantido por observar os critérios de proporcionalidade.
IV. DISPOSITIVO E TESE
8. Recurso desprovido.
Tese de julgamento:
a) Não há cerceamento de defesa quando as provas são suficientes ao julgamento.
b) Concessionária de transporte responde objetivamente pelos danos causados a terceiros.
c) A culpa concorrente da vítima reduz a indenização, sem afastar a responsabilidade da concessionária.
Dispositivos relevantes citados: CF/1988, arts. 5º, X e LXXVIII, e 37, §6º; CC, arts. 781, 944 e 945; CPC, arts. 129, 252 e 487, I; CDC, art. 17.
Jurisprudência relevante citada: STJ, Súmula 537; TJSP, Apelação nº 1011706-51.2018.8.26.0577, Rel. Des. Berenice Marcondes Cesar, 28ª Câmara de Direito Privado, j. 18.09.2020."
1003071-47.2025.8.26.0024,20063203,Apelação Cível,Bancários,Léa Duarte,Andradina,Núcleo 4.0-T. IV (DP2),,,08/01/2026,08/01/2026,3000.0,True,False,375,"DIREITO DO CONSUMIDOR E CIVIL. APELAÇÃO CÍVEL. CONTRATOS BANCÁRIOS. EMPRÉSTIMO CONSIGNADO FRAUDULENTO. AUSÊNCIA DE PROVA DA CONTRATAÇÃO. RESPONSABILIDADE OBJETIVA DA INSTITUIÇÃO FINANCEIRA. DANO MORAL IN RE IPSA. RECURSO DESPROVIDO.
I. CASO EM EXAME
1. Ação ajuizada em face do Banco do Brasil S/A, na qual o autor alegou descontos indevidos em seu benefício previdenciário decorrentes de empréstimos consignados que não contratou. Pleiteou a declaração de inexistência dos débitos, a restituição em dobro dos valores descontados e indenização por danos morais . A sentença julgou procedentes os pedidos. O banco interpôs apelação.
II. QUESTÃO EM DISCUSSÃO
2. Há duas questões em discussão: (i) definir se os documentos eletrônicos apresentados pelo Banco do Brasil são suficientes para comprovar a validade e a autenticidade da contratação dos empréstimos consignados; e (ii) estabelecer se a instituição financeira deve responder pelos danos materiais e morais decorrentes dos descontos indevidos no benefício previdenciário do autor.
III. RAZÕES DE DECIDIR
3. Os contratos apresentados possuem apenas assinatura eletrônica simples, com o mais baixo grau de confiabilidade previsto no art. 4º, I, da Lei nº 14.063/2020, sem elementos técnicos que permitam vincular de modo inequívoco o signatário ao documento.
4. A ausência de dados de autenticação, como geolocalização, endereço IP, fotografia ou gravação da contratação, impede reconhecer a manifestação de vontade do consumidor, não havendo prova segura de que o autor tenha aderido às operações bancárias.
5. A instituição financeira responde objetivamente pelos danos causados por falha na prestação de serviços (CDC, art. 14), devendo adotar mecanismos de segurança eficazes na autenticação de contratos digitais.
6. O desconto indevido em benefício previdenciário configura ilícito civil, ensejando restituição em dobro dos valores pagos (CDC, art. 42, parágrafo único) e dano moral presumido (in re ipsa), notadamente em se tratando de pessoa idosa com renda limitada.
7. O valor da indenização de R$ 3.000,00 mostra-se razoável e proporcional, atendendo aos critérios de reparação, punição e prevenção do dano, conforme orientação do TJSP em casos análogos.
IV. DISPOSITIVO E TESE
8. Recurso desprovido.
Dispositivos relevantes citados: CDC, arts. 14 e 42, parágrafo único; Lei nº 14.063/2020, art. 4º; CC, arts. 389 e 406, §1º; Súmulas 54 e 326/STJ.
Jurisprudência relevante citada: TJSP, Apelação nº 1001278-20.2018.8.26.0024, Rel. Des. Carlos Abrão, 14ª Câmara de Direito Privado, j. 15.02.2019."
1002815-69.2025.8.26.0068,20061630,Apelação Cível,Transporte Aéreo,Simões de Almeida,Barueri,13ª Câmara de Direito Privado,13,Direito Privado,19/12/2025,19/12/2025,5000.0,False,False,101,"APELAÇÃO – Transporte aéreo internacional – Ação de indenização por danos morais – Cancelamento de voo com remanejamento – Atraso final mais de nove horas para chegada ao destino – Aplicação do Código de Defesa do Consumidor – Alegação de manutenção emergencial da aeronave não programada – Ausência de demonstração de regularidade dos serviços prestados - Responsabilidade objetiva da companhia aérea – Falha na prestação do serviço – Danos morais configurados – Fatos que extrapolam o mero dissabor – Quantum indenizatório fixado em R$ 5.000,00 (cinco mil reais) – Valor em consonância aos princípios da proporcionalidade e razoabilidade – Recurso provido."
1106497-78.2024.8.26.0002,20059352,Apelação Cível,Fornecimento de Energia Elétrica,L. G. Costa Wagner,São Paulo,34ª Câmara de Direito Privado,34,Direito Privado,19/12/2025,19/12/2025,4000.0,False,True,304,"APELAÇÃO. INDENIZAÇÃO POR DANOS MORAIS . FALHA NA PRESTAÇÃO DO SERVIÇO DE FORNECIMENTO DE ENERGIA ELÉTRICA. SENTENÇA DE PARCIAL PROCEDÊNCIA. RECURSO DA AUTORA PROVIDO. RECURSO DA RÉ DESPROVIDO.
I. Recursos de apelação interpostos contra sentença que condenou a Ré a efetivar a prestação do serviço de fornecimento de energia elétrica à Autora no prazo de 15 dias, sob pena de aplicação de multa diária, bem como a pagar indenização por danos morais no valor de R$ 4.000,00. A Autora recorre pleiteando a majoração da indenização arbitrada. A Ré, por sua vez, requer seja afastada a condenação imposta; subsidiariamente, requer a minoração dos danos morais e da multa diária aplicada.
II. A questão em discussão consiste em verificar se houve falha nos serviços prestados pela Ré de modo a configurar o dever de indenizar os danos morais alegados pela parte autora. Ainda, se cabível a minoração da multa astreinte aplicada para o caso de descumprimento da obrigação de fazer imposta à Ré. 
III. Razões de Decidir: A relação jurídica entre as partes é de consumo, justificando a inversão do ônus da prova em favor da autora.
A responsabilidade civil da Ré é objetiva, não tendo sido comprovada a regularidade dos serviços prestados, configurando falha na prestação do serviço. Recurso da Autora provido para majorar a indenização por danos morais para R$ 10.000,00. Correta a fixação de astreintes para compelir a Ré ao cumprimento de obrigação de fazer determinada em sede de antecipação de tutela. Proporcionalidade e razoabilidade da multa diária aplicada, motivo pelo qual incabível a pretendida redução.
IV. Tese de julgamento: 1. A responsabilidade civil das concessionárias de serviços públicos é objetiva. 2. Indenização a título de danos morais que deve ser arbitrada conforme as circunstâncias do caso concreto, de modo a reparar os danos percebidos. 
RECURSO DA AUTORA PROVIDO. RECURSO DA RÉ DESPROVIDO."
1005031-19.2023.8.26.0344,20059237,Apelação Cível,Cartão de Crédito,Francisco Giaquinto,Marília,13ª Câmara de Direito Privado,13,Direito Privado,19/12/2025,19/12/2025,,False,False,55,*Ação declaratória de inexistência de débito c.c indenização por danos materiais e morais – Negativação de dívida não reconhecida pelo autor – Parcial procedência – Dívida negativada relacionada ao uso de crédito de crédito – Legitimidade da dívida negativada demonstrada – Ato ilícito inexistente – Danos morais não evidenciados – Sentença reformada – Recurso provido.*
1010937-89.2023.8.26.0602,20057348,Apelação Cível,Empréstimo consignado,Daniela Menegatti Milano,Sorocaba,16ª Câmara de Direito Privado,16,Direito Privado,19/12/2025,19/12/2025,5000.0,True,False,231,"APELAÇÃO CÍVEL – Fraude bancária - Ação declaratória cumulada com repetição de indébito e indenização por danos morais . Sentença de parcial procedência, que reconheceu a prescrição das parcelas descontadas anteriormente a 27/03/2018, nos termos do art. 27 do CDC, declarou a inexigibilidade dos débitos resultantes do contrato descrito na inicial, e condenou o réu na devolução simples dos valores indevidamente descontados da autora até 30/03/2021, e, em dobro, a partir de então, deixando de acolher o pedido de dano moral - Inconformismo das partes. 
I – Alegação de não contratação de cartão de crédito consignado (RMC), com expressa impugnação à autenticidade da assinatura aposta no contrato objeto da lide. Ausência de requerimento por parte do réu de prova pericial grafotécnica. Invalidade do negócio jurídico evidenciada.
II – Retorno das partes ao estado anterior à contratação. Restituição simples pelo réu dos valores descontados do benefício previdenciário da autora. Não cabimento da devolução em dobro, diante da ausência de má-fé do réu e da data da celebração do contrato (dezembro /2020) 
Autorizada a compensação dos valores devidos entre as partes.
III – Danos morais configurados. Descontos indevidos que incidiram sobre verba de caráter alimentar. Indenização ora arbitrada em R$5.000,00 (cinco mil reais), em atenção às circunstâncias particulares do caso.
IV – Sentença reformada em parte. Sucumbência a cargo do réu. 
Recursos parcialmente providos, com determinação de remessa de cópias ao ministério público."
1004650-65.2025.8.26.0077,20057254,Apelação Cível,Bancários,Daniela Menegatti Milano,Birigüi,16ª Câmara de Direito Privado,16,Direito Privado,19/12/2025,19/12/2025,5000.0,True,False,314,"APELAÇÃO CÍVEL – Fraude bancária – Ação declaratória cumulada com repetição de indébito e indenização por danos morais - Sentença de improcedência – Inconformismo do autor. 
I - Alegação do autor de que não solicitou a portabilidade e refinanciamento dos contratos descritos na inicial. Celebrações que ocorreram de forma digital, sem a existência de assinatura física ou digital - Aplicação do Código de Defesa do Consumidor e da Súmula nº 297, do C. Superior Tribunal de Justiça. Inversão do ônus da prova, segundo o artigo 6º, inciso VIII, do Código de Defesa do Consumidor - Réu que não logrou comprovar a autenticidade da portabilidade e do refinanciamento. Envio de foto (selfie) e documentos do autor não datados, a corroborar a tese de fraude envolvendo a sua formalização. Falha na segurança interna do banco caracterizada.
II - Retorno das partes ao estado anterior à contratação. Restituição pelo réu dos valores descontados do benefício do autor Restituição em dobro que se impõe, porque prescinde de elemento volitivo do fornecedor de serviços, afigurando-se cabível quando a cobrança constituir conduta contrária à boa-fé objetiva. Entendimento consolidado pelo C. Superior Tribunal de Justiça (EAREsp. nº 676.608-RS), que foi objeto de modulação de efeitos, para restringir sua aplicação aos contratos bancários firmados após 30/03/2021. Contrato fraudado celebrado em fevereiro/2025. 
Devolução pelo autor do valor creditado em conta de sua titularidade, com juros de mora e correção monetária, autorizada a compensação dos valores devidos entre as partes. Facultado ao banco réu adotar providências no sentido de restabelecer o contrato objeto de portabilidade.
III - Dano moral configurado. Descontos indevidos que incidiram sobre benefício previdenciário. Indenização arbitrada em R$5.000,00, a fim de atender às particularidades do caso.
IV. Sentença reformada. Condenação do réu no pagamento das custas, despesas processuais, e honorários advocatícios de 20% do valor da condenação, nos termos do artigo 85, § 2º, do Código de Processo Civil. 
Recurso provido."
1051302-06.2022.8.26.0576,20054743,Apelação Cível,Telefonia,Maria Lúcia Pizzotti,São José do Rio Preto,30ª Câmara de Direito Privado,30,Direito Privado,18/12/2025,18/12/2025,3000.0,False,False,127,"APELAÇÃO – RECURSO DA AUTORA – AÇÃO DECLARATÓRIA E CONDENATÓRIA – ALEGAÇÃO DE INSCRIÇÃO INDEVIDA EM ÓRGÃO DE PROTEÇÃO AO CRÉDITO – AUSÊNCIA DE INSCRIÇÕES PREEXISTENTES – INAPLICABILIDADE DA SÚMULA 385 DO C. STJ – INDENIZAÇÃO POR DANOS MORAIS CABÍVEL – REFORMA DA R. SENTENÇA – RECURSO PROVIDO
1 – A existência de diversos apontamentos obsta a condenação ao pagamento de indenização por danos morais sob a alegação de abalo à imagem em função de inscrição em órgão de proteção ao crédito. Súmula 385 do C. STJ.
2 – No caso, a autora, porém, a autora demonstrou que não há nenhuma inscrição preexistente ao apontamento questionado nestes autos, evidenciando a inaplicabilidade da Súmula 385 do C. STJ. Indenização cabível. Fixação em R$ 3.000,00. 
RECURSO DA AUTORA PROVIDO."
1000053-19.2025.8.26.0638,20051146,Apelação Cível,Bancários,Rodrigues Monteiro,Tupi Paulista,20ª Câmara de Direito Privado,20,Direito Privado,17/12/2025,17/12/2025,1000.0,True,False,568,"DIREITO DO CONSUMIDOR E BANCÁRIO. APELAÇÃO CÍVEL. FRAUDE BANCÁRIA. CONTRATAÇÃO DIGITAL DE EMPRÉSTIMO NÃO RECONHECIDA. PIX INDEVIDO. RESPONSABILIDADE OBJETIVA DA INSTITUIÇÃO FINANCEIRA. FORTUITO INTERNO. NULIDADE CONTRATUAL. INDENIZAÇÃO POR DANOS MORAIS . RESTITUIÇÃO PARCIAL DOS VALORES. PARCIAL PROVIMENTO.

I. Caso em exame

Apelação cível interposta por consumidora contra sentença que julgou improcedente ação de obrigação de fazer cumulada com indenização por danos materiais e morais. A autora alegou fraude na contratação de empréstimo no valor de R$ 1.000,00 e em transferências subsequentes via PIX, que resultaram em prejuízo superior a R$ 6.000,00. Pleiteou a nulidade da contratação, devolução dos valores e compensação por danos morais .

II. Questão em discussão

Há seis questões em discussão: (i) definir a responsabilidade civil da instituição financeira por fraudes digitais; (ii) aferir a validade do laudo pericial que comprova a fraude contratual; (iii) verificar se a geolocalização é elemento suficiente para afastar a fraude; (iv) examinar a ocorrência de culpa exclusiva da vítima; (v) determinar a nulidade do contrato e a devolução de valores subtraídos; (vi) apurar a existência de dano moral indenizável.

III. Razões de decidir

Aplica-se o Código de Defesa do Consumidor às instituições financeiras (STJ, Súmula 297), sendo sua responsabilidade objetiva em casos de falha na prestação do serviço (art. 14, CDC e Súmula 479 STJ). O laudo pericial apontou diversas irregularidades: ausência de certificação digital válida (ICP-Brasil), manipulação do código HASH, inconsistências cadastrais e falha na biometria facial. A coincidência da geolocalização do dispositivo com o domicílio da autora não afasta as demais evidências técnicas que indicam fraude na contratação. Inexistem elementos que comprovem culpa exclusiva ou parcial da vítima ou fortuito externo. A falha no sistema de segurança caracteriza fortuito interno. Declarada a nulidade do contrato de empréstimo fraudulento. Entretanto, não se determina a restituição do valor do empréstimo (R$ 1.000,00), por não representar prejuízo patrimonial da autora, evitando enriquecimento sem causa. Devida a restituição dos valores que integravam o patrimônio da consumidora e foram transferidos a terceiros, com apuração em fase de liquidação. O esvaziamento integral da conta bancária, a falha na detecção de movimentações atípicas e a omissão administrativa do banco configuram dano moral indenizável, arbitrado em R$ 5.000,00. Sentença reformada

IV. Dispositivo e tese

Recurso provido em parte.

Tese de julgamento: 1. A responsabilidade da instituição financeira por fraudes em operações bancárias é objetiva, quando caracterizado fortuito interno. 2. Laudo pericial técnico que comprova falhas na contratação digital afasta a presunção de validade do contrato eletrônico. 3. A geolocalização do IP não prevalece sobre indícios técnicos de fraude. 4. É nulo o contrato firmado mediante fraude, sendo indevida a restituição do valor emprestado, por não integrar o patrimônio da vítima. 5. A devolução dos valores subtraídos é limitada aos montantes que efetivamente pertenciam à consumidora antes da fraude. 6 O dano moral decorre da falha sistêmica e da necessidade de recorrer ao Judiciário, sendo a indenização fixada em R$ 5.000,00.

Dispositivos relevantes citados: CF, art. 5º, V e X; CC, arts. 186, 884, 927, 944, 405, 406; CDC, arts. 2º, 3º, 6º, VI e VIII, 14 e 42, parágrafo único; MP nº 2.200-2/2001, art. 10, §1º; CPC, arts. 85, §§2º e 11, e 1.012; Resolução BCB nº 1/2020, art. 89, §1º, I.

Jurisprudência relevante: STJ, Súmulas 297, 326, 362, 43 e 479; STJ, Tema Repetitivo 466; STJ, REsp 1197929/PR, Rel. Min. Luis Felipe Salomão, j. 24.08.2011; STJ, REsp 318379/MG, Rel. Min. Nancy Andrighi, j. 04.02.2002."
1001408-28.2025.8.26.0068,20049829,Apelação Cível,Cancelamento de vôo,Alexandre Batista Alves,Barueri,16ª Câmara de Direito Privado,16,Direito Privado,17/12/2025,17/12/2025,,False,False,87,"DIREITO DO CONSUMIDOR. RECURSO DE APELAÇÃO. TRANSPORTE AÉREO. CANCELAMENTO DE VOO. DANOS MORAIS . CABIMENTO. Cancelamento de voo nacional. Modificação da malha por razões operacionais que constitui fortuito interno, inerente ao risco da atividade da transportadora aérea, não afastando o dever de indenizar. Atraso de mais de 12h durante a noite. Ausência de comprovação da suposta assistência prestada pela apelada. Falha na prestação de serviço, ensejando a reparação por danos morais . Responsabilidade objetiva da companhia aérea. Danos morais configurados. Precedentes. Sentença de improcedência reformada. Recurso provido."
1017492-66.2024.8.26.0577,20049135,Apelação Cível,Empréstimo consignado,Alexandre David Malfatti,São José dos Campos,12ª Câmara de Direito Privado,12,Direito Privado,17/12/2025,17/12/2025,5000.0,True,False,442,"AÇÃO DECLARATÓRIA CUMULADA COM INDENIZAÇÃO. SENTENÇA DE PARCIAL PROCEDÊNCIA. APELAÇÃO DO RÉU DESPROVIDA.

AUSÊNCIA DE INTERESSE DE AGIR E IRREGULARIDADE NA REPRESENTAÇÃO PROCESSUAL. REJEIÇÃO. Rejeitam-se as alegações do réu quanto a uma suposta inexistência de interesse de agir, bem como de irregularidade na representação processual do autor. Tais alegações, inseridas aleatoriamente no recurso de apelação e sem qualquer sintonia com a realidade dos autos, apenas demonstraram uma injustificada resistência ao andamento do processo. Aliás, a conduta processual do réu - longe de ser aceitável – será analisada em tópico próprio. Cumpre salientar que, à luz do princípio da boa-fé processual, não se revela admissível a insistência do réu em tese de ausência de interesse processual, sobretudo quando, mesmo após a perícia técnica confirmar a inexistência dos contratos impugnados, persiste a defesa na alegação de regularidade da contratação. Alegações rejeitadas.

CONSUMIDOR. CARTÕES DE CRÉDITO CONSIGNADO E DE BENEFÍCIO (RMC E RCC). EXAME DOCUMENTOSCÓPICO. FALSIDADE DOS DOCUMENTOS. INEXISTÊNCIA DAS CONTRATAÇÕES. RESTITUIÇÃO SIMPLES, POR AUSÊNCIA DE RECURSO. DANO MORAL CONFIGURADO. VALOR DA INDENIZAÇÃO MANTIDO. LITIGÂNCIA DE MÁ-FÉ DO BANCO RÉU RECONHECIDA. Ação declaratória de inexistência de débito cumulada com pedido de indenização. Sentença de parcial procedência. Recurso do réu. Primeiro, mantém-se o reconhecimento de inexistência das contratações. As fraudes restaram constatadas mediante perícia documentoscópica, a partir da qual se concluiu pela falsidade dos documentos. Incidência do artigo 14 do CDC com aplicação da súmula nº 479 do STJ. Inexistência dos contratos com declaração da inexigibilidade dos valores. Segundo, mantém-se a devolução simples de valores. Valores indevidamente descontados. Conduta comercial inadmissível, que demonstrou a utilização de um método sem cautela, que levou às contratações fraudulentas. Verdadeira cobrança de má-fé. Devolução simples durante o período, por ausência de recurso do autor. Compensação indevida, à vista da inexistência de comprovação de recebimento de valores pelo autor. Terceiro, reconhece-se a existência dos danos morais . A indevida celebração de contrato de cartões de crédito com RMC e RCC em nome do consumidor gerou prejuízos nas esferas patrimonial e moral. O autor sofreu descontos indevidos em seu benefício previdenciário, com repercussão em verba necessária à sua subsistência. Resistência desmedida ao pleito do autor. Valor da indenização mantido em R$ 5.000,00, parâmetro razoável e admitido pela Turma julgadora em casos semelhantes. Quarto, mantém-se a base de cálculo dos honorários de advogado. Honorários arbitrados em 15% sobre o valor da condenação, em consonância com o art. 85, §2º, CPC. E quinto, condena-se o réu por litigância de má-fé. Recurso que insistiu na tese da contratação legítima pelo consumidor, muito embora tenha sido comprovada a fraude por perícia técnica. Alteração dolosa dos fatos. Ação julgada parcialmente procedente.

SENTENÇA MANTIDA. RECURSO IMPROVIDO, COM DETERMINAÇÃO."
1001188-60.2025.8.26.0058,20043108,Apelação Cível,Bancários,Marcio Bonetti,Agudos,Núcleo 4.0-T. II (DP2),,,15/12/2025,15/12/2025,3000.0,True,True,521,"DIREITO DO CONSUMIDOR. APELAÇÕES CÍVEIS. CONTRATAÇÃO DIGITAL NÃO COMPROVADA. DÍVIDA INEXISTENTE. NEGATIVAÇÃO INDEVIDA. DANO MORAL IN RE IPSA. MAJORAÇÃO DO QUANTUM INDENIZATÓRIO. HONORÁRIOS RECURSAIS. RECURSO DO RÉU DESPROVIDO. RECURSO DA AUTORA PARCIALMENTE PROVIDO.
I. CASO EM EXAME
1. Apelações cíveis interpostas em ação declaratória de inexistência de débito cumulada com indenização por danos morais , na qual a sentença declarou a inexistência da dívida decorrente de suposto empréstimo contratado via mobile banking, determinou a exclusão do nome da autora dos cadastros restritivos, condenou o banco ao pagamento de R$ 3.000,00 por danos morais e arbitrou honorários de sucumbência. A autora busca majoração da indenização e dos honorários; o banco pleiteia a improcedência integral, afirmando a regularidade da contratação e requerendo a revogação da gratuidade de justiça.
II. QUESTÃO EM DISCUSSÃO
2. Há três questões em discussão: (i) identificar se o réu apresentou elementos suficientes para afastar gratuidade de justiça; (ii) estabelecer se o banco comprovou a existência e a validade da contratação digital atribuída à autora, bem como a legitimidade da negativação; (iii) determinar se o valor dos danos morais e dos honorários advocatícios deve ser majorado.
III. RAZÕES DE DECIDIR
3. A gratuidade de justiça é mantida quando a parte ré não apresenta elementos concretos que infirmem o estado de hipossuficiência declarado pela autora.
4. Compete à instituição financeira, nos termos do art. 373 do CPC e da inversão do ônus da prova prevista no art. 6º, VIII, do CDC, comprovar a efetiva contratação digital quando o consumidor nega o vínculo jurídico.
5. A simples alegação de contratação via mobile banking, desacompanhada de logs, IPs, geolocalização, dados biométricos, documentos de identificação ou qualquer mecanismo idôneo de autenticação, não comprova a manifestação de vontade do consumidor.
6. A juntada de telas sistêmicas, planilhas internas ou o mero depósito de valores na conta do consumidor não constitui prova suficiente da contratação, conforme precedentes citados.
7. Reconhecida a inexistência da dívida, a negativação é indevida e configura dano moral in re ipsa, prescindindo de comprovação de prejuízo concreto.
8. O valor da indenização por dano moral deve observar critérios de razoabilidade, proporcionalidade, caráter pedagógico e compensatório, sendo adequado o montante de R$ 10.000,00 diante das circunstâncias do caso e dos precedentes mencionados.
9. É cabível a majoração dos honorários advocatícios em grau recursal, nos termos do art. 85, §§ 2º e 11, do CPC.
IV. DISPOSITIVO E TESE
Recurso do réu desprovido. Recurso da autora parcialmente provido.
Tese de julgamento: ""1. A instituição financeira deve comprovar, por meio de elementos técnicos idôneos, a regularidade de contratação digital impugnada pelo consumidor. 2. A negativação indevida decorrente de contratação não comprovada gera dano moral in re ipsa."".
Dispositivos relevantes citados: CDC, arts. 2º, 3º e 6º, VIII; CPC, arts. 373 e 85, §§ 2º e 11.
Jurisprudência relevante citada: STF, ADI 2591, Rel. Min. Carlos Velloso, Rel. p/ Acórdão Min. Eros Grau, Pleno, j. 07/06/2006; STJ, Súmula 297; STJ, AgInt no AREsp 1.607.866/PR, Rel. Min. João Otávio de Noronha, 4ª Turma, j. 20/05/2024; STJ, REsp 1.124.471/RJ, Rel. Min. Luiz Fux, 1ª Turma, j. 17/06/2010; STJ, REsp 521.434/TO, Rel. Min. Denise Arruda, 1ª Turma, j. 04/04/2006."
1021791-18.2020.8.26.0451,20039193,Apelação Cível,Vícios de Construção,Jane Franco Martins,Piracicaba,2ª Câmara de Direito Privado,2,Direito Privado,12/12/2025,12/12/2025,10000.0,True,False,239,"DIREITO CIVIL. APELAÇÃO. INDENIZAÇÃO POR DANOS MORAIS E MATERIAIS. SENTENÇA REFORMADA. PARCIAL PROVIMENTO.

I. Caso em Exame
Dois recursos de apelação foram apresentados em ação de indenização por danos morais e materiais. A sentença original condenou as rés a reparar danos materiais no imóvel do autor, conforme laudo pericial, e rejeitou o pedido de indenização por danos morais . O autor busca reforma para incluir danos morais , enquanto as rés pedem improcedência total ou conversão da condenação em obrigação de fazer.
II. Questão em Discussão
A questão em discussão consiste em (i) divergência entre o imóvel entregue e o modelo decorado apresentado, e (ii) ausência de informações claras sobre características do imóvel, como infraestrutura para ar-condicionado e presença de tubulações aparentes.
III. Razões de Decidir 
Preliminar - Dialeticidade recursal preenchida -
Mérito - A propaganda enganosa e a falta de informações claras violam o dever de informação, conforme o CDC, artigos 6º, III, 30, 31 e 37, §1º. A responsabilidade das rés é objetiva, conforme art. 14 do CDC, devido aos vícios construtivos apontados no laudo pericial.
IV. Dispositivo e Tese. Sentença reformada em parte. Dá-se parcial provimento ao recurso do autor para reconhecer o dano moral , fixando-o em R$ 10.000,00. Recurso das rés desprovido.
Tese de julgamento: 1. A divergência entre o imóvel entregue e o decorado configura propaganda enganosa. 2. A responsabilidade do fornecedor é objetiva, bastando a demonstração do defeito e do nexo causal."
1000671-60.2023.8.26.0079,20038193,Apelação Cível,Bancários,Fabiana Calil Canfour de Almeida,Botucatu,Núcleo 4.0-T. VII (DP2),,,12/12/2025,12/12/2025,,False,True,106,APELAÇÃO CÍVEL - Bancários - Ação cominatória com pedido de obrigação de fazer e tutela de urgência cumulada com perdas e danos - Contrato de financiamento - Inserção de gravame - Quitação - Manutenção do gravame e danos no veículo - Sentença de procedência - Apelo da ré - Baixa do gravame que compete a ré que o incluiu e deve ser feita em no máximo dez dias - Inteligência dos artigos 7º e 9º da Resolução CONTRAN n. 320/2009 - Culpa imputada ao autor desacompanhada de comprovação - Danos materiais e morais configurados - Sentença mantida - Honorários majorados em grau recursal - Recurso desprovido
1019107-16.2024.8.26.0020,20037393,Apelação Cível,Associação,Carlos Castilho Aguiar França,São Paulo,4ª Câmara de Direito Privado,4,Direito Privado,12/12/2025,12/12/2025,,True,False,268,"DIREITO DO CONSUMIDOR. APELAÇÃO. CONTRATOS. RECURSO PROVIDO.
I. Caso em Exame
1. Recurso de apelação interposto por Ercílio Luiz Júlio contra sentença que julgou improcedente ação contra o CINAAP, referente a descontos mensais em benefício previdenciário sem contratação ou filiação à entidade. Pedido de declaração de inexistência de vínculo jurídico, indenização por danos morais e restituição em dobro dos valores descontados.
II. Questão em Discussão
2. A questão em discussão consiste em (i) determinar a existência de contratação válida entre as partes e (ii) a legitimidade dos descontos realizados pela apelada.
III. Razões de Decidir
3. A prova apresentada pela apelada, um áudio de ligação telefônica, não comprova a contratação válida devido a vício de consentimento e prática abusiva.
4. A vulnerabilidade do consumidor idoso e a ausência de formalização adequada invalidam o negócio jurídico.
IV. Dispositivo e Tese
5. Recurso provido.
Tese de julgamento: 1. A inexistência de relação jurídica válida justifica a cessação dos descontos e a restituição em dobro dos valores. 2. A prática abusiva e o vício de consentimento configuram dano moral , justificando indenização.
Legislação Citada:
Código de Defesa do Consumidor, art. 42, parágrafo único; art. 6º, VIII; art. 31; art. 39, IV; art. 46; art. 49.
Código Civil, arts. 139, 187, 422.
Código de Processo Civil, art. 373, II; arts. 79 a 81.
Lei nº 10.741/2003 (Estatuto do Idoso).
Jurisprudência Citada:
TJSP, Apelação Cível 1033638-19.2024.8.26.0114, Relator Des. Enio Zuliani, j. 16/10/2025.
TJSP, Apelação Cível 1003797-89.2021.8.26.0079, Rel. Enio Zuliani, j. 08/05/2024.
TJSP, Apelação Cível 1000563-93.2023.8.26.0414, Rel. Márcio Boscaro, j. 07/05/2024.
TJSP, Apelação Cível nº 1021342-44.2023.8.26.0196, Rel. Des.ª Marcia Dalla Déa Barone, j. 28/02/2024."
1000880-36.2024.8.26.0615,20037059,Apelação Cível,Bancários,Matheus Fontes,Tanabi,22ª Câmara de Direito Privado,22,Direito Privado,11/12/2025,12/12/2025,,True,False,67,"AÇÃO DECLARATÓRIA – CONTRATO BANCÁRIO DE EMPRÉSTIMO CONSIGNADO - NEGATIVA DE CONTRATAÇÃO – DIREITO À RESTITUIÇÃO EM DOBRO DE VALORES DESCONTADOS INDEVIDAMENTE, NA AUSÊNCIA DE ENGANO JUSTIFICÁVEL, AUTORIZADA COMPENSAÇÃO DE VALORES CREDITADOS – DANO MORAL CONFIGURADO – INDENIZAÇÃO DEVIDA - TERMO INICIAL DOS JUROS DE MORA - SÚMULA Nº 54, SUPERIOR TRIBUNAL DE JUSTIÇA - SUCUMBÊNCIA PELO RÉU – SÚMULA Nº 326, STJ - APELAÇÃO PARCIALMENTE PROVIDA."
1012150-10.2025.8.26.0005,20035531,Apelação Cível,Bancários,Marcio Bonetti,São Paulo,Núcleo 4.0-T. II (DP2),,,11/12/2025,11/12/2025,6800.0,True,False,531,"DIREITO DO CONSUMIDOR E CIVIL. APELAÇÃO CÍVEL. CONTRATO BANCÁRIO. EMPRÉSTIMO NÃO RECONHECIDO. NEGATIVAÇÃO INDEVIDA. RESPONSABILIDADE OBJETIVA. DANO MORAL CONFIGURADO. RECURSO PARCIALMENTE PROVIDO.
I. CASO EM EXAME
1. Apelação interposta pelo autor contra sentença que reconheceu a inexistência de contratação de empréstimo fraudulento no valor de R$ 6.800,00, anulando seus efeitos e determinando a exclusão do nome do autor dos cadastros de inadimplentes, mas julgou improcedente o pedido de indenização por danos morais . O apelante sustenta ter sofrido grave prejuízo moral em razão da indevida negativação decorrente da fraude e requer a condenação do banco ao pagamento de indenização, além do afastamento da sucumbência recíproca.
II. QUESTÃO EM DISCUSSÃO
2. Há duas questões em discussão: (i) definir se a inscrição indevida do nome do autor em cadastros de inadimplentes em decorrência de fraude bancária gera direito à indenização por danos morais ; e (ii) estabelecer se é cabível a condenação exclusiva do réu ao pagamento das verbas de sucumbência.
III. RAZÕES DE DECIDIR
3. A ausência de comprovação da autenticidade da contratação configura falha na prestação do serviço bancário, impondo ao fornecedor, nos termos do art. 14 do Código de Defesa do Consumidor, a responsabilidade objetiva pelos danos causados.
4. A inscrição indevida do nome do consumidor em cadastros restritivos de crédito gera dano moral presumido (in re ipsa), sendo desnecessária a prova de prejuízo concreto, bastando a demonstração da ilicitude da conduta.
5. A indenização por dano moral deve observar os princípios da razoabilidade e da proporcionalidade, assegurando compensação adequada à vítima e caráter pedagógico suficiente para inibir a repetição da conduta ilícita.
6. Os juros de mora incidem a partir da data do evento danoso (Súmula 54/STJ), e a correção monetária, desde o arbitramento (Súmula 362/STJ).
7. Nos termos da Súmula 326 do STJ, a fixação de valor indenizatório inferior ao pleiteado não caracteriza sucumbência recíproca, impondo-se ao réu o pagamento integral das custas, despesas e honorários advocatícios.
IV. DISPOSITIVO E TESE
8. Recurso parcialmente provido.
Tese de julgamento: ""1. A inscrição indevida em cadastro de inadimplentes, decorrente de contratação fraudulenta não reconhecida, configura dano moral presumido, dispensando prova do prejuízo concreto. 2. O fornecedor de serviços responde objetivamente pelos danos causados por falha na prestação do serviço, ainda que decorrente de fraude de terceiro. 3. A indenização por dano moral deve atender aos princípios da razoabilidade e proporcionalidade, possuindo natureza compensatória e pedagógica. 4. A fixação de valor inferior ao pleiteado em ação de indenização por dano moral não enseja sucumbência recíproca, cabendo ao réu o pagamento integral dos ônus da sucumbência."".
Dispositivos relevantes citados: CF/1988, art. 5º, V e X; CDC, art. 14; CC, arts. 389 e 406; CPC, art. 85, §§ 2º e 11.
Jurisprudência relevante citada: STJ, AgInt no AREsp 2.899.515/RJ, Rel. Min. João Otávio de Noronha, 4ª T., j. 25.08.2025; STJ, REsp 1.124.471/RJ, Rel. Min. Luiz Fux, 1ª T., j. 17.06.2010; STJ, REsp 521.434/TO, Rel. Min. Denise Arruda, 1ª T., j. 04.04.2006; STJ, EDcl no REsp 1.375.530/SP, Rel. Min. João Otávio de Noronha, 3ª T., j. 06.10.2015; Súmulas 54, 326 e 362 do STJ; TJSP, Apelação Cível 1000658-26.2023.8.26.0511, Rel. João Battaus Neto, j. 21.02.2025; TJSP, Apelação Cível 1005825-30.2023.8.26.0606, Rel. João Battaus Neto, j. 15.10.2025."
1024170-71.2018.8.26.0007,20033583,Apelação Cível,Compra e Venda,Carlos Russo,São Paulo,30ª Câmara de Direito Privado,30,Direito Privado,10/12/2025,11/12/2025,,False,False,54,"RESPONSABILIDADE CIVIL. Direitos e obrigações em negócio de venda e compra de veículo automotor. Suposto vício oculto (adulteração de numeração do chassi e motor), levando à apreensão do veículo. Abordagem reparatória. Juízo de parcial procedência com relação à revendedora e respectivo sócio e de improcedência no âmbito proprietário anterior. Apelo do autor. Parcial provimento."
1042015-84.2025.8.26.0100,20030628,Apelação Cível,Prestação de Serviços,Pedro Baccarat,São Paulo,36ª Câmara de Direito Privado,36,Direito Privado,09/12/2025,09/12/2025,,True,False,71,"Cancelamento injustificado da conta do ""Tiktok"". Anúncio da violação de Termos e Condições de adesão ao aplicativo que não se mostra suficiente, sendo antes imprescindível declinar a comprovada violação às regras que motivou o cancelamento. Dano moral decorrente do cancelamento da conta configurado em face da presumível ofensa a honra objetiva perante seus seguidores. Direito ao restabelecimento da conta e à indenização por danos morais reconhecido. Sentença parcialmente reformada. Recurso provido."
1001556-39.2024.8.26.0435,20029253,Apelação Cível,Bancários,Henrique Rodriguero Clavisio,Pedreira,18ª Câmara de Direito Privado,18,Direito Privado,09/12/2025,09/12/2025,,True,True,226,"Declaratória e indenizatória – Negativação indevida – Cobrança indevida – CDC – Inversão do ônus da prova (artigo 6º, VIII, do CDC) – Cabimento – Ausência de comprovação da existência da legitimidade e existência do débito, ônus do qual o réu não se desincumbiu (artigo 373, II, do CPC) – Inexistência de qualquer documento que comprove a legitimidade do apontamento lançado por parte do réu, notadamente por se tratarem de contratos de empréstimo consignado com débito diretamente do benefício previdenciário da parte autora e com comprovação da efetivação dos descontos no mês indicado no apontamento restritivo – Incidência dos artigos 2º e 17 do CDC – Risco da atividade a ser suportado pelo fornecedor (artigo 14 do CDC) – Inexigibilidade do débito – Reconhecimento – Dano moral configurado – 'Quantum' indenizatório – Valor adequado – Regra de equilíbrio – Extensão e consequência da injustiça – Pretensões à redução e à majoração indevidas – Correção do valor – Não aplicação da Súmula 54 do STJ – Juros de mora – Termo inicial – Artigo 407 do Código Civil – Aplicação da Súmula 326 do STJ – Sentença mantida – RITJ/SP, artigo 252 – Assento Regimental nº 562/2017, artigo 23 – Honorários em favor do patrono da parte autora majorados em grau recursal com fulcro no art. 85, §§8º e 11 do CPC. 
Recursos não providos, com observação."
1054250-47.2024.8.26.0576,20027187,Apelação Cível,Cancelamento de vôo,Francisco Giaquinto,São José do Rio Preto,13ª Câmara de Direito Privado,13,Direito Privado,05/12/2025,05/12/2025,,False,True,124,"*Ação indenizatória – Transporte aéreo nacional – Voo de Porto Seguro/BA para São José do Rio Preto/SP, com conexão em Campinas/SP – Atraso no voo com destino à Campinas/SP, acarretando perda da conexão, chegando os autores ao destino com 10 horas de atraso– Companhia aérea que deixou de prestar assistência material adequada aos passageiros – Danos morais reconhecidos na sentença – Recurso exclusivo do autor – Majoração dos danos morais – Danos morais arbitrados na sentença em consonância com os critérios da razoabilidade e proporcionalidade – Recurso negado. 
 
Honorários advocatícios recursais – Fixação de honorários recursais que só tem cabimento nas hipóteses de não provimento ou não conhecimento do recurso, em tais casos fixados em face do recorrente – Recurso negado 
 
Recurso negado. *"
1000619-79.2025.8.26.0213,20021869,Apelação Cível,Bancários,Guilherme Santini Teodoro,Guará,Núcleo 4.0-T. II (DP2),,,03/12/2025,03/12/2025,,False,False,188,"CONTRATO BANCÁRIO. Ação de nulidade e indenizatória. Golpe da falsa central de atendimento. Improcedência. Inconformismo da autora. Realização de transações bancárias não autorizadas (empréstimos e transferências via PIX). Falha na prestação do serviço do banco por falta de medidas de segurança: vulnerabilidade do sistema bancário e ausência de bloqueio de transferências atípicas. Operações de valor expressivo, destinadas a terceiros sem vínculo prévio com a autora. Hipótese de caso fortuito interno (Súmula 479 do STJ). Nulidade dos contratos. Culpa concorrente da vítima caracterizada. A autora violou o dever de cautela ao seguir instruções dos fraudadores, dirigir-se ao caixa eletrônico e executar os comandos indicados, contribuindo para o êxito da fraude. Inteligência do art. 945 do Código Civil. Precedentes. Danos patrimoniais evidenciados, com arbitramento de indenização em 50% do prejuízo, a serem apurados em liquidação de sentença, determinada a devolução do saldo que restou em conta e autorizada a compensação. Danos morais inexistentes. Autora que concorreu para o golpe. Falta de provas de ofensa à dignidade da consumidora em razão da momentânea indisponibilidade do dinheiro ou da demora ou resistência do réu em resolver a questão. Recurso provido em parte."
1002258-68.2023.8.26.0451,20021298,Apelação Cível,Vícios de Construção,Jane Franco Martins,Piracicaba,2ª Câmara de Direito Privado,2,Direito Privado,02/12/2025,03/12/2025,10000.0,True,False,625,"DIREITO DO CONSUMIDOR. APELAÇÃO CÍVEL. CONTRATO DE COMPRA E VENDA DE IMÓVEL. VÍCIO CONSTRUTIVO E DIVERGÊNCIA ENTRE O APARTAMENTO DECORADO E A UNIDADE ENTREGUE. FALHA NO DEVER DE INFORMAÇÃO. DANO MORAL CONFIGURADO. RECURSO DA RÉ DESPROVIDO E RECURSO DA AUTORA PROVIDO.

I. Caso em exame
Tratam-se de recursos de apelação interpostos por ambas as partes contra sentença que julgou parcialmente procedente ação de obrigação de fazer cumulada com indenizatória. A decisão de primeiro grau condenou a construtora a reparar vícios construtivos (fissuras) ou a indenizar o valor correspondente, mas julgou improcedente o pedido de danos morais decorrentes da divergência entre o apartamento decorado e a unidade entregue. A ré apela arguindo preliminares de decadência e cerceamento de defesa. A autora apela buscando a condenação da ré por danos morais , com base na falha do dever de informação e na força vinculante da publicidade.

II. Questão em discussão 
2. Há três questões em discussão: (i) Preliminares: analisar a aplicabilidade do prazo decadencial do art. 26 do CDC em detrimento do prazo prescricional decenal do art. 205 do CC para pretensão indenizatória por vício construtivo e falha no dever de informação, bem como a ocorrência de cerceamento de defesa; (ii) Mérito do recurso da ré: verificar a responsabilidade da construtora pelos vícios construtivos (fissuras) apontados em laudo pericial; (iii) Mérito do recurso da autora: definir se a entrega de imóvel com características dissonantes do apartamento decorado (modelo publicitário), especialmente pela omissão de elementos estruturais como ""shafts"", configura falha no dever de informação e publicidade enganosa, gerando dano moral indenizável.

III. Razões de decidir 
3. A pretensão indenizatória fundada em vício construtivo e na violação do dever de informação sujeita-se ao prazo prescricional geral de dez anos (art. 205 do CC), e não ao prazo decadencial previsto no Código de Defesa do Consumidor, por não se tratar de simples vício aparente, mas de responsabilidade civil contratual. 4. Não há cerceamento de defesa quando a controvérsia é dirimida com base em prova pericial técnica, conclusiva e elaborada sob o crivo do contraditório, mostrando-se suficiente para a formação do convencimento do julgador. 5. A responsabilidade da construtora por vícios construtivos é objetiva. Comprovada a existência de fissuras por laudo pericial, que as caracterizou como vício de construção, impõe-se o dever de reparar ou indenizar, nos termos do Código de Defesa do Consumidor. 6. A publicidade, na relação de consumo, integra o contrato e vincula o fornecedor (art. 30 do CDC). A apresentação de apartamento decorado que omite elementos estruturais relevantes (""shafts""), os quais alteram a estética e o espaço útil do imóvel, configura falha grave no dever de informação (art. 6º, III, do CDC) e violação da boa-fé objetiva. 7. A frustração da legítima expectativa do consumidor, que adquire um imóvel confiando no modelo apresentado, ultrapassa o mero dissabor e caracteriza dano moral "" in re ipsa"", passível de indenização.

IV. Dispositivo e tese 8. SENTENÇA REFORMADA. RECURSO DA RÉ DESPROVIDO E RECURSO DA AUTORA PROVIDO. 

Tese de julgamento: 1. A pretensão indenizatória fundada em vício construtivo e na violação do dever de informação em contrato de compra e venda de imóvel submete-se ao prazo prescricional decenal (art. 205 do Código Civil), e não ao prazo decadencial previsto no art. 26 do Código de Defesa do Consumidor. 2. A publicidade veiculada por construtora, notadamente por meio de apartamento decorado, integra o contrato e vincula a fornecedora, nos termos do art. 30 do Código de Defesa do Consumidor. 3. A entrega de imóvel com divergências estéticas e funcionais relevantes em relação ao modelo decorado, como a omissão de elementos estruturais (""shafts""), configura falha no dever de informação e violação da boa-fé objetiva, ensejando dano moral indenizável por frustrar a legítima expectativa do consumidor. Dano moral em R$ 10.000,00 Precedentes E.TJSP""."
1007095-43.2023.8.26.0007,20012571,Apelação Cível,Fornecimento de Energia Elétrica,Neto Barbosa Ferreira,São Paulo,29ª Câmara de Direito Privado,29,Direito Privado,28/11/2025,28/11/2025,10000.0,False,True,198,"Apelação. Prestação de serviços. Fornecimento de energia elétrica. Ação declaratória de inexigibilidade de débito c.c indenização por danos morais julgada parcialmente procedente. Apelo da autora. Restou incontroverso nos autos não só a inexigibilidade do débito cobrado pela ré, que ensejou a negativação (indevida) do nome da autora em cadastros de devedores mantidos por entidades de proteção ao crédito, como também os danos morais por ela experimentados. Irresignação voltada exclusivamente quanto à quantificação dos danos morais indenizáveis e dos consectários decorrentes de tal condenação (juros, correção e honorários advocatícios). Indenização. Hipótese de danos morais in re ipsa. Majoração. Cabimento. Montante majorado para R$ 10.000,00 que se afigura consentâneo aos princípios da razoabilidade e proporcionalidade e, ainda, ao patamar que vem sendo adotado por esta C. Câmara para casos da espécie. Correção monetária que deve ser computada do arbitramento (Sum. 362/STJ). Juros moratórios, porém, que devem ser contabilizados do evento danoso, por se tratar a hipótese, de responsabilidade extracontratual. Honorários de sucumbência. Majoração. Impossibilidade. Verba honorária fixada em 10% sobre o valor atualizado da condenação (majorada por este julgado) que atende os princípios da razoabilidade e proporcionalidade, à luz do disposto no art. 85, §2º., do CPC. Recurso parcialmente provido."
1020630-50.2023.8.26.0068,20008828,Apelação Cível,Cancelamento de vôo,Simões de Almeida,Barueri,13ª Câmara de Direito Privado,13,Direito Privado,26/11/2025,27/11/2025,3000.0,False,False,105,"APELAÇÃO – Transporte aéreo nacional – Ação de indenização por danos morais – Cancelamento de voo com remanejamento – Realização do trajeto por via terrestre – Atraso final de mais de cinco horas para chegada ao destino – Aplicação do Código de Defesa do Consumidor – Alegação de manutenção da aeronave não programada – Ausência de demonstração de regularidade dos serviços prestados - Responsabilidade objetiva da companhia aérea – Falha na prestação do serviço – Danos morais configurados – Fatos que extrapolam o mero dissabor – Quantum indenizatório fixado em R$ 3.000,00 – Valor em consonância aos princípios da proporcionalidade e razoabilidade – Recurso provido."
1018109-02.2024.8.26.0100,20003629,Apelação Cível,Indenização por Dano Material,Monte Serrat,São Paulo,30ª Câmara de Direito Privado,30,Direito Privado,26/11/2025,26/11/2025,,False,False,61,Apelação – Ação indenizatória – Gestão de negócios – Criptoativos – Invasão por hacker – Sentença de improcedência – Recurso do autor – Comprovação de fato constitutivo do direito do autor – Inversão do ônus probatório – Possibilidade – Aplicação das normas consumeristas – Falha na segurança demonstrada – Danos morais configurados – Sentença reformada em parte – Recurso parcialmente provido.
1007831-58.2024.8.26.0320,19999240,Apelação Cível,Compra e Venda,L. G. Costa Wagner,Araras,34ª Câmara de Direito Privado,34,Direito Privado,25/11/2025,25/11/2025,5000.0,True,True,189,"APELAÇÃO. OBRIGAÇÃO DE FAZER C./C. INDENIZAÇÃO POR DANOS MORAIS . SENTENÇA DE PARCIAL PROCEDÊNCIA. RECURSO PARCIALMENTE PROVIDO.
I. Recurso de apelação interposto contra sentença que julgou parcialmente procedente ação de obrigação de fazer c./c. indenização por danos morais , condenando a ré ao pagamento de R$ 5.000,00 por danos morais . Autora que recorre pleiteando a majoração da indenização arbitrada a título de danos morais . 
II. A questão em discussão consiste em verificar se adequado o valor fixado a título de indenização por danos morais às circunstâncias do caso concreto, bem como se os honorários advocatícios arbitrados comportam majoração.
III. Razões de Decidir: A relação jurídica entre as partes é de consumo, justificando a inversão do ônus da prova. A ré reteve indevidamente o documento de transferência do veículo por quase três anos, configurando dano moral . O valor da indenização por danos morais foi majorado para R$ 10.000,00, considerando a extensão do dano e os princípios da razoabilidade e proporcionalidade. Honorários sucumbenciais mantidos. 
IV. Tese de julgamento: 1. Majoração da indenização por danos morais para R$ 10.000,00. 2. Manutenção dos demais termos da sentença. RECURSO PARCIALMENTE PROVIDO."
1010702-91.2019.8.26.0302,19999215,Apelação Cível,Empréstimo consignado,Simões de Vergueiro,Jaú,16ª Câmara de Direito Privado,16,Direito Privado,25/11/2025,25/11/2025,8000.0,False,False,192,"RECURSO DE APELAÇÃO INTERPOSTO CONTRA R. SENTENÇA PELA QUAL FOI JULGADA PARCIALMENTE PROCEDENTE AÇÃO DECLARATÓRIA DE INEXISTÊNCIA DE RELAÇÃO JURÍDICA, C.C REPARAÇÃO DE DANOS - ALEGAÇÃO DE INCORREÇÃO, COM PEDIDO DE REFORMA – ACERTO APENAS PARCIAL DA R. SENTENÇA.


INEXIGIBILIDADE DO DÉBITO EM QUESTÃO - CASA DE FINANCIAMENTOS QUE NÃO SE DESINCUMBIU DE COMPROVAR A REGULARIDADE NAS CONTRATAÇÕES QUESTIONADAS - PERÍCIA GRAFOTÉCNICA QUE CONCLUIU QUE A ASSINATURA CONSTANTE DO CONTRATO NÃO PARTIU DO PUNHO DO AUTOR - ADEQUADO RECONHECIMENTO DA INEXISTÊNCIA DE CONTRATAÇÃO DE CARTÃO DE CRÉDITO CONSIGNADO COM SUPORTE EM BENEFÍCIO PREVIDENCIÁRIO PERCEBIDO PELO DEMANDANTE - DANOS MORAIS CONFIGURADOS – PRETENSÃO DEDUZIDA NO INTUITO DE TER POR MODIFICADO O VALOR DEFINIDO A TÍTULO DE COMPENSAÇÃO POR DANOS MORAIS – IMPORTÂNCIA FIXADA PELO JUÍZO NA ORDEM DE R$ 8.000,00 (OITO MIL REAIS) - VALOR QUE NÃO SE MOSTROU EXCESSIVO, OU MESMO DESPROPORCIONAL EM RELAÇÃO AOS MALEFÍCIOS EXPERIMENTADOS PELO RECORRIDO – RECURSO NÃO PROVIDO.

CONDENAÇÃO DA CASA DE VALORES A DEVOLUÇÃO, EM DOBRO, DOS VALORES INDEVIDAMENTE DESCONTADOS DO DEMANDANTE – DEVOLUÇÃO/COMPENSAÇÃO QUE DEVERÁ SE DAR DE FORMA SIMPLES, E NÃO EM DOBRO – RECURSO PROVIDO QUANTO A TAL ASPECTO - RECURSO PARCIALMENTE PROVIDO."
1013304-06.2024.8.26.0003,19997094,Apelação Cível,Cancelamento de vôo,Alexandre David Malfatti,São Paulo,12ª Câmara de Direito Privado,12,Direito Privado,25/11/2025,25/11/2025,,False,False,123,"CONSUMIDOR. TRANSPORTE AÉREO NACIONAL. CANCELAMENTO DE VOO. DANOS MORAIS NÃO CONFIGURADOS. INDENIZAÇÃO REJEITADA. Ação de indenização veiculada por generalidade da petição inicial. Sentença de parcial procedência. Recurso do réu. Consumidor que, embora residente em São Luís/MA, optou por litigar em São Paulo. Situação que envolveu suposta falha na prestação de serviços da empresa aérea ré, no trecho São Luís – São Paulo. Ausência de danos morais ""in re ipsa"". Voo adquirido e cancelado por terceira pessoa há mais de 2 meses antes da data de partida. Petição inicial que se limitou a uma descrição genérica e sem qualquer singularidade capaz de provar os danos na esfera extrapatrimonial. Precedentes do C.STJ e desta Câmara. Ação julgada improcedente em segundo grau. 

SENTENÇA REFORMADA. RECURSO PROVIDO."
1006977-11.2025.8.26.0100,19997087,Apelação Cível,Bancários,Alexandre David Malfatti,Osasco,12ª Câmara de Direito Privado,12,Direito Privado,25/11/2025,25/11/2025,8000.0,True,False,364,"AÇÃO DECLARATÓRIA. SENTENÇA DE PROCEDÊNCIA. APELAÇÕES DAS PARTES IMPROVIDAS.

CONSUMIDOR. DEFEITO DO SERVIÇO BANCÁRIO. FRAUDE. VAZAMENTO DE DADOS. FURTO DE CELULAR. FALHA NO SISTEMA DE SEGURANÇA. REALIZAÇÃO DE EMPRÉSTIMOS. DANOS MATERIAIS RECONHECIDOS. LUCROS CESSANTES. AUSÊNCIA DE COMPROVAÇÃO. DANOS MORAIS CONFIGURADOS. Ação de indenização. Sentença de procedência. Recursos das partes. Primeiro, reconhece-se o defeito na prestação dos serviços. Responsabilidade do réu, ao permitir acesso dos criminosos aos dados do autor, de modo a comparecerem em seu estabelecimento na data marcada para manutenção da máquina, na posse de todas as suas informações. Vazamento de dados provado no caso concreto. Furto do celular pelo terceiro, seguido da realização de empréstimos. Além disso, verificou-se o notório desvio do perfil. Transações que se mostraram suspeitas, notadamente porque elevados para os padrões do autor e realizadas de forma sequencial. Além disso, a transferência via PIX que trouxe para as instituições financeiras obrigações maiores e mais relevantes, no campo da segurança. Violação do regulamento do PIX (art. 39, 88 e 89). Falha na prestação dos serviços. Incidência do art. 14 do CDC com aplicação da Súmula nº 479 do STJ. Precedentes da Turma Julgadora. Segundo, determina-se o retorno das partes ao estado anterior. Diante do reconhecimento da responsabilidade do réu no evento danoso, de rigor a inexigibilidade dos empréstimos, restituição dos valores descontados e restituição do valor bloqueado na conta do autor. Terceiro, rejeita-se a pretensão de indenização por lucros cessantes. Autor que apenas juntou planilha (fl. 1169) com os valores supostamente auferidos, o que não bastava para comprovação do alegado. Impossibilidade de se se presumir que a máquina do réu seria a única utilizada nas vendas ou até mesmo que teria impactado de tal forma em seus rendimentos. E quarto, reconhece-se a ocorrência de dano moral . A consumidora experimentou dissabores, transtornos e aborrecimentos advindos não somente da falta de segurança do sistema, mas também do atendimento inadequado recebido. Mesmo em Juízo, o réu insistiu numa versão (sem qualquer indício) da participação do autor no evento danoso. Manutenção do valor de indenização fixada em R$ 8.000,00, parâmetro ajustado para singularidades do caso concreto, razoável e admitido por esta Turma julgadora em casos semelhantes. Ação julgada procedente.

SENTENÇA MANTIDA. RECURSOS IMPROVIDOS."
1006369-86.2025.8.26.0011,19989408,Apelação Cível,Bancários,Alexandre David Malfatti,São Paulo,12ª Câmara de Direito Privado,12,Direito Privado,20/11/2025,20/11/2025,9108.0,True,False,315,"AÇÃO INDENIZATÓRIA. SENTENÇA DE PROCEDÊNCIA. APELAÇÃO DO RÉU IMPROVIDA.

LEGITIMIDADE PASSIVA. RECONHECIMENTO. A narrativa da petição inicial descreveu a relação jurídica das partes e articulou lógica e adequadamente os fundamentos (causa de pedir) e o pedido. Narrou-se a ocorrência de fraude, com a transferência dos valores via pix. Era o suficiente para aplicação da teoria da asserção. Alegação rejeitada.

CONSUMIDOR. DEFEITO DO SERVIÇO BANCÁRIO. FRAUDE. TRANSFERÊNCIAS REALIZADAS VIA PIX. FALHA NO SISTEMA DE SEGURANÇA. DANOS MATERIAIS RECONHECIDOS. DANOS MORAIS CONFIGURADOS. Ação de indenização. Sentença de procedência. Recurso do réu. Primeiro, reconhece-se a responsabilidade da ré. Responsabilidade do banco réu, ao permitir acesso dos criminosos à conta bancária da autora, de modo a efetuar transferências em sua conta bancária. Faltou segurança ao serviço bancário via aplicativo. Sua fragilidade viabilizou o indevido acesso dos fraudadores ao serviço da ré, mas sem que tivesse fornecido qualquer dado. O sistema deveria exigir senha - muitas vezes impõe-se é da própria digital ou o reconhecimento facial do correntista. Incidência do art. 14 do CDC com aplicação da Súmula nº 479 do STJ. Falha no Mecanismo Especial de Devolução e no Dever de Rejeição preventiva. Precedentes da Turma Julgadora. Segundo, acolhe-se a reparação dos danos materiais. Diante do reconhecimento da responsabilidade da ré no evento danoso, de rigor o retorno das partes ao estado anterior. Restituição simples dos valores transferidos da conta da autora. Juros de mora que já foram fixados a partir da citação na r. sentença. E terceiro, reconhece-se a ocorrência de dano moral . A consumidora experimentou dissabores, transtornos e aborrecimentos advindos não somente da falta de segurança do sistema bancário, mas também do atendimento inadequado recebido. Mesmo em Juízo, o réu insistiu numa versão (sem qualquer indício) da participação no evento danoso. Indenização dos danos morais fixada em R$ 9.108,00, parâmetro este razoável e ajustado para singularidades do caso concreto. Ação julgada procedente.

SENTENÇA MANTIDA. RECURSO IMPROVIDO."
1031483-85.2024.8.26.0003,19984368,Apelação Cível,Atraso de vôo,Daniela Menegatti Milano,São Paulo,16ª Câmara de Direito Privado,16,Direito Privado,18/11/2025,19/11/2025,6000.0,True,False,157,"APELAÇÃO CÍVEL – DIREITO PRIVADO – Transporte aéreo nacional – Atraso de voo – Ação de indenização por danos materiais e morais – Sentença de parcial procedência que determinou somente a reparação do dano material.
I. Recurso da autora. Discussão sobre a responsabilidade civil da companhia aérea por dano moral decorrente do atraso na chegada da passageira ao destino.
III. Relação de consumo. Perda de conexão por atraso com reacomodação que culminou na chegada ao destino 11 horas após o horário programado. Fortuito interno. Responsabilidade da companhia aérea. Inexistência de excludente de responsabilidade. Ausência de assistência material. Dano moral caracterizado. Fatos que extrapolam o mero aborrecimento cotidiano, notadamente pela longa espera durante o período noturno, sem comprovação de fornecimento de hospedagem. Fixação da indenização por dano moral em R$ 6.000,00, em atenção às particularidades do caso concreto.
IV. Sentença reformada para condenar a apelada a indenizar a apelante pelos danos morais sofridos – Recurso provido em parte."
1027680-93.2024.8.26.0068,19983694,Apelação Cível,Atraso de vôo,Simões de Almeida,Barueri,13ª Câmara de Direito Privado,13,Direito Privado,19/11/2025,19/11/2025,3000.0,False,False,158,"APELAÇÃO – Transporte aéreo internacional - Ação de indenização por danos morais – Cancelamento de voo – Realocação, com mudança de escala e atraso - Chegada ao destino final com aproximadamente dez horas de atraso - Aplicação do Código de Defesa do Consumidor – Alegação de chegada tardia de voo em trânsito – Fortuito interno - Ausência de demonstração de regularidade dos serviços prestados - Responsabilidade objetiva da companhia aérea – Falha na prestação do serviço – Danos morais configurados – Fatos que extrapolam o mero dissabor – Ausência de comprovação de prestação da assistência devida - Quantum indenizatório fixado em R$ 3.000,00 - Valor em consonância aos princípios da proporcionalidade e da razoabilidade – Quantum arbitrado suficiente para reparar o dano e inibir reiteração da conduta e de acordo com o patamar adotado por este e. Tribunal de Justiça em casos semelhantes – Ausência de fatos que justifiquem o arbitramento em valor superior - Recurso parcialmente provido."
1008469-38.2025.8.26.0003,19983446,Apelação Cível,Atraso de vôo,Daniela Menegatti Milano,São Paulo,16ª Câmara de Direito Privado,16,Direito Privado,18/11/2025,19/11/2025,6000.0,True,False,134,"APELAÇÃO CÍVEL – DIREITO PRIVADO – Transporte aéreo internacional – Cancelamento de voo – Ação de indenização por danos morais – Sentença de improcedência.
I. Recurso da autora. Discussão sobre a responsabilidade civil da companhia aérea por dano moral decorrente do atraso na chegada da passageira ao destino.
III. Relação de consumo. Cancelamento do primeiro trecho e realocação em voo que partiu 24 horas após o contratado. Fortuito interno. Responsabilidade da companhia aérea. Dano moral caracterizado. Fatos que extrapolam o mero aborrecimento cotidiano, notadamente pela longa espera. Inexistência de demonstração de voo anterior, de forma que presumidamente a reacomodação se deu no próximo voo disponível. Fixação da indenização em R$ 6.000,00, em atenção às particularidades do caso concreto.
IV. Sentença reformada. Sucumbência a cargo da apelada (STJ, Súmula 326) – Recurso provido em parte."
1000503-85.2025.8.26.0597,19983281,Apelação Cível,Seguro,Rômolo Russo,Sertãozinho,34ª Câmara de Direito Privado,34,Direito Privado,19/11/2025,19/11/2025,5000.0,False,True,342,"Apelação Cível. Declaratória de inexistência de relação jurídica e inexigibilidade de valores c/c repetição do indébito e indenização por danos morais . Sentença de parcial procedência do pedido. Inconformismo do autor. 

Declaração de inexistência de relação jurídica e inexigibilidade do débito e condenação da ré à restituição em dobro e ao pagamento de indenização por danos morais . Coisa julgada material e formal (arts. 505 e 1.013, caput, do CPC).

Indenização por danos morais . Conduta ilícita e abusiva da ré. Concreta afronta a núcleo essencial de proteção conferida pelo ordenamento. Descontos realizados em verba de natureza alimentar. Prejuízo à subsistência. Quantum indenizatório majorado para R$ 5.000,00. Adequação e simetria com hipóteses semelhantes. Precedentes. 

Honorários advocatícios sucumbenciais. Pleito de aplicação do art. 85, § 8º-A, do CPC. Trabalho realizado pelo advogado e o tempo exigido para o seu serviço devem ser levados em consideração qualquer que seja a modalidade de arbitramento. Indicação de que o julgador ""deverá observar os valores recomendados pelo Conselho Seccional da Ordem dos Advogados do Brasil"" que exsurge como referencial para o arbitramento a ser ponderado com os critérios ordinários de quantificação dos honorários, na medida em que o art. 85 do CPC, compreendido em sua integralidade, estabelece a concomitante observância do ""disposto nos incisos do § 2º"". Inadmissível a interpretação no sentido de que os honorários devidos ""serão"" aqueles recomendados pelo Conselho Seccional da OAB. Conquanto não haja ainda entendimento jurisprudencial do STJ acerca do § 8º-A do art. 85 do CPC, é cabível aplicação analógica da exegese jurisprudencial atribuída ao art. 22 da Lei nº 8.906/94. REsp n. 1.656.322/SC, julgado pelo rito dos recursos repetitivos, estabeleceu que os valores recomendados Conselho Seccional da OAB constituem referencial, devendo o arbitramento dos honorários devidos ao defensor dativo serem fixados com base na complexidade da causa e no trabalho despendido. Precedentes deste TJ/SP. Hipótese dos autos em que, em razão do grau de complexidade e do tempo de duração do processo, devido o arbitramento de honorários advocatícios sucumbenciais no importe de 20% da causa.

Sentença reformada. Recurso parcialmente provido."
1000937-89.2025.8.26.0010,19981366,Apelação Cível,Bancários,Simões de Vergueiro,São Paulo,16ª Câmara de Direito Privado,16,Direito Privado,18/11/2025,18/11/2025,5600.0,False,False,298,"*RECURSO DE APELAÇÃO INTERPOSTO CONTRA R. SENTENÇA PELA QUAL FOI JULGADA PROCEDENTE AÇÃO DE REPARAÇÃO POR DANOS MORAIS E MATERIAIS – ALEGAÇÃO DE INCORREÇÃO, COM PEDIDO DE REFORMA – PRELIMINAR DE CERCEAMENTO DE DEFESA – NECESSÁRIA REALIZAÇÃO DE AUDIÊNCIA DE CONCILIAÇÃO – AUDIÊNCIA DO ART. 334, DO CPC QUE NÃO SE MOSTRA OBRIGATÓRIA - PRINCÍPIO DA CELERIDADE – AUSÊNCIA DE PREJUÍZO AS PARTES, QUE PODEM, CASO ENTENDAM ADEQUADO, TRANSIGIR A QUALQUER MOMENTO – DESNECESSÁRIA INTERVENÇÂO DO JUÍZO - INEXISTÊNCIA DE CERCEAMENTO - PRELIMINAR REPELIDA - INDEVIDA MOVIMENTAÇÃO EM CARTÃO DE CRÉDITO – APLICAÇÃO DO CÓDIGO DE DEFESA DO CONSUMIDOR – CLONAGEM DE CARTÃO DE CRÉDITO E DÉBITO – GOLPE DA FALSA MAQUINA DE CARTÃO - UTILIZAÇÃO DO PLÁSTICO POR TERCEIROS – RESPONSABILIDADE DA INSTITUIÇÃO FINANCEIRA, DIANTE DA FALHA DE SEU SISTEMA DE SEGURANÇA - SITUAÇÃO QUE EVIDENCIA NÃO SÓ A INSEGURANÇA, COMO O DESCONFORTO DO CONSUMIDOR PELOS SERVIÇOS PRESTADOS, POIS NÃO ATENDERAM AS EXPECTATIVAS MÍNIMAS NECESSÁRIAS AO CUMPRIMENTO DA OBRIGAÇÃO CONTRATUAL QUE VINCULA AS PARTES – TRANSAÇÕES REALIZADAS QUE SOMAM O VALOR DE R$ 5.600,00, ESTAS TOTALMENTE DESTOANTES DO PERFIL DE GASTOS DO RECORRIDO - INEXISTÊNCIA DE PROVAS APRESENTADAS NO SENTIDO DE QUE OS FATOS DEVEM SER IMPUTADOS COM EXCLUSIVIDADE AO AUTOR – QUEBRA DE CONFIANÇA NO RELACIONAMENTO – FALHA NA PRESTAÇÃO DO SERVIÇO – PRECEDENTES NESSE SENTIDO – DECLARAÇÃO DE NULIDADE DAS COMPRAS QUE DEVE SER RECONHECIDA – ADEQUADA CONDENAÇÃO A RESTITUIÇÃO DOS VALORES - DANOS MORAIS CONFIGURADOS - COMPENSAÇÃO POR DANOS EXTRAPATRIMONIAIS FIXADA EM CERCA DE R$ 3.000,00 – VALOR QUE NÃO SE MOSTROU EXCESSIVO, OU MESMO DESPROPORCIONAL EM RELAÇÃO AOS MALEFÍCIOS EXPERIMENTADOS PELO AUTOR - REAPRECIAÇÃO PORMENORIZADA DA R. SENTENÇA QUE IMPLICARÁ EM DESNECESSÁRIA REPETIÇÃO DOS FUNDAMENTOS DO PENSAMENTO ADOTADO PELO JUÍZO – MANUTENÇÃO DOS LIMITES DO ENTENDIMENTO DE 1º GRAU – RECURSO NÃO PROVIDO.*"
1036718-33.2024.8.26.0003,19981199,Apelação Cível,Bancários,Carlos Ortiz Gomes,São Paulo,15ª Câmara de Direito Privado,15,Direito Privado,18/11/2025,18/11/2025,9999.99,True,False,467,"Apelação cível. Ação de reparação por dano material e moral. Golpe da Falsa Central de Atendimento. Sentença de improcedência. Recurso da autora. Acolhimento parcial. 
Preliminar. A preliminar de ofensa ao princípio da dialeticidade não merece albergue. O recurso está em termos, com impugnação adequada ao conteúdo do decisum. Preliminar rejeitada.
Mérito. Dano material. Ilegitimidade das movimentações. Pix de R$9.999,99, R$ 2.300,00 e R$ 2.000,00. Operações destoantes do perfil. Resgates da poupança e de aplicações, seguidas de transferência de valores elevados, acima da média da cliente. Sistemas de segurança insuficientes para que os prejuízos fossem evitados. Falta de prova de ""emulação"" do número telefônico do Banco. O só fato de a autora ter sido vítima de golpe, num primeiro momento, não implica dizer que todos os demais direitos subjetivos do consumidor pereceram. Comunicação rápida do ocorrido – fato não impugnado especificamente. Registro de Boletim de Ocorrência e contato no âmbito administrativo. Dever elementar de empreender os esforços necessários para a busca eficiente da reversão, bem como o de adotar as medidas imprescindíveis ao retorno dos recursos. Ausência, porém, de comprovação efetiva de obediência integral aos protocolos ditados pela Resolução nº 1/2020 do BACEN, notadamente os artigos 38, 38-A e 41-D, §3º, inc. II, medidas imprescindíveis. Possibilidade prevista pelo MED (Mecanismo Especial de Devolução). Inobservância aos deveres que emanam da cláusula geral da boa-fé objetiva. Ausência de culpa exclusiva do consumidor ou terceiro. Fortuito interno. Atividade de risco. Responsabilidade objetiva da instituição bancária/financeira. Tema Repetitivo 466 do STJ. Obrigatoriedade da observância dos acórdãos de resolução de demandas repetitivas (art. 927, III, CPC). Art. 14, caput, do CDC. Artigo 927, parágrafo único, do CC. Súmula 479 do STJ [REsp 2.052.228– DF e REsp 2222059-SP]. Enunciado nº 14 da Seção de Direito Privado do E. TJSP. As condutas dos recorridos foram determinantes, vale dizer, os seus comportamentos encerraram a causalidade adequada para gerar os danos verificados. Se for o caso, os bancos poderão manejar ação regressiva contra o protagonista do desfalque. Dever de ressarcimento ora reconhecido. Recurso provido nesse aspecto.
Restituição em dobro. O caso não permite que se infira a cobrança nos termos do art. 42, parágrafo único, do CDC. Não preenchimento, ademais, dos requisitos cumulativos previstos no EAREsp nº 664.888-RS. Recurso desprovido nesse ponto. Dano moral configurado. Indícios de vazamento de dados sigilosos. Desfalques de altos valores, consistentes nas reservas financeiras da autora, após falha dos Bancos. Os fatos têm potencial suficiente para a afetação da esfera moral, de modo a abalar o equilíbrio psicológico e o bem-estar, não compreendidos no simples aborrecimento do cotidiano. Não cabimento, todavia, do quantum pretendido. Indenização fixada em R$5.000,00, conforme os princípios da razoabilidade e da proporcionalidade, e à função dissuasória de novas práticas abusivas. Precedentes desta C. Câmara. Recurso provido, em parte, nesse tópico. 
Sentença reformada. Recurso provido, em parte. Sucumbência revista."
1020884-35.2014.8.26.0554,19980957,Apelação Cível,Serviços de Saúde,J.L. Mônaco da Silva,Santo André,5ª Câmara de Direito Privado,5,Direito Privado,18/11/2025,18/11/2025,,False,False,204,"INDENIZAÇÃO POR DANOS MATERIAIS, MORAIS E ESTÉTICOS - Alegação de erro médico - Procedência parcial do pedido - Inconformismo da autora - Condenação dos réus ao pagamento dos danos morais , estéticos e materiais, com a restituição dos valores despendidos com o malfadado procedimento cirúrgico de embelezamento - Descabimento da pretensão de condenação na obrigação de custeio de todo e qualquer procedimento cirúrgico necessário ao restabelecimento da integridade estética da autora, sob pena de bis in idem - Lipoaspiração que, ademais, não foi sequer contratada pela autora - Abdominoplastia que não se confunde com lipoaspiração - Correção monetária e juros de mora fixados de acordo com o previsto nos arts. 389 e 406 do Código Civil – Valor dos Danos morais e estéticos corrigido a partir do arbitramento – Valor dos danos materiais corrigidos a partir do desembolso - Juros de mora contados da citação, nos termos do art. 405 do Código Civil - Inaplicabilidade da Súmula 54 do Colendo Superior Tribunal de Justiça, por se tratar de relação contratual - Sucumbência mínima da autora - Sentença parcialmente reformada para fixar a incidência dos juros de mora a partir da citação e para reconhecer a sucumbência mínima da autora - Recurso provido em parte."
1027131-03.2024.8.26.0224,19977268,Apelação Cível,Acidente de Trânsito,Caio Marcelo Mendes de Oliveira,Guarulhos,32ª Câmara de Direito Privado,32,Direito Privado,17/11/2025,17/11/2025,,False,False,121,"ACIDENTE DE TRÂNSITO – Responsabilidade civil – Ação indenizatória acolhida em sentença – O autor, na direção de motocicleta, foi atingido em parte posterior dela por automóvel Mercedes Benz, dirigido pelo réu, sofrendo ferimentos e graves avarias no seu veículo – Pertinência na condenação estabelecida na sentença para lucros cessantes, em período determinado e em indenização por danos morais , pelos ferimentos sofridos por ocasião do evento - Responsabilidade culposa do réu comprovada pela documentação policial trazida aos autos – Fato modificativo do autor por ele alegado, que não foi demonstrado – Reparação de danos para a motocicleta que não pode superar o valor previsto para o mesmo veículo na Tabela Fipe – Sentença mantida, no mais – Recurso parcialmente provido."
1004372-49.2025.8.26.0664,19976866,Apelação Cível,Bancários,Daniela Menegatti Milano,Votuporanga,16ª Câmara de Direito Privado,16,Direito Privado,17/11/2025,17/11/2025,5000.0,True,False,83,"APELAÇÃO CÍVEL – Ação indenizatória por dano moral . Sentença de improcedência. Inconformismo da parte autora.
I. Portabilidade indevida de benefício previdenciário. Ausência de solicitação da titular. Ônus da instituição financeira ré, do qual não se desincumbiu (CPC, art. 373, II). Falha na prestação do serviço. Dano moral configurado. Quantum indenizatório ora fixado em R$ 5.000,00 (cinco mil reais), em atenção aos critérios de razoabilidade e proporcionalidade, bem como às peculiaridades do caso. Precedente desta C. Câmara.
II. Sentença reformada. Recurso parcialmente provido."
1002559-30.2025.8.26.0003,19975440,Apelação Cível,Transporte Aéreo,Rogério Danna Chaib,São Paulo,16ª Câmara de Direito Privado,16,Direito Privado,17/11/2025,17/11/2025,3000.0,True,False,117,"APELAÇÃO CÍVEL. Transporte aéreo nacional. Atraso de voo. Ação de indenização por danos morais . Sentença de improcedência. Discussão sobre responsabilidade civil da companhia aérea pelo atraso na chegada dos passageiros ao destino. Relação de consumo. Atraso de voo. Chegada ao destino mais de 13 horas após o horário programado. Fortuito interno. Responsabilidade objetiva da companhia aérea. Inexistência de excludente de responsabilidade. Dano moral caracterizado. Fatos que extrapolam o mero aborrecimento cotidiano. Atraso de grande monta. Fixação da indenização em R$ 3.000,00 a cada apelante, em atenção às particularidades do caso concreto. Inexistência de circunstâncias extraordinárias que justifiquem o arbitramento em quantia superior, sob pena de enriquecimento sem causa das vítimas. Sentença reformada. Recurso provido em parte."
1061121-32.2025.8.26.0100,19975760,Apelação Cível,Cancelamento de vôo,Simões de Almeida,São Paulo,13ª Câmara de Direito Privado,13,Direito Privado,17/11/2025,17/11/2025,3000.0,False,True,112,"APELAÇÃO – Transporte aéreo nacional – Ação de indenização por danos materiais e morais – Cancelamento de voo com remanejamento e atraso de mais de oito horas – Aplicação do Código de Defesa do Consumidor – Alegação de condições meteorológicas adversas – Ausência de demonstração de regularidade dos serviços prestados - Responsabilidade objetiva da companhia aérea – Falha na prestação do serviço – Danos morais configurados – Fatos que extrapolam o mero dissabor – Quantum indenizatório fixado em R$ 3.000,00 (três mil reais) que comporta majoração considerando os fatos narrados nos autos – Valor majorado para R$ 10.000,00 (dez mil reais) em consonância aos princípios da proporcionalidade e razoabilidade – Recurso provido."
1000138-05.2025.8.26.0638,19975754,Apelação Cível,Bancários,Simões de Almeida,Tupi Paulista,13ª Câmara de Direito Privado,13,Direito Privado,17/11/2025,17/11/2025,5000.0,True,False,76,"APELAÇÃO – Ação declaratória de inexistência débito c/c repetição de indébito e indenização por danos morais – Relação de consumo – Empréstimo não reconhecido – Contratação não comprovada – Indenização por danos morais – Dano moral in re ipsa – Desconto indevido em conta bancária de empréstimo não contratado - Indenização arbitrada em R$ 5.000,00 (cinco mil reais) dentro dos critérios de razoabilidade e proporcionalidade, em patamar adotado por esta E. 13ª Câmara – Recurso provido."
1002444-08.2025.8.26.0068,19970502,Apelação Cível,Transporte Aéreo,Daniela Menegatti Milano,Barueri,16ª Câmara de Direito Privado,16,Direito Privado,15/11/2025,15/11/2025,4000.0,True,False,138,"APELAÇÃO CÍVEL – Direito Privado – Transporte aéreo nacional – Cancelamento de voo – Ação de indenização por danos morais – Sentença de improcedência.
I. Discussão sobre responsabilidade civil da companhia aérea pelo atraso na chegada dos passageiros ao destino.
II. Relação de consumo. Cancelamento de voo. Chegada ao destino 14 horas após o horário programado. Fortuito interno. Responsabilidade objetiva da companhia aérea. Inexistência de excludente de responsabilidade.
III. Dano moral caracterizado. Fatos que extrapolam o mero aborrecimento cotidiano. Atraso de grande monta. Prestação de assistência material que, embora não elimine os danos, os mitiga. Fixação da indenização em R$ 4.000,00 a cada apelante, em atenção às particularidades do caso concreto. Inexistência de circunstâncias extraordinárias que justifiquem o arbitramento em quantia superior, sob pena de enriquecimento sem causa da vítima.
IV. Sentença reformada – Recurso provido em parte."
1008499-73.2025.8.26.0003,19970364,Apelação Cível,Atraso de vôo,Daniela Menegatti Milano,São Paulo,16ª Câmara de Direito Privado,16,Direito Privado,15/11/2025,15/11/2025,6000.0,True,False,129,"APELAÇÃO CÍVEL – Direito Privado – Transporte aéreo nacional – Atraso de voo – Ação de indenização por danos morais – Sentença de improcedência.
I. Discussão sobre responsabilidade civil da companhia aérea pelo atraso na chegada do passageiro ao destino.
II. Relação de consumo. Atraso de voo. Chegada ao destino mais de 13 horas após o horário programado. Fortuito interno. Responsabilidade objetiva da companhia aérea. Inexistência de excludente de responsabilidade.
III. Dano moral caracterizado. Fatos que extrapolam o mero aborrecimento cotidiano. Atraso de grande monta, perda de compromisso e de parco tempo de convívio com a família que reside distante. Prestação de assistência material que mitiga os danos. Fixação da indenização em R$ 6.000,00, em atenção às particularidades do caso concreto.
IV. Sentença reformada – Recurso provido em parte."
1036099-43.2023.8.26.0002,19969803,Apelação Cível,Prestação de Serviços,Dario Gayoso,São Paulo,27ª Câmara de Direito Privado,27,Direito Privado,14/11/2025,14/11/2025,5000.0,False,False,126,"APELAÇÃO. Ação indenizatória. Falha na prestação de serviço.

RESPEITÁVEL SENTENÇA DE IMPROCEDÊNCIA. 

INCONFORMISMO DA AUTORA. Responsabilidade da empresa. Golpe aplicado por pessoa que prestava serviços para a requerida. Festa de casamento frustrada.

LEGITIMIDADE PASSIVA. Relação regida pelo direito do consumidor. Solidariedade decorre do artigo 7º, parágrafo único, do Código de Defesa do Consumidor. Fraude perpetrada por colaborador que prestava serviços à requerida. Inteligência do artigo 932, III, do Código Civil.

DANO MATERIAIS comprovados. Autora apresentou valores pagos ao terceiro, bem como a demais prestadores de serviços relacionados ao evento que não se realizou (""buffet"", vestido e outros). DANOS MORAIS caracterizados. Indenização arbitrada em R$5.000,00 (cinco mil reais). Quantia adequada que coincide com condenação da mesma empresa por este Egrégio Tribunal e por fatos semelhantes.

RECURSO PROVIDO."
1005932-87.2024.8.26.0073,19966237,Apelação Cível,Bancários,Matheus Fontes,Avaré,22ª Câmara de Direito Privado,22,Direito Privado,14/11/2025,14/11/2025,,True,False,87,"AÇÃO DECLARATÓRIA – EMPRÉSTIMO PESSOAL E CONSIGNADO - NEGATIVA DE CONTRATAÇÃO - ÔNUS DA PROVA A CARGO DE QUEM SE CONSIDERA CREDOR – REPETIÇÃO EM DOBRO DO INDÉBITO – ORIENTAÇÃO FIRMADA EM TRIBUNAL SUPERIOR PELA PREVALÊNCIA DA BOA FÉ OBJETIVA, E IRRELEVÂNCIA DO REQUISITO SUBJETIVO – AUSÊNCIA, OUTROSSIM, DE ENGANO JUSTIFICÁVEL - DANO MORAL CONFIGURADO – INDENIZAÇÃO DEVIDA – SUCUMBÊNCIA PELO RÉU – SÚMULA 326 STJ – INCIDÊNCIA DO ART. 85, § 2, DO CPC – RECURSO DO RÉU IMPROVIDO – RECURSO DA AUTORA PROVIDO EM PARTE."
1020109-48.2024.8.26.0011,19963583,Apelação Cível,Tratamento médico-hospitalar,Erickson Gavazza Marques,São Paulo,5ª Câmara de Direito Privado,5,Direito Privado,12/11/2025,13/11/2025,,True,False,67,APELAÇÃO - INDENIZAÇÃO - PLANO DE SAÚDE – OPERADORA QUE SE COMPROMETEU EM ACORDO JUDICIAL A REEMBOLSAR INTEGRALMENTE AS DESPESAS DA AUTORA COM FISIOTERAPIA – SUSPENSÃO SOB ALEGAÇÃO DE INEXISTÊNCIA DE CNES DA CLÍNICA ONDE REALIZA AS SESSÕES – NEGATIVA ABUSIVA QUE RESTOU INCONTROVERSA - ATO ILÍCITO CARACTERIZADO - DANO MORAL QUE EXTRAPOLA A ÓRBITA DO MERO DISSABOR - INDENIZAÇÃO DEVIDA – SENTENÇA REFORMADA – RECURSO PROVIDO.
1164077-63.2024.8.26.0100,19964562,Apelação Cível,Transporte Aéreo,Daniela Menegatti Milano,São Paulo,16ª Câmara de Direito Privado,16,Direito Privado,13/11/2025,13/11/2025,7000.0,True,False,129,"APELAÇÃO CÍVEL – DIREITO PRIVADO – Transporte aéreo internacional – Cancelamento de voo – Ação de indenização por danos morais – Sentença de improcedência.
I. Recurso da autora. Discussão sobre a responsabilidade civil da companhia aérea por dano moral decorrente do atraso na chegada da passageira ao destino.
III. Relação de consumo. Cancelamento do voo e realocação em voo que partiu 24 horas após o contratado. Fortuito interno. Responsabilidade da companhia aérea. Dano moral caracterizado. Fatos que extrapolam o mero aborrecimento cotidiano. Inexistência de demonstração de voo anterior, de forma que, presumidamente, a reacomodação se deu no próximo voo disponível. Fixação da indenização em R$ 7.000,00, em atenção às particularidades do caso concreto.
IV. Sentença reformada. Sucumbência a cargo da apelada (STJ, Súmula 326) – Recurso provido em parte."
1173784-55.2024.8.26.0100,19964559,Apelação Cível,Atraso de vôo,Daniela Menegatti Milano,São Paulo,16ª Câmara de Direito Privado,16,Direito Privado,13/11/2025,13/11/2025,4000.0,True,False,128,"APELAÇÃO CÍVEL – Direito Privado – Transporte aéreo nacional – Atraso de voo – Ação de indenização por danos morais – Sentença de improcedência.
I. Discussão sobre responsabilidade civil da companhia aérea pelo atraso na chegada do passageiro ao destino.
II. Relação de consumo. Atraso de voo. Chegada ao destino 7 horas após o horário programado. Fortuito interno. Responsabilidade objetiva da companhia aérea. Inexistência de excludente de responsabilidade.
III. Dano moral caracterizado. Fatos que extrapolam o mero aborrecimento cotidiano. Atraso de grande monta. Prestação deficitária de assistência material. Fixação da indenização em R$ 4.000,00, em atenção às particularidades do caso concreto. Inexistência de circunstâncias extraordinárias que justifiquem o arbitramento em quantia superior, sob pena de enriquecimento sem causa da vítima.
IV. Sentença reformada – Recurso provido em parte."
1010731-57.2025.8.26.0068,19964594,Apelação Cível,Cancelamento de vôo,Daniela Menegatti Milano,Barueri,16ª Câmara de Direito Privado,16,Direito Privado,13/11/2025,13/11/2025,4000.0,True,False,133,"APELAÇÃO CÍVEL – Direito Privado – Transporte aéreo nacional – Atraso de voo – Ação de indenização por danos morais – Sentença de improcedência.
I. Discussão sobre responsabilidade civil da companhia aérea pelo atraso na chegada da passageira ao destino.
II. Relação de consumo. Atraso de voo. Chegada ao destino mais de 13 horas após o horário programado. Fortuito interno. Responsabilidade objetiva da companhia aérea. Inexistência de excludente de responsabilidade.
III. Dano moral caracterizado. Fatos que extrapolam o mero aborrecimento cotidiano. Atraso de grande monta. Prestação de assistência material que mitiga os danos. Fixação da indenização em R$ 4.000,00, em atenção às particularidades do caso concreto. Inexistência de circunstâncias extraordinárias que justifiquem o arbitramento em quantia superior, sob pena de enriquecimento sem causa da vítima.
IV. Sentença reformada – Recurso provido em parte."
1016070-31.2024.8.26.0068,19961340,Apelação Cível,Cancelamento de vôo,Simões de Almeida,Barueri,13ª Câmara de Direito Privado,13,Direito Privado,13/11/2025,13/11/2025,7000.0,False,False,99,"APELAÇÃO – Transporte aéreo nacional – Ação de indenização por danos morais – Cancelamento de voo com remanejamento – Atraso final de dez horas para chegada ao destino – Aplicação do Código de Defesa do Consumidor – Alegação de manutenção da aeronave não programada – Ausência de demonstração de regularidade dos serviços prestados - Responsabilidade objetiva da companhia aérea – Falha na prestação do serviço – Danos morais configurados – Fatos que extrapolam o mero dissabor – Quantum indenizatório fixado em R$ 7.000,00 (sete mil reais) – Valor em consonância aos princípios da proporcionalidade e razoabilidade – Recurso provido."
1026313-53.2024.8.26.0482,19957492,Apelação Cível,Associação,Carlos Castilho Aguiar França,Presidente Prudente,4ª Câmara de Direito Privado,4,Direito Privado,12/11/2025,12/11/2025,,True,False,260,"DIREITO DO CONSUMIDOR. APELAÇÃO CÍVEL. DESCONTOS INDEVIDOS EM BENEFÍCIO PREVIDENCIÁRIO. CONTRATAÇÃO TELEFÔNICA. VÍCIO DE CONSENTIMENTO. RECURSO PROVIDO.
I. Caso em Exame
1. Recurso de apelação interposto por Afonso do Nascimento contra sentença que julgou improcedente ação declaratória de inexistência de relação jurídica e indenização por danos morais , em razão de descontos indevidos em benefício previdenciário.
II. Questão em Discussão
2. A questão em discussão consiste em determinar a validade da contratação por telefone e a existência de vício de consentimento, além da configuração de danos morais e a repetição em dobro dos valores descontados.
III. Razões de Decidir
3. A contratação por telefone não observou os requisitos de validade, evidenciando vício de consentimento e prática abusiva, especialmente considerando a vulnerabilidade do consumidor idoso.
4. Os descontos indevidos em benefício previdenciário de natureza alimentar configuram dano moral , sendo devida a indenização.
5. A restituição em dobro dos valores descontados é cabível, conforme art. 42, parágrafo único, do CDC, diante da ausência de engano justificável.
IV. Dispositivo e Tese
5. Recurso provido.
Tese de julgamento: 1. A contratação por telefone deve observar requisitos de validade, sendo nula quando há vício de consentimento. Descontos indevidos em benefício previdenciário configuram dano moral e ensejam restituição em dobro.
Legislação Citada:
Código de Defesa do Consumidor, art. 6º, VIII; art. 31; art. 39, IV; art. 42, parágrafo único.
Código Civil, arts. 139, 187, 422.
Código de Processo Civil, art. 373, II.
Jurisprudência Citada:
TJSP, Apelação Cível nº 1018563-32.2023.8.26.0224, Rel. Des. Erickson Gavazza Marques, j. 29.02.2024.
STJ, EAREsp 676.608/RS, Rel. Min. Og Fernandes, j. 21.10.2020."
1003009-35.2025.8.26.0047,19951280,Apelação Cível,Bancários,João Carlos Calmon Ribeiro,Assis,22ª Câmara de Direito Privado,22,Direito Privado,11/11/2025,11/11/2025,8000.0,True,False,129,"Apelação Cível. Ação declaratória de nulidade de contrato/inexistência de débito e indenização por danos morais . Contratação fraudulenta seguida de movimentação fraudulenta de conta. Sentença de parcial procedência. Inconformismo do autor. Fraude incontroversa. Dano material. Repetição dobrada que já consta da sentença. Compensação autorizada. Correção monetária do saldo que permaneceu em poder do autor. Enriquecimento sem causa não caracterizado. Manifesto prejuízo à instituição financeira. Dano moral . Ocorrência. Contratação fraudulenta seguida de desconto em benefício. Quantum. Arbitramento em R$8.000,00. Quantia sugerida pelo autor. Razoabilidade e proporcionalidade. Correção monetária do arbitramento. Juros moratórios do evento danoso (Súmula 54 do STJ). Sentença parcialmente reformada. Ônus sucumbenciais carreados ao réu. Honorários arbitrados em 20% sobre o valor atualizado da condenação. Art. 85, §2º do CPC. Recurso parcialmente provido, nos termos da fundamentação."
1013915-32.2024.8.26.0302,19947200,Apelação Cível,Cartão de Crédito,Carlos Ortiz Gomes,Jaú,15ª Câmara de Direito Privado,15,Direito Privado,10/11/2025,10/11/2025,1814.33,False,False,205,"Apelação cível. Ação condenatória. Responsabilidade do fornecedor. Fraude bancária. Cartão de crédito. Sentença de parcial procedência. Insurgência da autora.
Danos materiais. Decisão a quo que limitou a restituição ao valor da primeira parcela comprovadamente paga (R$ 1.814,33). Fato superveniente. Depósito judicial efetuado pela ré, no curso do processamento da apelação, da integralidade dos valores fraudados (R$ 4.049,33), acrescidos de consectários legais. Conduta que configura inequívoco reconhecimento da procedência do pedido material em sua totalidade (art. 487, III, 'a', CPC). Reforma do capítulo que se impõe. Recurso provido neste ponto. Danos morais . Responsabilidade objetiva da instituição financeira (Súmula 479/STJ). Falha no dever de segurança que constitui o ato ilícito. Autora compelida a pagar faturas contendo débitos fraudulentos para evitar negativação, comprometendo verba de natureza alimentar. Situação que ultrapassa o mero aborrecimento cotidiano e atinge a esfera moral, abalando o equilíbrio psicológico e a segurança financeira da consumidora. Precedentes desta C. Câmara.
Quantum indenizatório. Valor pleiteado (R$ 20.000,00) que se afigura excessivo. Indenização arbitrada em R$ 5.000,00 (cinco mil reais), em observância aos princípios da razoabilidade, proporcionalidade e ao caráter pedagógico-punitivo da medida.
Sucumbência Decaimento mínimo da autora (Súmula 326/STJ). Inversão dos ônus sucumbenciais, a cargo exclusivo da ré (art. 85, CPC). Recurso provido em parte."
1009683-98.2024.8.26.0003,19936788,Apelação Cível,Transporte Aéreo,Afonso Celso da Silva,São Paulo,37ª Câmara de Direito Privado,37,Direito Privado,06/11/2025,06/11/2025,,False,False,225,"Apelações – Ação indenizatória por danos materiais e morais – Embarque de animal de estimação recusado pela requerida – Sentença de parcial procedência – Recurso de ambas as partes.

Responsabilidade civil – Embarque do animal recusado pela CIA aérea sem justificativa apta ou documentação que ampare a recusa – Parte autora que demonstrou ter tomado todas as precauções e se informado acerca dos requisitos para embarque de seus animais – Cia aérea que, através de conversas via ""whatsapp"", confirmou que seria possível o embarque de dois animais no mesmo Kennel, desde que respeitado o peso de 14 kg e desde estivessem habituados a viajar – Requerido que não se desincumbiu do ônus de demonstrar fato impeditivo, modificativo ou extintivo do direito das autoras – Falha na prestação de serviços evidente – Fortuito interno – Responsabilidade civil da fornecedora configurada.

Dano material – Gastos comprovados pelas autoras com hospedagem do animal impedido de embarcar – Dever da ré de ressarcir os valores gastos, com correção monetária desde a data do dispêndio e juros de mora a partir da citação – Sentença mantida. Danos morais – Prejuízo extrapatrimonial evidenciado – Indenização fixada em primeiro grau adequada ao caso concreto, cumprindo de forma efetiva os vetores compensatório e preventivo desta modalidade de indenização, sem ensejar enriquecimento sem causa das partes beneficiadas.

Sucumbência exclusiva da requerida mantida.

Apelações improvidas."
1040661-04.2024.8.26.0506,19935143,Apelação Cível,Transporte Aéreo,José Wagner de Oliveira Melatto Peixoto,Ribeirão Preto,37ª Câmara de Direito Privado,37,Direito Privado,06/11/2025,06/11/2025,,False,True,50,DIREITO DO CONSUMIDOR – CONTRATOS DE CONSUMO – TRANSPORTE AÉREO INTERNACIONAL – Ação de indenização por danos morais – Sentença de procedência – Controvérsia única: valor da indenização por danos morais – Valor arbitrado na sentença condizente com o evento danoso – Majoração descabida – Sentença mantida – Recurso desprovido.
1042987-57.2025.8.26.0002,19931798,Apelação Cível,Cancelamento de vôo,Simões de Almeida,São Paulo,13ª Câmara de Direito Privado,13,Direito Privado,05/11/2025,05/11/2025,5000.0,False,False,134,"APELAÇÃO – Ação de indenização por danos morais – Transporte aéreo nacional – Cancelamento do voo - Realocação para o dia seguinte, com modificação do aeroporto de origem – Atraso final de mais de vinte e cinco horas - Aplicação do Código de Defesa do Consumidor - Alegação de manutenção não programada – Fortuito interno – Ausência de demonstração de regularidade dos serviços prestados - Responsabilidade objetiva da companhia aérea – Falha na prestação do serviço – Fatos que extrapolam o mero aborrecimento – Atraso excessivo e perda de reunião escolar do filho - Danos morais configurados – Quantum indenizatório arbitrado em R$ 5.000,00 – Valor em consonância aos princípios da proporcionalidade e da razoabilidade e de acordo com o patamar adotado por este e. Tribunal de Justiça em casos semelhantes - Recurso provido."
1018217-50.2024.8.26.0223,19931722,Apelação Cível,Bancários,Matheus Fontes,Guarujá,22ª Câmara de Direito Privado,22,Direito Privado,05/11/2025,05/11/2025,,True,False,59,"AÇÃO DECLARATÓRIA DE INEXIGIBILIDADE DE DÉBITO CUMULADA COM INDENIZAÇÃO POR DANO MORAL – DÉBITO DECLARADO INEXIGÍVEL NA SENTENÇA, SEM IMPUGNAÇÃO DO RÉU – INSCRIÇÃO INDEVIDA DO NOME DO AUTOR EM ÓRGÃO DE PROTEÇÃO AO CRÉDITO - DANO MORAL CONFIGURADO – AÇÃO PROCEDENTE – APELAÇÃO DO AUTOR PARCIALMENTE PROVIDA – APELAÇÃO DO RÉU NÃO CONHECIDA POR AUSÊNCIA DE INTERESSE RECURSAL."
1035878-78.2024.8.26.0405,19931645,Apelação Cível,Bancários,JAIRO BRAZIL,Osasco,19ª Câmara de Direito Privado,19,Direito Privado,03/11/2025,05/11/2025,5000.0,True,False,191,"AÇÃO DE RESTITUIÇÃO DE VALORES CUMULADA COM INDENIZAÇAO POR DANO MORAL . Improcedência da ação. Apelo do autor. ATRIBUIÇÃO DE EFEITO SUSPENSIVO AO RECURSO. Prejudicado. Não configuração dos requisitos. PRELIMINARES SUSCITADAS EM CONTRARRAZÕES. FALTA DE INTERESSE DE AGIR. Interesse processual presente. Desnecessidade de esgotamento das vias administrativas. Exigência de prévio esgotamento das vias administrativas que fere o disposto no artigo 5º, XXXV, da Constituição Federal. A ausência de comprovação de pedido administrativo, embora se possa ter como medida recomendável, não retira da parte consumidora o interesse processual na propositura da demanda. ILEGITIMIDADE PASSIVA. Não ocorrência. Por integrar a cadeia de consumo e ser responsável pela administração da conta da parte autora, o banco é responsável solidário pelos descontos indevidos objeto da lide. DESCONTOS INDEVIDOS. Contratação negada. REVELIA DO RÉU BANCO. Fatos alegados pelo autor tidos como verdadeiros. Ônus probatório que competia ao banco, do qual não se desincumbiu. Relação jurídica inexistente, ante a ausência de provas. Cobrança indevida. Restituição de valores na forma simples. DANO MORAL . Configuração. Responsabilidade objetiva da instituição financeira. Dano ""in re ipsa"". Indenização arbitrada em R$ 5.000,00 (cinco mil reais). Sentença reformada. Ação procedente. Apelação provida."
1003576-40.2021.8.26.0198,19921441,Apelação Cível,Bancários,José Wagner de Oliveira Melatto Peixoto,Franco da Rocha,37ª Câmara de Direito Privado,37,Direito Privado,03/11/2025,03/11/2025,,True,False,191,"DIREITO DO CONSUMIDOR – CONTRATOS DE CONSUMO – BANCÁRIOS – Ação de obrigação de fazer – Sentença de procedência – Preliminar de ilegitimidade passiva, rejeitada – Aparelho celular roubado da autora em assalto residencial – Acesso à conta corrente administrada pelo banco, efetuados empréstimo e transferências para contas de terceiros – Conjunto probatório que demonstra que as operações foram concretizadas mediante digitação de senha pessoal, sigilosa e intransferível – Operações atípicas, vultuosas e sequenciais, entretanto, que não condizem com o perfil da cliente que demandavam acionamento de mecanismos eletrônicos de segurança bancária – Caracterização por esse fundamento de prestação de serviço defeituoso e até fortuito interno – Responsabilidade objetiva da instituição financeira ante o risco da atividade (Súmula 479/STJ) – Resultado de evento configurador de culpa concorrente – Indenização material devida pela metade – Dano moral – Inocorrência – Indenização desconstituída – A multa fixada visa dar efetividade ao cumprimento da ordem judicial – Revogação e minoração descabidas – Possibilidade de modificação singular nos termos do Novo CPC, art. 537, § 1º, I – Ação parcialmente procedente – Decaimento recíproco – Ônus adequados – Sentença parcialmente modificada – Recurso parcialmente provido."
1182480-80.2024.8.26.0100,19915890,Apelação Cível,Prestação de Serviços,Luiz Eurico,São Paulo,33ª Câmara de Direito Privado,33,Direito Privado,31/10/2025,31/10/2025,10000.0,True,False,79,"AÇÃO DE OBRIGAÇÃO DE FAZER CUMULADA COM INDENIZAÇÃO POR DANOS MORAIS – BLOQUEIO DE CONTA COMERCIAL NO WHATSAPP BUSINESS – AUSÊNCIA DE JUSTIFICATIVA – VIOLAÇÃO AO CONTRADITÓRIO E AMPLA DEFESA – MARCO CIVIL DA INTERNET – FALHA NA PRESTAÇÃO DO SERVIÇO – ABUSO DE DIREITO CONFIGURADO – DANO MORAL CARACTERIZADO – ESSENCIALIDADE DO SERVIÇO PARA A ATIVIDADE EMPRESARIAL – DEVER DE NOTIFICAÇÃO PRÉVIA – INDENIZAÇÃO FIXADA EM R$ 10.000,00 – INVERSÃO DO ÔNUS DA SUCUMBÊNCIA – RECURSO PARCIALMENTE PROVIDO"
1000133-85.2019.8.26.0187,19914885,Apelação Cível,Seguro,Silvia Rocha,Fartura,29ª Câmara de Direito Privado,29,Direito Privado,31/10/2025,31/10/2025,,False,False,70,"- Seguro - Ação declaratória de nulidade contratual c.c. repetição de indébito e indenização moral - Prova da inexistência de contrato de seguro - Prêmios descontados ilicitamente da conta do autor - Repetição simples, em razão da modulação dos efeitos do entendimento fixado pelo STJ quanto à necessidade de comprovação da má-fé para incidência do art. 42, parágrafo único, do CDC - Indenização moral devida – Recurso provido em parte."
1026273-71.2024.8.26.0482,19911994,Apelação Cível,Empréstimo consignado,Francisco Giaquinto,Presidente Prudente,13ª Câmara de Direito Privado,13,Direito Privado,31/10/2025,31/10/2025,,False,False,119,"*Ação declaratória c.c. obrigação de fazer e reparação de danos materiais e morais – Negativa de contratação de cartão de crédito consignado do Banco réu, com indevidos descontos de prestações em benefício previdenciário – Sentença de procedência – Inadmissibilidade - Ausência de verossimilhança das alegações do autor – Contratação do cartão de crédito consignado demonstrada – Gravação telefônica comprovando o regular saque complementar mediante cartão de crédito consignado pelo autor, com autorização para descontos no valor mínimo das parcelas em benefício previdenciário, além da confirmação pelo autor de seus dados pessoais e da conta bancária para respectivo depósito – Vício de consentimento não demonstrado – Legitimidade da cobrança – Ato ilícito inexistente – Sentença reformada - Recurso provido .*"
1024601-76.2020.8.26.0576,19912368,Apelação Cível,Telefonia,Cristina Di Giaimo Caboclo,São José do Rio Preto,11ª Câmara de Direito Privado,11,Direito Privado,30/10/2025,31/10/2025,5000.0,True,False,105,"AÇÃO DECLARATÓRIA CUMULADA COM INDENIZATÓRIA. Sentença de parcial procedência, com declaração de nulidade da contratação, em razão de falsificação de assinatura confirmada por perícia; determinação de baixa definitiva do contrato, afastada a multa por quebra de fidelidade; e vedação de quaisquer cobranças. Irresignação dos autores, pretendendo a indenização de danos morais . Cabimento. Transtornos experimentados pelos autores, na hipótese, que superam o mero dissabor. Interrupção do fornecimento de serviço de internet, cobrança de quantia a título de multa por quebra de fidelidade e apontamento do nome do autor para negativação. Dano moral configurado. Quantum indenizatório fixado em R$ 5.000,00 (cinco mil reais). Recurso parcialmente provido."
1008209-58.2025.8.26.0003,19908738,Apelação Cível,Atraso de vôo,Alexandre David Malfatti,São Paulo,12ª Câmara de Direito Privado,12,Direito Privado,31/10/2025,31/10/2025,5000.0,True,True,204,"AÇÃO INDENIZATÓRIA. SENTENÇA DE PARCIAL PROCEDÊNCIA. APELAÇÃO DA AUTORA IMPROVIDA.

TRANSPORTE AÉREO INTERNACIONAL. CANCELAMENTO DO VOO. DANO MORAL CONFIGURADO. VALOR DA INDENIZAÇÃO MANTIDO. Ação de indenização veiculada por petição padronizada por consumidora residente em Brasília, mas que optou por litigar em São Paulo. Sentença de parcial procedência. Recurso da autora. Falha na prestação dos serviços aéreos. Indenização por danos morais fixada no valor de R$ 5.000,00 (cinco mil reais). Transporte aéreo internacional, no trecho Brasília – Buenos Aires. Atraso de 48 horas para chegada ao destino. Não se verificou razão para exasperação do valor da indenização. Valor fixado em primeiro grau que se revelou adequado e razoável, diante das circunstâncias do caso concreto. Em que pese a frustração e o desapontamento vivenciados pela autora por não conseguir embarcar no horário previsto, não vislumbro necessidade de majoração. Ainda que em novo horário, a viagem aconteceu e o serviço foi prestado. Autora que não trouxe documentação médica sobre o animal de apoio emocional e, aliás, ao que parece, terminou por viajar sem o mesmo, o que demonstrava que o fato não ganhou maior repercussão. Deixou de trazer, ainda, elementos sobre a reprogramação em Buenos Aires. Ausência de singularidade. Ação julgada parcialmente procedente.

SENTENÇA MANTIDA. RECURSO IMPROVIDO."
1001723-36.2024.8.26.0474,19909036,Apelação Cível,ISS/ Imposto sobre Serviços,Marcos Soares Machado,Potirendaba,15ª Câmara de Direito Público,15,Direito Público,31/10/2025,31/10/2025,5000.0,True,False,363,"DIREITO ADMINISTRATIVO E TRIBUTÁRIO. APELAÇÃO CÍVEL. AÇÃO INDENIZATÓRIA. AJUIZAMENTO INDEVIDO DE EXECUÇÃO FISCAL PARA COBRANÇA DE ISS. DANO MORAL CONFIGURADO. RECURSO PARCIALMENTE PROVIDO.

I. Caso em Exame
1. Recurso de apelação interposto por Brambilla Serviços e Administração de Obras Ltda contra sentença que julgou improcedente ação de indenização por danos morais e materiais em face do Município de Potirendaba. A autora pleiteou restituição em dobro de valor cobrado indevidamente, indenização por danos morais e por perda de uma chance, após execução fiscal indevida para cobrança de ISS já declarado inexigível.

II. Questão em Discussão
2. A questão em discussão consiste na verificação da ocorrência de dano material, moral ou perda de uma chance devido ao ajuizamento indevido de execução fiscal pelo Município de Potirendaba.

III. Razões de Decidir
3. A responsabilidade objetiva do Estado pressupõe conduta administrativa, dano e nexo causal. A inexistência de pagamento ou prejuízo patrimonial impede a restituição ou indenização material.
4. Não houve comprovação de pagamento indevido ou de dispêndios com honorários na execução fiscal, tampouco prova concreta da alegada perda de chance.
5. A execução fiscal ajuizada indevidamente, ainda que sem atos constritivos, é suficiente para configurar abalo à honra objetiva da pessoa jurídica, ensejando reparação por dano moral , in re ipsa.
6. Indenização fixada em R$ 5.000,00, com atualização monetária a partir do arbitramento (Súmula 362/STJ) e juros desde o evento danoso (Súmula 54/STJ).

IV. Dispositivo e Tese
7. Recurso parcialmente provido.

Tese de julgamento: 1. A execução fiscal ajuizada indevidamente contra empresa optante do Simples Nacional, ainda que sem atos constritivos, configura abalo à honra objetiva e enseja reparação por dano moral . 2. A indenização por perda de uma chance requer prova de chance real e concreta. 3. A repetição do indébito exige a comprovação do efetivo desembolso de quantia indevida.

Legislação Citada:
CF/1988, art. 37, § 6º; CC, arts. 186, 927 e 940; CDC, art. 42, p.u.; CPC, art. 85, §11.

Jurisprudência Citada:
STJ, REsp 1.139.492/PB, Rel. Min. Mauro Campbell Marques, 2ª Turma, j. 08.02.2011; 
TJSP, Apelação Cível 1009581-48.2024.8.26.0562, Rel. Tania Ahualli, 6ª Câmara de Direito Público, j. 30.06.2025;
TJSP, Apelação Cível 1058817-41.2024.8.26.0053, Rel. Eurípedes Faim, 15ª Câmara de Direito Público, j. 25.08.2025."
1005268-91.2023.8.26.0008,19905814,Apelação Cível,Bancários,José Wilson Gonçalves,São Paulo,11ª Câmara de Direito Privado,11,Direito Privado,30/10/2025,30/10/2025,,True,False,139,"REPETIÇÃO DE INDÉBITO C/C OBRIGAÇÃO DE FAZER E INDENIZAÇÃO POR DANOS MORAIS . Portabilidade de empréstimo consignado. Sentença de procedência. Recurso do réu. Acolhimento parcial. Portabilidade em desacordo com a oferta. Incidência do art. 30 do CDC. Reformando a sentença em relação à dobra concedida e à indenização por danos morais . Ofensa à boa-fé objetiva não configurada. Devolução simples. Sentença alterada. Compensação devida. Danos morais não caracterizados. A luta pelo reconhecimento do direito, por via administrativa ou por via judicial, não implica dano moral , mas sim ônus inerente à vida social. Ademais, a mera privação de montante em pecúnia não gera dano moral presumido. Autor que não comprova situação de humilhação ou vexatória ou ofensa a qualquer direito essencial, limitando-se a sustentar que os transtornos para solução lhe acarretaram danos morais . Sentença alterada. RECURSO PARCIALMENTE PROVIDO."
1020115-79.2024.8.26.0003,19867967,Apelação Cível,Atraso de vôo,Rogério Danna Chaib,São Paulo,16ª Câmara de Direito Privado,16,Direito Privado,21/10/2025,21/10/2025,2000.0,True,False,117,"APELAÇÃO CÍVEL. Transporte aéreo nacional. Atraso de voo. Ação de indenização por danos morais . Sentença de improcedência. Discussão sobre responsabilidade civil da companhia aérea pelo atraso na chegada dos passageiros ao destino. Relação de consumo. Atraso de voo. Chegada ao destino mais de 10 horas após o horário programado. Fortuito interno. Responsabilidade objetiva da companhia aérea. Inexistência de excludente de responsabilidade. Dano moral caracterizado. Fatos que extrapolam o mero aborrecimento cotidiano. Atraso de grande monta. Fixação da indenização em R$ 2.000,00 a cada apelante, em atenção às particularidades do caso concreto. Inexistência de circunstâncias extraordinárias que justifiquem o arbitramento em quantia superior, sob pena de enriquecimento sem causa das vítimas. Sentença reformada. Recurso provido em parte."
1009223-44.2023.8.26.0554,19866128,Apelação Cível,Bancários,Regina Aparecida Caro Gonçalves,Santo André,Núcleo 4.0-T. I (DP2),,,21/10/2025,21/10/2025,5000.0,True,False,423,"Direito do consumidor. Contratos de consumo. Bancários. Apelação cível. Ação de indenização por danos materiais e morais. Bloqueio indevido de conta internacional. Relação de consumo. Legitimidade passiva de empresa integrante de grupo econômico estrangeiro. Falha na prestação do serviço. Dano moral configurado. Manutenção do quantum indenizatório. Recurso desprovido.

I. Caso em exame
1. Apelação cível interposta por instituição financeira contra sentença que julgou procedente ação indenizatória movida por consumidora, condenando-a ao pagamento de R$ 5.000,00 a título de danos morais , decorrentes do bloqueio indevido e sem justificativa de conta digital internacional utilizada pela autora durante viagem ao exterior. 

II. Questões em discussão
2. As questões em discussão consistem em: (i) definir se a empresa apelante possui legitimidade passiva para responder pela falha na prestação de serviço envolvendo conta digital mantida em instituição estrangeira integrante do mesmo grupo econômico; (ii) estabelecer se a relação entre as partes se caracteriza como relação de consumo, com a consequente aplicação do Código de Defesa do Consumidor; e (iii) verificar se o bloqueio indevido da conta e a restrição ao acesso de valores configuram dano moral indenizável e se o valor arbitrado mostra-se adequado.

III. Razões de decidir
3. A empresa apelante é parte legítima para figurar no polo passivo, por integrar o mesmo grupo econômico da instituição estrangeira responsável pela abertura da conta digital, operando sob direção econômica unitária e atuando no Brasil na intermediação de operações em moeda estrangeira.
4. A relação jurídica estabelecida entre as partes é de consumo, conforme a Súmula nº 297 do STJ, aplicando-se as disposições do Código de Defesa do Consumidor e o regime de responsabilidade objetiva previsto no art. 14 do CDC.
5. Restou comprovado nos autos o bloqueio injustificado da conta da autora, sem prévia comunicação, o que caracteriza falha na prestação do serviço e abuso contratual, impondo à instituição financeira o dever de indenizar.
6. O bloqueio indevido de valores essenciais à subsistência da consumidora durante viagem internacional ultrapassa o mero aborrecimento cotidiano, violando a boa-fé objetiva e a dignidade da pessoa humana, configurando dano moral indenizável.
7. O valor fixado em R$ 5.000,00 observa os princípios da razoabilidade e proporcionalidade, atendendo aos fins reparatório e pedagógico da indenização, conforme precedentes deste Tribunal em casos análogos.

IV. Dispositivo
7. Apelação cível conhecida e desprovida.
_________ 
Dispositivos relevantes citados: CDC, arts. 6º, VI, 14 e 22; CC, art. 406; CPC, art. 252 do RITJSP.
Jurisprudência relevante citada: STJ, Súmulas 297 e 479; Tema Repetitivo nº 1306 (REsp 1.925.984/SP); TJSP, Apelação Cível nº 1012591-08.2022.8.26.0001 e Apelação Cível nº 1006070-38.2022.8.26.0198."
1003439-31.2023.8.26.0637,19864718,Apelação Cível,Vícios de Construção,Fatima Cristina Ruppert Mazzo,Tupã,4ª Câmara de Direito Privado,4,Direito Privado,21/10/2025,21/10/2025,10000.0,True,False,330,"DIREITO CIVIL. APELAÇÕES. AÇÃO INDENIZATÓRIA. VÍCIOS CONSTRUTIVOS. CDHU. SENTENÇA DE PARCIAL PROCEDÊNCIA. IRRESIGNAÇÃO DAS AUTORAS E DA RÉ. I. Caso em Exame. Ação indenizatória devido a vícios construtivos em imóveis adquiridos pelas Autoras da CDHU. A sentença condenou a Ré a indenizar as Autoras por danos materiais e morais, arbitrados em R$ 10.000,00. II. Questão em Discussão. 2. A questão em discussão consiste em: (i) legitimidade passiva da Ré; (ii) cercamento de defesa; (iii) prescrição; (iv) a aplicabilidade do Código de Defesa do Consumidor; (v) verificar a responsabilidade da CDHU pelos vícios construtivos e pelas custas; (vi) a possibilidade de condenação por danos morais e adequação do quantum indenizatório; (vii) parâmetros de atualização da indenização por danos morais . III. Razões de Decidir. 3. A CDHU é responsável solidária pelos vícios construtivos, sendo parte legítima para figurar no polo passivo, conforme o Código de Defesa do Consumidor. 4. Não houve cerceamento de defesa, pois a Ré não solicitou esclarecimentos ao perito judicial, limitando-se a apresentar relatório próprio. 5. A prescrição foi afastada em decisão anterior, não impugnada oportunamente, atraindo a preclusão consumativa. 6. O laudo pericial confirmou os vícios construtivos, justificando a reparação dos danos apurados. 7. Os danos morais são devidos, pois a situação ultrapassa o mero aborrecimento, configurando angústia e frustração. Quantum que merece redução para R$ 5.000,00, atendendo aos princípios da razoabilidade e proporcionalidade. 8. Os juros de mora sobre a indenização por danos morais devem incidir a partir da citação, por se tratar de responsabilidade civil contratual. IV. Dispositivo e Tese. 9. Recurso da Ré a que se DÁ PARCIAL PROVIMENTO para reduzir a indenização por danos morais para R$ 5.000,00. Recurso das Autoras a que se DÁ PARCIAL PROVIMENTO para alterar o termo inicial dos juros de mora na indenização por dano moral . Tese de julgamento: 1. A CDHU é responsável pelos vícios construtivos como fornecedora. 2. A indenização por danos morais é devida em razão dos transtornos causados que não configuram mero aborrecimento."
1011847-98.2024.8.26.0047,19863480,Apelação Cível,Atraso de vôo,Daniela Menegatti Milano,Assis,16ª Câmara de Direito Privado,16,Direito Privado,20/10/2025,20/10/2025,4000.0,True,False,134,"APELAÇÃO CÍVEL – Direito Privado – Transporte aéreo nacional – Atraso de voo – Ação de indenização por danos morais – Sentença de improcedência.
I. Discussão sobre responsabilidade civil da companhia aérea pelo atraso na chegada dos passageiros ao destino.
II. Relação de consumo. Atraso de voo. Chegada ao destino 13 horas após o horário programado. Fortuito interno. Responsabilidade objetiva da companhia aérea. Inexistência de excludente de responsabilidade.
III. Dano moral caracterizado. Fatos que extrapolam o mero aborrecimento cotidiano. Atraso de grande monta. Prestação de assistência material que mitiga os danos. Fixação da indenização em R$ 4.000,00 a cada apelante, em atenção às particularidades do caso concreto. Inexistência de circunstâncias extraordinárias que justifiquem o arbitramento em quantia superior, sob pena de enriquecimento sem causa das vítimas.
IV. Sentença reformada – Recurso provido em parte."
1002736-90.2025.8.26.0068,19863479,Apelação Cível,Extravio de bagagem,Daniela Menegatti Milano,Barueri,16ª Câmara de Direito Privado,16,Direito Privado,20/10/2025,20/10/2025,10000.0,True,False,156,"APELAÇÃO CÍVEL – DIREITO PRIVADO – Transporte aéreo internacional – Extravio temporário de bagagem – Ação de indenização por danos materiais e morais – Sentença de improcedência.
I. Recurso da autora – Pretensão de reconhecimento do dano material e de fixação dos danos morais em R$ 10.000,00.
II. Preliminar de ilegitimidade passiva. Rejeição. Companhias aéreas que atuaram em parceria, tendo cada qual realizado um trecho do voo. Legitimidade e solidariedade. Reconhecimento de falha na prestação de serviço.
III. Dano material não caracterizado. Itens adquiridos que se incorporaram ao patrimônio da apelante. Ausência de prejuízo financeiro. Questão a ser ponderada no arbitramento de indenização por dano moral . Dano moral . Passageira desprovida de bagagem durante viagem a país diverso do que reside. Bagagem restituída 5 dias após o desembarque. Circunstâncias que extrapolam o mero aborrecimento cotidiano. Indenização arbitrada em R$ 8.000,00, em razão das particularidades do caso concreto.
IV. Sentença reformada – Recurso provido em parte."
1000952-56.2022.8.26.0659,19859998,Apelação Cível,Bancários,Francisco Giaquinto,Vinhedo,13ª Câmara de Direito Privado,13,Direito Privado,20/10/2025,20/10/2025,,True,False,267,"*Ação declaratória de nulidade de cláusula contratual c.c repetição de indébito e indenização por dano moral – Contrato de empréstimo com pacto adjeto de alienação fiduciária em garantia de imóvel, com emissão de cédula de crédito imobiliário – Alegação de falhas na prestação de serviços da ré, não prestando todas as informações aos consumidores, com demora para liberação do valor, além de cobrança de tarifas de forma abusiva – Procedência, reconhecendo a abusividade da cobrança da tarifa mensal de gestão e crédito e seguros, além de fixar indenização por danos morais – Recurso das requeridas.
 
Ilegitimidade passiva ad causam – Inocorrência – Contrato firmado com a requerida Companhia Hipotecária Piratini, com intermediação da ré Creditas Soluções Financeiras, responsável pelas negociações e futura cobrança e emissão de boleto – Pertinência subjetiva passiva evidenciada – Preliminar afastada.
 
Taxa de administração (tarifa mensal de gestão) – Abusividade na cobrança – Inexistência de elemento concreto comprovando a prestação do serviço de administração, ônus que incumbia ao réu (art. 6º, VIII, do CDC e art. 373, II, do CPC) – Precedentes – Recurso negado.
 
Seguros (MIP - morte e invalidez permanente; e DFI - danos físicos ao imóvel) – Inexistência de prova de que foi oportunizada aos consumidores a liberdade de escolha da seguradora – Venda casada configurada – Abusividade reconhecida – Recurso negado. Dano moral – Inocorrência – Declaração de cláusulas abusivas do contrato, voluntariamente contratado, por si só, não acarreta danos morais – Supostas falhas na formalização do contrato não evidenciam abalo à honra e imagem dos autores – Danos extrapatrimoniais não evidenciados – Recurso provido.
 
Recurso provido em parte.*"
1014561-35.2025.8.26.0002,19859679,Apelação Cível,Acidente de Trânsito,Pedro Ferronato,São Paulo,Núcleo 4.0-T. III (DP3),,,20/10/2025,20/10/2025,,True,False,98,"RESPONSABILIDADE CIVIL – ACIDENTE DE TRÂNSITO – Atropelamento – Sentença de parcial procedência – Apelo da ré – Impossibilidade de acolhimento dos pleitos recursais – Culpa do condutor vinculado à cooperativa devidamente demonstrada pelas provas dos autos – Responsabilidade objetiva reconhecida à luz da teoria do risco da atividade (art. 927, parágrafo único, do CC) – Dano moral configurado, de natureza in re ipsa, diante da gravidade das lesões e das sequelas permanentes comprovadas – Quantum indenizatório mantido, por se mostrar adequado às circunstâncias do caso concreto e aos princípios da razoabilidade e proporcionalidade – Recurso não provido."
1000564-91.2025.8.26.0581,19859637,Apelação Cível,Bancários,Pedro Ferronato,São Manuel,Núcleo 4.0-T. III (DP2),,,20/10/2025,20/10/2025,5000.0,True,False,75,"RESPONSABILIDADE CIVIL - Ação declaratória de inexistência de débito c.c. repetição de indébito e indenização por dano moral – Inclusão do nome da empresa autora em cadastros de inadimplentes por dívida já quitada – Sentença de parcial procedência – Apelação do réu - Inadimplência não comprovada - Dano moral configurado – Redução cabível para R$5.000,00 – Observância aos princípios da razoabilidade e proporcionalidade e com os parâmetros adotados em casos semelhantes – Recurso parcialmente provido."
1008931-07.2023.8.26.0248,19855799,Apelação Cível,Compra e Venda,Michel Chakur Farah,Indaiatuba,28ª Câmara de Direito Privado,28,Direito Privado,17/10/2025,17/10/2025,3000.0,False,False,105,"Apelação – Ação indenizatória fundada em compra e venda de aparelho de telefonia celular – Compra cancelada diante do envio do produto incorreto - Sentença de parcial procedência – Apelo da autora, que insiste na condenação ao pagamento de indenização por danos morais – Acolhimento – Desvio do tempo útil da consumidora, que tenta reaver a quantia paga desde o final do ano de 2022 – Valor considerável, apto a causar angústia suficiente a ensejar a condenação pretendida -
 Restituição de somente R$ 3.000,00 dos R$ 11.000,00 pagos à vista pela autora – Indenização que se arbitra em R$5.000,00-Sentença reformada em parte – Recurso provido."
1002287-23.2023.8.26.0127,19854788,Apelação Cível,Indenização por Dano Moral,Lucilia Alcione Prata,Carapicuíba,6ª Câmara de Direito Privado,6,Direito Privado,17/10/2025,17/10/2025,6000.0,True,False,100,"APELAÇÃO CÍVEL – AÇÃO DE INDENIZAÇÃO – Procedimento estético de depilação a laser – Queimaduras de segundo grau ocorridas durante o tratamento – Responsabilidade objetiva do fornecedor (art. 14 do CDC) – Cláusula contratual sobre riscos inerentes ao procedimento que não exime a prestadora de responsabilidade por evento que extrapola os riscos normais esperados – Falha na prestação do serviço configurada – Devolução dos valores pagos devida – Dano moral caracterizado diante do sofrimento e constrangimento experimentados – Indenização fixada em R$ 6.000,00, valor adequado e proporcional às circunstâncias do caso – Dano estético não comprovado – RECURSO PARCIALMENTE PROVIDO."
1003753-74.2019.8.26.0650,19849641,Apelação Cível,Condomínio em Edifício,J.B. Paula Lima,Valinhos,32ª Câmara de Direito Privado,32,Direito Privado,16/10/2025,16/10/2025,10000.0,True,False,168,"DIREITO CIVIL. APELAÇÃO. INDENIZAÇÃO POR DANOS MATERIAIS E MORAIS. FURTO EM UNIDADE CONDOMINIAL. RECURSO PARCIALMENTE PROVIDO. Apelação contra sentença que julgou improcedente o pedido de indenização por danos materiais e morais decorrentes de furto em unidade condominial. A autora alega falha de segurança do condomínio e da empresa de segurança privada, postulando indenização. Rejeitadas as preliminares arguidas em contrarrazões. Comprovada a falha na prestação do serviço de segurança patrimonial, evidenciada pela inoperância dos equipamentos de segurança no momento do furto. Estabelecido o nexo de causalidade entre a omissão dos réus e o evento danoso, impondo-se o dever de indenizar. Dano material. Apuração dos danos materiais na fase de liquidação de sentença, com fundamento no artigo 509 do Código de Processo Civil. Dano moral . Situação que transcende os limites do mero aborrecimento. O ingresso de criminosos no interior da residência configura violação grave à esfera íntima da autora, com manifesta repercussão em sua estabilidade emocional e sensação de segurança. Verba indenizatória arbitrada em R$ 10.000,00.
Recurso parcialmente provido."
1000250-21.2025.8.26.0590,19849439,Apelação Cível,Bancários,Fernando Sastre Redondo,São Vicente,38ª Câmara de Direito Privado,38,Direito Privado,16/10/2025,16/10/2025,,False,False,42,"CONTRATOS BANCÁRIOS. Conta corrente. Bloqueio e encerramento unilateral de contas sem a devida comunicação prévia. Retenção de salário. Danos morais reconhecidos. Quantum indenizatório. Redução. Inadmissibilidade. Sentença mantida, inclusive por seus próprios fundamentos, nos termos do artigo 252, do RITJSP. RECURSO NÃO PROVIDO."
1001045-41.2024.8.26.0338,19848375,Apelação Cível,Associação,Miguel Brandi,Mairiporã,7ª Câmara de Direito Privado,7,Direito Privado,16/10/2025,16/10/2025,5000.0,True,False,107,"APELAÇÃO - LOTEAMENTO – Ação declaratória de inexistência de débito, com pedido de indenização por danos morais – Sentença de parcial procedência, determinando o restabelecimento do fornecimento de água e julgando extinto o pedido relativo aos danos morais , porque indeterminado – Insurgência do autor – Alegação de que a ação se baseia no dano moral , consoante o próprio título da demanda – Cabimento - Causa madura, podendo o pedido ser julgado diretamente por esta Corte, nos termos do art. 1.013, §3º, inciso I, do CPC - Dano moral configurado – Indenização arbitrada em R$5.000,00 – Sentença reformada para julgar procedente a ação - RECURSO PROVIDO."
1010342-73.2025.8.26.0100,19837648,Apelação Cível,Atraso de vôo,Daniela Menegatti Milano,São Paulo,16ª Câmara de Direito Privado,16,Direito Privado,14/10/2025,14/10/2025,8000.0,True,False,118,"APELAÇÃO CÍVEL – Direito Privado – Transporte aéreo internacional – Atraso de voo – Ação de indenização por danos morais – Sentença de improcedência.
I. Discussão sobre responsabilidade civil da companhia aérea pelo atraso na chegada do passageiro ao destino.
II. Relação de consumo. Atraso de voo que culminou na chegada ao destino mais de 9 horas após o horário programado. Ausência de integral assistência material. Passageiro, idoso, obrigado a pernoitar no saguão do aeroporto. Responsabilidade da companhia aérea. Inexistência de excludente de responsabilidade.
III – Dano moral caracterizado. Fatos que extrapolam o mero aborrecimento cotidiano. Fixação da indenização em R$ 8.000,00, em atenção às particularidades do caso concreto.
IV – Sentença reformada – Recurso provido em parte."
1033659-37.2024.8.26.0003,19837633,Apelação Cível,Transporte Aéreo,Daniela Menegatti Milano,São Paulo,16ª Câmara de Direito Privado,16,Direito Privado,14/10/2025,14/10/2025,5000.0,True,False,142,"APELAÇÃO CÍVEL – Direito Privado – Transporte aéreo nacional – Cancelamento de voo – Ação de indenização por danos materiais e morais – Sentença de improcedência.
I. Discussão sobre responsabilidade civil da companhia aérea e configuração de danos morais .
II. Relação de consumo. Cancelamento de voo informado às passageiras quando já estavam no aeroporto. Fortuito interno. Impossibilidade de realização da viagem, planejada com antecedência e que seria de ida e volta no mesmo dia. Oferta de reacomodação dois dias após que não atende ao dever de assistência material, nos termos da Resolução 400 da Anac. Falha na prestação do serviço. Responsabilidade objetiva da companhia aérea.
III. Dano moral caracterizado. Fatos que extrapolam o mero aborrecimento cotidiano. Fixação da indenização em R$ 5.000,00 a cada apelante, em atenção às particularidades do caso concreto.
IV – Sentença reformada – Recurso provido em parte."
1013741-91.2023.8.26.0032,19833679,Apelação Cível,Serviços de Saúde,Miguel Brandi,Araçatuba,7ª Câmara de Direito Privado,7,Direito Privado,13/10/2025,13/10/2025,,False,False,96,"APELAÇÃO – AÇÃO DE RESCISÃO CONTRATUAL, COMBINADA COM INDENIZAÇÃO POR DANOS MATERIAIS E MORAIS – Erro odontológico – Ação julgada procedente – Insurgência da requerida – Alegação de que não houve erro na prestação de serviço – Descabimento – Laudo pericial que é inequívoco e minudente em confirmar o vício cometido pela requerida apelante, que acarretou na necessidade de refazimento do tratamento odontológico pelo autor – Não foi a interrupção de tratamento pelo paciente que causou os resultados insuficientes, mas foram as intercorrências durante o tratamento que causaram seu abandono – Sentença mantida – RECURSO DESPROVIDO."
1032437-73.2020.8.26.0100,19833359,Apelação Cível,Locação de Imóvel,Monte Serrat,São Paulo,30ª Câmara de Direito Privado,30,Direito Privado,13/10/2025,13/10/2025,,True,False,151,"Apelação – Ação de despejo por falta de pagamento – Contrato de hospedagem – Sentença de procedência da ação principal e de improcedência da reconvenção – Recurso da ré – Insurgência restrita à lide reconvencional – Ré que foi impedida de ingressar no condomínio e, consequentemente no imóvel, sem que o autor tivesse ordem judicial – Dever de indenizar configurado – Ré reconvinte que comprovou ter comprado e instalado fechadura nova, no dia imediatamente subsequente ao que foi impedida de entrar no condomínio, exatamente como relatado em sua petição – Ressarcimento devido – Impossibilidade, por outro lado, de condenação do autor a indenizar o valor da jaqueta – Dano que não foi efetivamente comprovado – Dano moral configurado – Autora exposta perante terceiros, a situação vexatória – Indenização arbitrada em observância aos princípios da razoabilidade e da proporcionalidade, além de atender às suas finalidades dissuasória e compensatória – Recurso parcialmente provido."
1014744-13.2024.8.26.0011,19827793,Apelação Cível,Tratamento médico-hospitalar,Salles Rossi,São Paulo,8ª Câmara de Direito Privado,8,Direito Privado,10/10/2025,10/10/2025,10000.0,True,False,130,"APELAÇÃO – AÇÃO DE INDENIZAÇÃO POR DANOS MORAIS – Negativa de cobertura de exame pela operadora de plano de saúde. Pleito de indenização por dano moral no importe de e 15 (quinze) salários-mínimos. Sentença de improcedência. Insurgência. Parcial acolhimento. Indicação médica para realização do exame de mapeamento genômico germinativo. Autor que já sofre com uma doença grave (câncer de próstata), ao ver negado seu pedido de exame, considerado urgente, com efeito, sofreu extrema aflição e angústia ante a incerteza de obter o exame indispensável à manutenção da saúde e da vida. Dano moral ocorrente, diante da abusiva negativa da ré, não obstante a gravidade do quadro clínico do autor – Cabível o arbitramento de INDENIZAÇÃO POR DANO MORAL no importe de R$ 10.000,00 (dez mil reais). Precedentes. RECURSO PARCIALMENTE PROVIDO."
1011670-06.2024.8.26.0704,19825425,Apelação Cível,Acidente de Trânsito,Marcos de Lima Porta,São Paulo,Núcleo 4.0-T. V (DP3),,,10/10/2025,10/10/2025,,False,False,155,"APELAÇÃO CÍVEL. ACIDENTE DE TRÂNSITO. Indenização por danos materiais e morais. Dinâmica do acidente e culpabilidade do condutor do veículo locado incontroversas. Insurgência da requerida locadora do veículo: i) questionamento sobre a aplicação da Súmula 492 do STF. Não cabimento. Responsabilidade da locadora que é solidária e objetiva, diante do risco interno da atividade empresarial por ela exercida, bem como do fato de ser ela a proprietária do automóvel; ii) indenização por danos morais caracterizados. Requerente que sofreu múltiplas fraturas, necessitou de internação hospitalar, foi submetido a cirurgias de emergência e enfrenta um longo e doloroso processo de recuperação, com estimativa de reabilitação em seis meses, além de ter sua mobilidade severamente comprometida, com dificuldades para realizar atos básicos da vida cotidiana, como se mexer, tomar banho e se alimentar. Valor arbitrado que se mostra razoável para assegurar a justa reparação da grave lesão e do abalo emocional sofrido pelo requerente. Sentença mantida. Recurso improvido."
1002779-54.2023.8.26.0114,19823929,Apelação Cível,Prestação de Serviços,José Augusto Genofre Martins,Campinas,29ª Câmara de Direito Privado,29,Direito Privado,10/10/2025,10/10/2025,,True,True,107,"PRESTAÇÃO DE SERVIÇOS – CONSERTO DE VEÍCULO – Ação de indenização por danos materiais e morais c.c. obrigação de entregar –– Sentença de procedência – Apelo da ré – Alegação de ausência de audiência de instrução, insistindo que efetuou a prestação de serviços com substituição de peças e aduzindo a ausência do dano moral – Ré que não requereu produção de provas – Elementos dos autos não dão verossimilhança às alegações da requerida, que não se desincumbiu de seu ônus probatório – Sentença mantida nos termos do art. 252 do RITJ – Majoração dos honorários advocatícios, na forma do art. 85, §11 do CPC – Recurso improvido."
1001502-35.2024.8.26.0383,19822502,Apelação Cível,Vícios de Construção,Emerson Sumariva Júnior,Nhandeara,5ª Câmara de Direito Privado,5,Direito Privado,09/10/2025,09/10/2025,10000.0,False,False,101,"Apelação. Compra e venda de imóvel. Vícios construtivos Ação indenizatória. Sentença de parcial procedência. Recurso da demandada e demandantes. Preliminares afastadas. Vícios de construção que comprometem a funcionalidade da unidade habitacional constatados em parecer técnico elaborado por experto de confiança do Juízo. Danos morais configurados. Indenização devida. Quantum indenizatório, contudo, que deve ser fixado em consonância com os princípios da razoabilidade e proporcionalidade. Valor da indenização fixado em R$ 10.000,00, montante que observa as peculiaridades da hipótese. Precedentes. Sentença parcialmente reformada para acolher o pedido indenizatório, adequada a distribuição sucumbencial.
Recurso dos autores parcialmente provido e recurso da ré não provido."
1002961-66.2024.8.26.0482,19816300,Apelação Cível,Transporte Aéreo,Daniela Menegatti Milano,Presidente Prudente,16ª Câmara de Direito Privado,16,Direito Privado,08/10/2025,08/10/2025,2000.0,True,False,145,"APELAÇÃO CÍVEL – Transporte aéreo nacional – Atraso de voo – Ação de indenização por danos morais – Sentença de improcedência.
I. Inconformismo do autor. Discussão sobre a responsabilidade civil das companhias aéreas.
II. Relação de consumo. ""Code share"". Responsabilidade solidária das apeladas. Alegação de necessidade de manutenção na aeronave. Fortuito interno. Inexistência de excludente de responsabilidade. Atraso de 6 horas em relação ao horário programado, sem prestação de assistência material.
III. Dano moral configurado. Responsabilidade civil objetiva. Angústia e frustração decorrentes do atraso sem a oferta da devida assistência. Anterior ação ajuizada pelo pai do apelante pelo mesmo fato, na qual fixada indenização de dois mil reais. Fixação da indenização em R$ 2.000,00, em atenção aos princípios da isonomia e da segurança jurídica. Inexistência de circunstâncias extraordinárias que justifiquem o arbitramento em quantia superior.
IV. Sentença reformada. Sucumbência recíproca – Recurso provido em parte."
1000919-36.2025.8.26.0344,19814660,Apelação Cível,Bancários,Guilherme Santini Teodoro,Marília,Núcleo 4.0-T. II (DP2),,,08/10/2025,08/10/2025,,False,False,171,"BANCÁRIO. Ação indenizatória. Golpe da falsa central de atendimento. Realização de transações bancárias não autorizadas (empréstimos e transferências via PIX), após contato telefônico com falsa central de atendimento. Falha na prestação do serviço do banco por falta de medidas de segurança: vulnerabilidade do sistema bancário e ausência de bloqueio de transferências atípicas. Operações de valor expressivo, destinadas a terceiros sem vínculo prévio com o autor. Hipótese de caso fortuito interno (Súmula 479 do STJ). Culpa concorrente da vítima caracterizada. O autor violou o dever de cautela ao seguir instruções dos fraudadores, dirigir-se ao caixa eletrônico e executar os comandos indicados, contribuindo para o êxito da fraude. Danos patrimoniais evidenciados, com arbitramento de indenização em 50% do prejuízo. Inteligência do art. 945 do Código Civil. Precedentes. Danos morais inexistentes. Autor que concorreu para o golpe. Falta de provas de ofensa à dignidade do consumidor em razão da momentânea indisponibilidade do dinheiro ou da demora ou resistência do réu em resolver a questão. Recurso do réu provido em parte. Apelo do autor prejudicado."
1095241-72.2023.8.26.0100,19813863,Apelação Cível,Extravio de bagagem,Daniela Menegatti Milano,São Paulo,16ª Câmara de Direito Privado,16,Direito Privado,07/10/2025,08/10/2025,3000.0,True,False,118,"APELAÇÃO CÍVEL – DIREITO PRIVADO – Transporte aéreo nacional – Extravio temporário de bagagem – Ação de indenização por danos materiais e morais – Sentença de improcedência.
I. Recurso do autor – Discussão sobre caracterização de danos materiais e morais.
II. Reconhecimento de falha na prestação do serviço. Extravio temporário de bagagem por 25 dias.
III. Dano material não caracterizado. Pagamento administrativo realizado pela companhia aérea para compensação pelo extravio. Ausência de demonstração de gasto que superasse o valor recebido. Dano moral caracterizado. Passageiro desprovido de bagagem durante viagem de férias. Circunstâncias que extrapolam o mero aborrecimento cotidiano. Indenização arbitrada em R$ 3.000,00, em razão das particularidades do caso concreto
IV. Sentença reformada – Recurso provido em parte."
1198655-52.2024.8.26.0100,19808607,Apelação Cível,Espécies de Títulos de Crédito,Daniela Menegatti Milano,São Paulo,16ª Câmara de Direito Privado,16,Direito Privado,07/10/2025,07/10/2025,10000.0,True,False,142,"APELAÇÃO CÍVEL – Ação declaratória de inexigibilidade de débito cumulada com indenização por danos morais . Sentença de improcedência – Inconformismo da autora
I. Inclusão do nome do consumidor em cadastro de restrição ao crédito por débito inexistente. Ausência de prova da contratação perante o Banco Santander, cedente do crédito. Aplicação do Código de Defesa do Consumidor. Ônus do qual não se desincumbiu o réu (CPC; art. 373, II). 
II. Indevida inclusão do nome do consumidor perante órgão de proteção ao crédito. Dano moral configurado. Indenização arbitrada em R$10.000,00 (dez mil reais), em atenção às particularidades do caso e ao entendimento majoritário desta C. Câmara. 
III. Sentença reformada para julgar parcialmente procedente a ação para declarar a inexigibilidade do débito e condenar o réu ao pagamento de indenização por dano moral , no importe de R$10.000,00 (dez mil reais). 
Recurso parcialmente provido."
1042479-71.2022.8.26.0114,19807973,Apelação Cível,Bancários,Regina Aparecida Caro Gonçalves,Campinas,Núcleo 4.0-T. I (DP2),,,07/10/2025,07/10/2025,10000.0,True,False,479,"Direito do consumidor. Contratos de consumo. Bancários. Apelação cível. Ação declaratória de inexigibilidade de débito c/c danos morais . Inscrição indevida em cadastro de inadimplentes. Instituição financeira que não comprovou a alegada responsabilidade solidária do inscrito na condição de avalista. Dano moral in re ipsa. Sentença mantida por seus próprios fundamentos (art. 252 do RI/TJSP), salvo quanto ao valor da indenização e aos honorários. Sentença que fixou a indenização em R$ 10.000,00. Redução do quantum indenizatório para R$ 5.000,00. Honorários sucumbenciais fixados de ofício. Recurso parcialmente provido.

I. Caso em exame
1. Apelação interposta por instituição financeira contra sentença que declarou a inexistência do débito relativo ao contrato nº DE03644130075474, determinou a exclusão do nome do autor do cadastro de inadimplentes, condenou a ré ao pagamento de indenização por danos morais de R$ 10.000,00 e fixou honorários advocatícios em R$ 1.500,00, por equidade.

II. Questões em discussão
2. As questões em discussão consistem em: (i) definir se o autor assumiu a posição de avalista e, portanto, responde solidariamente pela dívida da pessoa jurídica; (ii) estabelecer se a inscrição indevida em cadastro de inadimplentes gera indenização por dano moral in re ipsa e qual o valor adequado da reparação; (iii) determinar se os honorários advocatícios devem ser fixados por equidade ou sobre o valor da condenação/da causa.

III. Razões de decidir
3. A assinatura do contrato pelo autor ocorreu apenas na qualidade de representante legal da pessoa jurídica, inexistindo previsão expressa de responsabilidade solidária ou de anuência como avalista.
4. O autor deixou a sociedade em maio de 2020 e o Banco não comprovou, nos termos do art. 373, II, do CPC, que ele tenha assumido obrigação solidária, tendo apresentado apenas telas unilaterais de sistema interno, desprovidas de força probatória.
5. A inscrição indevida do nome do autor em cadastro de inadimplentes configura dano moral in re ipsa, justificando a indenização fixada. 
6. Sentença mantida por seus próprios fundamentos, com base no art. 252 do Regimento Interno deste Tribunal de Justiça, salvo quanto ao valor da indenização e aos honorários.
7. Dano moral . Sentença que o fixou em R$ 10.000,00. Redução para R$ 5.000,00 em atendimento aos princípios da proporcionalidade e da razoabilidade.
8. Na ação de indenização por dano moral , a condenação em montante inferior ao postulado na inicial não implica sucumbência recíproca (Súmula 326/STJ, ainda válida na vigência do CPC/15).
9. A alteração do critério de fixação de honorários pode ser feita de ofício, por se tratar de matéria de ordem pública (AREsp 2.902.687/SP, 3ª Turma, rel. Min. Ricardo Villas Bôas Cueva, j. 16/06/2025).

IV. Dispositivo
10. Apelação cível conhecida e parcialmente provida.
_________ 
Dispositivos relevantes citados: CC, art. 265; CPC, arts. 85, §§ 2º e 8º, 373, II, e 487, I.
Jurisprudência relevante citada: STJ, REsp 2.087.508/SC; AgInt no AREsp 2.809.215/GO; AREsp 1.982.089/RJ; REsp 1.837.386/SP; EDcl no AgInt nos EDcl no AREsp 1.553.027/RJ; AREsp 2.902.687/SP."
1020008-61.2022.8.26.0405,19805416,Apelação Cível,Acidente de Trânsito,Paulo Sergio Mangerona,Osasco,Núcleo 4.0-T. IV (DP3),,,06/10/2025,06/10/2025,60000.0,True,True,318,"DIREITO ADMINISTRATIVO E CIVIL. RESPONSABILIDADE CIVIL DO ESTADO. ACIDENTE DE TRÂNSITO ENVOLVENDO VEÍCULO DO DETRAN. CULPA EXCLUSIVA DO PREPOSTO. DANO MORAL . PENSÃO MENSAL VITALÍCIA. CORREÇÃO MONETÁRIA E JUROS. HONORÁRIOS. RECURSOS DESPROVIDOS.
I. CASO EM EXAME
Apelações do Estado de São Paulo e do Detran contra sentença que condenou o Detran ao ressarcimento de despesas médicas, pagamento de pensão mensal vitalícia proporcional e indenização por danos morais de R$ 60.000,00. Recurso do autor para majoração da pensão.
II. QUESTÃO EM DISCUSSÃO
Há quatro questões em debate: (i) validade da prova pericial; (ii) culpa pelo acidente; (iii) extensão da indenização moral e material; (iv) critérios de atualização e honorários.
III. RAZÕES DE DECIDIR
Laudo pericial conclusivo e complementado afasta nulidade.
Vídeo comprova culpa exclusiva do preposto do Detran, que desrespeitou preferência e regras de segurança do CTB.
Configurada responsabilidade objetiva do ente público (CF, art. 37, § 6º).
Indenização por dano moral mantida em R$ 60.000,00, valor proporcional e razoável.
Pensão vitalícia devida, diante da incapacidade parcial e permanente comprovada (CC, art. 950).
Correção monetária e juros conforme Súmulas 54 e 362 do STJ, REsp 1.795.982/SP e Lei 14.905/24.
Honorários advocatícios mantidos em favor do Estado pela ilegitimidade passiva.
IV. DISPOSITIVO E TESE
Recursos desprovidos.
Tese de julgamento:
O ente público responde por acidente de trânsito causado por culpa exclusiva de seu preposto.
A indenização por danos morais deve observar proporcionalidade e função compensatória-punitiva.
A incapacidade parcial e permanente enseja pensão mensal proporcional à redução da capacidade laboral.
Juros de mora incidem do evento danoso e correção monetária do arbitramento, aplicando-se Selic e, após a Lei 14.905/24, IPCA mais Selic deduzido o IPCA.
Dispositivos relevantes citados: CF/1988, art. 37, § 6º; CTB, arts. 28, 29, III, ""b"", e 44; CC, arts. 389, p. único, 406, p. único, e 950; CPC, arts. 485, VI, e 487, I.
Jurisprudência relevante citada: STJ, Súmulas nº 54 e 362; STJ, REsp nº 1.795.982/SP."
1023387-28.2023.8.26.0032,19804199,Apelação Cível,Bancários,Simões de Almeida,Araçatuba,13ª Câmara de Direito Privado,13,Direito Privado,06/10/2025,06/10/2025,,True,False,182,"APELAÇÃO – Ação declaratória de inexistência débito – Empréstimo consignado não reconhecido – Preliminar de cerceamento do direito de defesa ante julgamento antecipado da lide – Prova requerida impertinente para comprovação dos fatos alegados, notadamente, regularidade da contratação (depoimento pessoal do Autor) - Fraude contratual – Réu que deixou de recolher os honorários periciais - Impugnação específica do Autor quanto a assinatura constante do contrato - Ônus da prova da instituição financeira - Produção da prova preclusa – Em caso de contestação de assinatura, incumbe à parte que produziu o documento o ônus da prova – Art. 429, II, do CPC – Restituição dos valores descontados que é de rigor – Danos morais – Desconto indevido benefício previdenciário – Dano moral configurado (in re ipsa) – Incidência de juros de mora e correção monetária sobre o valor depositado na conta do Autor - Ausência de interesse recursal - Atualizações já previstas em sentença – Ônus sucumbenciais alterados ante o integral acolhimento dos pedidos do Autor – Recurso do Réu parcialmente conhecido e, na parte conhecida, não provido – Recurso do Autor provido."
1023061-42.2024.8.26.0482,19801341,Apelação Cível,Estabelecimentos de Ensino,Arantes Theodoro,Presidente Prudente,36ª Câmara de Direito Privado,36,Direito Privado,03/10/2025,03/10/2025,,True,False,55,Prestações de serviços educacionais. Ação de indenização por danos materiais e morais. Elementos informativos que revelavam a falha na prestação dos serviços pela instituição de ensino quanto ao contrato de renovação de estágio da aluna. Danos materiais e morais revelados. Indenização por dano moral corretamente fixada. Procedência autorizada nos limites indicados na sentença. Recurso improvido.
1006922-45.2024.8.26.0084,19800249,Apelação Cível,Empréstimo consignado,Léa Duarte,Campinas,Núcleo 4.0-T. IV (DP2),,,03/10/2025,03/10/2025,5000.0,True,False,371,"DIREITO DO CONSUMIDOR. APELAÇÃO CÍVEL. CARTÃO DE CRÉDITO CONSIGNADO. DESCONTOS INDEVIDOS EM BENEFÍCIO PREVIDENCIÁRIO. CONTRATAÇÃO NÃO COMPROVADA. RESPONSABILIDADE OBJETIVA DO BANCO. COMPENSAÇÃO DE VALORES CREDITADOS. RECURSO PARCIALMENTE PROVIDO.
I. CASO EM EXAME
1. Ação declaratória de inexistência de relação jurídica c/c indenização por danos morais , proposta por aposentada contra banco por descontos de RMC não contratado. Sentença julgou procedentes os pedidos, com declaração de inexigibilidade do débito, restituição em dobro e indenização de R$ 5.000,00. Banco apelou, pleiteando validade do contrato e, subsidiariamente, compensação de valores.
II. QUESTÃO EM DISCUSSÃO
2. Há duas questões em discussão: (i) verificar se houve comprovação da contratação; (ii) definir se é cabível a compensação de valores creditados à autora.
III. RAZÕES DE DECIDIR
3. A relação jurídica entre as partes caracteriza-se como de consumo, impondo a aplicação do Código de Defesa do Consumidor e a inversão do ônus da prova em favor da autora (CDC, art. 6º, VIII).
4. O banco não comprovou a regularidade da contratação, deixando de apresentar o contrato original impugnado e de produzir prova pericial, não se desincumbindo do ônus que lhe incumbia (CPC, art. 429, II).
5. Configurada a falha na prestação do serviço bancário, a instituição financeira responde objetivamente pelos danos causados ao consumidor (CDC, art. 14).
6. Os descontos indevidos em benefício previdenciário, verba de natureza alimentar, caracterizam dano moral in re ipsa, sendo devida a indenização fixada em R$ 5.000,00, valor adequado aos princípios da razoabilidade e proporcionalidade.
7. A restituição em dobro dos valores descontados indevidamente é devida, nos termos do art. 42, parágrafo único, do CDC, por evidente afronta à boa-fé objetiva.
8. É cabível a compensação dos valores comprovadamente creditados na conta da autora, conforme demonstrado nos autos, para evitar enriquecimento sem causa, nos termos dos arts. 182 e 884 do Código Civil.
IV. DISPOSITIVO E TESE
9. Recurso parcialmente provido para autorizar a compensação das condenações com os valores comprovadamente recebidos da requerida pela autora.
Dispositivos relevantes citados: CF/1988, art. 5º, XXXV; CC, arts. 182 e 884; CDC, arts. 6º, VIII, 14 e 42, parágrafo único; CPC, art. 429, II.
Jurisprudência relevante citada: STJ, EREsp nº 1.413.542/RS; TJSP, Apelação Cível nº 1000899-02.2021.8.26.0145; TJSP, Apelação Cível nº 1001673-45.2024.8.26.0236; TJSP, Apelação Cível nº 1002340-79.2024.8.26.0123."
1032390-47.2022.8.26.0224,19786559,Apelação Cível,Estabelecimentos de Ensino,Neto Barbosa Ferreira,Guarulhos,29ª Câmara de Direito Privado,29,Direito Privado,30/09/2025,30/09/2025,10000.0,False,True,167,"Prestação de serviços educacionais – Ação de indenização por danos morais – Sentença de procedência – Negativação indevida do nome da autora em cadastros de devedores em razão da cobrança de mensalidades de curso superior. A autora obteve declaração de quitação, sendo certo que a ré em sua contestação admitiu que a autora não estava a lhe dever – Apelo da autora - Danos morais - Configuração, posto que é de senso comum a sorte de aborrecimentos e humilhações vividas por qualquer pessoa, em virtude da indevida inserção do nome em cadastros de devedores. – Valor da indenização - A fixação da indenização deve levar em consideração, o grau da culpa, a capacidade contributiva do ofensor e a extensão do dano suportado pela vítima. Nesse sentido, de rigor a majoração da indenização fixada, para R$ 10.000,00tendo em conta tendo em conta o quanto vem sendo fixado por esta Eg. Corte e C. Câmara em situações análogas e, ainda, os princípios da razoabilidade e proporcionalidade. – Recurso provido."
1129147-19.2024.8.26.0100,19778804,Apelação Cível,Prestação de Serviços,Monte Serrat,São Paulo,30ª Câmara de Direito Privado,30,Direito Privado,30/09/2025,30/09/2025,,False,True,100,Apelação – Ação de obrigação de fazer cumulada com indenização por danos morais – Pedido de restabelecimento de conta em rede social – Instagram – Perfil invadido e adulterado por terceiro – Inércia do provedor após comunicação pelo consumidor – Relação de consumo – Responsabilidade objetiva – Possibilidade de aplicação de astreintes – Limitação da multa que se justifica – Danos morais configurados – Indenização fixada no valor pleiteado que não é excessivo e se mostra justo e razoável – Procedência integral do pedido – Verbas sucumbenciais devidas pelo réu com majoração do valor dos honorários advocatícios – Recurso provido.
1003525-90.2025.8.26.0003,19777021,Apelação Cível,Indenização por Dano Moral,Carlos Dias Motta,São Paulo,26ª Câmara de Direito Privado,26,Direito Privado,30/09/2025,30/09/2025,,False,False,159,"Ação indenizatória. Sentença de parcial procedência. Apelos de ambas as partes. Representação processual da ré devidamente regularizada. Inexiste controvérsia fática sobre o esquecimento do passaporte no cofre do quarto do hotel, tampouco há dúvida quanto à possibilidade de localização do documento tempestivamente, bastando uma inspeção acurada do local, posteriormente realizada por outro hóspede. Ratificada a conclusão judicial originária acerca da culpa concorrente das partes, pois, de um lado, houve omissão de cautela do autor ao deixar os aposentos em que estava hospedado, e, de outro lado, houve falha da ré no dever anexo de contribuir para a adequada solução da questão, violando o princípio da boa-fé objetiva. Diante da concorrência de culpas (art. 945 do CC/02), sobressaiu correta a redução proporcional (50%) do quantum indenizatório material/moral, que não comporta qualquer alteração. Sentença mantida. Honorários recursais. Elevação em 2% da verba honorária advocatícia de sucumbência, totalizando 12% da condenação atualizada (art. 85, §§ 1º e 11, do CPC/15). Apelações desprovidas."
1020418-86.2024.8.26.0361,19776816,Apelação Cível,Planos de saúde,Paulo Toledo,Mogi das Cruzes,Núcleo 4.0-T. III (DP1),,,30/09/2025,30/09/2025,5000.0,True,True,194,"DIREITO CIVIL. APELAÇÃO CÍVEL. AÇÃO DECLARATÓRIA DE INEXIGIBILIDADE DE DÉBITO C.C INDENIZAÇÃO POR DANOS MORAIS . COBRANÇA INDEVIDA. AÇÃO PROCEDENTE. RECURSO DA PARTE RÉ. 
I. CASO EM EXAME: trata-se de recurso de apelação interposto contra sentença que julgou procedente a ação para condenar a operadora ré a retirar o nome do autor do cadastro de inadimplentes, bem como para condená-la ao pagamento de danos morais , no valor de R$ 5.000,00.
II. QUESTÃO EM DISCUSSÃO: (i) verificar se a manutenção do nome da parte autora no cadastro de maus pagadores era legítima; e (ii) avaliar o cabimento da indenização, a título de danos morais , bem como a proporcionalidade e razoabilidade do quanto fixado. 
III. RAZÕES DE DECIDIR: após quitado o débito, compete ao credor a exclusão do apontamento, no prazo de 5 dias úteis, nos termos do que dispõe a Súmula 548, do C. STJ. Inscrição que perdurou por meses, configurando evidente dano moral , conforme jurisprudência consolidada. O valor da indenização, fixada em R$ 5.000,00, é proporcional e adequado, considerando a demora injustificada na exclusão do apontamento e os efeitos negativos decorrentes da negativação. 
IV. DISPOSITIVO: recurso desprovido. Majoração dos honorários advocatícios."
1003187-66.2023.8.26.0010,19772558,Apelação Cível,Bancários,Regina Aparecida Caro Gonçalves,São Paulo,Núcleo 4.0-T. I (DP2),,,29/09/2025,29/09/2025,2000.0,True,False,321,"Direito do consumidor. Contratos de consumo. Bancários. Apelação cível. Encerramento unilateral de conta corrente. Possibilidade. Inobservância, porém, do prazo regulamentar de 30 dias. Exercício abusivo do direito. Bloqueio imediato após notificação. Retenção de valores. Dano moral configurado. Indenização de R$ 2.000,00 mantida. Sentença mantida por seus próprios fundamentos (art. 252 do RI/TJSP). Desprovimento.

I. Caso em exame
1. Apelação cível interposta por instituição financeira contra sentença que julgou parcialmente procedente a ação de obrigação de fazer cumulada com indenização por danos morais , condenando-a ao pagamento de R$ 2.000,00.

II. Questões em discussão
2. As questões em discussão consistem em: (i) definir se o encerramento unilateral da conta corrente da autora foi realizado de forma abusiva a ponto de ensejar reparação; e (ii) estabelecer se o valor da indenização por dano moral deve ser reduzido.

III. Razões de decidir
3. A instituição financeira possui direito de encerrar unilateralmente a conta corrente, desde que respeitado o prazo de 30 dias de comunicação ao cliente, conforme normas do Banco Central.
4. A comunicação de encerramento foi enviada em 19/04/2023, mas a conta foi bloqueada já no dia seguinte, impedindo a autora de indicar conta para recebimento dos valores, situação que caracteriza exercício abusivo do direito.
5. A conduta do réu obrigou a parte autora a ingressar em juízo para obter a transferência de valores, superando o mero aborrecimento e atingindo direitos da personalidade.
6. O valor de R$ 2.000,00 fixado a título de indenização atende aos critérios de razoabilidade e proporcionalidade, cumprindo função compensatória e pedagógica, não comportando redução.
7. Sentença mantida por seus próprios fundamentos, com base no art. 252 do Regimento Interno deste Tribunal de Justiça.

IV. Dispositivo
8. Apelação cível conhecida e desprovida.
_________ 
Dispositivos relevantes citados: CC, art. 407; CPC, art. 487, I, e art. 1.021, § 3º; RI/TJSP, art. 252; Resolução BACEN 4.753/19, art. 5º, IV, ""a"".
Jurisprudência relevante citada: STJ, Tema 1306. TJSP, Apelação Cível nº 1000162-17.2024.8.26.0008."
1024798-08.2024.8.26.0506,19768223,Apelação Cível,Cartão de Crédito,Luis Carlos de Barros,Ribeirão Preto,20ª Câmara de Direito Privado,20,Direito Privado,29/09/2025,29/09/2025,,False,False,43,"Ação declaratória c.c. indenizatória. Manutenção indevida de apontamento restritivo, após quitação do débito. Fortuito interno. Falha na prestação de serviços. Danos morais caracterizados. Valor da indenização arbitrado com razoabilidade. Ratificação do julgado. Art. 252 do Regimento Interno deste E. Tribunal. RECURSO NÃO PROVIDO."
1025771-50.2023.8.26.0068,19765351,Apelação Cível,Transporte Aéreo,Simões de Almeida,Barueri,13ª Câmara de Direito Privado,13,Direito Privado,26/09/2025,26/09/2025,4000.0,False,False,139,"APELAÇÃO – Transporte aéreo nacional – Ação de indenização por danos morais – Cancelamento de voo com remanejamento e atraso de aproximadamente 11 (onze) horas para chegada ao destino – Aplicação do Código de Defesa do Consumidor – Alegação de alteração de voo em razão de fatores meteorológicos não demonstrada – Ausência de demonstração de regularidade dos serviços prestados – Fortuito interno – Risco inerente à própria atividade desenvolvida - Responsabilidade objetiva da companhia aérea – Falha na prestação do serviço – Danos morais configurados – Fatos que extrapolam o mero dissabor – Valor indenizatório arbitrado em R$ 4.000,00 (quatro mil reais) em consonância aos princípios da proporcionalidade e razoabilidade, considerando as particularidades do caso, o pedido da parte autora e de acordo com o parâmetro utilizado por este e. Tribunal de Justiça em casos semelhantes – Recurso provido."
1003274-71.2022.8.26.0296,19763077,Apelação Cível,Acidente de Trânsito,Michel Chakur Farah,Jaguariúna,28ª Câmara de Direito Privado,28,Direito Privado,26/09/2025,26/09/2025,10000.0,True,False,195,"Apelação – Acidente de trânsito - Sentença de improcedência do pedido autoral e procedência em parte do pleito reconvencional – Insurgência da autora - Colisão traseira após ingresso na via de circulação - Inobservância do dever de cautela – Presunção de colisão traseira que é relativa e que foi afastada pela dinâmica do acidente - Preferência de passagem do veículo que trafegava pela via, não respeitada – Arts. 34 e 36 do CTB – Culpa do condutor do veículo da ré evidenciada - Dano moral – Ocorrência, circunstancialmente – Caminhão que era instrumento de trabalho da autora – Privação do direito de exercer a profissão e extrair sustento próprio e da familia – Fato incontroverso – Valor arbitrado em R$10.000,00-
 – Danos materiais – Acolhimento somente quanto ao pedido de ressarcimento dos prejuízos causados ao baú, à falta de demonstração da perda total do caminhão ou gastos advindos do seu reparo – Indenização fixada em R$ 18.165,00 - Reconvenção – Pretensão de ressarcimento dos prejuízos causados ao veículo da ré – Não demonstrada a responsabilidade da parte autora pela ocorrência do acidente – Improcedência que se impõe – Recurso parcialmente provido, com inversão da sucumbência."
1005883-34.2022.8.26.0229,19762189,Apelação Cível,Bancários,Francisco Giaquinto,Hortolândia,13ª Câmara de Direito Privado,13,Direito Privado,26/09/2025,26/09/2025,,True,False,345,"*Ação declaratória de inexistência de negócio jurídico c.c. indenização por dano moral e repetição de indébito – Negativa de contratação de empréstimos consignados com o Banco réu, com ilícitos descontos em benefício previdenciário do autor – Improcedência.
 
Empréstimos nº 804952073 – Aplicação do CDC (súmula 297 do STJ) – Falta de verossimilhança nas alegações do autor – Prova documental demonstrando a contratação do empréstimo impugnado pelo autor, por meio eletrônico (terminal de autoatendimento), relativo a operação de renovação de dívida bancária, servindo parte do crédito disponibilizado na conta para quitar contrato de empréstimo anterior com troco utilizado pelo requerente – Demonstração da efetiva existência de negócio jurídico contratual entre as partes – Inexistência de ato ilícito – Recursos providos.
 
Empréstimos nº 805121406 e 002493373 – Negativa da relação jurídica com o Banco réu – Aplicação do CDC (súmula 297 do STJ) – Responsabilidade objetiva dos Bancos réus por danos gerados por fortuito interno relativo a fraudes e delitos praticados por terceiro no âmbito de operações bancárias (súmula 479 do STJ) – Requeridos não comprovaram a legitimidade da contratação e origem das dívidas , ônus seu (art. 6º, VIII, do CDC e art. 373, II, do CPC) – Inexigibilidade dos débitos – Fraude praticada por terceiros não eximem os réus de responder pelos prejuízos causados – Descontos indevido de valores em benefício previdenciário do autor – Recursos negados.

Repetição em dobro – Pretensão ao afastamento da restituição em dobro – Pedido em conformidade com a sentença que determinou a devolução simples e não dobrada – Ausência de interesse recursal quanto ao tema – Recurso do corréu Banco Mercantil não conhecido. Danos morais – Ocorrência – Descontos indevidos de prestações em benefício previdenciário da autora com base nos contratos fraudados nº 805121406 e nº 002493373 – Danos morais evidenciados com o fato ilícito (damnum in re ipsa) – Valor dos danos morais fixados em consonância com os princípios da razoabilidade e proporcionalidade, não comportando alteração – Recursos negados.
 
Recurso do Banco Inter parcialmente provido e parcialmente provido, na parte conhecida, o recurso do corréu Banco Mercantil .*"
1009000-15.2025.8.26.0007,19760835,Apelação Cível,Fornecimento de Energia Elétrica,Caio Marcelo Mendes de Oliveira,São Paulo,32ª Câmara de Direito Privado,32,Direito Privado,25/09/2025,25/09/2025,,True,False,78,"PRESTAÇÃO DE SERVIÇOS - FORNECIMENTO DE ENERGIA ELÉTRICA – Ação de indenização por prejuízo moral – Corte no fornecimento do serviço decorrente de inadimplência - Restabelecimento do serviço após 7 dias da quitação da dívida – Demora injustificada - Dano moral evidenciado – Arbitramento que atendeu a critérios de proporcionalidade e razoabilidade e observa as nuances fáticas envolvendo o episódio – Elevação da honorária profissional para as autoras – Recurso da ré improvido, acolhido parcialmente o das autoras."
1009467-86.2024.8.26.0020,19758366,Apelação Cível,Bancários,Matheus Fontes,São Paulo,22ª Câmara de Direito Privado,22,Direito Privado,25/09/2025,25/09/2025,,True,False,68,AÇÃO DECLARATÓRIA NEGATIVA CUMULADA COM INDENIZAÇÃO POR DANO MORAL – RENEGOCIAÇÃO E QUITAÇÃO DO DÉBITO - MANUTENÇÃO DE SUA ANOTAÇÃO EM CADASTRO DO SISBACEN SISTEMA DE INFORMAÇÕES DE CRÉDITO (SCR) – CONOTAÇÃO RESTRITIVA DE CRÉDITO – NÃO INCIDÊNCIA DA SÚMULA 385 DO STJ - DANO MORAL IN RE IPSA - AÇÃO PROCEDENTE EM PARTE – SUCUMBÊNCIA PELO RÉU – SÚMULA N° 326 DO STJ – RECURSO PARCIALMENTE PROVIDO.
1002399-05.2025.8.26.0003,19757430,Apelação Cível,Atraso de vôo,José Wagner de Oliveira Melatto Peixoto,São Paulo,37ª Câmara de Direito Privado,37,Direito Privado,25/09/2025,25/09/2025,,False,True,78,DIREITO DO CONSUMIDOR – CONTRATOS DE CONSUMO – TRANSPORTE AÉREO NACIONAL – ATRASO DE VOO – Ação indenizatória – Sentença de parcial procedência – Apelo pedindo majoração do valor da indenização – Atraso de voo com chegada ao destino após 05 horas do originalmente contratado; pessoa com deficiência; e falta de disponibilização do assento reservado com pagamento de valor adicional – Quantum indenizatório majorado para valor condizente com o evento danoso - Sentença parcialmente modificada – Recurso provido.
1013804-38.2025.8.26.0100,19755315,Apelação Cível,Atraso de vôo,Simões de Almeida,São Paulo,13ª Câmara de Direito Privado,13,Direito Privado,24/09/2025,24/09/2025,5000.0,False,False,172,"APELAÇÃO – Transporte aéreo internacional - Ação de indenização por danos morais e materiais – Atraso do primeiro voo, com perda da conexão e chegada ao destino final mais de doze horas após o horário inicialmente programado - Aplicação do Código de Defesa do Consumidor - Alegação de atraso devido a problemas mecânicos – Fortuito interno - Responsabilidade objetiva da companhia aérea – Ausência de demonstração de regularidade dos serviços prestados – Responsabilidade da companhia aérea, conhecedora da logística dos voos, pela comercialização de passagens com tempo exíguo de conexão - Inexistência de demonstração de minimização dos danos – Ausência de prestação de assistência material aos passageiros – Falha na prestação do serviço - Danos morais – Cabimento – Fatos que extrapolam o mero dissabor – Quantum arbitrado em R$ 5.000,00 para cada autor, em consonância aos princípios da proporcionalidade e razoabilidade e de acordo com o parâmetro utilizado por este e. Tribunal de Justiça em casos semelhantes – Danos materiais parcialmente comprovados – Nexo de causalidade demonstrado – Recurso parcialmente provido."
1024456-43.2023.8.26.0114,19755314,Apelação Cível,Espécies de Títulos de Crédito,Simões de Almeida,Campinas,13ª Câmara de Direito Privado,13,Direito Privado,24/09/2025,24/09/2025,10000.0,True,False,114,"APELAÇÃO – Ação declaratória de inexistência de débito c.c. indenização – Alegação de negativação indevida - Parcial procedência dos pedidos, com declaração de inexistência do débito – Recurso exclusivo do autor para condenação do réu ao pagamento de indenização por danos morais - Dano moral verificado – Negativação anterior objeto de ação judicial, extinta por acordo, no qual foi expressamente reconhecida a inexistência daquele débito – Inaplicabilidade do verbete nº 385 da Súmula de Jurisprudência do STJ – Dano moral in re ipsa - Quantum indenizatório arbitrado em R$ 10.000,00 - Valor razoável, fixado de acordo com o patamar adotado por esta c. 13ª Câmara de Direito Privado em casos semelhantes – Recurso provido."
1019236-82.2024.8.26.0032,19755198,Apelação Cível,Fornecimento de Energia Elétrica,Simões de Almeida,Araçatuba,13ª Câmara de Direito Privado,13,Direito Privado,24/09/2025,24/09/2025,,False,False,162,"APELAÇÃO – Ação declaratória de inexistência de débito – Relação de consumo – Aplicação do Código de Defesa do Consumidor - Inversão do ônus da prova – Irregularidade em medidor de consumo de energia elétrica – Ausência de provas de que o consumidor seja efetivamente o responsável pela alteração constatada por Termos de Ocorrência e Inspeção – Concessionária que não seguiu todo o procedimento previsto na Resolução da Aneel – Prova de culpa ou de responsabilidade exclusiva do consumidor não produzida nos autos – Inexigibilidade dos valores cobrados devidamente reconhecida – Devolução em dobro dos valores pagos pelo consumidor, nos termos do art. 42, §único, do CPC e do entendimento adotado pelo C. STJ no julgamento do REsp 600.663/RS – Danos morais – Cobrança indevida, excessiva e vexatória – Danos morais caracterizados – Quantum indenizatório arbitrado levando-se em conta os princípios da proporcionalidade e razoabilidade – Recurso da Autora parcialmente provido – Alteração dos ônus sucumbenciais ante o provimento parcial do recurso."
1016376-17.2024.8.26.0224,19753070,Apelação Cível,Extravio de bagagem,Carlos Ortiz Gomes,Guarulhos,15ª Câmara de Direito Privado,15,Direito Privado,24/09/2025,24/09/2025,10000.0,True,False,215,"Apelação cível. Ação de indenização. Voo internacional. Atraso para a chegada ao destino e extravio temporário de bagagem. Bagagem disponibilizada três dias após o desembarque. Sentença de procedência parcial, para condenar a ré ao pagamento de indenização por dano material. Inconformismo da autora. Dano moral . Pretensão de condenação da ré ao pagamento de indenização no valor de R$ 10.000,00. Acolhimento parcial. Regulamentações da ANAC, disciplinando os procedimentos no caso de atraso de voo, ou de extravio de bagagens, não obstam a pretensão de reparação por danos decorrentes do atraso/extravio. Cumprimento imperfeito do contrato. Falha na prestação do serviço. Responsabilidade objetiva. Ruptura da expectativa, com o inesperado atraso. Dever do transportador de restituir a bagagem extraviada no local indicado pelo passageiro em até 21 dias, no caso do voo internacional, que não exime a companhia aérea das consequências advindas da falha na prestação de serviços. Excludentes do dever de indenizar não comprovadas pela parte fornecedora. Extravio temporário de bagagem que também pode gerar o dano moral indenizável (AREsp 1295536; AREsp 1257561). Situação que atinge os direitos da personalidade. Precedentes desta C. Câmara. Dano moral configurado. Indenização por dano moral fixada em R$ 9.000,00, valor em sintonia com os critérios da razoabilidade e da proporcionalidade, bem como a linha dos Precedentes. 
Sentença reformada. Recurso parcialmente provido."
1010650-23.2022.8.26.0292,19750999,Apelação Cível,Compra e Venda,José Augusto Genofre Martins,Jacareí,29ª Câmara de Direito Privado,29,Direito Privado,24/09/2025,24/09/2025,,False,False,214,"AÇÃO DE OBRIGAÇÃO DE FAZER – LEILÃO DE VEÍCULO AUTOMOTOR APREENDIDO – MOTOCICLETA LEILOADA NA CONDIÇÃO DE SUCATA – AUSÊNCIA DE BAIXA PERMANENTE DO BEM NO RESPECTIVO ÓRGÃO DE TRÂNSITO COMPETENTE – RESPONSABILIDADE DO LEILOEIRO DEMONSTRADA, VEZ QUE DEIXOU DE INFORMAR AO ÓRGÃO EXECUTIVO COMPETENTE – INTELIGÊNCIA DA LEI 8.722/1993 E DECRETO Nº 1.305/1994 – RESOLUÇÃO Nº 331/2009 DO CONATRAN – Sentença de extinção sem resolução do mérito em relação aos débitos tributários de IPVA, bem como de parcial procedência em relação à obrigação de fazer e indenização a título de danos morais – Apelo do réu – Descabimento - Veículo automotor apreendido e incluído para venda em leilão extrajudicial – Preliminar de ilegitimidade passiva afastada – Preliminares suscitadas pelo réu-apelante anteriormente afastadas, ausentes novos elementos capazes de infirmar a decisão outrora lançada – No mérito, insiste na ausência de indenização a título de danos morais – Descabimento – Sentença mantida integralmente em seu mérito, nos termos do art. 252 do Regimento Interno deste E. Tribunal de Justiça – Necessidade de pequena alteração quanto à verba honorária sucumbencial – Juízo que não está restrito aos parâmetros da tabela honorária da OAB – Tabela da OAB que possui caráter meramente orientador e não vincula o juízo – Verba honorária sucumbência reduzida – Recurso parcialmente provido."
1003969-49.2018.8.26.0010,19751007,Apelação Cível,Acidente de Trânsito,José Augusto Genofre Martins,São Paulo,29ª Câmara de Direito Privado,29,Direito Privado,24/09/2025,24/09/2025,20000.0,True,True,187,"ACIDENTE DE TRÂNSITO – AÇÃO INDENIZATÓRIA DE DANOS MATERIAIS E MORAIS – Autora que fora atropelada por ônibus da empresa ré – Sentença de parcial procedência da lide principal e procedência da lide secundária – Apelo das corrés e da autora – Recurso da corré Movebuss – Preliminar de inépcia da inicial afastada – No mérito, réu defende a culpa e a responsabilidade da autora pelo sinistro ocorrido, pugnando pela reforma da sentença de primeiro grau – Descabimento – Elementos de prova dos autos que conduzem ao entendimento exposto em sede de sentença – Recurso da seguradora corré igualmente desprovido – Recurso da parte autora, buscando a majoração do valor indenizatório fixado a título de dano moral e estético – Descabimento – Verbas arbitradas em consonância com os princípios da razoabilidade e da proporcionalidade – Verba indenizatória fixada de forma adequada (R$ 20.000,00 a título de danos morais e R$ 20.000,00 a título de danos estéticos), levando em conta a gravidade do dano e o sofrimento da vítima – Sentença mantida, nos termos do art. 252 do Regimento Interno deste E. Tribunal de Justiça – Recursos improvidos."
1005914-54.2022.8.26.0229,19750361,Apelação Cível,Bancários,Alexandre David Malfatti,Hortolândia,12ª Câmara de Direito Privado,12,Direito Privado,24/09/2025,24/09/2025,5000.0,False,False,269,"AÇÃO DECLARATÓRIA. SENTENÇA DE PARCIAL PROCEDÊNCIA. APELAÇÃO DA AUTORA PARCIALMENTE PROVIDA.

EMPRÉSTIMO CONSIGNADO. DEFEITO DO SERVIÇO. FRAUDE. CONTRATAÇÃO FRAUDULENTA. RESTITUIÇÃO DOBRADA. DANOS MORAIS CONFIGURADOS. Ação declaratória cumulada com obrigação de fazer e indenização por danos morais e materiais. Sentença de parcial procedência. Recurso da autora. A inexistência do débito é fato incontroverso e acobertado pela coisa julgada material. Primeiro, determina-se a restituição dobrada dos valores. Demonstrada a cobrança de má-fé do banco réu. Inadmissível contratação de empréstimo consignado sem o consentimento da autora. Circunstância que deixou escancarado um método comercial sem transparência e informação, suscetível à fraude. Segundo, mantém-se o valor da indenização por danos morais . A consumidora experimentou dissabores, transtornos e aborrecimentos advindos não somente da falta de segurança do sistema bancário, mas também pelo atendimento ineficiente. Valor mantido em R$ 5.000,00, parâmetro razoável e admitido pela Turma julgadora em casos semelhantes. E terceiro, ajusta-se a compensação dos valores creditados em favor da autora. Pretensão de qualificação do valor como amostra grátis. Descabimento. Nesse ponto, forço reconhecer não incidência do parágrafo único do inciso III do art. 39 do CDC. Devolução que se dará pelo valor histórico. Evita-se o enriquecimento sem causa e necessário reconhecer que fora o fornecedor quem deu causa ao ilícito reconhecido. E sequer se aplicam a atualização do valor e a incidência de juros, porque em conta corrente as instituições financeiras não propiciam qualquer adição de correção monetária aos saldos. Exigir-se a incidência de juros ou de correção monetária traduziria uma punição à consumidora vítima do evento danoso. Ação julgada parcialmente procedente em maior extensão em segundo grau.

SENTENÇA REFORMADA. RECURSO PARCIALMENTE PROVIDO."
1012466-79.2023.8.26.0009,19750374,Apelação Cível,Bancários,Alexandre David Malfatti,São Paulo,12ª Câmara de Direito Privado,12,Direito Privado,24/09/2025,24/09/2025,8010.66,True,True,346,"AÇÃO DECLARATÓRIA CUMULADA COM INDENIZAÇÃO. SENTENÇA DE PARCIAL PROCEDÊNCIA. APELAÇÃO DA AUTORA IMPROVIDA.

EMPRÉSTIMO CONSIGNADO. REPETIÇÃO SIMPLES DOS VALORES INDEVIDAMENTE DESCONTADOS. DANO MORAL NÃO CONFIGURADO. COMPENSAÇÃO DEVIDA. Ação declaratória de inexistência de débito cumulada com pedido de repetição de indébito e indenização por danos morais . Sentença de parcial procedência. Recurso da autora. Primeiro, mantém-se a determinação de restituição simples dos valores descontados. Aplicação da jurisprudência fixada pelo STJ. Caso singular. No caso concreto, não houve comprovação de violação à boa-fé pelo réu para a determinação de devolução em dobro. A própria demora do consumidor em reclamar dos descontos, aliada à fragmentação das demandas não viabiliza o acolhimento do pedido de devolução dobrada. Segundo, rejeita-se o pleito para majoração da indenização pelos danos morais . Caso singular. Autora que ingressou com dezoito ações em face do mesmo réu. Petição inicial padronizada que foi incapaz de esclarecer no que consistiram os danos morais , a partir do contrato indicado especificamente. Valor da indenização mantido, tendo em vista a ausência de recurso do réu. E terceiro, E quarto, autoriza-se a compensação. A compensação envolverá os empréstimos quitados, cuja validade não foi discutida nestes autos. Por isso, a compensação implicará a somatória total do valor disponibilizado à autora, primeiro para quitação do empréstimo anterior (R$ 8.010,66) e segundo o ""troco"" creditado em sua conta corrente (R$ 610,96 – fl. 361). Ação julgada parcialmente procedente.

LITIGÂNCIA DE MÁ-FÉ. RECONHECIMENTO. EXPEDIENTE USADO PELA PARTE AUTORA DE FRAGMENTAÇÃO DO LITÍGIO. OPÇÃO DE MULTIPLICAÇÃO DE DEMANDAS PARA AMPLIAR PRETENSÃO DE REPARAÇÃO DE DANOS MORAIS . PRÁTICA DE LITIGÂNCIA DENOMINADA ""PREDATÓRIA"". MULTA PROCESSUAL IMPOSTA. Reconhecimento de litigância predatória. Parte que promoveu desnecessariamente 02 (duas) ações diferentes contra o mesmo banco réu e 18 ações no total, em curto espaço de tempo. Num expediente de fragmentação proposital de demandas em relação a outros processos, promoveu uma ""litigância predatória"", sempre com o objetivo único de multiplicação de reparações de danos morais . Reconhecimento, de litigância de má-fé com imposição de multa processual em 5% do valor da causa (atualizado, desde o ajuizamento).

SENTENÇA MANTIDA. RECURSO IMPROVIDO."
1501188-46.2024.8.26.0637,19747608,Apelação Criminal,Ameaça,Gilberto Cruz,Tupã,6ª Câmara de Direito Criminal,6,Direito Criminal,23/09/2025,23/09/2025,,False,False,180,"DIREITO PENAL. APELAÇÃO. VIOLÊNCIA DOMÉSTICA. AMEAÇA. RECURSO DEFENSIVO DESPROVIDO E MINISTERIAL ACOLHIDO EM PARTE.
Caso em julgamento: Configuração. Autoria e materialidade comprovadas. Prova segura. Confissão corroborada pelas declarações da vítima e pelo depoimento da filha do ex-casal, tudo em harmonia com o conjunto probatório – Estado de ira ou nervosismo que não exclui a intenção de intimidar – Imputabilidade penal evidenciada (CP, art. 28, II) – Condenação mantida – Pena e regime de cumprimento estabelecidos não questionados – Justiça gratuita. Custas processuais devidas por força de lei – Indenização para reparação dos danos morais à vítima. Necessidade. Pedido deduzido na denúncia. Contraditório preservado. Inteligência do entendimento consolidado no Tema Repetitivo nº 983/STJ. Valor arbitrado em 02 salários mínimos.

Dispositivo: Recurso defensivo desprovido, acolhido em parte o ministerial para estabelecer o valor mínimo de reparação dos danos causados à vítima em 02 salários mínimos.

Legislação Citada: CP, arts. 147, caput, 61, II, ""f""; 65, III, ""d""; CPP, art. 387, IV; Lei nº 13.105/2015, art. 98, § 3º.

Jurisprudência Citada: STJ – Tema 983; HC nº 615.661/MS. TJSP – Apelação Criminal 1500560-88.2019.8.26.0069."
1012348-38.2023.8.26.0451,19745496,Apelação Cível,Vícios de Construção,Salles Rossi,Piracicaba,8ª Câmara de Direito Privado,8,Direito Privado,23/09/2025,23/09/2025,10000.0,True,False,128,"COMPROMISSO DE COMPRA E VENDA – OBRIGAÇÃO DE FAZER – INDENIZAÇÃO por DANOS MORAIS – ENTREGA DE UNIDADE EM CONFORMAÇÃO DIVERSA DO APTO. DECORADO APRESENTADO AO COMPRADOR – VÍCIOS CONSTRUTIVOS. Sentença de parcial procedência. Condenação das corrés em obrigação de fazer – correção dos vícios construtivos. Insurgência. Pleito de indenização por danos morais . Admissibilidade. DANOS MORAIS . Caracteriza dano moral indenizável a surpresa desagradável e a frustração da expectativa do comprador com a entrega de imóvel novo com vícios construtivos, aliados aos transtornos decorrentes da convivência com as obras necessárias para a correção dos problemas. Valor da indenização arbitrado em R$ 10.000,00, que atende ao binômio razoabilidade e proporcionalidade, visando, ainda, conferir maior efetividade às funções punitiva e pedagógica da responsabilidade civil. Precedentes. Sentença reformada. RECURSO PROVIDO."
1032907-71.2023.8.26.0562,19745757,Embargos de Declaração Cível,Bancários,Regina Aparecida Caro Gonçalves,Santos,Núcleo 4.0-T. I (DP2),,,23/09/2025,23/09/2025,,False,False,363,"Direito do consumidor. Contratos de consumo. Bancários. Embargos de declaração. Alegada omissão quanto à solidariedade do embargado. Inexistência de vício no acórdão. Pretensão de rediscussão do mérito. Rejeição.

I. Caso em exame
1. Embargos de declaração opostos contra acórdão que deu parcial provimento à apelação do embargante apenas para retificar os índices de correção dos consectários legais. O embargante sustenta omissão no julgado, afirmando não ter sido apreciado documento que indicaria solidariedade do embargado como devedor, o que poderia alterar o resultado da demanda.

II. Questão em discussão
2. A questão em discussão consiste em verificar se o acórdão incorreu em omissão quanto à análise de documento que demonstraria a condição de devedor solidário do embargado, ensejando a oposição de embargos de declaração.

III. Razões de decidir
3. O art. 1.022 do CPC restringe os embargos de declaração à correção de omissão, obscuridade, contradição ou erro material, não sendo via adequada para rediscutir o mérito da decisão.
4. O acórdão embargado apreciou expressamente a alegada solidariedade, destacando a ausência de prova válida da assunção da obrigação pelo embargado, visto que os documentos apresentados consistem apenas em telas internas do sistema bancário, produzidas unilateralmente, sem assinatura ou anuência do autor.
5. O documento de fls. 61 encontra-se na mesma situação dos demais já examinados, carecendo de elementos que demonstrem a adesão do autor como devedor solidário.
6. A solidariedade, conforme o art. 265 do CC, não se presume e deve resultar de lei ou da vontade expressa das partes, o que não ocorreu no caso.
7. A utilização dos embargos de declaração como sucedâneo recursal caracteriza mero inconformismo e afronta ao disposto no art. 1.026, § 2º, do CPC, que prevê a possibilidade de multa em caso de embargos manifestamente protelatórios.

IV. Dispositivo
8. Embargos de declaração conhecidos e rejeitados.
_________ 
Dispositivos relevantes citados: CPC, arts. 1.022, I a III, 1.025 e 1.026, § 2º; CC, arts. 113, § 1º, 186, 187, 265, 421 e 422; CDC, arts. 4º, I, 6º, III, IV e VIII, 14, 42, parágrafo único, 46, 47, 51, IV e X, § 1º, I a III, 54, §§ 3º e 4º.
Jurisprudência relevante citada: Embargos de Declaração Cível nº 1083133-45.2022.8.26.0100/50000."
1004462-38.2020.8.26.0533,19745490,Apelação Cível,Bancários,Simões de Vergueiro,Santa Bárbara D Oeste,16ª Câmara de Direito Privado,16,Direito Privado,23/09/2025,23/09/2025,10000.0,False,False,291,"RECURSOS DE APELAÇÃO INTERPOSTOS CONTRA R. SENTENÇA PELA QUAL FOI JULGADA PROCEDENTE AÇÃO DE INDENIZAÇÃO POR DANOS MORAIS E MATERIAIS.
ALEGAÇÃO DE ILEGITIMIDADE PASSIVA ARGUIDA PELOS DEMANDADOS ""BANCO WESTERN UNION DO BRASIL S.A."", E ""VISA DO BRASIL EMPREENDIMENTOS LTDA"" - CADEIA DE CONSUMO RECONHECIDA – RESPONSABILIDADE SOLIDÁRIA, NOS EXATOS TERMOS EM QUE DEFINIDOS PELOS ARTIGOS 7º, PARÁGRAFO ÚNICO, E 14, AMBOS DO CÓDIGO DE DEFESA DO CONSUMIDOR – LEGITIMIDADE PASSIVA CONFIGURADA – PRECEDENTES NESSE SENTIDO – PRELIMINARES REPELIDAS.
CARTÃO INTERNACIONAL DENOMINADO ""SHIPMONEY"", POR MEIO DO QUAL RECEBIA SEU SALÁRIO, E DO QUAL UTILIZAVA PARA SEUS GASTOS, QUE NÃO CUMPRIU COM SUA DESTINAÇÃO, FICANDO ASSIM O RECORRENTE SEM RECURSOS, O QUE SE DEU EM PAÍS ESTRANHO – PROBLEMA QUE PERSISTIU MESMO APÓS SOLICITAÇÕES ADMINISTRATIVAS PROMOVIDAS PELO DEMANDANTE - AUTOR QUE FICOU À MERCÊ DA PRÓPRIA SORTE EM TERRITÓRIO ESTRANGEIRO - FALHA NA PRESTAÇÃO DO SERVIÇO BANCÁRIO – IMPERATIVA CONDENAÇÃO DA CASA DE VALORES AO PAGAMENTO DE COMPENSAÇÃO PELOS DANOS MORAIS E MATERIAIS INICIALMENTE BUSCADOS, ESTES QUE DECORREM DA CONDUTA INEFICIENTE LEVADA A CABO PELOS RÉUS – MONTANTE COMPENSATÓRIO FIXADO EM R$ 10.000,00 – VALOR QUE NÃO SE MOSTROU EXCESSIVO, OU DESPROPORCIONAL EM RELAÇÃO AOS MALEFÍCIOS EXPERIMENTADOS PELO AUTOR – ACERTO DA R. SENTENÇA - REAPRECIAÇÃO PORMENORIZADA DA R. SENTENÇA QUE IMPLICARÁ EM DESNECESSÁRIA REPETIÇÃO DOS SOFRÍVEIS FUNDAMENTOS DO PENSAMENTO ADOTADO PELO JUÍZO – SIMPLES RATIFICAÇÃO DOS TERMOS DA R. DECISÃO DE 1° GRAU, QUE SE MOSTRA SUFICIENTEMENTE MOTIVADA - RECURSOS NÃO PROVIDOS.
RECURSO DO BANCO WESTERN UNION – PRETENSÃO DE QUE SEJA RECONHECIDA INCOMPETÊNCIA DO JUDICIÁRIO BRASILEIRO, BEM COMO DA APLICAÇÃO DA TAXA SELIC - QUESTÃO QUE NÃO CONSTA DA PEÇA DE DEFESA – INDEVIDA INOVAÇÃO RECURSAL – QUESTÃO QUE NÃO DEVE SER CONHECIDA POR ESTA TURMA JULGADORA - RECURSO NÃO CONHECIDO."
1024767-82.2023.8.26.0001,19737505,Apelação Cível,Bancários,Simões de Vergueiro,São Paulo,16ª Câmara de Direito Privado,16,Direito Privado,19/09/2025,19/09/2025,5000.0,False,False,204,"RECURSO DE APELAÇÃO INTERPOSTO CONTRA R. SENTENÇA PELA QUAL FOI JULGADA PROCEDENTE AÇÃO DECLARATÓRIA, C.C. OBRIGAÇÃO DE FAZER, E COM REPARAÇÃO DE DANOS MATERIAIS E MORAIS – ALEGAÇÃO DE INCORREÇÃO, COM PEDIDO DE REFORMA.

INEXIGIBILIDADE DO DÉBITO EM QUESTÃO – CASA BANCÁRIA QUE NÃO SE DESINCUMBIU DE COMPROVAR REGULARIDADE DA CONTRATAÇÃO QUESTIONADA – PERÍCIA GRAFOTÉCNICA QUE CONCLUIU QUE A ASSINATURA APOSTA AO CONTRATO NÃO PARTIU DO PUNHO DA AUTORA – ADEQUADO RECONHECIMENTO DA INEXISTÊNCIA DE CONTRATAÇÃO DE ""PORTABILIDADE"" - SITUAÇÃO QUE EVIDENCIA A INSEGURANÇA E O DESCONFORTO DA CORRENTISTA PELOS SERVIÇOS MAU PRESTADOS, POIS NÃO ATENDERAM A EXPECTATIVA MÍNIMA NECESSÁRIA AO CUMPRIMENTO DA OBRIGAÇÃO CONTRATUAL – PRESENÇA DO DEVER DE PRESTAR COMPENSAÇÃO – DANOS MORAIS CONFIGURADOS.

TERMO INICIAL DOS JUROS MORATÓRIOS – APLICAÇÃO DO TEOR DA SÚMULA Nº 54, NOS LIMITES EM QUE EDITADA PELO C. STJ – PLENA MANUTENÇÃO DA R. SENTENÇA COMO PROFERIDA – RECURSO NÃO PROVIDO.

PEDIDO DIRIGIDO A REDUÇÃO DA VERBA COMPENSATÓRIA – VALOR DEFINIDO A TÍTULO DE COMPENSAÇÃO, ESTE DA ORDEM DE R$ 5.000,00 (CINCO MIL REAIS), QUE NÃO PODE SER CONSIDERADO EXCESSIVO – CONDENAÇÃO DA CASA BANCÁRIA A DEVOLUÇÃO, EM DOBRO, DOS VALORES INDEVIDAMENTE DESCONTADOS – DEVOLUÇÃO QUE DEVERÁ SE DAR DE FORMA SIMPLES – RECURSO PARCIALMENTE PROVIDO."
1000725-88.2025.8.26.0068,19737993,Apelação Cível,Extravio de bagagem,Sidney Braga,Barueri,19ª Câmara de Direito Privado,19,Direito Privado,19/09/2025,19/09/2025,1000.0,False,True,327,"APELAÇÃO CÍVEL - RESPONSABILIDADE CIVIL - TRANSPORTE AÉREO - AÇÃO DE INDENIZAÇÃO POR DANOS MORAIS - ATRASO DE VOO INTERNACIONAL E EXTRAVIO TEMPORÁRIO DE BAGAGEM - Sentença de parcial procedência - Recurso da parte autora buscando majoração do quantum indenizatório de danos morais - Responsabilidade da companhia aérea por falha na prestação de serviço incontroversa, ante a ausência de recurso da ré - Caso concreto - Atraso do voo em apenas 02 horas na chegada ao destino - Restituição da bagagem no destino final, cidade de residência da parte autora, com 7 e 9 dias de atraso - Danos morais fixados em R$ 1.000,00 - Majoração - Impossibilidade - Inexistência de circunstâncias extraordinárias a justificar a majoração - Autor que não comprovou circunstâncias excepcionais e que evidenciem os danos morais , como perda de compromissos profissionais ou de lazer - Ademais, bagagem devolvida sem avarias ou extravio de objetos - Mero aborrecimento - Inexistência de circunstâncias extraordinárias a justificar o pedido de majoração - Precedentes - Manutenção do valor arbitrado pelo juízo, diante da ausência de recurso por parte da ré -Sucumbência integral da ré - Inexistência de sucumbência recíproca pela fixação de indenização por danos morais em valor inferior ao pleiteado - Súmula 326 do STJ que não conflita com o art. 292, V, do CPC/2015 - Valor sugerido pela parte autora para a indenização por danos morais traduz mero indicativo referencial - Precedente do E. STJ - Honorários advocatícios - Proveito econômico do autor no valor de R$ 1.000,00 - Aplicação do Tema 1.076, do C. STJ ao caso - Honorários fixados em 10% sobre o valor da condenação que são irrisórios - Fixação que deve se dar em 10% do valor da causa - Reforma parcial da r. sentença para impor à ré o pagamento integral dos ônus sucumbenciais e fixar os honorários devidos ao advogado da parte autora em 10% do valor da causa - Sentença parcialmente reformada.

Dá-se parcial provimento ao recurso."
1017909-50.2024.8.26.0405,19733501,Apelação Cível,Bancários,Guilherme Santini Teodoro,Osasco,Núcleo 4.0-T. II (DP2),,,18/09/2025,18/09/2025,5000.0,True,False,116,"BANCÁRIO. Inexigibilidade de débito com reparação por danos morais . Restrição cadastral. Sentença de parcial procedência. Inconformismo das partes. Determinação ao autor de complementação do preparo. Desatendimento. Deserção decretada. Cédulas de crédito bancário supostamente emitidas em nome do autor com base em cadastro que apresentava incongruências evidentes, tais como divergência de nome e endereço eletrônico, além de constar que, na data da abertura, o contratante teria apenas 11 anos de idade. Inexigibilidade dos débitos bem pronunciada. Restrições cadastrais indevidas. Dano moral configurado. Arbitramento da reparação em R$ 5.000,00 que não comporta alteração. Sentença correta. Ratificação conforme artigo 252 do Regimento Interno deste Tribunal de Justiça. Recurso do autor não conhecido e apelo do réu não provido."
1003291-67.2024.8.26.0222,19731048,Apelação Cível,Seguro,Rômolo Russo,Guariba,34ª Câmara de Direito Privado,34,Direito Privado,18/09/2025,18/09/2025,5000.0,False,False,386,"Apelação Cível. Declaratória de inexistência de relação jurídica e inexigibilidade de valores c/c repetição do indébito e indenização por danos morais . Sentença de parcial procedência do pedido. Inconformismo do autor. 

Declaração de inexistência de relação jurídica e inexigibilidade do débito e condenação da ré à restituição em dobro e ao pagamento de indenização por danos morais . Coisa julgada material e formal (arts. 505 e 1.013, caput, do CPC).

Indenização por danos morais . Conduta ilícita e abusiva da ré. Concreta afronta a núcleo essencial de proteção conferida pelo ordenamento, não se tratando de mero dissabor ou incômodo. Autor que teve reduzido o valor de seu benefício previdenciário, em prejuízo à sua subsistência. Desnecessidade de comprovação de efetiva ocorrência de prejuízo (damnum in re ipsa). Grau de reprovabilidade da conduta ilegal e tantas vezes reiterada por parte da ré. Quantum indenizatório arbitrado em R$ 5.000,00. Adequação e simetria com hipóteses semelhantes. Precedentes. 

Honorários advocatícios sucumbenciais. Pleito de aplicação do art. 85, § 8º-A, do CPC. Trabalho realizado pelo advogado e o tempo exigido para o seu serviço devem ser levados em consideração qualquer que seja a modalidade de arbitramento. Indicação de que o julgador ""deverá observar os valores recomendados pelo Conselho Seccional da Ordem dos Advogados do Brasil"" que exsurge como referencial para o arbitramento a ser ponderado com os critérios ordinários de quantificação dos honorários, na medida em que o art. 85 do CPC, compreendido em sua integralidade, estabelece a concomitante observância do ""disposto nos incisos do § 2º"". Inadmissível a interpretação no sentido de que os honorários devidos ""serão"" aqueles recomendados pelo Conselho Seccional da OAB. Conquanto não haja ainda entendimento jurisprudencial do STJ acerca do § 8º-A do art. 85 do CPC, é cabível aplicação analógica da exegese jurisprudencial atribuída ao art. 22 da Lei nº 8.906/94. REsp n. 1.656.322/SC, julgado pelo rito dos recursos repetitivos, estabeleceu que os valores recomendados Conselho Seccional da OAB constituem referencial, devendo o arbitramento dos honorários devidos ao defensor dativo serem fixados com base na complexidade da causa e no trabalho despendido. Estudo sobre os precedentes deste TJ/SP. Hipótese dos autos em que, em razão da peculiaridade da causa e do tempo de duração do processo, devido o arbitramento de honorários advocatícios sucumbenciais no importe de 20% do valor da condenação.

Sentença reformada. Recurso parcialmente provido."
1013443-51.2021.8.26.0006,19729376,Apelação Cível,Acidente de Trânsito,Léa Duarte,São Paulo,Núcleo 4.0-T. IV (DP3),,,17/09/2025,17/09/2025,70000.0,False,True,355,"DIREITO CIVIL E PROCESSUAL CIVIL. RESPONSABILIDADE CIVIL. APELAÇÃO CÍVEL EM AÇÃO DE INDENIZAÇÃO POR DANOS MORAIS E MATERIAIS DECORRENTES DE ATROPELAMENTO. RESPONSABILIDADE DO CONDUTOR CONFIGURADA. RESPONSABILIDADE SOLIDÁRIA DA LOCADORA. IMPOSSIBILIDADE DE VINCULAÇÃO DA INDENIZAÇÃO AO LIMITE DA APÓLICE DE SEGURO. DEDUÇÃO DO DPVAT. RECURSO DESPROVIDO.
I. CASO EM EXAME
1. Ação indenizatória em razão de atropelamento que ocasionou invalidez permanente da vítima e, posteriormente, seu falecimento. O juízo condenou os réus, de forma solidária, ao pagamento de indenização por danos morais no valor de R$ 70.000,00, deduzido o montante já recebido a título de seguro DPVAT, rejeitando o pedido de indenização por danos materiais e o reconvencional. Apelam os autores pleiteando a majoração da indenização.
II. QUESTÃO EM DISCUSSÃO
2. Há três questões: (i) existência de direito ao recebimento de uma indenização por danos materiais; (ii) adequação do valor fixado a título de danos morais ; (iii) estabelecer se é cabível a exclusão do abatimento do valor recebido pelo seguro DPVAT.
III. RAZÕES DE DECIDIR
3. O condutor responde integralmente pelos danos causados em acidente de trânsito, nos termos dos arts. 186 e 927 do Código Civil.
4. A locadora do veículo responde solidariamente pelos danos causados, nos termos da Súmula 492 do STF.
5. A seguradora somente poderia ser responsabilizada dentro dos limites da apólice contratada caso figurasse no polo passivo, razão pela qual não é juridicamente possível vincular o valor da indenização ao teto da cobertura securitária quando a seguradora não integra a lide.
6. O abatimento do seguro DPVAT é obrigatório, em conformidade com a Súmula 246 do STJ, que não distingue entre indenizações por danos materiais ou morais, pois visa evitar dupla reparação pelo mesmo fato gerador.
7. O valor da indenização por danos morais fixado em R$ 70.000,00 observa os critérios de proporcionalidade e razoabilidade, considerando a gravidade das lesões, o período de sofrimento da vítima e a repercussão sobre seus familiares.
IV. DISPOSITIVO E TESE
8. Recurso desprovido.
Dispositivos relevantes citados: CC, arts. 186 e 927; CPC, art. 1.026, § 2º.
Jurisprudência relevante citada: STF, Súmula 492; STJ, Súmula 246; STJ, Súmula 326; STJ, Súmula 211; STF, Súmula 282."
1002618-03.2024.8.26.0084,19724811,Apelação Cível,Estabelecimentos de Ensino,Marcello do Amaral Perino,Campinas,33ª Câmara de Direito Privado,33,Direito Privado,17/09/2025,17/09/2025,5403.37,True,False,205,"APELAÇÃO – Ação de Obrigação de Fazer. – Retenção de Diploma por inadimplemento. – Dano moral configurado. A retenção do diploma e o atraso na emissão do certificado, que impediram a apelante de participar da colação de grau, da cerimônia de formatura e do registro no COREN/SP, ultrapassam o mero inadimplemento contratual e configuram violação a direitos da personalidade. - A conduta da instituição de ensino é ilícita, pois viola o art. 6º da Lei nº 9.870/1999, que veda a retenção de documentos escolares por inadimplemento, sendo reiteradamente rechaçada pela jurisprudência do STJ e dos tribunais estaduais. - O dano moral é caracterizado pela frustração do projeto de vida e pela impossibilidade de inserção profissional da autora, o que justifica a fixação de indenização compensatória. - A quantia fixada a título de indenização por danos morais – R$ 5.403,37 – é equivalente ao valor do débito reconhecido pela autora, permite a compensação legal nos termos dos arts. 368 e 369 do Código Civil. - A reconvenção é admissível, porquanto fundada em relação de interdependência fática e jurídica com a pretensão inicial, sendo cabível o seu processamento nos próprios autos da ação principal. – Reforma da sentença no tocante a ação principal. – Recurso Parcialmente Provido."
1005524-40.2024.8.26.0609,19722265,Apelação Cível,Bancários,Castro Figliolia,Taboão da Serra,12ª Câmara de Direito Privado,12,Direito Privado,16/09/2025,16/09/2025,7000.0,True,False,193,"APELAÇÃO – AÇÃO DECLARATÓRIA DE INEXIGIBILIDADE DE DÉBITO C.C. INDENIZAÇÃO POR DANOS MATERIAL E MORAL JULGADA PARCIALMENTE PROCEDENTE – EMPRÉSTIMOS CONSIGNADOS DECLARADOS INEXIGÍVEIS – INDENIZAÇÃO POR DANO MORAL FIXADA EM R$7.000,00 – RECURSO DO RÉU.

PRELIMINAR – ILEGITIMIDADE PASSIVA – NÃO OCORRÊNCIA – instituição financeira diretamente ligada ao direito material descrito na causa de pedir que envolve falha na prestação de serviços – preliminar afastada.

GOLPE DA CENTRAL DE ATENDIMENTO – relação de consumo – operações fraudulentas na conta bancária do apelado – responsabilidade objetiva – artigo 14 do CDC – transações realizadas por terceiro fraudador, sem prova de culpa exclusiva do correntista – falha na segurança quanto ao serviço prestado pelo apelante – inexigibilidade das operações praticadas pelos fraudadores que era de rigor – dano moral que se patenteou – inocorrência de mero aborrecimento – violação à paz de espírito – perda de tempo para resolução do problema – desvio produtivo do consumidor – fixação da indenização em valor adequado às circunstâncias do fato, proporcional ao dano e com observância ao caráter educativo-punitivo que compõe a indenização na hipótese.

Resultado: sentença mantida, nos termos do artigo 252 do RITJSP – recurso desprovido."
1000249-67.2024.8.26.0300,19708433,Apelação Cível,Associação,Olavo Sá,Jardinópolis,Núcleo 4.0-T. I (DP1),,,12/09/2025,12/09/2025,2000.0,False,True,135,"APELAÇÃO - AÇÃO DECLARATÓRIA DE INEXISTÊNCIA DE RELAÇÃO JURÍDICA C.C. INDENIZAÇÃO POR DANOS MORAIS – ASSOCIACAO DE APOSENTADOS MUTUALISTA PARA BENEFICIOS COLETIVOS – AMBEC - Negativa de filiação – Pleito de ressarcimento em dobro dos valores e indenização dos danos morais – Ação julgada procedente - Irresignação da parte requerente quanto ao valor da indenização extrapatrimonial, fixada em R$ 2.000,00 – Montante razoável e proporcional ao agravo - Inexistência de elementos que demonstrem a ocorrência de ofensa significativa a ensejar a majoração do quantum – Honorários sucumbências – Reduzido valor da condenação que resulta em montante que não remunera adequadamente o trabalho do advogado – Majoração pertinente – CPC, art. 85, §§ 8º e 8º-A, do CPC – Fixação por equidade em indicado na Tabela da OAB/SP 2025, item 10.3 – RECURSO PROVIDO EM PARTE."
1009494-90.2023.8.26.0477,19703918,Apelação Cível,Transporte de Pessoas,Nuncio Theophilo Neto,Praia Grande,22ª Câmara de Direito Privado,22,Direito Privado,11/09/2025,11/09/2025,30000.0,False,False,258,"DIREITO CIVIL. APELAÇÃO CÍVEL. INDENIZAÇÃO POR DANOS MORAIS . RECURSO PARCIALMENTE PROVIDO.

I. Caso em Exame
Autor solicitou serviço de moto táxi da ré e sofreu acidente durante o percurso, resultando em lesões. Alega que o piloto dirigia em alta velocidade e não prestou socorro. Requereu indenização por danos morais e estéticos de R$ 30.000,00 e afastamento de cobrança de R$ 10,90. Sentença de primeira instância julgou parcialmente procedentes os pedidos, determinando que a ré se abstenha de cobrar o valor do percurso.

II. Questão em Discussão
2. A questão em discussão consiste na responsabilidade da ré por danos morais decorrentes do acidente sofrido pelo autor durante o serviço de transporte.

III. Razões de Decidir
3. A relação jurídica está sujeita ao Código de Defesa do Consumidor, que prevê responsabilidade objetiva do fornecedor de serviços.
4. Ficou comprovado que o acidente ocorreu por alta velocidade do condutor, configurando danos morais ""in re ipsa"". Indenização fixada em R$ 5.000,00, conforme princípios de razoabilidade e proporcionalidade.

IV. Dispositivo e Tese
5. Recurso parcialmente provido para condenar a ré ao pagamento de danos morais de R$ 5.000,00, corrigido desde a data do julgamento e com juros de mora de 1% ao mês desde a citação.
Tese de julgamento: 1. Responsabilidade objetiva do fornecedor de serviços por danos causados ao consumidor. 2. Indenização por danos morais fixada em R$ 5.000,00.

Legislação Citada:
CDC, art. 14; CC, art. 734; CPC, art. 85, §§2º e 11.

Jurisprudência Citada:
TJ-SP, AC: 10786718420188260100, Rel. Vicentini Barroso, j. 26.01.2021;
TJ-SP, AC: 10396798820178260100, Rel. Francisco Giaquinto, j. 17.07.2019;"
1005723-03.2024.8.26.0176,19703333,Apelação Cível,Bancários,Flávio Cunha da Silva,Embu das Artes,38ª Câmara de Direito Privado,38,Direito Privado,11/09/2025,11/09/2025,8000.0,False,False,136,"APELAÇÃO. Ação Declaratória de Inexigibilidade de Débito cumulada com pedido de Repetição do Indébito e Indenização por Danos Morais . Instituição financeira que efetuou o refinanciamento de um empréstimo tomado pela autora sem o consentimento dela. Sentença que declarou inexistente o contrato e condenou o réu ao pagamento de R$ 8.000,00 à consumidora como compensação pelos danos morais suportados por ela. Falha no dever de informação caracterizada. Danos morais configurados. Quantum indenizatório. Indenização arbitrada em R$ 8.000,00, valor compatível com o dano e que atende aos princípios da proporcionalidade e razoabilidade. Redução inviável. Honorários advocatícios. Pleito de redução. Verba honorária fixada em 10% sobre o valor da indenização. Descabimento. Manutenção da importância arbitrada. Quantia justa e razoável que não comporta diminuição. Sentença confirmada por seus próprios fundamentos, nos termos do art. 252 do RITJSP. 
Recurso desprovido."
1000286-19.2019.8.26.0511,19702362,Apelação Cível,Bancários,Francisco Giaquinto,Rio das Pedras,13ª Câmara de Direito Privado,13,Direito Privado,10/09/2025,11/09/2025,,True,False,196,"*Ação declaratória de inexigibilidade de débito c.c. danos materiais e morais e repetição de indébito – Negativa de contratação de empréstimo consignado – Procedência da ação.
 
Cerceamento de defesa – Inocorrência – A prova documental produzida e a perícia grafotécnica em cópia do contrato autorizava o julgamento antecipado da lide, sem necessidade de dilação probatória com oitiva por depoimento pessoal do requerente – Preliminar rejeitada.
 
Mérito - Negativa de contratação de empréstimo consignado – Aplicação do Código de Defesa do Consumidor – Falta de verossimilhança das alegações do autor – Perícia grafotécnica concluiu pela convergência das assinaturas do autor no contrato – Possibilidade da produção de perícia grafotécnica com base na cópia digitalizada do contrato exibido pelo Banco, por possuir a cópia digitalizada do contrato o mesmo valor do documento original (art. 425, VI, do CPC) – Prova do crédito do capital do empréstimo em conta bancária do requerente demonstrado pelo Banco, não impugnado pelo requerente – Conjunto probatório a evidenciar a existência de relação jurídica entre as partes – Legitimidade das cobranças, em exercício regular de direito do credor – Repetição do indébito indevida - Dano moral não evidenciado – Sentença reformada – Recurso provido.*"
1004206-65.2025.8.26.0066,19699815,Apelação Cível,Bancários,Simões de Almeida,Barretos,13ª Câmara de Direito Privado,13,Direito Privado,10/09/2025,10/09/2025,,True,False,97,APELAÇÃO – Ação de obrigação de fazer c/c indenização por danos morais – Portabilidade de domicílio bancário e conta corrente – Ausência de comprovação de regularidade na contratação – Determinação de cancelamento do contrato e portabilidade de pagamento do benefício previdenciário do Autor para conta anterior junto ao banco Bradesco – Danos morais – Contratação não demonstrada – Alteração de domicílio bancário do Autor sem seu consentimento que o impossibilitou de receber benefício previdenciário assistencial – Dano moral configurado (in re ipsa) - Valor arbitrado em consonância com os princípios da proporcionalidade e razoabilidade – Recurso provido.
1025544-56.2020.8.26.0071,19697360,Apelação Cível,Limitada,Maurício Pessoa,Bauru,2ª Câmara Reservada de Direito Empresarial,2,Direito Empresarial,09/09/2025,10/09/2025,10000.0,False,True,197,"DIREITO CIVIL. APELAÇÃO. CONTRATOS. RECURSO DESPROVIDO.
I. Caso em Exame
A autora, Rute da Silva Mariano, alegou ter sido incluída fraudulentamente no quadro societário da Comercial Veralu de Confecções Bosco e Silva Ltda., mediante falsificação de assinatura. Ajuizou ação para declarar nula a alteração de contrato social e pleitear indenização por danos morais , devido ao constrangimento de ser tratada como suspeita em inquérito policial.
II. Questão em Discussão 
A questão em discussão consiste em determinar se a indenização por danos morais deve ser majorada de R$ 10.000,00 para R$ 30.000,00, considerando o abalo psíquico e reputacional sofrido pela autora.
III. Razões de Decidir 
A prova documental e pericial confirmou a falsidade das assinaturas atribuídas à autora, evidenciando a ausência de manifestação válida de vontade para sua inclusão no quadro societário.
Considerados o grau de culpa, a capacidade financeira das partes e o caráter pedagógico da indenização, é necessário majorar-se a indenização para R$ 15.000,00, mesmo porque o nome da autora foi vinculado a inquérito policial, o que não pode ser menosprezado.
IV. Dispositivo e Tese 
Recurso parcialmente provido. Tese de julgamento: A indenização por danos morais deve ser proporcional ao dano sofrido, evitando enriquecimento sem causa."
1001437-06.2025.8.26.0577,19690519,Apelação Cível,Cancelamento de vôo,Daniela Menegatti Milano,São José dos Campos,16ª Câmara de Direito Privado,16,Direito Privado,08/09/2025,08/09/2025,6000.0,True,False,138,"APELAÇÃO CÍVEL – DIREITO PRIVADO – Transporte aéreo internacional – Atraso de voo – Ação de indenização por danos materiais e morais – Sentença de improcedência.
I. Inconformismo dos autores. Discussão sobre responsabilidade civil da companhia aérea pelo atraso na chegada ao destino.
II. Relação de consumo. Cancelamento de voo. Manutenção não programada na aeronave. Fortuito interno. Responsabilidade da companhia aérea. Inexistência de excludente de responsabilidade.
III. Dano moral caracterizado. Fatos que extrapolam o mero aborrecimento cotidiano. Atraso de 24 horas na chegada ao destino. Prestação, contudo, de integral assistência material pela companhia aérea. Fixação da indenização em R$ 6.000,00 a cada apelante, em atenção às particularidades do caso concreto. Inexistência de circunstâncias extraordinárias que justifiquem o arbitramento em quantia superior, sob pena de enriquecimento sem causa das vítimas.
IV – Sentença reformada – Recurso provido em parte."
1000218-97.2025.8.26.0369,19690513,Apelação Cível,Atraso de vôo,Daniela Menegatti Milano,Monte Aprazível,16ª Câmara de Direito Privado,16,Direito Privado,08/09/2025,08/09/2025,7000.0,True,False,125,"APELAÇÃO CÍVEL – DIREITO PRIVADO – Transporte aéreo internacional – Atraso de voo – Ação de indenização por danos morais – Sentença de improcedência.
I. Discussão sobre responsabilidade civil da companhia aérea pelo atraso na chegada dos passageiros ao destino.
II. Relação de consumo. Manutenção não programada na aeronave. Fortuito interno. Responsabilidade da companhia aérea. Inexistência de excludente de responsabilidade. Atraso de voo. Perda de conexão.
III – Dano moral caracterizado. Fatos que extrapolam o mero aborrecimento cotidiano. Reacomodação em voo para aeroporto distinto. Deslocamento ao destino por via terrestre promovido pelos passageiros. Atraso de 11 na chegada ao destino. Fixação da indenização em R$ 7.000,00 a cada apelante, em atenção às particularidades do caso concreto.
IV – Sentença reformada – Recurso provido em parte."
1001406-96.2022.8.26.0445,19689610,Apelação Cível,Contratos Bancários,Pedro Ferronato,Pindamonhangaba,Núcleo 4.0-T. III (DP2),,,08/09/2025,08/09/2025,,True,False,104,"CONTRATO BANCÁRIO – Ação de cobrança – Sentença de improcedência – Abertura de conta corrente e contratação de empréstimos e cartão de crédito formalizados por terceiro, sem autorização do réu – Fraude praticada por familiar – Inexistência de relação jurídica válida – Responsabilidade objetiva da instituição financeira - Súmula 479 do STJ - Reconvenção julgada parcialmente procedente – Insurgência recursal de ambas as partes – Inclusão indevida em cadastros de inadimplentes – Dano moral configurado – ""Quantum"" indenizatório mantido por observância aos princípios da proporcionalidade e razoabilidade – Sentença confirmada com fundamento no art. 252 do Regimento Interno desta Corte - Recursos não providos."
1013417-33.2024.8.26.0011,19687717,Apelação Cível,Planos de saúde,Alexandre Lazzarini,São Paulo,9ª Câmara de Direito Privado,9,Direito Privado,08/09/2025,08/09/2025,,True,False,276,"DIREITO CIVIL. APELAÇÃO. PLANO DE SAÚDE. REEMBOLSO DE DESPESAS ODONTOLÓGICAS. RECURSO NÃO PROVIDO.
I. Caso em Exame: 1. Ação ajuizada por Odontoprev S.A. visando a inexigibilidade de reembolsos solicitados por Liomar de Paula da Silva sem a apresentação de laudo médico, radiografias e comprovante de desembolso, e a declaração de validade de reembolsos futuros somente mediante apresentação de comprovantes. A sentença julgou improcedente a ação e procedente a reconvenção, condenando a autora a reembolsar o réu e a pagar indenização por danos morais .
II. Questão em Discussão: 2. A questão em discussão consiste em determinar se a exigência de comprovantes adicionais para reembolso de despesas médicas é abusiva e se a negativa de reembolso configura dano moral .
III. Razões de Decidir: 3. O contrato é regido por normas consumeristas, que implicam a interpretação das cláusulas de modo mais favorável ao consumidor, inviabilizando a estipulação de obrigação incompatível com a boa-fé ou a equidade. 4. A exigência de desembolso prévio é considerada abusiva, não constando expressamente no contrato, e a apresentação de notas fiscais foi considerada suficiente para comprovação das despesas.
IV. Dispositivo e Tese: 5. Recurso desprovido. Tese de julgamento: 1. A apresentação de notas fiscais pode ser suficiente para comprovação de despesas médicas para reembolso. 2. A exigência de comprovantes adicionais não é necessária se o contrato não especificar.
Legislação Citada: Código de Defesa do Consumidor, arts. 6º, 47, 51; Código Civil, art. 187; Lei 8.078/90, art. 51.
Jurisprudência Citada: TJSP, Apelação nº 1178361-13.2023.8.26.0100, Rel. Des. Alexandre Coelho, Núcleo de Justiça 4.0, Turma I, j. 29.08.2025; TJSP, Agravo de Instrumento nº 2164423-69.2025.8.26.0000, Rel. Des. Debora Brandão, 6ª Câmara de Direito Privado, j. 21.08.2025"
1007612-23.2020.8.26.0114,19685197,Apelação Cível,Responsabilidade Civil,Alberto Gosson,Campinas,1ª Câmara de Direito Privado,1,Direito Privado,05/09/2025,05/09/2025,,False,False,82,"APELAÇÃO. AÇÃO INDENIZATÓRIA POR DANOS MATERIAIS, DE COMPENSAÇÃO POR DANOS MORAIS E ESTÉTICOS JULGADA PARCIALMENTE PROCEDENTE. RECURSO DO REQUERIDO. CONTRATAÇÃO DE TRATAMENTO ODONTOLÓGICO. Sentença que deve ser mantida por seus próprios fundamentos. Conclusão, a partir dos laudos periciais, no sentido de que os procedimentos odontológicos realizados na autora a partir de 2018 pelo réu não foram efetuados de maneira adequada, havendo, portanto, nexo causal e dever de indenizar. Quantificação dos danos materiais e dos danos morais que deve ser mantida. Recurso desprovido."
1017478-58.2024.8.26.0003,19685319,Apelação Cível,Tratamento médico-hospitalar,Alexandre Lazzarini,São Paulo,9ª Câmara de Direito Privado,9,Direito Privado,05/09/2025,05/09/2025,,True,False,249,"DIREITO CIVIL. APELAÇÃO. PLANO DE SAÚDE. OBRIGAÇÃO DE FAZER E INDENIZAÇÃO POR DANOS MORAIS . RECURSOS DESPROVIDOS.
I. Caso em Exame: 1. A autora, beneficiária de plano de saúde da ré Notre Dame, foi diagnosticada com cistite intersticial e necessitou de procedimento de emergência, que não foi autorizado pela operadora. A ação foi ajuizada para obrigar a ré a custear o tratamento e indenizar por danos morais .
II. Questão em Discussão: 2. A questão em discussão consiste em determinar se a negativa de cobertura do tratamento pela ré foi abusiva e se há dever de indenizar por danos morais .
III. Razões de Decidir: 3. A negativa de cobertura foi considerada abusiva, pois a escolha do tratamento cabe ao médico, e a exclusão contratual de procedimentos necessários é vedada pelo CDC. 4. A conduta da ré gerou dano moral in re ipsa, justificando a indenização.
IV. Dispositivo e Tese: 5. Recurso desprovido.
Tese de julgamento: 1. A negativa de cobertura de tratamento prescrito por médico é abusiva. 2. A indenização por danos morais é devida em casos de negativa injustificada de cobertura.
Legislação Citada:Código de Processo Civil, art. 355, I; art. 487, I; art. 85, §8º e §11; Código de Defesa do Consumidor, art. 51, IV; art. 47; Código Civil, art. 187; art. 944; art. 945.
Jurisprudência Citada: STJ, AgRg no REsp 1.253.696/SP, 4ª Turma, Rel. Min. Luis Felipe Salomão, j. 18.08.2011; STJ, AgInt no REsp n.º 1.810.061/SP, Rel. Raul Araújo, Quarta Turma, j. 05.12.2019; TJSP, Súmula 102."
1005428-79.2024.8.26.0009,19681398,Apelação Cível,Bancários,Matheus Fontes,Tupã,22ª Câmara de Direito Privado,22,Direito Privado,05/09/2025,05/09/2025,,True,False,88,"AÇÃO DECLARATÓRIA – CONTRATO DE EMPRÉSTIMO CONSIGNADO - NEGATIVA DE CONTRATAÇÃO – ÔNUS DA PROVA A CARGO DE QUEM SE CONSIDERA CREDOR – REPETIÇÃO EM DOBRO DO INDÉBITO – ORIENTAÇÃO FIRMADA EM TRIBUNAL SUPERIOR PELA PREVALÊNCIA DA BOA FÉ OBJETIVA, E IRRELEVÂNCIA DO REQUISITO SUBJETIVO – AUSÊNCIA, OUTROSSIM, DE ENGANO JUSTIFICÁVEL - RELAÇÃO JURÍDICA DECLARADA INEXISTENTE - DESCONTOS INDEVIDOS EM BENEFÍCIO PREVIDENCIÁRIO - OBRIGAÇÃO DE INDENIZAR – DANO MORAL CONFIGURADO – AÇÃO PROCEDENTE EM PARTE - SUCUMBÊNCIA PELO RÉU – SÚMULA Nº 326, STJ - RECURSO PARCIALMENTE PROVIDO."
1017409-32.2024.8.26.0001,19681769,Apelação Cível,Bancários,Simões de Almeida,São Paulo,13ª Câmara de Direito Privado,13,Direito Privado,03/09/2025,05/09/2025,,False,False,109,"APELAÇÃO – Ação declaratória de inexistência de débito c/c obrigação de fazer e indenização por danos materiais e morais – Fraude – Golpe da falsa central de relacionamento – Transações realizadas no caixa eletrônico em valor vultoso, em curto espaço de tempo, destoante do perfil do Autor e dos limites de seguranças impostos pela própria instituição financeira – Falha na segurança – Falha na prestação do serviço – Fortuito interno – Responsabilidade objetiva das instituições financeiras – Verbete 479 da Súmula de Jurisprudência do C. STJ – Teoria do Risco da Atividade – Danos materiais configurados e que devem ser reparados – Danos morais devidamente caracterizados – Recurso provido."
1057576-49.2023.8.26.0576,19672060,Apelação Cível,Bancários,Simões de Almeida,São José do Rio Preto,13ª Câmara de Direito Privado,13,Direito Privado,03/09/2025,03/09/2025,4000.0,False,False,73,"APELAÇÃO - Ação de indenização – Contrato de cartão de crédito – Aplicação do Código de Defesa do Consumidor - Cancelamento do limite do cartão de crédito – Comunicação prévia do consumidor não comprovada - Falha na prestação do serviço da instituição financeira – Danos morais configurados – Precedentes deste e. Tribunal de Justiça – Quantum arbitrado em R$ 4.000,00, de acordo com os princípios da razoabilidade e da proporcionalidade – Recurso provido."
1000188-48.2024.8.26.0482,19671798,Apelação Cível,Tratamento médico-hospitalar,Alvaro Passos,Presidente Prudente,2ª Câmara de Direito Privado,2,Direito Privado,02/09/2025,03/09/2025,10000.0,True,False,156,"ILEGITIMIDADE ""AD CAUSAM"" – Contrato – Prestação de serviços – Plano de saúde – Contrato – Segurada da Unimed Amazônia que visa à cobertura de atendimento em outra Unimed – Responsabilidade das empresas que, ainda que subdivididas em diversas outras, constituem entidades únicas, pertencendo ao mesmo grupo econômico as pessoas jurídicas que compõem o sistema – Legitimidade passiva reconhecida – Incidência, ademais, das normas do Código de Defesa do Consumidor, sendo, a responsabilidade da empresa, solidária e objetiva – Recurso da autora provido, improvido o da ré. DANO MORAL – Responsabilidade civil – Plano de saúde – Agravamento da aflição e da angústia de segurada, diagnosticada com câncer de mama, que teve negada a realização de exames para acompanhar eventual evolução da moléstia (neoplasia de mama) – Reconhecimento – Fixação do montante em R$ 10.000,00, por se mostrar apto a atender à dupla finalidade do instituto indenizatório – Recurso da autora provido, improvido o da ré."
1001213-51.2024.8.26.0400,19658991,Apelação Cível,Prestação de Serviços,Issa Ahmed,Olímpia,34ª Câmara de Direito Privado,34,Direito Privado,30/08/2025,30/08/2025,10000.0,False,True,219,"APELAÇÕES. Prestação de serviços. Ação declaratória de anulação de relação contratual e inexistência de débito c.c. repetição de indébito e indenização por danos morais . R. sentença de parcial procedência, com apelo das partes. Insurgência da acionante objetivando a devolução em dobro dos valores descontados indevidamente e majoração da indenização por danos morais . Reclamo que prospera em parte. Descontos na conta corrente de valores não contratados. Plena aplicação do código consumerista. Contratação não demonstrada. Conduta incorreta da Instituição Financeira ao realizar descontos indevidos. Responsabilidade objetiva. Danos morais verificados. Quantum indenizatório que comporta elevação, com base nos princípios da razoabilidade e proporcionalidade, bem como em conformidade com o valor praticado por esta C. Câmara, em R$10.000,00. Cabimento da repetição de indébito. Ausência de má-fé da requerida na cobrança. Devolução de forma simples, e não dobrada. Apelo da Instituição Financeira insistindo na improcedência da ação, ante a ausência de falha na prestação de serviços e culpa exclusiva da autora e de terceiros. Irresignação impróspera. Julgado monocrático de primeiro grau bem fundamentado, que adequadamente sopesou as teses jurídicas apresentadas pelas partes e bem valorou os elementos cognitivos reunidos nos autos. Razões recursais que, em essência, se limitam a reproduzir argumentos já exaustivamente utilizados pela requerida no curso do processo. Sentença mantida. Recurso da autora parcialmente provido, improvido o apelo da ré."
1006102-17.2019.8.26.0079,19657122,Apelação Cível,Reajuste contratual,Alexandre Coelho,Botucatu,Núcleo 4.0-T. I (DP1),,,29/08/2025,29/08/2025,15180.0,True,False,120,"APELAÇÃO – PLANO DE SAÚDE – AÇÃO DE INDENIZAÇÃO POR DANO MORAL – NEGATIVAÇÃO – Sentença de procedência – Inconformismo das rés – Fundamentos da sentença não atacados especificamente nas razões de apelação apresentadas pela operadora de saúde – Recurso não conhecido – Desprovimento do recurso interposto pela estipulante do plano – Responsabilidade solidária das rés reconhecida – Perícia grafotécnica que infirma a validade da contratação – Caracterizado defeito na prestação de serviços – Negativação indevida – Danos morais configurados – Indenização fixada em R$ 15.180,00 que não se mostra excessiva – Razoabilidade e proporcionalidade diante do caso concreto – Sentença mantida – NÃO CONHECERAM O RECURSO DA OPERADORA DE SAÚDE E NEGARAM PROVIMENTO AO RECURSO DA ESTIPULANTE DO PLANO."
1008066-40.2024.8.26.0024,19650559,Apelação Cível,Bancários,Décio Rodrigues,Andradina,21ª Câmara de Direito Privado,21,Direito Privado,29/08/2025,29/08/2025,10000.0,True,True,101,"APELAÇÃO. Ação declaratória de inexistência de relação jurídica cumulada com reparação de dano moral . Procedência da ação. Alegação de fraude. Ausência de prova de parte da contratação. Cobrança indevida de dívida inexistente. Responsabilidade objetiva. Inocorrência de prescrição. Existência de dano moral indenizável. Quantum indenizatório que deve ser fixado dentro do princípio da razoabilidade. Majoração em R$ 10.000,00 (pedido inicial). Inexigibilidade de débito. Restituição de forma dobrada, nos termos da orientação firmada pela Corte Especial do Colendo STJ no julgamento do EAREsp 676.608. Reforma parcial da r. sentença. Recurso da instituição financeira improvido e provido o recurso adesivo da parte autora."
1001226-27.2024.8.26.0246,19647815,Apelação Cível,Seguro,Rômolo Russo,Ilha Solteira,34ª Câmara de Direito Privado,34,Direito Privado,29/08/2025,29/08/2025,5000.0,False,False,154,"Apelação Cível. Declaratória de inexistência de relação jurídica c/c indenização por danos materiais e morais. Sentença de parcial procedência dos pedidos. Inconformismo do autor. 

Preliminar. Violação ao princípio da dialeticidade. Razões recursais que impugnam especificamente os fundamentos da sentença, pleiteando sua reforma. Preliminar afastada. 

Declaração de inexistência de relação jurídica e inexigibilidade do débito e condenação da ré à restituição em dobro. Coisa julgada material e formal (arts. 505 e 1.013, caput, do CPC).

Recurso de apelação do autor. Indenização por danos morais . Conduta ilícita e abusiva dos réus. Concreta afronta a núcleo essencial de proteção conferida pelo ordenamento, não se tratando de mero dissabor ou incômodo. Autor que teve reduzido o valor de seu benefício previdenciário, em prejuízo à sua subsistência. Desnecessidade de comprovação de efetiva ocorrência de prejuízo (damnum in re ipsa). Quantum indenizatório arbitrado em R$ 5.000,00. Adequação e simetria com hipóteses semelhantes. Precedentes. Sentença reformada. 

Recurso de apelação provido."
1021843-90.2021.8.26.0576,19646172,Apelação Cível,Acidente de Trânsito,Pedro Ferronato,São José do Rio Preto,Núcleo 4.0-T. III (DP3),,,28/08/2025,28/08/2025,,False,True,167,"RESPONSABILIDADE CIVIL – ACIDENTE DE TRÂNSITO – Atropelamento – Sentença de parcial procedência – Apelos de ambas as partes – Impossibilidade de acolhimento dos pleitos recursais – Conjunto probatório que revela culpa exclusiva do réu reconvinte pela eclosão do sinistro – Hipótese de culpa concorrente não evidenciada - Pensão vitalícia corretamente estabelecida - A amputação traumática da perna direita ocasionou redução definitiva da capacidade laborativa do autor reconvindo, privando-o do pleno exercício de sua atividade profissional - O fato de o autor reconvindo, com esforço pessoal, estar se readaptando à nova realidade, buscando retomar sua vida em sociedade e até mesmo conviver com sua família de forma ativa e afetiva, não afasta a inegável limitação física que lhe fora imposta – Os valores das indenizações por danos morais e estéticos foram fixadas em conformidade com os princípios da razoabilidade e proporcionalidade, não comportando as majorações pretendidas pelo autor reconvindo - Sentença mantida nos termos do art. 252 do Regimento Interno deste E. Tribunal – Recursos não providos."
